"id","url","text","createdAt","author.profilePicture","retweetCount","replyCount","likeCount","quoteCount","viewCount","bookmarkCount","source","lang","isReply","isRetweet","isQuote","isPinned"
"1541924848380682240","https://x.com/nomcih/status/1541924848380682240","𝙥𝙧𝙤𝙜𝙧𝙖𝙢 𝙠𝙖𝙢𝙥𝙪𝙨 𝙢𝙚𝙧𝙙𝙚𝙠𝙖 𝙘𝙪𝙢𝙖 𝙢𝙨𝙞𝙗 𝙖𝙟𝙖?
oh tentu tidak, ada
• Magang dan studi independen bersertifikat
• Bangkit google
• Kampus Mengajar
• Penggerak Muda
• Pertukaran Mahasiswa (ada univ lokal dan luar)
• Kmmi
• Gerilya
• Wirausaha •dsb","Tue Jun 28 23:21:46 +0000 2022","https://pbs.twimg.com/profile_images/1695409315753201665/Ht1TQDIM_normal.jpg","2","1","6","0","0","1","","in","true",,,"false"
"1541923758759284736","https://x.com/nomcih/status/1541923758759284736","[𝘼 𝙏𝙝𝙧𝙚𝙖𝙙 — 𝙎𝙝𝙖𝙧𝙞𝙣𝙜 𝙋𝙚𝙣𝙜𝙖𝙡𝙖𝙢𝙖𝙣 𝙎𝙚𝙥𝙪𝙩𝙖𝙧 𝙈𝙖𝙜𝙖𝙣𝙜 𝙙𝙖𝙣 𝙎𝙩𝙪𝙙𝙞 𝙄𝙣𝙙𝙚𝙥𝙚𝙣𝙙𝙚𝙣 𝘽𝙚𝙧𝙨𝙚𝙧𝙩𝙞𝙛𝙞𝙠𝙖𝙩 𝙆𝙖𝙢𝙥𝙪𝙨 𝙈𝙚𝙧𝙙𝙚𝙠𝙖]

#MSIB #KampusMerdeka","Tue Jun 28 23:17:26 +0000 2022","https://pbs.twimg.com/profile_images/1695409315753201665/Ht1TQDIM_normal.jpg","11","4","59","1","0","27","","in","false",,,"false"
"1541667365477556224","https://x.com/UGMYogyakarta/status/1541667365477556224","Halo Kawan UGM, inign tahu apa itu Magang dan Studi Independen Bersertifikat? Yuk Kawan UGM, kita simak penjelasan salah satu program Kampus Merdeka Merdeka Belajar ini. https://t.co/1eXdC4FF7D","Tue Jun 28 06:18:37 +0000 2022","https://pbs.twimg.com/profile_images/932874895389638656/fDT8AaGJ_normal.jpg","0","0","11","0","0","1","","in","false",,,"false"
"1541318423300698112","https://x.com/itk_official_/status/1541318423300698112","Halo sobat Specta!

Program Magang dan Studi Independen Bersertifikat (MSIB) Kampus merdeka dibuka lagi loh. Yuk segera daftar, syaratnya cukup kamu sebagai mahasiswa aktif minimal semester 5.

Berkas pendaftarannya apa aja?
1. CV
2. Transkrip Nilai https://t.co/NF0SrlszBh","Mon Jun 27 07:12:03 +0000 2022","https://pbs.twimg.com/profile_images/1981157100819558401/hHcranhh_normal.jpg","2","1","8","0","0","2","","in","false",,,"false"
"1540313980748861441","https://x.com/suaramerdeka/status/1540313980748861441","UMS Sosialisasikan Magang dan Studi Independen Bersertifikat https://t.co/Ab53FDMshI","Fri Jun 24 12:40:45 +0000 2022","https://pbs.twimg.com/profile_images/1761743131983450112/xM93w9-O_normal.jpg","0","0","0","0","0","0","","in","false",,,"false"
"1540214278028152832","https://x.com/HIMAKBMKMUnsoed/status/1540214278028152832","[MERDEKA CENTER] 

Hallo KBMKM!👋
Ada kabar gembira nih!✨ 

Kami dari divisi keilmuan hadir untuk membagikan informasi MBKM yang dibuka bulan Juni-Juli 2022. Penasaran kan programnya apa? Yuk check this out 👇 

Program Magang dan Studi Independen Bersertifikat (MSIB) angkatan https://t.co/ZFNTp87x8e","Fri Jun 24 06:04:34 +0000 2022","https://pbs.twimg.com/profile_images/979778473433509893/YwWBVBY1_normal.jpg","0","1","4","0","0","3","","in","false",,,"false"
"1539573533730172929","https://x.com/LPMTEROPONGUMSU/status/1539573533730172929","Dalam Sosialisasi dan Workshop Magang dan Studi Independen  Bersertifikat (MSIB) batch 3 Universitas Muhammadiyah Sumatera Utara (UMSU). Baca selengkapnya di https://t.co/caVY9xXi98 https://t.co/9rtn85gvaq","Wed Jun 22 11:38:28 +0000 2022","https://pbs.twimg.com/profile_images/1861988381888323584/pGo_pKNJ_normal.jpg","0","0","1","0","0","0","","in","false",,,"false"
"1539264774152032257","https://x.com/jawapos/status/1539264774152032257","Magang dan Studi Independen Bersertifikat Batch 3 2022 https://t.co/LVWDKATeYn","Tue Jun 21 15:11:34 +0000 2022","https://pbs.twimg.com/profile_images/2038545118295453696/tZwiLpI7_normal.jpg","1","0","0","0","0","0","","in","false",,,"false"
"1535536549143924736","https://x.com/HmgpPNJ_/status/1535536549143924736","[ PENDAFTARAN PROGRAM MAGANG DAN STUDI INDEPENDEN BERSERTIFIKAT ANGKATAN 3 ]

❗Untuk mahasiswa sarjana dan vokasi seluruh Indonesia

More info : 
🔗https://t.co/GFrlTcXN0Q
IG : 
kampusmerdeka.ri
magangmerdeka

Narahubung :
📱082129076957 (Putra)
📱081296858842 (Lian)

#InfoTGP https://t.co/zPa1PpQi9Z","Sat Jun 11 08:16:56 +0000 2022","https://pbs.twimg.com/profile_images/1494314408004427781/aSa21q0r_normal.jpg","0","0","1","0","0","4","","in","false",,,"false"
"1532957653785120769","https://x.com/zonamahasiswaid/status/1532957653785120769","Kemendikbudristek kembali membuka program Magang dan Studi Independen Bersertifikat (MSIB) III untuk mahasiswa. Simak jadwal lengkapnya ya.
https://t.co/gA5Dt4L0MP","Sat Jun 04 05:29:20 +0000 2022","https://pbs.twimg.com/profile_images/1387294794146144261/zo4mE-7H_normal.jpg","1","0","2","0","0","0","","in","false",,,"false"
"1532757673141100544","https://x.com/ariecahyoa/status/1532757673141100544","(Deep) Ikut sedih banget rasanya ngeliat curhatan teman2 sesama peserta Magang dan Studi Independen Bersertifikat (MSIB) yang mengeluhkan dan menantikan hak uang saku termin ke-2. Dan yang aku rasain sendiri. Namun aku lebih beruntung karena masih di wilayah sendiri. #MSIB https://t.co/3pLJ1rtnpi","Fri Jun 03 16:14:41 +0000 2022","https://pbs.twimg.com/profile_images/1763151768190615552/FtFcZ3xG_normal.jpg","1","1","5","0","0","1","","in","false",,,"false"
"1532547253759463424","https://x.com/kompascom/status/1532547253759463424","Program Magang dan Studi Independen Bersertifikat (MSIB) angkatan 3 resmi dibuka. Mahasiswa D2, D4 dan S1 bisa mendaftar hingga Juli 2022. https://t.co/N6p84PTyOp","Fri Jun 03 02:18:33 +0000 2022","https://pbs.twimg.com/profile_images/1577144849437888514/d9x3nKN8_normal.jpg","1","0","2","0","0","0","","in","false",,,"false"
"1532286825032601600","https://x.com/seputarkampus/status/1532286825032601600","Kami akan menyelenggarakan webinar tentang magang dan studi independen bersertifikat, yang merupakan salah satu program yang ditawarkan oleh Kampus Merdeka. Webinar ini bertujuan untuk memberikan pengenalan program MSIB kepada mahasiswa, termasuk gambaran umum,","Thu Jun 02 09:03:42 +0000 2022","https://pbs.twimg.com/profile_images/1275034040542752768/XmoD3UiY_normal.jpg","1","1","2","0","0","0","","in","true",,,"false"
"1532286715380912129","https://x.com/seputarkampus/status/1532286715380912129","[KAMPUS MERDEKA MSIB x IMAGAMA PUBLIC LECTURE 2022: Mengenal Lebih Dekat Magang dan Studi Independen Bersertifikat]

Kampus Merdeka, salah satu program kerja Menteri Pendidikan dan Kebudayaan, https://t.co/hE0x6tpklI","Thu Jun 02 09:03:16 +0000 2022","https://pbs.twimg.com/profile_images/1275034040542752768/XmoD3UiY_normal.jpg","1","1","2","1","0","0","","in","false",,,"false"
"1532275102557302786","https://x.com/jawapos/status/1532275102557302786","Begini Cara Daftar Program Magang dan Studi Independen Bersertifikat https://t.co/0iUNKLWb6z","Thu Jun 02 08:17:07 +0000 2022","https://pbs.twimg.com/profile_images/2038545118295453696/tZwiLpI7_normal.jpg","0","0","0","0","0","0","","in","false",,,"false"
"1525787598966632448","https://x.com/ahmrudii/status/1525787598966632448","Bentar lagi MSIB (Magang dan Studi Independen Bersertifikat) angkatan ketiga dibuka nih. Tahun kemarin sih mulai Juni udah dibuka pendaftarannya. Buat temen-temen yang mau daftar, disini aku sharing pengalamanku, apa aja yang harus disiapin sebelum daftar MSIB    
- a thread https://t.co/imhRT99xgZ","Sun May 15 10:38:06 +0000 2022","https://pbs.twimg.com/profile_images/1969190135951736832/77AcCxRT_normal.jpg","14","1","40","4","0","68","","in","false",,,"false"
"1509197496337453056","https://x.com/RadioElshinta/status/1509197496337453056","Sekretariat Jenderal DPR RI melakukan sosialisasi Program Magang dan Studi Independen Bersertifikat (MSIB) yaitu ""Magang di Rumah Rakyat DPR RI Tahun 2022"" di Universitas Udayana, Bali, Selasa, 29 Maret 2022. 
via @DPR_RI 
https://t.co/Rj22QnidP4","Wed Mar 30 15:54:57 +0000 2022","https://pbs.twimg.com/profile_images/2060183237675417600/83THsfLR_normal.jpg","0","0","0","0","0","0","","in","false",,,"false"
"1509144385891737603","https://x.com/DPR_RI/status/1509144385891737603","Sekretariat Jenderal DPR RI melakukan sosialisasi Program Magang dan Studi Independen Bersertifikat (MSIB) yaitu ""Magang di Rumah Rakyat DPR RI Tahun 2022"" di Universitas Udayana, Bali, Selasa, 29 Maret 2022. 

#SetjenDPR #MagangDiRumahRakyat https://t.co/dRXenDf28E","Wed Mar 30 12:23:54 +0000 2022","https://pbs.twimg.com/profile_images/697316208685613060/pYMcugjT_normal.jpg","0","3","9","0","0","0","","in","false",,,"false"
"1508997400417140747","https://x.com/DPR_RI/status/1508997400417140747","Pusdiklat Sekretariat Jenderal DPR RI melakukan sosialisasi Program Magang dan Studi Independen Bersertifikat (MSIB) yaitu ""Magang di Rumah Rakyat DPR RI Tahun 2022"" di Universitas Mataram, Nusa Tenggara Barat (NTB), Selasa, 29 Maret 2022.  #SetjenDPR #MagangDiRumahRakyat https://t.co/5MS4hlrSso","Wed Mar 30 02:39:50 +0000 2022","https://pbs.twimg.com/profile_images/697316208685613060/pYMcugjT_normal.jpg","0","0","4","0","0","0","","in","false",,,"false"
"1500315833309929474","https://x.com/LPMTEROPONGUMSU/status/1500315833309929474","Fakultas Ekonomi dan Bisnis (FEB) Universitas Muhammadiyah Sumatera Utara (UMSU) menjadi penyumbang peserta terbanyak di Magang dan Studi Independen Bersertifikat (MSIB) pada Batch 2. Sabtu, (05/03/2022). https://t.co/d9TfezZXTb https://t.co/rLhUvtGc93","Sun Mar 06 03:42:23 +0000 2022","https://pbs.twimg.com/profile_images/1861988381888323584/pGo_pKNJ_normal.jpg","0","0","3","0","0","0","","in","false",,,"false"
"1496298800130199554","https://x.com/teknokrat_id/status/1496298800130199554","Halo Generasi Emas Indonesia

Mahasiswa Universitas Teknokrat Indonesia kembali berprestasi di tingkat nasional.

Rexy Fahrezi Mahasiswa S1 Informatika lolos terpilih program Magang dan Studi Independen Bersertifikat (MSIB) dan Jalani  studi independent program Kemendikbudristek. https://t.co/XKuHoLA9fX","Wed Feb 23 01:40:08 +0000 2022","https://pbs.twimg.com/profile_images/1350058063038824449/NOmYYHBx_normal.jpg","0","1","3","0","0","0","","in","false",,,"false"
"1495682457127251968","https://x.com/isbibandung/status/1495682457127251968","Magang dan Studi Independen Bersertifikat (MSIB) dan Kampus Mengajar https://t.co/dbfw8rXKiZ","Mon Feb 21 08:51:00 +0000 2022","https://pbs.twimg.com/profile_images/958560300688707584/e67MOzUE_normal.jpg","0","0","3","0","0","0","","in","false",,,"false"
"1494929745947017216","https://x.com/muhammadiyah/status/1494929745947017216","Sebanyak 11 mahasiswa Institut Teknologi dan Bisnis Ahmad Dahlan (ITB-AD) lolos dalam Program Magang dan Studi Independen Bersertifikat (MSIB) Kampus Merdeka tahun 2022 Kemendikbud Ristek.
@itb_ahmaddahlan 

https://t.co/0smBdRdo0j

#Pendidikan #Muhammadiyah #Islam","Sat Feb 19 07:00:00 +0000 2022","https://pbs.twimg.com/profile_images/2013485179625525248/wiFn92aq_normal.jpg","2","0","14","0","0","1","","in","false",,,"false"
"1493501497623322625","https://x.com/teknokrat_id/status/1493501497623322625","Halo Generasi Emas Indonesia ...
Prestasi luar biasa kembali ditorehkan oleh Mahasiswa Universitas Teknokrat Indonesia, sebanyak 34 Mahasiswa Lolos Program Magang dan Studi Independen Bersertifikat (MSIB) yang diselenggarakan oleh Kementerian Pendidikan, Kebudayaan, Riset, https://t.co/w1lPZyQCQQ","Tue Feb 15 08:24:39 +0000 2022","https://pbs.twimg.com/profile_images/1350058063038824449/NOmYYHBx_normal.jpg","2","1","4","0","0","0","","in","false",,,"false"
"1489961130055196679","https://x.com/polinema_campus/status/1489961130055196679","Bagi Mahasiswa Polinema yang akan mengikuti Program Magang dan Studi Independen Bersertifikat (MSIB) Kampus Merdeka TA 2021/2022, berikut kami lampirkan tautan formulir pengajuan surat rekomendasi Program MSIB Kampus Merdeka :
https://t.co/UNeiwQerP2

#polinema
#polinemajoss","Sat Feb 05 13:56:30 +0000 2022","https://pbs.twimg.com/profile_images/1628751671420669952/WbdE8w2x_normal.jpg","1","0","4","0","0","1","","in","false",,,"false"
"1489488100694757377","https://x.com/adkestwit_ugm/status/1489488100694757377","1. Pertukaran Mahasiswa Dalam Negeri
2. Pemberdayaan Masyarakat
3. Magang dan Studi Independen Bersertifikat (MSIB)
4. Indonesia International Student Mobility Awards (IISMA)
5. MBKM Bidang Penelitian
6. Kampus Mengajar","Fri Feb 04 06:36:51 +0000 2022","https://pbs.twimg.com/profile_images/1775468505367982080/qxOjVEqF_normal.jpg","0","1","2","0","0","0","","in","true",,,"false"
"1488073400069529601","https://x.com/Kemenag_RI/status/1488073400069529601","Ada 11.073 mahasiswa yang mendaftar Program Magang dan Studi Independen Bersertifikat Kampus Merdeka yg dibuka BPJPH Kemenag RI. Sementara kuotanya hanya 145 untuk 29 bidang keahlian. Ada diantara #SahabatReligi yg ikut mendaftar?
#jaminanprodukhalal

https://t.co/11Nkbyj7EN","Mon Jan 31 08:55:20 +0000 2022","https://pbs.twimg.com/profile_images/1973173565953548292/ltFyAxcY_normal.jpg","2","0","10","0","0","0","","in","false",,,"false"
"1488062325143715842","https://x.com/halalindonesia_/status/1488062325143715842","BPJPH mengandeng Kemendikbud-Ristek membuka Program Magang dan Studi Independen Bersertifikat Kampus Merdeka. Dalam sehari dibukanya pendaftaran, tercatat 11.073 mahasiswa mendaftar utk kuota magang sebanyak 145 untuk 29 bidang keahlian.

https://t.co/4jcoG5j61r","Mon Jan 31 08:11:19 +0000 2022","https://pbs.twimg.com/profile_images/1595991666955280384/CQhWLeLB_normal.jpg","0","1","2","1","0","0","","in","false",,,"false"
"1483715268492754944","https://x.com/kompascom/status/1483715268492754944","Program Magang dan Studi Independen Bersertifikat (MSIB) Batch 2 hingga 21 Januari 2022 https://t.co/osU3IyGSSU","Wed Jan 19 08:17:40 +0000 2022","https://pbs.twimg.com/profile_images/1577144849437888514/d9x3nKN8_normal.jpg","0","0","2","0","0","0","","in","false",,,"false"
"1483367885137641478","https://x.com/unpad/status/1483367885137641478","#AgendaUnpad

Pendaftaran Magang dan Studi Independen Bersertifikat diperpanjang hingga 21 Januari 2022

Magang Bersertifikat:
https://t.co/QZBFjvcrrU

Studi Independen Bersertifikat
https://t.co/Jl0LGMdNXz

#MerdekaBelajar
#KampusMerdeka
#Unpad
#UniversitasPadjadjaran https://t.co/Zhjazq519o","Tue Jan 18 09:17:18 +0000 2022","https://pbs.twimg.com/profile_images/1828618254505668608/Ck0Drcnz_normal.png","0","0","1","0","0","1","","in","false",,,"false"
"1481541536839991298","https://x.com/kompascom/status/1481541536839991298","Program Magang dan Studi Independen Bersertifikat tidak hanya dilakukan di industri tetapi juga di lembaga-lembaga, ataupun kementerian-kementerian. https://t.co/RlWpxsS56J","Thu Jan 13 08:20:02 +0000 2022","https://pbs.twimg.com/profile_images/1577144849437888514/d9x3nKN8_normal.jpg","0","0","1","0","0","0","","in","false",,,"false"
"1481125544003784704","https://x.com/UB_Official/status/1481125544003784704","Selain MBKM Semeru, ada juga program Magang dan Studi Independen Bersertifikat yang bisa #TemanUB ikuti!

Program ini merupakan salah satu program unggulan Kemdikbud dengan mitra perusahaan di Indonesia. Ada banyak benefit yang bisa #TemanUB dapatkan di MSIB! https://t.co/T9oUeQ4Dwp","Wed Jan 12 04:47:02 +0000 2022","https://pbs.twimg.com/profile_images/1719574248338096128/ZO34x8TI_normal.jpg","0","1","1","0","0","0","","in","true",,,"false"
"1480834629145796608","https://x.com/Kemdiktisaintek/status/1480834629145796608","Nah, mumpung pendaftaran masih dibuka, #InsanDikti bisa segera mendaftar program Magang dan Studi Independen Bersertifikat (MSIB). 

Jadi, bagi #InsanDikti yang belum mendaftar, yuk segera daftar! Kunjungi https://t.co/rTdoyctVrT

#KampusMerdekaIndonesiaJaya #DiktiSIGAPMelayani","Tue Jan 11 09:31:02 +0000 2022","https://pbs.twimg.com/profile_images/2029827458510565376/FIB5Wf_5_normal.jpg","0","3","2","0","0","0","","in","true",,,"false"
"1480573173515141123","https://x.com/isiyk_official/status/1480573173515141123","Program Magang dan Studi Independen Bersertifikat Kampus Merdeka 
Pendaftaran 
Selasa 11 Januari 2022  https://t.co/JR3SrH9E9c
Rabu 12 Januari 2022  https://t.co/LjcgNSau7Q
Kamis 13 Januari 2022  https://t.co/6TeZEt6hTC https://t.co/Pk4MBwBB7z","Mon Jan 10 16:12:06 +0000 2022","https://pbs.twimg.com/profile_images/1054661589628899328/K9g0v3We_normal.jpg","0","0","2","0","0","1","","in","false",,,"false"
"1480545460716642306","https://x.com/11MaretUniv/status/1480545460716642306","Untuk Sobat Semar yang sudah saatnya mengikuti program magang, jangan lupa daftarkan diri kalian dalam Program Magang dan Studi Independen Bersertifikat (MSIB), ya😉

Dapatkan informasi selengkapnya hanya di: https://t.co/iXqbcTEgVw

#uns #universitassebelasmaret https://t.co/wkdncT8uBH","Mon Jan 10 14:21:59 +0000 2022","https://pbs.twimg.com/profile_images/463842400385769472/FmRl23Qx_normal.png","2","0","5","0","0","1","","in","false",,,"false"
"1478974089960189952","https://x.com/mankomunisba_/status/1478974089960189952","[ Info Event ]

Selamat siang warga Mankom!

Diberitahukan kepada warga Mankom bahwa Kampus Merdeka sedang membuka progran magang dan studi independen bersertifikat (MSIB) batch ke-2.

Bagi warga Mankom yang berminat bisa mengikuti sosialisasi MSIB pada:
📆 6-8 Januari 2022 https://t.co/ls8zEklCte","Thu Jan 06 06:17:55 +0000 2022","https://pbs.twimg.com/profile_images/1451530245656301570/1vponCLh_normal.jpg","0","1","0","0","0","0","","in","false",,,"false"
"1476902747026780160","https://x.com/ubbofficial_/status/1476902747026780160","Pendaftaran Program Magang dan Studi Independen Bersertifikat (MSIB) dari Kemdikbud Ristek @kemdikbud.ri diperpanjang sampai tanggal 14 Januari 2022 ya guys... 

So, teman-teman masih punya waktu untuk mendaftar.. Monggo manfaatkan kesempatan ini..😁 https://t.co/1kuaXnLQuZ","Fri Dec 31 13:07:09 +0000 2021","https://pbs.twimg.com/profile_images/1613426052390604800/Ynxnl432_normal.jpg","1","0","3","0","0","0","","in","false",,,"false"
"1475809479614550017","https://x.com/nararkive/status/1475809479614550017","@AleHaidar @peachonthecake @MaysrhSt @flowgurly @Rifxyal @collegemenfess Bantu jawab, MSIB itu program Magang dan Studi Independen Bersertifikat","Tue Dec 28 12:42:53 +0000 2021","https://pbs.twimg.com/profile_images/1969293603982995456/ZhG8qNTm_normal.jpg","0","1","1","0","0","0","","in","true",,,"false"
"1475795822067388419","https://x.com/MasMenteri/status/1475795822067388419","UANG KAMPUS MERDEKA KAPAN CAIRNYA⁉️ 

Ramai soal uang saku program Magang dan Studi Independen Bersertifikat (MSIB) yang disebut masih ada yang belum cair.

Pertama-tama, mimin jelasin dulu nih apa itu program Kampus Merdeka supaya gak pada bingung? https://t.co/iFWtaJUsnE","Tue Dec 28 11:48:37 +0000 2021","https://pbs.twimg.com/profile_images/1524675106844266496/UAAlrgY-_normal.jpg","4","2","11","0","0","6","","in","false",,,"false"
"1475782513205280768","https://x.com/hmja_pnj/status/1475782513205280768","[ Sosialisasi Magang dan Studi Independen Bersertifikat Kampus Merdeka ]

Halo, PNJ-nesia!

Magang dan Studi Independen Bersertifikat (MSIB) merupakan program yang diadakan DIKTI untuk mahasiswa semester 5 (D3) dan semester 7 (D4).  

Untuk mengetahui informasi MSIB lebih https://t.co/wq30TUkYur","Tue Dec 28 10:55:44 +0000 2021","https://pbs.twimg.com/profile_images/556707668216127489/asqIkVHs_normal.jpeg","0","1","1","0","0","1","","in","false",,,"false"
"1473916605214068737","https://x.com/UGMAlumni/status/1473916605214068737","Halo teman-teman Gadjah Mada!

Untuk teman-teman mahasiswa aktif dan belum punya pengetahuan tentang dunia kerja, tenang aja! Saatnya kita ikut berpartisipasi dalam program Magang dan Studi Independen  Bersertifikat Kampus Merdeka. https://t.co/4HB1YQJeWB","Thu Dec 23 07:21:17 +0000 2021","https://pbs.twimg.com/profile_images/819446160909692928/8XaRvtIl_normal.jpg","5","2","26","0","0","6","","in","false",,,"false"
"1472772397296066560","https://x.com/BEMFISIPUB/status/1472772397296066560","Program Magang dan Studi Independen Bersertifikat https://t.co/qvp6h3LZBg","Mon Dec 20 03:34:36 +0000 2021","https://pbs.twimg.com/profile_images/2025388713170403329/rZiLc54S_normal.jpg","0","2","1","0","0","0","","in","false",,,"false"
"1470969944774828033","https://x.com/Kadin_Indonesia/status/1470969944774828033","Sosialisasi Program Magang dan Studi Independen Bersertifikat oleh Menteri Pendidikan, Kebudayaan, Riset, dan Teknologi

Kamis, 16 Desember 2021 
Pukul 13.00-14.00 WIB 

Tempat:
Zoom meeting
Meeting ID: 935 5439 0260
Passcode: MERDEKA https://t.co/DQxcJ7XOrM","Wed Dec 15 04:12:18 +0000 2021","https://pbs.twimg.com/profile_images/1839182546552369154/GL15lker_normal.jpg","0","0","0","0","0","1","","in","false",,,"false"
"1470609218587619330","https://x.com/its_campus/status/1470609218587619330","#ITSUpdate

Halo, Arek-arek ITS!

Pendaftaran Program Magang dan Studi Independen Bersertifikat (MSIB) Kampus Merdeka Angkatan 2 telah dibuka!

Dibuka untuk mahasiswa aktif minimal semester 5. https://t.co/oMZ4phXBDa","Tue Dec 14 04:18:54 +0000 2021","https://pbs.twimg.com/profile_images/1371369262795825154/s8oWnJYU_normal.jpg","0","1","0","0","0","0","","in","false",,,"false"
"1469594959913226240","https://x.com/BEMFISIPUNUD/status/1469594959913226240","[INFO PENTING: Program Magang dan Studi Independen Bersertifikat (MSIB)]

Hallo Insan Maroon!! https://t.co/tCv8GlGIt6","Sat Dec 11 09:08:36 +0000 2021","https://pbs.twimg.com/profile_images/1709485722888257536/HW_cXoQz_normal.jpg","0","1","1","0","0","0","","in","false",,,"false"
"1468523673766162432","https://x.com/UGMAlumni/status/1468523673766162432","Teman-teman bisa mendaftar melalui https://t.co/a8MJ5pGtgI dengan periode pendaftaran 7 - 31 Desember 2021.

Yuk segera daftar program Magang dan Studi Independen Bersertifikat Kampus Merdeka guna mempersiapkan SDM unggul untuk Indonesia Maju!","Wed Dec 08 10:11:42 +0000 2021","https://pbs.twimg.com/profile_images/819446160909692928/8XaRvtIl_normal.jpg","0","0","2","0","0","0","","in","true",,,"false"
"1468523670897188864","https://x.com/UGMAlumni/status/1468523670897188864","Halo teman-teman Gadjah Mada!

Untuk teman-teman yang memasuki tahun ketiga kuliah dan belum punya pengetahuan tentang dunia kerja, tenang aja! Saatnya kita ikut berpartisipasi dalam program Magang dan Studi Independen Bersertifikat. https://t.co/ka7Z5lSAPP","Wed Dec 08 10:11:41 +0000 2021","https://pbs.twimg.com/profile_images/819446160909692928/8XaRvtIl_normal.jpg","16","2","145","1","0","40","","in","false",,,"false"
"1468516349114609666","https://x.com/usakti_official/status/1468516349114609666","Kegiatan Magang dan Studi Independen Bersertifikat yg diinisiasi oleh kemendikbud ristek Batch II akan dibuka pendaftaran untuk mahasiswa semester 5 ke atas 

Pendaftaran mulai 7 Desember - 31 Desember 2021 di portal DIKTI
https://t.co/cRz0xz7IR0 https://t.co/vqS47cITYq","Wed Dec 08 09:42:36 +0000 2021","https://pbs.twimg.com/profile_images/1453298314573660167/0an_DeCq_normal.jpg","1","0","2","0","0","0","","in","false",,,"false"
"1465853151588896768","https://x.com/hariankompas/status/1465853151588896768","Pemerintah mengakui, program Magang dan Studi Independen Bersertifikat tahun 2021 masih ada beberapa kendala. Keluhan soal pencairan uang saku hingga kebingungan soal pembiayaan yang ditanggung, mencuat di kalangan peserta. #Dikbud #AdadiKompas

https://t.co/K4WBg5V055","Wed Dec 01 01:20:00 +0000 2021","https://pbs.twimg.com/profile_images/1810124683188350976/RS_tUqhb_normal.jpg","0","0","2","0","0","0","","in","false",,,"false"
"1464927534018007048","https://x.com/icatwps/status/1464927534018007048","*JANGAN KASIH AMPUN…!* Nadiem Makarim: Perguruan Tinggi Tak Izinkan Mahasiswanya Ikut Magang dan Studi Independen Bersertifikat (MSIB) Bakal Diberi Sanksi 

https://t.co/Dl5xHcJXJP","Sun Nov 28 12:01:55 +0000 2021","https://pbs.twimg.com/profile_images/2040393606549413888/GjBIVOoM_normal.jpg","1","0","2","0","0","0","","in","false",,,"false"
"1460568765519720449","https://x.com/Pulpendid/status/1460568765519720449","Peserta program Kampus Merdeka meminta Kemendikbud merealisasikan janjinya untuk memberikan uang saku.

Program yang dimaksud adalah Program Magang dan Studi Independen Bersertifikat (MSIB). https://t.co/pesa6rOtBM","Tue Nov 16 11:21:44 +0000 2021","https://pbs.twimg.com/profile_images/1636609125361614848/hYcNUflh_normal.jpg","0","0","3","0","0","0","","in","false",,,"false"
"1456268934810726407","https://x.com/mediaindonesia/status/1456268934810726407","Terbukti berdasarkan survei yang dihimpun Kemendikbudristek, Program Magang dan Studi Independen Bersertifikat dan Studi (MSIB) yang paling tertinggi diminati para mahasiswa.    https://t.co/DNCEZjj6vl","Thu Nov 04 14:35:44 +0000 2021","https://pbs.twimg.com/profile_images/2013862868442054656/PHgXw1vG_normal.jpg","0","1","0","0","0","0","","in","false",,,"false"
"1454020237204987912","https://x.com/etnomenignotum/status/1454020237204987912","@tubirfess catatan: 

1. kalau ini konteksnya Program Magang dan Studi Independen Bersertifikat (MSIB) terkait uang saku dan biaya hidup selama magang yang subsidi itu Kemdikbud; 

2. kemudian ada yang namanya Mitra Industri dan Dunia Kerja (IDUKA) yang antra lain:","Fri Oct 29 09:40:13 +0000 2021","https://pbs.twimg.com/profile_images/1465699336294047750/rR-Ye6PL_normal.jpg","3","2","23","0","0","6","","in","true",,,"false"
"1452111074447163396","https://x.com/MagangStudi/status/1452111074447163396","Poin penting dari berita tersebut :
“Uang saku bulan Agustus dan September 2021 bagi mahasiswa peserta program Magang dan Studi Independen Bersertifikat sudah mulai cair 21 Oktober 2021 dan akan cair bertahap sampai dengan 27 Oktober 2021,” ujar Paristiyanti.","Sun Oct 24 03:13:53 +0000 2021","https://pbs.twimg.com/profile_images/1467311410635894787/6z0m0BFe_normal.jpg","0","1","3","2","0","0","","in","true",,,"false"
"1451889903856340994","https://x.com/eradotid/status/1451889903856340994","Pencairan uang saku program Magang dan Studi Independen Bersertifikat mulai cair sampai dengan 27 Oktober 2021 https://t.co/PsnByWjGvg","Sat Oct 23 12:35:02 +0000 2021","https://pbs.twimg.com/profile_images/1784392855789907968/g6A_2K69_normal.jpg","1","0","2","0","0","0","","in","false",,,"false"
"1443551450051723266","https://x.com/GesuriID/status/1443551450051723266","Wakil Ketua Komisi X DPR RI Agustina Wilujeng Pramestuti mengatakan program magang dan studi independen bersertifikat kampus merdeka di DPR RI merupakan tahapan bagi mahasiswa untuk dapat belajar 'how to live together'.

https://t.co/dB7yNTKbFn #pdiperjuangan","Thu Sep 30 12:21:00 +0000 2021","https://pbs.twimg.com/profile_images/935094379638689792/Y2yHR5kF_normal.jpg","0","0","0","0","0","0","","in","false",,,"false"
"1438706818264416260","https://x.com/unpad/status/1438706818264416260","#AgendaUnpad

Pelepasan Mahasiswa Magang dan Studi Independen Bersertifikat Universitas Padjadjaran: Penguatan Kompetensi Mahasiswa melalui Kegiatan Magang dan Studi Independen Bersertifikat Kampus Merdeka

📆 Jumat, 17 September 2021
🕙 13.00 WIB
💻 Zoom https://t.co/MfTpR7Qjgc https://t.co/No2Znt0e2B","Fri Sep 17 03:30:10 +0000 2021","https://pbs.twimg.com/profile_images/1828618254505668608/Ck0Drcnz_normal.png","0","0","1","0","0","0","","in","false",,,"false"
"1437218296902737924","https://x.com/HimaMPUNJ/status/1437218296902737924","[ MP BERPRESTASI ]

Selamat dan semangat kepada mahasiswa Manajemen Pendidikan atas Magang dan Studi Independen Bersertifikat Kampus Merdeka. https://t.co/iqiXU8CAsb","Mon Sep 13 00:55:18 +0000 2021","https://pbs.twimg.com/profile_images/724940748328677376/jXqzP6SW_normal.jpg","0","1","1","0","0","0","","in","false",,,"false"
"1431273982171369472","https://x.com/upi_official/status/1431273982171369472","Selamat malam, #SivitasUPI! Pada Kamis, 26 Agustus 2021 UPI telah melaksanakan acara pelepasan mahasiswa Program Indonesia International Mobility Awards (IISMA) dan Program Magang dan Studi Independen Bersertifikat (MSIB). 

#SeputarUPI
#PelopordanUnggul https://t.co/ystdovMQKE","Fri Aug 27 15:14:43 +0000 2021","https://pbs.twimg.com/profile_images/1876824842902884352/ymnz8PYV_normal.jpg","0","0","2","0","0","0","","in","false",,,"false"
"1430103730255392773","https://x.com/Kemdiktisaintek/status/1430103730255392773","Halo #InsanDikti,

Selamat ya, bagi #InsanDikti yang telah lolos mengikuti program Magang dan Studi Independen Bersertifikat (MSIB). Nah, untuk mempersiapkan diri saat mulai magang nanti, #InsanDikti harus tahu sifat yang bisa diterapkan saat menjadi anak magang. https://t.co/3aNExLGdwm","Tue Aug 24 09:44:33 +0000 2021","https://pbs.twimg.com/profile_images/2029827458510565376/FIB5Wf_5_normal.jpg","4","2","8","0","0","0","","in","false",,,"false"
"1430055987851923462","https://x.com/VokasiUB/status/1430055987851923462","Pengumuman Mahasiswa yang Diterima Program Magang dan Studi Independen Bersertifikat (MSIB) Kampus Merdeka
https://t.co/WqtpLe9tzM","Tue Aug 24 06:34:51 +0000 2021","https://pbs.twimg.com/profile_images/1478560919139483649/udHW_Zmb_normal.jpg","0","0","0","0","0","0","","in","false",,,"false"
"1429636978362834954","https://x.com/dimasmfth/status/1429636978362834954","Hai, Indonesia!
Aku mahasiswa Indonesia yang lolos seleksi, dan aku siap #MagangMerdeka!

Kamu mau seperti aku? Ikuti program Magang dan Studi Independen Bersertifikat Kampus Merdeka di @magangmerdeka dan @KampusMerdekaRI 

#magangmerdeka #kampusmerdeka https://t.co/rpwYOTQG2E","Mon Aug 23 02:49:51 +0000 2021","https://pbs.twimg.com/profile_images/1630929827917340673/BQR7D6ZX_normal.jpg","0","1","6","0","0","0","","in","false",,,"false"
"1429276100480299008","https://x.com/mitrasdudi/status/1429276100480299008","Hai #MitraVokasi, peserta Magang dan Studi Independen Bersertifikat yuk simak pesan Mas Menteri dan bergabung di National Onboarding pada Senin, 23 Agustus 2021 pukul 14.00-15.00 WIB. Jangan sampai terlewat! #magangbersertifikat #studiindependenbersertifikat #KampusMerdeka https://t.co/U1EpOrM1TE","Sun Aug 22 02:55:51 +0000 2021","https://pbs.twimg.com/profile_images/1236837336219922432/kC9K7zdM_normal.jpg","3","0","7","1","0","0","","in","false",,,"false"
"1428910532250062848","https://x.com/CeciliaMonaP/status/1428910532250062848","8. Program Kemahasiswaan 2021
a. Program sertifikasi kompetensi mahasiswa
b. Program kewirausahaan
c. Program fasilitasi magang
d. Program pemberdayaan masyarakat desa
e. Microcredensial (LPDP) magang dan Studi independen bersertifikat","Sat Aug 21 02:43:13 +0000 2021","https://pbs.twimg.com/profile_images/1428811204017876996/CX1E515Q_normal.jpg","0","0","2","0","0","0","","in","true",,,"false"
"1428910286405132288","https://x.com/Bellaachyradh/status/1428910286405132288","4. Program kemahasiswaan 2021
-program sertifikasi kompetensi mahasiswa
- program kewirausahaan 
-program fasilitas magang 
- program kreativitas mahasiswa 
- program pemberdayaan masyarakat desa
- LDPD magang dan studi independen bersertifikat","Sat Aug 21 02:42:14 +0000 2021","https://pbs.twimg.com/profile_images/1667725124471246848/wGy3CNVP_normal.jpg","0","0","2","0","0","0","","in","true",,,"false"
"1428905269103235074","https://x.com/ptygsrt/status/1428905269103235074","•Program Kemahasiswaan 2021
-Program Sertifikasi Kompetensi Mahasiswa
-Program Kewirausahaan
-Program Fasilitasi Magang
-Program Kreativitas Mahasiswa
-Program Pemberdayaan Masyarakat Desa
-Microcredensial (LPDP) Magang dan Studi Independen Bersertifikat","Sat Aug 21 02:22:18 +0000 2021","https://pbs.twimg.com/profile_images/1625338284812681218/SWPR8hRl_normal.jpg","0","0","8","0","0","0","","in","true",,,"false"
"1428653684091617290","https://x.com/angela_syahfira/status/1428653684091617290","Hai, Indonesia! 🇲🇨♥️
Aku mahasiswa Indonesia yang lolos seleksi, dan aku siap #MagangMerdeka!

Kamu mau seperti aku? Ikuti program Magang dan Studi Independen Bersertifikat Kampus Merdeka di @magangmerdeka dan @KampusMerdekaRI 
            #magangmerdeka #twibbonize https://t.co/cR6U8CKBOT","Fri Aug 20 09:42:36 +0000 2021","https://pbs.twimg.com/profile_images/1886352463730716672/iPgCkIUM_normal.jpg","17","18","325","3","0","4","","in","false",,,"false"
"1426123516311588868","https://x.com/formad_ugm/status/1426123516311588868","[PROGRAM MAGANG DAN STUDI INDEPENDEN BERSERTIFIKAT KAMPUS MERDEKA]

Halo, Gadjah Mada!

Kampus Merdeka membuka Program untuk melakukan magang bagi mahasiswa di Perguruan Tinggi seluruh Indonesia, di beberapa Perusahaan ternama di Indonesia. https://t.co/uiR78uIutO","Fri Aug 13 10:08:37 +0000 2021","https://pbs.twimg.com/profile_images/1970131052896407552/WUKFjKNW_normal.jpg","4","1","31","1","0","12","","in","false",,,"false"
"1418860785225326596","https://x.com/kalderanews/status/1418860785225326596","Dear Mahasiswa Vokasi, Inilah Syarat dan Manfaat Program Beasiswa Magang dan Studi Independen Bersertifikat https://t.co/6CYOHkCJCV","Sat Jul 24 09:09:07 +0000 2021","https://pbs.twimg.com/profile_images/1089378779254874112/CChv4ATA_normal.jpg","0","0","1","0","0","0","","in","false",,,"false"
"1418500697843138561","https://x.com/KominfoSumbar/status/1418500697843138561","Direktorat Jenderal Pendidikan Vokasi, Kementerian Pendidikan, Kebudayaan, Riset, dan Teknologi (Ditjen Diksi Kemendikbudristek) menggelar Sosialisasi Program Magang dan Studi Independen Bersertifikat Kampus Merdeka secara daring
#MinfotikSumbar
Lengkapnya
https://t.co/mvmkYGO0Rj","Fri Jul 23 09:18:15 +0000 2021","https://pbs.twimg.com/profile_images/1441962393265852421/9XOmzvVO_normal.jpg","0","0","2","0","0","0","","in","false",,,"false"
"1417352436914688007","https://x.com/shafigh/status/1417352436914688007","Kampus Merdeka 
Makin Asyik deh 
Diterima Mahang di Organisasi Kelas Dunia eh dapat biaya hidup dan jaminan SKS dari Program Magang dan Studi Independen Bersertifikat https://t.co/OjNrhdgLIz","Tue Jul 20 05:15:28 +0000 2021","https://pbs.twimg.com/profile_images/1131478927409438722/pkzlS130_normal.jpg","1","0","10","0","0","0","","in","true",,,"false"
"1417344812106219522","https://x.com/azzura_lhi/status/1417344812106219522","Masih mengenai Kampus Merdeka dgn program Magang dan Studi Independen Bersertifikat, pendaftarannya dibuka sampai 31 Juli 2021. Cek schedulenya yaa

Btw ada 300 lbh perusahaan yg gabung dlm program ini agar mhsiswa dpt pengalaman di dunia kerja langsung... https://t.co/3MIJns4jTA","Tue Jul 20 04:45:10 +0000 2021","https://pbs.twimg.com/profile_images/1345982543938560001/Cji6TYyH_normal.jpg","0","1","2","0","0","1","","in","true",,,"false"
"1417343269491544067","https://x.com/azzura_lhi/status/1417343269491544067","Nantinya mahasiswa Kampus Merdeka dalam program Magang dan Studi Independen Bersertifikat, akan diberikan bimbingan, ikut short Course 1-2 smtr, terakhir mendapat surat keterangan pendamping ijazah dari perusahaan/instansi terkait.

Mau ikut? Daftar di sini nih.. https://t.co/L6TKplmqwv","Tue Jul 20 04:39:03 +0000 2021","https://pbs.twimg.com/profile_images/1345982543938560001/Cji6TYyH_normal.jpg","0","1","2","0","0","0","","in","true",,,"false"
"1417342075922653189","https://x.com/reviewapaaja/status/1417342075922653189","Ada 4 Program dari Kampus Merdeka ini yaitu :
1. Kampus mengajar
2. Magang dan studi independen bersertifikat
3. Indonesia international student mobility awards
4. Pertukaran mahasiswa merdeka https://t.co/iwCe4cjgi4","Tue Jul 20 04:34:18 +0000 2021","https://pbs.twimg.com/profile_images/1727720566415921152/o0MvqdXX_normal.jpg","0","1","3","0","0","0","","in","true",,,"false"
"1417341240480124928","https://x.com/azzura_lhi/status/1417341240480124928","Untuk Program Magang dan Studi Independen Bersertifikat (microcredentials) di Kampus Merdeka ini, ditujukan untk mhsiswa/i yg diterima magang di organisasi kelas dunia.

Dan tetap, mrk bakal dpt berbagai manfaat.. Tertarik dong? Masa nggakkk.. 🤣 https://t.co/B2WNf5Yb2m","Tue Jul 20 04:30:59 +0000 2021","https://pbs.twimg.com/profile_images/1345982543938560001/Cji6TYyH_normal.jpg","0","1","2","0","0","0","","in","true",,,"false"
"1417332675887595532","https://x.com/siwiragils/status/1417332675887595532","Ada 4 program Kampus Merdeka yang didukung Lembaga Pengelola Dana Pendidikan (LPDP) di tahun 2021, yaitu Kampus Mengajar, Magang dan Studi Independen Bersertifikat (microcredentials), Indonesian International Student Mobility Awards (IISMA), serta Pertukaran Mahasiswa Merdeka. https://t.co/SKy5UKexEv","Tue Jul 20 03:56:57 +0000 2021","https://pbs.twimg.com/profile_images/1065803875116961792/V0stzdoQ_normal.jpg","1","0","2","0","0","0","","in","true",,,"false"
"1417325408911953922","https://x.com/Dew0W1snu/status/1417325408911953922","Nah, 4 program yang ada di Kampus Merdeka adalah:

1. Kampus Mengajar, 
2. Magang dan Studi Independen Bersertifikat (microcredentials), 
3. Indonesian International Student Mobility Awards (IISMA),
4. Pertukaran Mahasiswa Merdeka. https://t.co/19zUflW8jC","Tue Jul 20 03:28:04 +0000 2021","https://pbs.twimg.com/profile_images/2029177418515415040/STZE7uFX_normal.jpg","3","1","23","0","0","7","","in","true",,,"false"
"1417258151120838665","https://x.com/June_dya77/status/1417258151120838665","Ayo, belajar yang rajin saat kuliah.
Kalau diterima magang di organisasi besar, nanti kamu bakal dapat biaya hidup dan jaminan SKS dari program Magang dan Studi Independen Bersertifikat.","Mon Jul 19 23:00:49 +0000 2021","https://pbs.twimg.com/profile_images/1947977239083225088/wJAqi645_normal.jpg","0","1","8","0","0","0","","in","true",,,"false"
"1411999491503185920","https://x.com/bsipemuda_id/status/1411999491503185920","#Repost @bsikarir
...
Hello Talent

Ingin tahu lebih banyak mengenai Program Magang dan Studi Independen Bersertifikat, mulai dari lowongan, tata cara apply, fasilitas yang didapatkan, sampai persiapan yang perlu kamu lakukan.
Baca Selengkapnya :
https://t.co/KV8rx0eBUx https://t.co/RaNDjAlKm5","Mon Jul 05 10:44:47 +0000 2021","https://pbs.twimg.com/profile_images/1042937203502964736/0yTVqBX3_normal.jpg","0","0","1","0","0","0","","in","false",,,"false"
"1409777036948692992","https://x.com/itk_official_/status/1409777036948692992","Mengundang bapak/ibu dosen dan mahasiswa untuk hadir pada sesi konsultasi pendaftaran Program MBKM Pertukaran Mahasiswa Merdeka Dalam Negeri (PMM DN) dan Program Magang dan Studi Independen Bersertifikat. https://t.co/bMGhcsED31","Tue Jun 29 07:33:32 +0000 2021","https://pbs.twimg.com/profile_images/1981157100819558401/hHcranhh_normal.jpg","0","0","1","0","0","0","","in","false",,,"false"
"1407932516443426818","https://x.com/HMDA_FEBUB/status/1407932516443426818","[INFO AKADEMIK : PROGRAM MAGANG DAN STUDI INDEPENDEN BERSERTIFIKAT] https://t.co/9GmvKVVkeB","Thu Jun 24 05:24:04 +0000 2021","https://pbs.twimg.com/profile_images/1843216924/logo_baru_hmja_feb_ub_1_normal.jpg","0","1","4","0","0","1","","in","false",,,"false"
"1407928116589203464","https://x.com/himapsikoUB/status/1407928116589203464","[ JENDELA ADVO : PROGRAM MAGANG DAN STUDI INDEPENDEN BERSERTIFIKAT KEMENDIKBUD ]

Halo, Sahabat Psikologi! 👋

Bagi Sahabat Psikologi yang sedang mencari program magang!

Yuk, simak informasi selanjutnya pada tautan di bawah ini! ⬇️

📌 Line : https://t.co/Z04B7AwXD4

(1/2) https://t.co/P9Jsvwdgkk","Thu Jun 24 05:06:35 +0000 2021","https://pbs.twimg.com/profile_images/2030918585502310400/QQp53ERM_normal.jpg","0","1","2","0","0","0","","in","false",,,"false"
"1407618383370096641","https://x.com/UGMYogyakarta/status/1407618383370096641","Festival Kamus Merdeka edisi Magang dan Studi Independen Bersertifikat hari kedua masih berlangsung nih. Yuk langsung cek ke https://t.co/T9YsnBcfVN","Wed Jun 23 08:35:49 +0000 2021","https://pbs.twimg.com/profile_images/932874895389638656/fDT8AaGJ_normal.jpg","0","0","31","0","0","2","","in","false",,,"false"
"1407352681652314113","https://x.com/ITBCareerCenter/status/1407352681652314113","[INFO]

Halo Teman-Teman ITB!
Saat ini, Program-Program Kampus Merdeka sedang dibuka Loh! Ada program Magang dan Studi Independen Bersertifikat

Daftarkan dirimu yuu!
Pendaftaran dimulai sejak 10 Juni 2021 - 15 Juli 2021.
Kunjungi &gt;&gt; https://t.co/sq0EIEcfRo

Ajak teman-temanmu! https://t.co/xpjlOFPNfV","Tue Jun 22 15:00:01 +0000 2021","https://pbs.twimg.com/profile_images/1478272491164372992/U9aKeG5p_normal.jpg","0","0","4","0","0","2","","in","false",,,"false"
"1407322553488605187","https://x.com/BEMFKMUI/status/1407322553488605187","[SEKILAS INFO CERMA #2: MAGANG MERDEKA - PROGRAM MAGANG DAN STUDI INDEPENDEN BERSERTIFIKAT]⁣
⁣
Halo, FKM!⁣
⁣
Pendaftaran program Magang dan Studi Independen Bersertifikat yang diselenggarakan oleh Merdeka Belajar Kemendikbud telah dibuka.⁣ https://t.co/SaUt9vupep","Tue Jun 22 13:00:18 +0000 2021","https://pbs.twimg.com/profile_images/2033482826231005184/cmWt6ZSN_normal.jpg","0","1","1","0","0","1","","in","false",,,"false"
"1407172528624308225","https://x.com/BEMFISIPUB/status/1407172528624308225","Program Magang dan Studi Independen Bersertifikat KEMENDIKBUD

Halo, Masyarakat FISIP! 
Bagi kalian yang sedang mencari program magang, kali ini terdapat informasi mengenai program magang dan studi independen dari Kemendikbud yang dapat kalian daftarkan. https://t.co/yvxR6ENvz4","Tue Jun 22 03:04:09 +0000 2021","https://pbs.twimg.com/profile_images/2025388713170403329/rZiLc54S_normal.jpg","0","1","0","0","0","2","","in","false",,,"false"
"1541693310322229248","https://x.com/umsofficialid/status/1541693310322229248","Program Magang Studi Independen Bersertifikat (MSIB) angkatan 3 Dibuka Bestie....!

Surat Rekomendasi bisa langsung mengisi di gform : https://t.co/6VguDJOAML

#kampusmerdekaindonesiajaya
#MSIB
#UMSurakarta
#UnggulMencerahkan 

Sumber : @io.ums.official https://t.co/CyoIOmN8yx","Tue Jun 28 08:01:43 +0000 2022","https://pbs.twimg.com/profile_images/1556964544936681472/_PAPPuFw_normal.jpg","0","0","2","0","0","0","","in","false",,,"false"
"1537454493704818692","https://x.com/io_ums_official/status/1537454493704818692","BKUI akan mengadakan kegiatan ""Sosialisasi Program Magang Studi Independen Bersertifikat""

kegiatan ini akan diselengarakan pada:
Hari, Tanggal: Kamis, 23 Juni 2022 
Waktu: Pukul 13.00 s.d. 16.00 WIB
Lokasi: Luring (Ruang Seminar Gedung Siti Walidah Lantai 7) | Daring (Zoom) https://t.co/uXuvjDi95L","Thu Jun 16 15:18:10 +0000 2022","https://pbs.twimg.com/profile_images/1495595493665443845/LfaRKAmf_normal.jpg","1","1","8","2","0","1","","in","false",,,"false"
"1514584132571246594","https://x.com/PDI_Perjuangan/status/1514584132571246594","Sebanyak 64 mahasiswa program Magang Studi Independen Bersertifikat (MSIB) diterjunkan langsung dalam pengembangan program “Smart Kampung” di desa-desa Banyuwangi. https://t.co/CVfBItrkJJ","Thu Apr 14 12:39:31 +0000 2022","https://pbs.twimg.com/profile_images/1724492479410692096/doyVcD5z_normal.jpg","0","1","5","0","0","0","","in","false",,,"false"
"1512403341690941445","https://x.com/mediaindonesia/status/1512403341690941445","KEMENTERIAN Pendidikan, Kebudayaan, Riset dan Teknologi (Kemendikbudristek) menggandeng Huawei menghadirkan program Magang Studi Independen Bersertifikat (MSIB) untuk para mahasiswa Indonesia melalui kebijakan Kampus Merdeka.   https://t.co/Rdmvd7sZuZ","Fri Apr 08 12:13:50 +0000 2022","https://pbs.twimg.com/profile_images/2013862868442054656/PHgXw1vG_normal.jpg","0","0","0","0","0","0","","in","false",,,"false"
"1475443989595656194","https://x.com/M3juahjuah/status/1475443989595656194","Kemendikbudristek memastikan pencairan dana program Magang Studi Independen Bersertifikat (MSIB) Kampus Merdeka bakal dilanjutkan hingga 2022. 

Bagi yang belum Dapat Uang Saku Kampus Merdeka, Simak lengkap penjelasannya dibawah ini.

@Kemdikbud_RI @ditjendikti https://t.co/KueQURJ97X","Mon Dec 27 12:30:34 +0000 2021","https://pbs.twimg.com/profile_images/1517369343486881792/XWrGwPDp_normal.jpg","3","1","3","0","0","2","","in","false",,,"false"
"1541924848380682240","https://x.com/nomcih/status/1541924848380682240","𝙥𝙧𝙤𝙜𝙧𝙖𝙢 𝙠𝙖𝙢𝙥𝙪𝙨 𝙢𝙚𝙧𝙙𝙚𝙠𝙖 𝙘𝙪𝙢𝙖 𝙢𝙨𝙞𝙗 𝙖𝙟𝙖?
oh tentu tidak, ada
• Magang dan studi independen bersertifikat
• Bangkit google
• Kampus Mengajar
• Penggerak Muda
• Pertukaran Mahasiswa (ada univ lokal dan luar)
• Kmmi
• Gerilya
• Wirausaha •dsb","Tue Jun 28 23:21:46 +0000 2022","https://pbs.twimg.com/profile_images/1695409315753201665/Ht1TQDIM_normal.jpg","2","1","6","0","0","1","","in","true",,,"false"
"1541923758759284736","https://x.com/nomcih/status/1541923758759284736","[𝘼 𝙏𝙝𝙧𝙚𝙖𝙙 — 𝙎𝙝𝙖𝙧𝙞𝙣𝙜 𝙋𝙚𝙣𝙜𝙖𝙡𝙖𝙢𝙖𝙣 𝙎𝙚𝙥𝙪𝙩𝙖𝙧 𝙈𝙖𝙜𝙖𝙣𝙜 𝙙𝙖𝙣 𝙎𝙩𝙪𝙙𝙞 𝙄𝙣𝙙𝙚𝙥𝙚𝙣𝙙𝙚𝙣 𝘽𝙚𝙧𝙨𝙚𝙧𝙩𝙞𝙛𝙞𝙠𝙖𝙩 𝙆𝙖𝙢𝙥𝙪𝙨 𝙈𝙚𝙧𝙙𝙚𝙠𝙖]

#MSIB #KampusMerdeka","Tue Jun 28 23:17:26 +0000 2022","https://pbs.twimg.com/profile_images/1695409315753201665/Ht1TQDIM_normal.jpg","11","4","59","1","0","27","","in","false",,,"false"
"1541693310322229248","https://x.com/umsofficialid/status/1541693310322229248","Program Magang Studi Independen Bersertifikat (MSIB) angkatan 3 Dibuka Bestie....!

Surat Rekomendasi bisa langsung mengisi di gform : https://t.co/6VguDJOAML

#kampusmerdekaindonesiajaya
#MSIB
#UMSurakarta
#UnggulMencerahkan 

Sumber : @io.ums.official https://t.co/CyoIOmN8yx","Tue Jun 28 08:01:43 +0000 2022","https://pbs.twimg.com/profile_images/1556964544936681472/_PAPPuFw_normal.jpg","0","0","2","0","0","0","","in","false",,,"false"
"1541667365477556224","https://x.com/UGMYogyakarta/status/1541667365477556224","Halo Kawan UGM, inign tahu apa itu Magang dan Studi Independen Bersertifikat? Yuk Kawan UGM, kita simak penjelasan salah satu program Kampus Merdeka Merdeka Belajar ini. https://t.co/1eXdC4FF7D","Tue Jun 28 06:18:37 +0000 2022","https://pbs.twimg.com/profile_images/932874895389638656/fDT8AaGJ_normal.jpg","0","0","11","0","0","1","","in","false",,,"false"
"1541318423300698112","https://x.com/itk_official_/status/1541318423300698112","Halo sobat Specta!

Program Magang dan Studi Independen Bersertifikat (MSIB) Kampus merdeka dibuka lagi loh. Yuk segera daftar, syaratnya cukup kamu sebagai mahasiswa aktif minimal semester 5.

Berkas pendaftarannya apa aja?
1. CV
2. Transkrip Nilai https://t.co/NF0SrlszBh","Mon Jun 27 07:12:03 +0000 2022","https://pbs.twimg.com/profile_images/1981157100819558401/hHcranhh_normal.jpg","2","1","8","0","0","2","","in","false",,,"false"
"1540313980748861441","https://x.com/suaramerdeka/status/1540313980748861441","UMS Sosialisasikan Magang dan Studi Independen Bersertifikat https://t.co/Ab53FDMshI","Fri Jun 24 12:40:45 +0000 2022","https://pbs.twimg.com/profile_images/1761743131983450112/xM93w9-O_normal.jpg","0","0","0","0","0","0","","in","false",,,"false"
"1540214278028152832","https://x.com/HIMAKBMKMUnsoed/status/1540214278028152832","[MERDEKA CENTER] 

Hallo KBMKM!👋
Ada kabar gembira nih!✨ 

Kami dari divisi keilmuan hadir untuk membagikan informasi MBKM yang dibuka bulan Juni-Juli 2022. Penasaran kan programnya apa? Yuk check this out 👇 

Program Magang dan Studi Independen Bersertifikat (MSIB) angkatan https://t.co/ZFNTp87x8e","Fri Jun 24 06:04:34 +0000 2022","https://pbs.twimg.com/profile_images/979778473433509893/YwWBVBY1_normal.jpg","0","1","4","0","0","3","","in","false",,,"false"
"1539573533730172929","https://x.com/LPMTEROPONGUMSU/status/1539573533730172929","Dalam Sosialisasi dan Workshop Magang dan Studi Independen  Bersertifikat (MSIB) batch 3 Universitas Muhammadiyah Sumatera Utara (UMSU). Baca selengkapnya di https://t.co/caVY9xXi98 https://t.co/9rtn85gvaq","Wed Jun 22 11:38:28 +0000 2022","https://pbs.twimg.com/profile_images/1861988381888323584/pGo_pKNJ_normal.jpg","0","0","1","0","0","0","","in","false",,,"false"
"1539264774152032257","https://x.com/jawapos/status/1539264774152032257","Magang dan Studi Independen Bersertifikat Batch 3 2022 https://t.co/LVWDKATeYn","Tue Jun 21 15:11:34 +0000 2022","https://pbs.twimg.com/profile_images/2038545118295453696/tZwiLpI7_normal.jpg","1","0","0","0","0","0","","in","false",,,"false"
"1537628624366743553","https://x.com/DiktiVokasi/status/1537628624366743553","Halo #SobatVokasi, ingin perusahaan anda menjadi bagian dari Magang &amp; Studi Independen Bersertifikat (MSIB), salah satu program unggulan Kampus Merdeka? Jika iya, yuk simak informasinya pada tautan ini https://t.co/IpdIP3WnFZ. 
#DiktiVokasi
#MSIB 
#KampusMerdeka","Fri Jun 17 02:50:06 +0000 2022","https://pbs.twimg.com/profile_images/1593470679151972352/FTq8o-_s_normal.jpg","0","0","1","0","0","0","","in","false",,,"false"
"1537454493704818692","https://x.com/io_ums_official/status/1537454493704818692","BKUI akan mengadakan kegiatan ""Sosialisasi Program Magang Studi Independen Bersertifikat""

kegiatan ini akan diselengarakan pada:
Hari, Tanggal: Kamis, 23 Juni 2022 
Waktu: Pukul 13.00 s.d. 16.00 WIB
Lokasi: Luring (Ruang Seminar Gedung Siti Walidah Lantai 7) | Daring (Zoom) https://t.co/uXuvjDi95L","Thu Jun 16 15:18:10 +0000 2022","https://pbs.twimg.com/profile_images/1495595493665443845/LfaRKAmf_normal.jpg","1","1","8","2","0","1","","in","false",,,"false"
"1535536549143924736","https://x.com/HmgpPNJ_/status/1535536549143924736","[ PENDAFTARAN PROGRAM MAGANG DAN STUDI INDEPENDEN BERSERTIFIKAT ANGKATAN 3 ]

❗Untuk mahasiswa sarjana dan vokasi seluruh Indonesia

More info : 
🔗https://t.co/GFrlTcXN0Q
IG : 
kampusmerdeka.ri
magangmerdeka

Narahubung :
📱082129076957 (Putra)
📱081296858842 (Lian)

#InfoTGP https://t.co/zPa1PpQi9Z","Sat Jun 11 08:16:56 +0000 2022","https://pbs.twimg.com/profile_images/1494314408004427781/aSa21q0r_normal.jpg","0","0","1","0","0","4","","in","false",,,"false"
"1532957653785120769","https://x.com/zonamahasiswaid/status/1532957653785120769","Kemendikbudristek kembali membuka program Magang dan Studi Independen Bersertifikat (MSIB) III untuk mahasiswa. Simak jadwal lengkapnya ya.
https://t.co/gA5Dt4L0MP","Sat Jun 04 05:29:20 +0000 2022","https://pbs.twimg.com/profile_images/1387294794146144261/zo4mE-7H_normal.jpg","1","0","2","0","0","0","","in","false",,,"false"
"1532757673141100544","https://x.com/ariecahyoa/status/1532757673141100544","(Deep) Ikut sedih banget rasanya ngeliat curhatan teman2 sesama peserta Magang dan Studi Independen Bersertifikat (MSIB) yang mengeluhkan dan menantikan hak uang saku termin ke-2. Dan yang aku rasain sendiri. Namun aku lebih beruntung karena masih di wilayah sendiri. #MSIB https://t.co/3pLJ1rtnpi","Fri Jun 03 16:14:41 +0000 2022","https://pbs.twimg.com/profile_images/1763151768190615552/FtFcZ3xG_normal.jpg","1","1","5","0","0","1","","in","false",,,"false"
"1532547253759463424","https://x.com/kompascom/status/1532547253759463424","Program Magang dan Studi Independen Bersertifikat (MSIB) angkatan 3 resmi dibuka. Mahasiswa D2, D4 dan S1 bisa mendaftar hingga Juli 2022. https://t.co/N6p84PTyOp","Fri Jun 03 02:18:33 +0000 2022","https://pbs.twimg.com/profile_images/1577144849437888514/d9x3nKN8_normal.jpg","1","0","2","0","0","0","","in","false",,,"false"
"1532286825032601600","https://x.com/seputarkampus/status/1532286825032601600","Kami akan menyelenggarakan webinar tentang magang dan studi independen bersertifikat, yang merupakan salah satu program yang ditawarkan oleh Kampus Merdeka. Webinar ini bertujuan untuk memberikan pengenalan program MSIB kepada mahasiswa, termasuk gambaran umum,","Thu Jun 02 09:03:42 +0000 2022","https://pbs.twimg.com/profile_images/1275034040542752768/XmoD3UiY_normal.jpg","1","1","2","0","0","0","","in","true",,,"false"
"1532286715380912129","https://x.com/seputarkampus/status/1532286715380912129","[KAMPUS MERDEKA MSIB x IMAGAMA PUBLIC LECTURE 2022: Mengenal Lebih Dekat Magang dan Studi Independen Bersertifikat]

Kampus Merdeka, salah satu program kerja Menteri Pendidikan dan Kebudayaan, https://t.co/hE0x6tpklI","Thu Jun 02 09:03:16 +0000 2022","https://pbs.twimg.com/profile_images/1275034040542752768/XmoD3UiY_normal.jpg","1","1","2","1","0","0","","in","false",,,"false"
"1532275102557302786","https://x.com/jawapos/status/1532275102557302786","Begini Cara Daftar Program Magang dan Studi Independen Bersertifikat https://t.co/0iUNKLWb6z","Thu Jun 02 08:17:07 +0000 2022","https://pbs.twimg.com/profile_images/2038545118295453696/tZwiLpI7_normal.jpg","0","0","0","0","0","0","","in","false",,,"false"
"1525787598966632448","https://x.com/ahmrudii/status/1525787598966632448","Bentar lagi MSIB (Magang dan Studi Independen Bersertifikat) angkatan ketiga dibuka nih. Tahun kemarin sih mulai Juni udah dibuka pendaftarannya. Buat temen-temen yang mau daftar, disini aku sharing pengalamanku, apa aja yang harus disiapin sebelum daftar MSIB    
- a thread https://t.co/imhRT99xgZ","Sun May 15 10:38:06 +0000 2022","https://pbs.twimg.com/profile_images/1969190135951736832/77AcCxRT_normal.jpg","14","1","40","4","0","68","","in","false",,,"false"
"1519957638674808833","https://x.com/ZenProID/status/1519957638674808833","Siapa di sini yang jadi peserta Program Zenius Studi Independen Bersertifikat? ☝️

Gak kerasa ya kita udah belajar bareng selama kurang lebih 8 minggu terakhir.

Apa aja yang udah dipelajari? Yuk, kita review di sini! ⤵️","Fri Apr 29 08:31:55 +0000 2022","https://pbs.twimg.com/profile_images/1493066668947685377/isyxM_py_normal.jpg","0","1","1","1","0","1","","in","false",,,"false"
"1517443971890708480","https://x.com/ZenProID/status/1517443971890708480","Apa itu ""Evolution of Human Behaviour""? 🤷‍♂️🤷‍♀️

Daripada penasaran, yuk kita bahas! ✨

[ Program Zenius Studi Independen Bersertifikat minggu ke-8 ] https://t.co/MbZueKyO1i","Fri Apr 22 10:03:30 +0000 2022","https://pbs.twimg.com/profile_images/1493066668947685377/isyxM_py_normal.jpg","0","1","2","0","0","0","","in","false",,,"false"
"1516361826539241479","https://x.com/iamevyy_/status/1516361826539241479","[Week 8 Studi Independen di Zenius]

Yeayy udah minggu ke-8 aku ikut Program Zenius Studi Independen Bersertifikat. Aku sharing lagi yaa..
@ZenProID @zeniuseducation

[A Thread]","Tue Apr 19 10:23:26 +0000 2022","https://pbs.twimg.com/profile_images/1496809752814231557/ahTygpCa_normal.jpg","0","1","5","0","0","0","","in","false",,,"false"
"1515963742520971265","https://x.com/hasnarzn/status/1515963742520971265","[Zenius Studi Independen Bersertifikat x Kampus Merdeka] - Week 8
""Evolutionary Human Behavior""

@ZenProID @zeniuseducation

A Thread","Mon Apr 18 08:01:36 +0000 2022","https://pbs.twimg.com/profile_images/1732231876323217408/HP_zaTy9_normal.jpg","0","1","4","1","0","1","","in","false",,,"false"
"1514946946632409092","https://x.com/ZenProID/status/1514946946632409092","Penasaran gak sih sama awal mula politik, pemerintahan, dan sistem ekonomi?

Oiya, topik ini juga dibahas dalam Program Zenius Studi Independen Bersertifikat minggu ke-7.

Yuk, kita review di sini! 👇","Fri Apr 15 12:41:13 +0000 2022","https://pbs.twimg.com/profile_images/1493066668947685377/isyxM_py_normal.jpg","0","1","2","0","0","0","","in","false",,,"false"
"1514584132571246594","https://x.com/PDI_Perjuangan/status/1514584132571246594","Sebanyak 64 mahasiswa program Magang Studi Independen Bersertifikat (MSIB) diterjunkan langsung dalam pengembangan program “Smart Kampung” di desa-desa Banyuwangi. https://t.co/CVfBItrkJJ","Thu Apr 14 12:39:31 +0000 2022","https://pbs.twimg.com/profile_images/1724492479410692096/doyVcD5z_normal.jpg","0","1","5","0","0","0","","in","false",,,"false"
"1513822476089761792","https://x.com/iamevyy_/status/1513822476089761792","[Week 7 Studi Independen di Zenius]

Yuhuu.. Masuk minggu ke-7 nihh.. aku sharing lagi yaa apa yang dipelajari di Program Zenius Studi Independen Bersertifikat
@ZenProID @zeniuseducation

[A Thread]","Tue Apr 12 10:12:58 +0000 2022","https://pbs.twimg.com/profile_images/1496809752814231557/ahTygpCa_normal.jpg","0","1","3","0","0","0","","in","false",,,"false"
"1512403341690941445","https://x.com/mediaindonesia/status/1512403341690941445","KEMENTERIAN Pendidikan, Kebudayaan, Riset dan Teknologi (Kemendikbudristek) menggandeng Huawei menghadirkan program Magang Studi Independen Bersertifikat (MSIB) untuk para mahasiswa Indonesia melalui kebijakan Kampus Merdeka.   https://t.co/Rdmvd7sZuZ","Fri Apr 08 12:13:50 +0000 2022","https://pbs.twimg.com/profile_images/2013862868442054656/PHgXw1vG_normal.jpg","0","0","0","0","0","0","","in","false",,,"false"
"1511292513197330434","https://x.com/iamevyy_/status/1511292513197330434","[Week 6 Studi Independen di Zenius]

Hallo gess balik lagi nihh.. Aku sharing lagi yaa minggu ke-6 ikut Program Zenius Studi Independen Bersertifikat.
@ZenProID @zeniuseducation

[A Thread]","Tue Apr 05 10:39:48 +0000 2022","https://pbs.twimg.com/profile_images/1496809752814231557/ahTygpCa_normal.jpg","0","1","5","0","0","1","","in","false",,,"false"
"1510588156915359749","https://x.com/ZenProID/status/1510588156915359749","Tipe-tipe peserta Program Zenius Studi Independen Bersertifikat~ 🥳🤩

Kalau kamu yang mana, nih? 🤔 https://t.co/ujrBBBdj1x","Sun Apr 03 12:00:56 +0000 2022","https://pbs.twimg.com/profile_images/1493066668947685377/isyxM_py_normal.jpg","0","0","4","0","0","0","","in","false",,,"false"
"1510559353392484354","https://x.com/radenmas103052/status/1510559353392484354","[PROGRAM ZENIUS STUDI INDEPENDEN BERSERTIFIKAT]

What I Learned this week ? #6  

@zeniuseducation @ZenProID https://t.co/pVmsHexzXK","Sun Apr 03 10:06:29 +0000 2022","https://pbs.twimg.com/profile_images/1801180959146201088/5snWNYuQ_normal.jpg","0","1","2","0","0","2","","en","false",,,"false"
"1510533950330249226","https://x.com/hasnarzn/status/1510533950330249226","[Zenius Studi Independen Bersertifikat x Kampus Merdeka] - Week 6
""Asal Usul Kehidupan""

@ZenProID @zeniuseducation

A Thread","Sun Apr 03 08:25:32 +0000 2022","https://pbs.twimg.com/profile_images/1732231876323217408/HP_zaTy9_normal.jpg","0","1","4","1","0","0","","in","false",,,"false"
"1509197496337453056","https://x.com/RadioElshinta/status/1509197496337453056","Sekretariat Jenderal DPR RI melakukan sosialisasi Program Magang dan Studi Independen Bersertifikat (MSIB) yaitu ""Magang di Rumah Rakyat DPR RI Tahun 2022"" di Universitas Udayana, Bali, Selasa, 29 Maret 2022. 
via @DPR_RI 
https://t.co/Rj22QnidP4","Wed Mar 30 15:54:57 +0000 2022","https://pbs.twimg.com/profile_images/2060183237675417600/83THsfLR_normal.jpg","0","0","0","0","0","0","","in","false",,,"false"
"1509144385891737603","https://x.com/DPR_RI/status/1509144385891737603","Sekretariat Jenderal DPR RI melakukan sosialisasi Program Magang dan Studi Independen Bersertifikat (MSIB) yaitu ""Magang di Rumah Rakyat DPR RI Tahun 2022"" di Universitas Udayana, Bali, Selasa, 29 Maret 2022. 

#SetjenDPR #MagangDiRumahRakyat https://t.co/dRXenDf28E","Wed Mar 30 12:23:54 +0000 2022","https://pbs.twimg.com/profile_images/697316208685613060/pYMcugjT_normal.jpg","0","3","9","0","0","0","","in","false",,,"false"
"1508997400417140747","https://x.com/DPR_RI/status/1508997400417140747","Pusdiklat Sekretariat Jenderal DPR RI melakukan sosialisasi Program Magang dan Studi Independen Bersertifikat (MSIB) yaitu ""Magang di Rumah Rakyat DPR RI Tahun 2022"" di Universitas Mataram, Nusa Tenggara Barat (NTB), Selasa, 29 Maret 2022.  #SetjenDPR #MagangDiRumahRakyat https://t.co/5MS4hlrSso","Wed Mar 30 02:39:50 +0000 2022","https://pbs.twimg.com/profile_images/697316208685613060/pYMcugjT_normal.jpg","0","0","4","0","0","0","","in","false",,,"false"
"1508727154946629635","https://x.com/iamevyy_/status/1508727154946629635","[Week 5 Studi Independen di Zenius]

Hai hai hai.... Ga kerasa udah 5 minggu nih ikut Program Zenius Studi Independen Bersertifikat. Aku mau sharing lagi ahh.. 
@ZenProID @zeniuseducation

[A Thread]","Tue Mar 29 08:45:59 +0000 2022","https://pbs.twimg.com/profile_images/1496809752814231557/ahTygpCa_normal.jpg","0","1","3","0","0","0","","in","false",,,"false"
"1507760774475022341","https://x.com/hasnarzn/status/1507760774475022341","[Zenius Studi Independen Bersertifikat x Kampus Merdeka] - Week 5
""Sains dan Asal Usul Alam Semesta""

@ZenProID @zeniuseducation

A Thread","Sat Mar 26 16:45:56 +0000 2022","https://pbs.twimg.com/profile_images/1732231876323217408/HP_zaTy9_normal.jpg","0","1","8","1","0","0","","in","false",,,"false"
"1507551172269588481","https://x.com/mubqodri/status/1507551172269588481","[Program Zenius Studi Independen Bersertifikat x Kampus Merdeka]

📌 Fundamental Weekly Assignment - Week 5

Hi gengs! Masih disini buat berbagi cerita minggu ke-5 di PZSIB dari @zeniuseducation @ZenProID yang bekerjasama dengan @KampusMerdekaRI.

A Thread👇","Sat Mar 26 02:53:03 +0000 2022","https://pbs.twimg.com/profile_images/1425327314804477952/MKqGE6Gt_normal.jpg","0","1","1","0","0","0","","in","false",,,"false"
"1506217869691949060","https://x.com/iamevyy_/status/1506217869691949060","[Week 4 Studi Independen di Zenius]

Hai gaes, balik lagi nih.. Minggu ke-4, aku sharing lagi ya yang di pelajarin di Program Zenius Studi Independen Bersertifikat
@ZenProID @zeniuseducation

[A Thread]","Tue Mar 22 10:34:58 +0000 2022","https://pbs.twimg.com/profile_images/1496809752814231557/ahTygpCa_normal.jpg","0","1","8","0","0","0","","in","false",,,"false"
"1504759256951656452","https://x.com/hasnarzn/status/1504759256951656452","[Zenius Studi Independen Bersertifikat x Kampus Merdeka] - Week 4
""Filsafat Dasar""

@ZenProID @zeniuseducation

A Thread","Fri Mar 18 09:58:58 +0000 2022","https://pbs.twimg.com/profile_images/1732231876323217408/HP_zaTy9_normal.jpg","0","1","5","1","0","0","","in","false",,,"false"
"1504515688584855552","https://x.com/ramadioakbar/status/1504515688584855552","[ Zenius Studi Independen Bersertifikat X Kampus Merdeka ]

Minggu keempat 
-Filsafat Dasar-

@zeniuseducation @zeniuseducation 
~ A Thread ~","Thu Mar 17 17:51:07 +0000 2022","https://pbs.twimg.com/profile_images/1496429884474036224/BXDi_DGk_normal.jpg","0","1","7","0","0","0","","in","false",,,"false"
"1503679070143660033","https://x.com/shofukan_/status/1503679070143660033","Hi guys! Kembali aku akan ngeshare apa aja yang aku pelajari dalam minggu ini di Program Zenius Studi Independen Bersertifikat!
@ZenProID @zeniuseducation 

[A THREAD]","Tue Mar 15 10:26:41 +0000 2022","https://pbs.twimg.com/profile_images/1999518020063076352/GpCW2kkG_normal.jpg","0","1","2","0","0","0","","in","false",,,"false"
"1503675501788872706","https://x.com/iamevyy_/status/1503675501788872706","[Week 3 Studi Independen di Zenius]

Halo gaes.. Masuk minggu ke-3 nichh.. Sharing lagi yuk yang dipelajarin di Program Zenius Studi Independen Bersertifikat
@ZenProID @zeniuseducation

[A Thread]","Tue Mar 15 10:12:31 +0000 2022","https://pbs.twimg.com/profile_images/1496809752814231557/ahTygpCa_normal.jpg","0","1","4","0","0","0","","in","false",,,"false"
"1503672916092674051","https://x.com/ramadioakbar/status/1503672916092674051","[ Zenius Studi Independen Bersertifikat X Kampus Merdeka ] 

Minggu ketiga
•Pemahaman Bacaan &amp; Pemetaan Domain Informasi
•Memahami , Menilai &amp; Membangun Argumentasi 

@zeniuseducation @ZenProID 

~ A Thread ~","Tue Mar 15 10:02:14 +0000 2022","https://pbs.twimg.com/profile_images/1496429884474036224/BXDi_DGk_normal.jpg","0","1","3","0","0","1","","in","false",,,"false"
"1503578715875274754","https://x.com/purplepoetries/status/1503578715875274754","Hai, aku mau share materi minggu ke-3 dari Program Zenius Studi Independen Bersertifikat. Aku merasa materi-materi ini ningkatin kemampuan dasar dalam berpikir &amp; beneficial di kehidupan sehari-hari. So, silakan disimak yaa!
–
@ZenProID @zeniuseducation","Tue Mar 15 03:47:55 +0000 2022","https://pbs.twimg.com/profile_images/1940732755840544768/iKMD8j9j_normal.jpg","0","1","2","0","0","0","","in","false",,,"false"
"1503053876031029250","https://x.com/hasnarzn/status/1503053876031029250","[Zenius Studi Independen Bersertifikat x Kampus Merdeka] - Week 3
""Memahami bacaan, data kuantitatif, analogi dan pemetaan domain informasi""

@ZenProID @zeniuseducation

A Thread","Sun Mar 13 17:02:24 +0000 2022","https://pbs.twimg.com/profile_images/1732231876323217408/HP_zaTy9_normal.jpg","0","1","8","1","0","0","","in","false",,,"false"
"1501124046871674883","https://x.com/iamevyy_/status/1501124046871674883","[Week 2 Studi Independen di Zenius]

Halo gaes.. Aku mau sharing lagi nih apa aja yang aku pelajarin di Program Zenius Studi Independen Bersertifikat
@ZenProID @zeniuseducation

[A Thread]","Tue Mar 08 09:13:56 +0000 2022","https://pbs.twimg.com/profile_images/1496809752814231557/ahTygpCa_normal.jpg","0","1","6","0","0","0","","in","false",,,"false"
"1501052061424979970","https://x.com/ramadioakbar/status/1501052061424979970","[ Zenius Studi Independen Bersertifikat X Kampus Merdeka ] 

Minggu kedua - Kemampuan Berpikir Matematis &amp; Pemahaman Data Kuantitatif dan Analogi 
@zeniuseducation @ZenProID 

~ A Thread ~","Tue Mar 08 04:27:54 +0000 2022","https://pbs.twimg.com/profile_images/1496429884474036224/BXDi_DGk_normal.jpg","0","1","6","0","0","0","","in","false",,,"false"
"1500696861736202243","https://x.com/ZenProID/status/1500696861736202243","Program Zenius Studi Independen Bersertifikat semakin seru dengan bimbingan dari para pengajar ahli! 

Penasaran siapa aja yang akan bantu kamu untuk bisa lebih Cerdas, Cerah dan Asik selama program? 
Cari tahu di sini!","Mon Mar 07 04:56:28 +0000 2022","https://pbs.twimg.com/profile_images/1493066668947685377/isyxM_py_normal.jpg","2","1","6","0","0","0","","in","false",,,"false"
"1500315833309929474","https://x.com/LPMTEROPONGUMSU/status/1500315833309929474","Fakultas Ekonomi dan Bisnis (FEB) Universitas Muhammadiyah Sumatera Utara (UMSU) menjadi penyumbang peserta terbanyak di Magang dan Studi Independen Bersertifikat (MSIB) pada Batch 2. Sabtu, (05/03/2022). https://t.co/d9TfezZXTb https://t.co/rLhUvtGc93","Sun Mar 06 03:42:23 +0000 2022","https://pbs.twimg.com/profile_images/1861988381888323584/pGo_pKNJ_normal.jpg","0","0","3","0","0","0","","in","false",,,"false"
"1500138139230212098","https://x.com/hasnarzn/status/1500138139230212098","[Zenius Studi Independen Bersertifikat x Kampus Merdeka] - Week 2
@ZenProID @zeniuseducation

A Thread","Sat Mar 05 15:56:18 +0000 2022","https://pbs.twimg.com/profile_images/1732231876323217408/HP_zaTy9_normal.jpg","0","1","11","1","0","0","","in","false",,,"false"
"1499988469984088067","https://x.com/republikaonline/status/1499988469984088067","Sebanyak 88 mahasiswa UBSI siap jalani magang maupun studi independen bersertifikat https://t.co/tn3LIZueAZ","Sat Mar 05 06:01:34 +0000 2022","https://pbs.twimg.com/profile_images/1922868522826465280/mzuJnDJD_normal.jpg","0","0","2","0","0","0","","in","false",,,"false"
"1498933699148009472","https://x.com/ZenProID/status/1498933699148009472","Peserta Program Zenius Studi Independen Bersertifikat, mana suaranyaaa? 🖐","Wed Mar 02 08:10:17 +0000 2022","https://pbs.twimg.com/profile_images/1493066668947685377/isyxM_py_normal.jpg","1","1","2","0","0","0","","in","false",,,"false"
"1498740212272594945","https://x.com/hasnarzn/status/1498740212272594945","[Zenius Studi Independen Bersertifikat x Kampus Merdeka] 

A Thread https://t.co/ji8xWRYIVE","Tue Mar 01 19:21:26 +0000 2022","https://pbs.twimg.com/profile_images/1732231876323217408/HP_zaTy9_normal.jpg","0","1","1","0","0","1","","in","false",,,"false"
"1498563624754827267","https://x.com/iamevyy_/status/1498563624754827267","[Week 1 Studi Independen di Zenius]

Hi guys, aku Evylia Yanuar. Aku mau sharing nih tentang apa aja yang udah aku pelajari di Program Zenius Studi Independen Bersertifikat
@zeniuseducation @ZenProID

[a thread]","Tue Mar 01 07:39:44 +0000 2022","https://pbs.twimg.com/profile_images/1496809752814231557/ahTygpCa_normal.jpg","0","1","5","0","0","0","","in","false",,,"false"
"1498191336909901826","https://x.com/ZenProID/status/1498191336909901826","Halo, ZenPro mau menyapa lagi buat para peserta Program Zenius Studi Independen Bersertifikat nih!
Sudah tahu belum kerangka dasar kurikulum yang akan kamu dapatkan selama program berlangsung? Yuk cek selengkapnya di sini! https://t.co/Tdkg1UaHki","Mon Feb 28 07:00:24 +0000 2022","https://pbs.twimg.com/profile_images/1493066668947685377/isyxM_py_normal.jpg","5","1","17","0","0","4","","in","false",,,"false"
"1498136253795282945","https://x.com/radenmas103052/status/1498136253795282945","[PROGRAM ZENIUS STUDI INDEPENDEN BERSERTIFIKAT]

What I Learned this week ? #1  

@zeniuseducation @ZenProID https://t.co/RAVlrzkKwC","Mon Feb 28 03:21:31 +0000 2022","https://pbs.twimg.com/profile_images/1801180959146201088/5snWNYuQ_normal.jpg","0","1","1","0","0","0","","en","false",,,"false"
"1498100169174224902","https://x.com/titisaja/status/1498100169174224902","Nah itu tadi beberapa cakupan materi yang dipelajari minggu ini di Program Zenius Studi Independen Bersertifikat!!🤩

Thank u and see u!✨","Mon Feb 28 00:58:08 +0000 2022","https://pbs.twimg.com/profile_images/1727732613018976256/JTnTcLxP_normal.jpg","0","0","1","0","0","1","","in","true",,,"false"
"1498096691081191427","https://x.com/titisaja/status/1498096691081191427","-Zenius Studi Independen Bersertifikat bersama Kampus Merdeka-
[WEEK 1]

@ZenProID @zeniuseducation https://t.co/eQSmDOt2FS","Mon Feb 28 00:44:19 +0000 2022","https://pbs.twimg.com/profile_images/1727732613018976256/JTnTcLxP_normal.jpg","1","1","8","0","0","1","","in","false",,,"false"
"1497960376088297472","https://x.com/annfjyana/status/1497960376088297472","Haii kenalin aku Annisa Fujiyana salah satu peserta di Program Zenius Studi Independen Bersertifikat, Zenius Educator : Leveraging for Tutoring🙌🏻 @ZenProID @zeniuseducation","Sun Feb 27 15:42:39 +0000 2022","https://pbs.twimg.com/profile_images/1531822876823023616/bVe8hvkb_normal.jpg","0","1","0","0","0","0","","in","false",,,"false"
"1497882219607511040","https://x.com/Panggih011/status/1497882219607511040","Day-1 21 Februari 2022 (Weekly Assigment #1) 

Halo perkenalkan saya dengan Panggih Budi Lastanto dari Universitas Muhammadiyah Purwokerto, saya saat ini sedang mengikuti Program Zenius Studi Independen Bersertifikat (PZSIB) Batch 2 @zeniuseducation @ZenProID","Sun Feb 27 10:32:05 +0000 2022","https://pbs.twimg.com/profile_images/1165528737875550208/ntgq4Lhl_normal.jpg","2","1","6","0","0","0","","in","false",,,"false"
"1497834506317082625","https://x.com/ramadioakbar/status/1497834506317082625","Hari Pertama : 
Onboarding Program Zenius Studi Independen Bersertifikat .
• Pengenalan tentang Zenius dan ZenPro 
• Pengenalan Kampus Merdeka 
• Penjelasan Program dan Kegiatan PZSIB 
• Sambutan 
• Sesi Terakhir adalah Sharing Session 

Gimana masih penasaran ?","Sun Feb 27 07:22:29 +0000 2022","https://pbs.twimg.com/profile_images/1496429884474036224/BXDi_DGk_normal.jpg","0","1","0","0","0","0","","in","true",,,"false"
"1497834495772598275","https://x.com/ramadioakbar/status/1497834495772598275","[ Zenius Studi Independen Bersertifikat X Kampus Merdeka ]

Minggu Pertama - Keterampilan Berpikir Fundamental 
@zeniuseducation @ZenProID !!!

~ A Thread ~","Sun Feb 27 07:22:26 +0000 2022","https://pbs.twimg.com/profile_images/1496429884474036224/BXDi_DGk_normal.jpg","0","1","5","0","0","0","","in","false",,,"false"
"1497730943230308354","https://x.com/mubqodri/status/1497730943230308354","[Program Zenius Studi Independen Bersertifikat x Kampus Merdeka]

📌 Fundamental Weekly Assignment - Week 1

Hi gengs! Kenalin gue Iqbal dan saat ini sedang berkesempatan mengikuti PZSIB dari @zeniuseducation @ZenProID yang bekerjasama dengan @KampusMerdekaRI.

A Thread👇","Sun Feb 27 00:30:58 +0000 2022","https://pbs.twimg.com/profile_images/1425327314804477952/MKqGE6Gt_normal.jpg","0","1","3","0","0","0","","in","false",,,"false"
"1497567059563397122","https://x.com/hasnarzn/status/1497567059563397122","[Zenius Studi Independen Bersertifikat x Kampus Merdeka] - Week 1
@ZenProID @zeniuseducation 

A Thread","Sat Feb 26 13:39:45 +0000 2022","https://pbs.twimg.com/profile_images/1732231876323217408/HP_zaTy9_normal.jpg","0","1","9","1","0","0","","in","false",,,"false"
"1497254193811566592","https://x.com/CereSan_/status/1497254193811566592","21 Februari lalu, adalah hari pertamaku mengikuti program Zenius Studi Independen Bersertifikat bersama @zeniuseducation dan @ZenProID. Zenius menyediakan Canvas sebagai Learning Management System(LMS), tempat untuk belajar secara mandiri dan latihan.","Fri Feb 25 16:56:32 +0000 2022","https://pbs.twimg.com/profile_images/1496675669979570182/Efm9QLBo_normal.jpg","1","1","4","0","0","0","","in","false",,,"false"
"1496492718675009539","https://x.com/halalindonesia_/status/1496492718675009539","BPJPH Kemenag menerima 86 mahasiswa dalam Program Mahasiswa Magang &amp; Studi Independen Bersertifikat (MSIB) Kampus Merdeka Kementerian Pendidikan Riset dan Teknologi. 86 mahasiswa tersebut tersaring dari proses seleksi dari 11.073 pendaftar. https://t.co/pTLKHXel57","Wed Feb 23 14:30:42 +0000 2022","https://pbs.twimg.com/profile_images/1595991666955280384/CQhWLeLB_normal.jpg","0","1","1","0","0","1","","in","false",,,"false"
"1496379304485310470","https://x.com/MicrosoftID/status/1496379304485310470","Guna menyiapkan mahasiswa mengisi profesi di bidang teknologi masa depan, Program Studi Independen Bersertifikat Microsoft angkatan kedua resmi dimulai!✨

Terima kasih dan selamat belajar kepada 1.388 peserta! 

Selengkapnya: https://t.co/dA3yoGNLAY https://t.co/J1rOKjzrwA","Wed Feb 23 07:00:02 +0000 2022","https://pbs.twimg.com/profile_images/1909507991927435264/L0mnZrTh_normal.png","1","0","4","0","0","2","","in","false",,,"false"
"1496298800130199554","https://x.com/teknokrat_id/status/1496298800130199554","Halo Generasi Emas Indonesia

Mahasiswa Universitas Teknokrat Indonesia kembali berprestasi di tingkat nasional.

Rexy Fahrezi Mahasiswa S1 Informatika lolos terpilih program Magang dan Studi Independen Bersertifikat (MSIB) dan Jalani  studi independent program Kemendikbudristek. https://t.co/XKuHoLA9fX","Wed Feb 23 01:40:08 +0000 2022","https://pbs.twimg.com/profile_images/1350058063038824449/NOmYYHBx_normal.jpg","0","1","3","0","0","0","","in","false",,,"false"
"1495682457127251968","https://x.com/isbibandung/status/1495682457127251968","Magang dan Studi Independen Bersertifikat (MSIB) dan Kampus Mengajar https://t.co/dbfw8rXKiZ","Mon Feb 21 08:51:00 +0000 2022","https://pbs.twimg.com/profile_images/958560300688707584/e67MOzUE_normal.jpg","0","0","3","0","0","0","","in","false",,,"false"
"1495634969095716868","https://x.com/ZenProID/status/1495634969095716868","🥳🙏 Selamat datang buat kamu para peserta Program Zenius Studi Independen Bersertifikat gelombang kedua! 🥳🙏

Bakal ada keseruan apa aja sih selama program berlangsung? Lanjut simak thread ini yuk 😉 https://t.co/SLSae0872M","Mon Feb 21 05:42:18 +0000 2022","https://pbs.twimg.com/profile_images/1493066668947685377/isyxM_py_normal.jpg","25","1","30","1","0","0","","in","false",,,"false"
"1494929745947017216","https://x.com/muhammadiyah/status/1494929745947017216","Sebanyak 11 mahasiswa Institut Teknologi dan Bisnis Ahmad Dahlan (ITB-AD) lolos dalam Program Magang dan Studi Independen Bersertifikat (MSIB) Kampus Merdeka tahun 2022 Kemendikbud Ristek.
@itb_ahmaddahlan 

https://t.co/0smBdRdo0j

#Pendidikan #Muhammadiyah #Islam","Sat Feb 19 07:00:00 +0000 2022","https://pbs.twimg.com/profile_images/2013485179625525248/wiFn92aq_normal.jpg","2","0","14","0","0","1","","in","false",,,"false"
"1493501497623322625","https://x.com/teknokrat_id/status/1493501497623322625","Halo Generasi Emas Indonesia ...
Prestasi luar biasa kembali ditorehkan oleh Mahasiswa Universitas Teknokrat Indonesia, sebanyak 34 Mahasiswa Lolos Program Magang dan Studi Independen Bersertifikat (MSIB) yang diselenggarakan oleh Kementerian Pendidikan, Kebudayaan, Riset, https://t.co/w1lPZyQCQQ","Tue Feb 15 08:24:39 +0000 2022","https://pbs.twimg.com/profile_images/1350058063038824449/NOmYYHBx_normal.jpg","2","1","4","0","0","0","","in","false",,,"false"
"1492068546523787266","https://x.com/kebumenupdate/status/1492068546523787266","9 Mahasiswa UPB Lolos Program Studi Independen Bersertifikat Tahun 2022 https://t.co/Jzo0LBacg5 @upb_universitas","Fri Feb 11 09:30:37 +0000 2022","https://pbs.twimg.com/profile_images/1938013946734346240/_u3nBEK3_normal.jpg","0","0","2","0","0","0","","in","false",,,"false"
"1489961130055196679","https://x.com/polinema_campus/status/1489961130055196679","Bagi Mahasiswa Polinema yang akan mengikuti Program Magang dan Studi Independen Bersertifikat (MSIB) Kampus Merdeka TA 2021/2022, berikut kami lampirkan tautan formulir pengajuan surat rekomendasi Program MSIB Kampus Merdeka :
https://t.co/UNeiwQerP2

#polinema
#polinemajoss","Sat Feb 05 13:56:30 +0000 2022","https://pbs.twimg.com/profile_images/1628751671420669952/WbdE8w2x_normal.jpg","1","0","4","0","0","1","","in","false",,,"false"
"1489488100694757377","https://x.com/adkestwit_ugm/status/1489488100694757377","1. Pertukaran Mahasiswa Dalam Negeri
2. Pemberdayaan Masyarakat
3. Magang dan Studi Independen Bersertifikat (MSIB)
4. Indonesia International Student Mobility Awards (IISMA)
5. MBKM Bidang Penelitian
6. Kampus Mengajar","Fri Feb 04 06:36:51 +0000 2022","https://pbs.twimg.com/profile_images/1775468505367982080/qxOjVEqF_normal.jpg","0","1","2","0","0","0","","in","true",,,"false"
"1488073400069529601","https://x.com/Kemenag_RI/status/1488073400069529601","Ada 11.073 mahasiswa yang mendaftar Program Magang dan Studi Independen Bersertifikat Kampus Merdeka yg dibuka BPJPH Kemenag RI. Sementara kuotanya hanya 145 untuk 29 bidang keahlian. Ada diantara #SahabatReligi yg ikut mendaftar?
#jaminanprodukhalal

https://t.co/11Nkbyj7EN","Mon Jan 31 08:55:20 +0000 2022","https://pbs.twimg.com/profile_images/1973173565953548292/ltFyAxcY_normal.jpg","2","0","10","0","0","0","","in","false",,,"false"
"1488062325143715842","https://x.com/halalindonesia_/status/1488062325143715842","BPJPH mengandeng Kemendikbud-Ristek membuka Program Magang dan Studi Independen Bersertifikat Kampus Merdeka. Dalam sehari dibukanya pendaftaran, tercatat 11.073 mahasiswa mendaftar utk kuota magang sebanyak 145 untuk 29 bidang keahlian.

https://t.co/4jcoG5j61r","Mon Jan 31 08:11:19 +0000 2022","https://pbs.twimg.com/profile_images/1595991666955280384/CQhWLeLB_normal.jpg","0","1","2","1","0","0","","in","false",,,"false"
"1484453981011070991","https://x.com/ZenProID/status/1484453981011070991","Di Program Zenius Studi Independen Bersertifikat ""Full Stack Development, CI/CD, and Cloud Engineering"", kamu bisa belajar bareng mentor ahli di bidangnya untuk jadi Full Stack Developer!🥳

Cari tau yuk👇👇 https://t.co/PlgIJ3oupy","Fri Jan 21 09:13:03 +0000 2022","https://pbs.twimg.com/profile_images/1493066668947685377/isyxM_py_normal.jpg","0","0","4","0","0","0","","in","false",,"true","false"
"1484035998741069824","https://x.com/ZenProID/status/1484035998741069824","Pengin nggak sih #JadiPro di bidang yang kamu mau?🤔

Share yuk, harapan kamu untuk #JadiPro di Program Zenius Studi Independen Bersertifikat bareng ZenPro!

Dapatkan merchandise eksklusif bagi kamu yang beruntung🥳

Hanya sampai BESOK tanggal 21 Januari, lho

[A THREAD]","Thu Jan 20 05:32:08 +0000 2022","https://pbs.twimg.com/profile_images/1493066668947685377/isyxM_py_normal.jpg","15","2","8","6","0","1","","in","false",,,"false"
"1483715268492754944","https://x.com/kompascom/status/1483715268492754944","Program Magang dan Studi Independen Bersertifikat (MSIB) Batch 2 hingga 21 Januari 2022 https://t.co/osU3IyGSSU","Wed Jan 19 08:17:40 +0000 2022","https://pbs.twimg.com/profile_images/1577144849437888514/d9x3nKN8_normal.jpg","0","0","2","0","0","0","","in","false",,,"false"
"1483687065321902081","https://x.com/its_campus/status/1483687065321902081","#ITSUpdate

Studi Independen Bersertifikat, Kampus Merdeka Angkatan kedua telah dibuka!
Buat kamu yang tertarik dalam dunia wirausaha hingga ekspor keluar negeri, kami mengajak kamu untuk hadir dalam acara sosialisasi SIB SEKOLAH EKSPOR Batch 2. https://t.co/k2dUY5js8L","Wed Jan 19 06:25:36 +0000 2022","https://pbs.twimg.com/profile_images/1371369262795825154/s8oWnJYU_normal.jpg","0","1","6","0","0","0","","in","false",,,"false"
"1483367885137641478","https://x.com/unpad/status/1483367885137641478","#AgendaUnpad

Pendaftaran Magang dan Studi Independen Bersertifikat diperpanjang hingga 21 Januari 2022

Magang Bersertifikat:
https://t.co/QZBFjvcrrU

Studi Independen Bersertifikat
https://t.co/Jl0LGMdNXz

#MerdekaBelajar
#KampusMerdeka
#Unpad
#UniversitasPadjadjaran https://t.co/Zhjazq519o","Tue Jan 18 09:17:18 +0000 2022","https://pbs.twimg.com/profile_images/1828618254505668608/Ck0Drcnz_normal.png","0","0","1","0","0","1","","in","false",,,"false"
"1482300088328531970","https://x.com/ZenProID/status/1482300088328531970","Menarik banget kan untuk ikutan Program Zenius Studi Independen Bersertifikat?🤯

Yuk langsung daftar di link ini!👉🏻https://t.co/MD3wvgEYVx

#zenpro #zenproid #studiindependen #magangmerdeka","Sat Jan 15 10:34:15 +0000 2022","https://pbs.twimg.com/profile_images/1493066668947685377/isyxM_py_normal.jpg","0","0","2","0","0","0","","in","true",,,"false"
"1481899754502385665","https://x.com/ZenProID/status/1481899754502385665","Untuk mahasiswa tingkat akhir pasti kalian pengen banget kan punya pengalaman sebelum masuk ke dunia kerja?🤔
ZenPro ada Program Zenius Studi Independen Bersertifikat untuk kamu!🥳 https://t.co/zBOeO8EhAC","Fri Jan 14 08:03:28 +0000 2022","https://pbs.twimg.com/profile_images/1493066668947685377/isyxM_py_normal.jpg","0","1","2","0","0","0","","in","true",,,"false"
"1481620662716612613","https://x.com/skillacademy_id/status/1481620662716612613","post 2

Penasaran dengan program belajar kolaborasi Ruangguru X Kampus Merdeka?

Ruangguru menghadirkan program Studi Independen Bersertifikat, pembelajaran mandiri berbasis proyek bagi kamu para digital tech enthusiast! https://t.co/CjDowl5yQD","Thu Jan 13 13:34:27 +0000 2022","https://pbs.twimg.com/profile_images/1175362777055031297/PrCh84Nr_normal.jpg","3","1","3","0","0","4","","in","false",,,"false"
"1481546327817605122","https://x.com/readysetcodeid/status/1481546327817605122","Manfaat yang didapat dari Program Magang &amp; Studi Independen Bersertifikat dari Kampus Merdeka x Progate banyak sekali lho! Bisa dilihat dari #TestimoniMentee berikut ini!
Sampai ketemu di Program berikutnya!

#kampusmerdeka #bootcamp #belajarcoding #ambillangkahmu #bersamaprogate https://t.co/nfKZDDaa8l","Thu Jan 13 08:39:05 +0000 2022","https://pbs.twimg.com/profile_images/1834498642130206722/4cn6RZE-_normal.jpg","0","0","5","0","0","2","","in","false",,,"false"
"1481541536839991298","https://x.com/kompascom/status/1481541536839991298","Program Magang dan Studi Independen Bersertifikat tidak hanya dilakukan di industri tetapi juga di lembaga-lembaga, ataupun kementerian-kementerian. https://t.co/RlWpxsS56J","Thu Jan 13 08:20:02 +0000 2022","https://pbs.twimg.com/profile_images/1577144849437888514/d9x3nKN8_normal.jpg","0","0","1","0","0","0","","in","false",,,"false"
"1481125544003784704","https://x.com/UB_Official/status/1481125544003784704","Selain MBKM Semeru, ada juga program Magang dan Studi Independen Bersertifikat yang bisa #TemanUB ikuti!

Program ini merupakan salah satu program unggulan Kemdikbud dengan mitra perusahaan di Indonesia. Ada banyak benefit yang bisa #TemanUB dapatkan di MSIB! https://t.co/T9oUeQ4Dwp","Wed Jan 12 04:47:02 +0000 2022","https://pbs.twimg.com/profile_images/1719574248338096128/ZO34x8TI_normal.jpg","0","1","1","0","0","0","","in","true",,,"false"
"1480834629145796608","https://x.com/Kemdiktisaintek/status/1480834629145796608","Nah, mumpung pendaftaran masih dibuka, #InsanDikti bisa segera mendaftar program Magang dan Studi Independen Bersertifikat (MSIB). 

Jadi, bagi #InsanDikti yang belum mendaftar, yuk segera daftar! Kunjungi https://t.co/rTdoyctVrT

#KampusMerdekaIndonesiaJaya #DiktiSIGAPMelayani","Tue Jan 11 09:31:02 +0000 2022","https://pbs.twimg.com/profile_images/2029827458510565376/FIB5Wf_5_normal.jpg","0","3","2","0","0","0","","in","true",,,"false"
"1480573173515141123","https://x.com/isiyk_official/status/1480573173515141123","Program Magang dan Studi Independen Bersertifikat Kampus Merdeka 
Pendaftaran 
Selasa 11 Januari 2022  https://t.co/JR3SrH9E9c
Rabu 12 Januari 2022  https://t.co/LjcgNSau7Q
Kamis 13 Januari 2022  https://t.co/6TeZEt6hTC https://t.co/Pk4MBwBB7z","Mon Jan 10 16:12:06 +0000 2022","https://pbs.twimg.com/profile_images/1054661589628899328/K9g0v3We_normal.jpg","0","0","2","0","0","1","","in","false",,,"false"
"1480545460716642306","https://x.com/11MaretUniv/status/1480545460716642306","Untuk Sobat Semar yang sudah saatnya mengikuti program magang, jangan lupa daftarkan diri kalian dalam Program Magang dan Studi Independen Bersertifikat (MSIB), ya😉

Dapatkan informasi selengkapnya hanya di: https://t.co/iXqbcTEgVw

#uns #universitassebelasmaret https://t.co/wkdncT8uBH","Mon Jan 10 14:21:59 +0000 2022","https://pbs.twimg.com/profile_images/463842400385769472/FmRl23Qx_normal.png","2","0","5","0","0","1","","in","false",,,"false"
"1479784994587303937","https://x.com/dicoding/status/1479784994587303937","📣📣📣 Resmi Dibuka 📣📣📣

Pendaftaran Studi Independen Bersertifikat Kampus Merdeka X Dicoding
Batch Kedua telah secara resmi dibuka!🥳

Raih Konversi hingga 20 SKS dengan kuliah di luar kampus dengan materi belajar berskala global! ✅ https://t.co/2wYyb7E4ni","Sat Jan 08 12:00:10 +0000 2022","https://pbs.twimg.com/profile_images/1544955480816369664/tbdn5Cc8_normal.jpg","2","3","5","0","0","1","","in","false",,,"false"
"1478974089960189952","https://x.com/mankomunisba_/status/1478974089960189952","[ Info Event ]

Selamat siang warga Mankom!

Diberitahukan kepada warga Mankom bahwa Kampus Merdeka sedang membuka progran magang dan studi independen bersertifikat (MSIB) batch ke-2.

Bagi warga Mankom yang berminat bisa mengikuti sosialisasi MSIB pada:
📆 6-8 Januari 2022 https://t.co/ls8zEklCte","Thu Jan 06 06:17:55 +0000 2022","https://pbs.twimg.com/profile_images/1451530245656301570/1vponCLh_normal.jpg","0","1","0","0","0","0","","in","false",,,"false"
"1476902747026780160","https://x.com/ubbofficial_/status/1476902747026780160","Pendaftaran Program Magang dan Studi Independen Bersertifikat (MSIB) dari Kemdikbud Ristek @kemdikbud.ri diperpanjang sampai tanggal 14 Januari 2022 ya guys... 

So, teman-teman masih punya waktu untuk mendaftar.. Monggo manfaatkan kesempatan ini..😁 https://t.co/1kuaXnLQuZ","Fri Dec 31 13:07:09 +0000 2021","https://pbs.twimg.com/profile_images/1613426052390604800/Ynxnl432_normal.jpg","1","0","3","0","0","0","","in","false",,,"false"
"1475809479614550017","https://x.com/nararkive/status/1475809479614550017","@AleHaidar @peachonthecake @MaysrhSt @flowgurly @Rifxyal @collegemenfess Bantu jawab, MSIB itu program Magang dan Studi Independen Bersertifikat","Tue Dec 28 12:42:53 +0000 2021","https://pbs.twimg.com/profile_images/1969293603982995456/ZhG8qNTm_normal.jpg","0","1","1","0","0","0","","in","true",,,"false"
"1475795822067388419","https://x.com/MasMenteri/status/1475795822067388419","UANG KAMPUS MERDEKA KAPAN CAIRNYA⁉️ 

Ramai soal uang saku program Magang dan Studi Independen Bersertifikat (MSIB) yang disebut masih ada yang belum cair.

Pertama-tama, mimin jelasin dulu nih apa itu program Kampus Merdeka supaya gak pada bingung? https://t.co/iFWtaJUsnE","Tue Dec 28 11:48:37 +0000 2021","https://pbs.twimg.com/profile_images/1524675106844266496/UAAlrgY-_normal.jpg","4","2","11","0","0","6","","in","false",,,"false"
"1475782513205280768","https://x.com/hmja_pnj/status/1475782513205280768","[ Sosialisasi Magang dan Studi Independen Bersertifikat Kampus Merdeka ]

Halo, PNJ-nesia!

Magang dan Studi Independen Bersertifikat (MSIB) merupakan program yang diadakan DIKTI untuk mahasiswa semester 5 (D3) dan semester 7 (D4).  

Untuk mengetahui informasi MSIB lebih https://t.co/wq30TUkYur","Tue Dec 28 10:55:44 +0000 2021","https://pbs.twimg.com/profile_images/556707668216127489/asqIkVHs_normal.jpeg","0","1","1","0","0","1","","in","false",,,"false"
"1475443989595656194","https://x.com/M3juahjuah/status/1475443989595656194","Kemendikbudristek memastikan pencairan dana program Magang Studi Independen Bersertifikat (MSIB) Kampus Merdeka bakal dilanjutkan hingga 2022. 

Bagi yang belum Dapat Uang Saku Kampus Merdeka, Simak lengkap penjelasannya dibawah ini.

@Kemdikbud_RI @ditjendikti https://t.co/KueQURJ97X","Mon Dec 27 12:30:34 +0000 2021","https://pbs.twimg.com/profile_images/1517369343486881792/XWrGwPDp_normal.jpg","3","1","3","0","0","2","","in","false",,,"false"
"1474296288321495040","https://x.com/dicoding/status/1474296288321495040","""Apa itu Studi Independen Bersertifikat?""
""Bagaimana sistem belajarnya?""
""Apakah ini bagian dari Kampus Merdeka?""
""Bisa konversi hingga 20 SKS?""
""Ada opsi paket belajar?""

Yuk sini merapat para mahasiswa yang rindu kemerdekaan belajar!🙌🏻✅ https://t.co/dxgWGsK93Y","Fri Dec 24 08:30:00 +0000 2021","https://pbs.twimg.com/profile_images/1544955480816369664/tbdn5Cc8_normal.jpg","1","1","7","0","0","3","","in","false",,,"false"
"1473916605214068737","https://x.com/UGMAlumni/status/1473916605214068737","Halo teman-teman Gadjah Mada!

Untuk teman-teman mahasiswa aktif dan belum punya pengetahuan tentang dunia kerja, tenang aja! Saatnya kita ikut berpartisipasi dalam program Magang dan Studi Independen  Bersertifikat Kampus Merdeka. https://t.co/4HB1YQJeWB","Thu Dec 23 07:21:17 +0000 2021","https://pbs.twimg.com/profile_images/819446160909692928/8XaRvtIl_normal.jpg","5","2","26","0","0","6","","in","false",,,"false"
"1473290756546650118","https://x.com/mediaindonesia/status/1473290756546650118","Sebanyak 130 mahasiswa dari 28 universitas mengikuti program studi independen bersertifikat Start-up Merdeka batch pertama.   https://t.co/CbQ38AcA7P","Tue Dec 21 13:54:23 +0000 2021","https://pbs.twimg.com/profile_images/2013862868442054656/PHgXw1vG_normal.jpg","0","0","3","0","0","1","","in","false",,,"false"
"1473110978426454019","https://x.com/dicoding/status/1473110978426454019","Banyak manfaat dari program Studi Independen Bersertifikat Kampus Merdeka X Dicoding Batch Pertama 2021

Nyoman dan Gina telah membuktikannya. Kini giliranmu!🤩

Terbuka kesempatan untukmu daftar di Batch Kedua. https://t.co/aMSAIWgHFP","Tue Dec 21 02:00:00 +0000 2021","https://pbs.twimg.com/profile_images/1544955480816369664/tbdn5Cc8_normal.jpg","0","1","1","0","0","0","","in","false",,,"false"
"1472772397296066560","https://x.com/BEMFISIPUB/status/1472772397296066560","Program Magang dan Studi Independen Bersertifikat https://t.co/qvp6h3LZBg","Mon Dec 20 03:34:36 +0000 2021","https://pbs.twimg.com/profile_images/2025388713170403329/rZiLc54S_normal.jpg","0","2","1","0","0","0","","in","false",,,"false"
"1472121959534284800","https://x.com/dicoding/status/1472121959534284800","Program Kampus Merdeka x Dicoding kembali lagi!📢📢

Kamu saat ini adalah MAHASISWA aktif D3/D4/S1 semester 5?
Ingin belajar dengan suasana baru diluar kampus dan dibiayai pemerintah?

Ayo ikut Program Studi Independen Bersertifikat Kampus Merdeka X Dicoding Batch Kedua! https://t.co/EUqyHW88Bg","Sat Dec 18 08:30:00 +0000 2021","https://pbs.twimg.com/profile_images/1544955480816369664/tbdn5Cc8_normal.jpg","0","1","11","0","0","0","","in","false",,,"false"
"1470969944774828033","https://x.com/Kadin_Indonesia/status/1470969944774828033","Sosialisasi Program Magang dan Studi Independen Bersertifikat oleh Menteri Pendidikan, Kebudayaan, Riset, dan Teknologi

Kamis, 16 Desember 2021 
Pukul 13.00-14.00 WIB 

Tempat:
Zoom meeting
Meeting ID: 935 5439 0260
Passcode: MERDEKA https://t.co/DQxcJ7XOrM","Wed Dec 15 04:12:18 +0000 2021","https://pbs.twimg.com/profile_images/1839182546552369154/GL15lker_normal.jpg","0","0","0","0","0","1","","in","false",,,"false"
"1470609218587619330","https://x.com/its_campus/status/1470609218587619330","#ITSUpdate

Halo, Arek-arek ITS!

Pendaftaran Program Magang dan Studi Independen Bersertifikat (MSIB) Kampus Merdeka Angkatan 2 telah dibuka!

Dibuka untuk mahasiswa aktif minimal semester 5. https://t.co/oMZ4phXBDa","Tue Dec 14 04:18:54 +0000 2021","https://pbs.twimg.com/profile_images/1371369262795825154/s8oWnJYU_normal.jpg","0","1","0","0","0","0","","in","false",,,"false"
"1469594959913226240","https://x.com/BEMFISIPUNUD/status/1469594959913226240","[INFO PENTING: Program Magang dan Studi Independen Bersertifikat (MSIB)]

Hallo Insan Maroon!! https://t.co/tCv8GlGIt6","Sat Dec 11 09:08:36 +0000 2021","https://pbs.twimg.com/profile_images/1709485722888257536/HW_cXoQz_normal.jpg","0","1","1","0","0","0","","in","false",,,"false"
"1469124713112752130","https://x.com/dicoding/status/1469124713112752130","Banyak manfaat dari program Studi Independen Bersertifikat  Kampus Merdeka X Dicoding Batch Pertama 2021🤩

Gabriella telah membuktikannya. Kini giliranmu!

Terbuka kesempatan untukmu daftar di Batch Kedua. https://t.co/fXdTDfa93m","Fri Dec 10 02:00:01 +0000 2021","https://pbs.twimg.com/profile_images/1544955480816369664/tbdn5Cc8_normal.jpg","0","1","7","0","0","1","","in","false",,,"false"
"1468523673766162432","https://x.com/UGMAlumni/status/1468523673766162432","Teman-teman bisa mendaftar melalui https://t.co/a8MJ5pGtgI dengan periode pendaftaran 7 - 31 Desember 2021.

Yuk segera daftar program Magang dan Studi Independen Bersertifikat Kampus Merdeka guna mempersiapkan SDM unggul untuk Indonesia Maju!","Wed Dec 08 10:11:42 +0000 2021","https://pbs.twimg.com/profile_images/819446160909692928/8XaRvtIl_normal.jpg","0","0","2","0","0","0","","in","true",,,"false"
"1468523670897188864","https://x.com/UGMAlumni/status/1468523670897188864","Halo teman-teman Gadjah Mada!

Untuk teman-teman yang memasuki tahun ketiga kuliah dan belum punya pengetahuan tentang dunia kerja, tenang aja! Saatnya kita ikut berpartisipasi dalam program Magang dan Studi Independen Bersertifikat. https://t.co/ka7Z5lSAPP","Wed Dec 08 10:11:41 +0000 2021","https://pbs.twimg.com/profile_images/819446160909692928/8XaRvtIl_normal.jpg","16","2","145","1","0","40","","in","false",,,"false"
"1468516349114609666","https://x.com/usakti_official/status/1468516349114609666","Kegiatan Magang dan Studi Independen Bersertifikat yg diinisiasi oleh kemendikbud ristek Batch II akan dibuka pendaftaran untuk mahasiswa semester 5 ke atas 

Pendaftaran mulai 7 Desember - 31 Desember 2021 di portal DIKTI
https://t.co/cRz0xz7IR0 https://t.co/vqS47cITYq","Wed Dec 08 09:42:36 +0000 2021","https://pbs.twimg.com/profile_images/1453298314573660167/0an_DeCq_normal.jpg","1","0","2","0","0","0","","in","false",,,"false"
"1465961365349093378","https://x.com/dicoding/status/1465961365349093378","""Apa itu Studi Independen Bersertifikat?""
""Bagaimana sistem belajarnya?""
""Apakah ini bagian dari Kampus Merdeka?""
""Bisa konversi hingga 20 SKS?""
""Ada opsi paket belajar?""

Yuk sini merapat para mahasiswa yang rindu kemerdekaan belajar!🙌🏻✅ https://t.co/oSVR5IT2Tm","Wed Dec 01 08:30:00 +0000 2021","https://pbs.twimg.com/profile_images/1544955480816369664/tbdn5Cc8_normal.jpg","0","1","2","0","0","1","","in","false",,,"false"
"1465853151588896768","https://x.com/hariankompas/status/1465853151588896768","Pemerintah mengakui, program Magang dan Studi Independen Bersertifikat tahun 2021 masih ada beberapa kendala. Keluhan soal pencairan uang saku hingga kebingungan soal pembiayaan yang ditanggung, mencuat di kalangan peserta. #Dikbud #AdadiKompas

https://t.co/K4WBg5V055","Wed Dec 01 01:20:00 +0000 2021","https://pbs.twimg.com/profile_images/1810124683188350976/RS_tUqhb_normal.jpg","0","0","2","0","0","0","","in","false",,,"false"
"1465500832837693443","https://x.com/dicoding/status/1465500832837693443","Mau kuliah di luar kampus dan dapat sertifikat kompetensi berdaya saing global tapi takut mengganggu kuliah kamu?

Jangan khawatir! Program Studi Independen Bersertifikat Dicoding X Kampus Merdeka (Batch Kedua) adalah solusinya💯 https://t.co/wUxDAaMMOg","Tue Nov 30 02:00:00 +0000 2021","https://pbs.twimg.com/profile_images/1544955480816369664/tbdn5Cc8_normal.jpg","2","3","5","1","0","3","","in","false",,,"false"
"1464927534018007048","https://x.com/icatwps/status/1464927534018007048","*JANGAN KASIH AMPUN…!* Nadiem Makarim: Perguruan Tinggi Tak Izinkan Mahasiswanya Ikut Magang dan Studi Independen Bersertifikat (MSIB) Bakal Diberi Sanksi 

https://t.co/Dl5xHcJXJP","Sun Nov 28 12:01:55 +0000 2021","https://pbs.twimg.com/profile_images/2040393606549413888/GjBIVOoM_normal.jpg","1","0","2","0","0","0","","in","false",,,"false"
"1460568765519720449","https://x.com/Pulpendid/status/1460568765519720449","Peserta program Kampus Merdeka meminta Kemendikbud merealisasikan janjinya untuk memberikan uang saku.

Program yang dimaksud adalah Program Magang dan Studi Independen Bersertifikat (MSIB). https://t.co/pesa6rOtBM","Tue Nov 16 11:21:44 +0000 2021","https://pbs.twimg.com/profile_images/1636609125361614848/hYcNUflh_normal.jpg","0","0","3","0","0","0","","in","false",,,"false"
"1456268934810726407","https://x.com/mediaindonesia/status/1456268934810726407","Terbukti berdasarkan survei yang dihimpun Kemendikbudristek, Program Magang dan Studi Independen Bersertifikat dan Studi (MSIB) yang paling tertinggi diminati para mahasiswa.    https://t.co/DNCEZjj6vl","Thu Nov 04 14:35:44 +0000 2021","https://pbs.twimg.com/profile_images/2013862868442054656/PHgXw1vG_normal.jpg","0","1","0","0","0","0","","in","false",,,"false"
"1456078783992131584","https://x.com/MagangStudi/status/1456078783992131584","Program ini memberikan hak bagi mahasiswa untuk belajar di luar program studinya selama 1-2 semester, dan salah satu sub-program dari Kampus Merdeka adalah MSIB (Magang &amp; Studi Independen Bersertifikat).","Thu Nov 04 02:00:09 +0000 2021","https://pbs.twimg.com/profile_images/1467311410635894787/6z0m0BFe_normal.jpg","1","1","11","0","0","0","","in","true",,,"false"
"1454020237204987912","https://x.com/etnomenignotum/status/1454020237204987912","@tubirfess catatan: 

1. kalau ini konteksnya Program Magang dan Studi Independen Bersertifikat (MSIB) terkait uang saku dan biaya hidup selama magang yang subsidi itu Kemdikbud; 

2. kemudian ada yang namanya Mitra Industri dan Dunia Kerja (IDUKA) yang antra lain:","Fri Oct 29 09:40:13 +0000 2021","https://pbs.twimg.com/profile_images/1465699336294047750/rR-Ye6PL_normal.jpg","3","2","23","0","0","6","","in","true",,,"false"
"1453914761393938433","https://x.com/MagangStudi/status/1453914761393938433","Salah satu sub-program dari kampus merdeka ialah MSIB (Magang &amp; Studi Independen Bersertifikat) dimana mahasiswa akan menempuh pendidikan di luar program studi berupa magang / studi independen di mitra2 yg bekerjasama dengan pihak Kemendikbud RI selama 1-2 semester (6-12 bulan)","Fri Oct 29 02:41:06 +0000 2021","https://pbs.twimg.com/profile_images/1467311410635894787/6z0m0BFe_normal.jpg","1","1","23","0","0","0","","in","true",,,"false"
"1452111074447163396","https://x.com/MagangStudi/status/1452111074447163396","Poin penting dari berita tersebut :
“Uang saku bulan Agustus dan September 2021 bagi mahasiswa peserta program Magang dan Studi Independen Bersertifikat sudah mulai cair 21 Oktober 2021 dan akan cair bertahap sampai dengan 27 Oktober 2021,” ujar Paristiyanti.","Sun Oct 24 03:13:53 +0000 2021","https://pbs.twimg.com/profile_images/1467311410635894787/6z0m0BFe_normal.jpg","0","1","3","2","0","0","","in","true",,,"false"
"1451889903856340994","https://x.com/eradotid/status/1451889903856340994","Pencairan uang saku program Magang dan Studi Independen Bersertifikat mulai cair sampai dengan 27 Oktober 2021 https://t.co/PsnByWjGvg","Sat Oct 23 12:35:02 +0000 2021","https://pbs.twimg.com/profile_images/1784392855789907968/g6A_2K69_normal.jpg","1","0","2","0","0","0","","in","false",,,"false"
"1451458368485294087","https://x.com/MagangStudi/status/1451458368485294087","Kepada para petinggi &amp; penyelenggara program Magang &amp; Studi Independen Bersertifikat (MSIB) Kampus Merdeka, tolong baca petisi ini dan kabulkan permohonan kami, serta kedepanya agar lebih profesional lagi dalam menjalankan program ini, terima kasih","Fri Oct 22 08:00:16 +0000 2021","https://pbs.twimg.com/profile_images/1467311410635894787/6z0m0BFe_normal.jpg","2","1","13","0","0","1","","in","true",,,"false"
"1450916526773587969","https://x.com/SINDOnews/status/1450916526773587969","GNIK Fasilitasi Studi Independen Bersertifikat untuk Fresh Graduate

 #Sindonews #BukanBeritaBiasa .https://t.co/FL6lUwyKxe","Wed Oct 20 20:07:11 +0000 2021","https://pbs.twimg.com/profile_images/2019766664884371456/_ewnTQwD_normal.jpg","0","0","2","0","0","0","","in","false",,,"false"
"1450830529402576897","https://x.com/MagangStudi/status/1450830529402576897","Jadi pertama kenalin, gw adalah akun yang didedikasikan khusus untuk menyatakan aspirasi mahasiswa peserta program MSIB (Magang &amp; Studi Independen Bersertifikat) yang merupakan salah satu bentuk program Kampus Merdeka gagasan dari Bapak Nadiem Makarim mengenai kemerdekaan belajar","Wed Oct 20 14:25:27 +0000 2021","https://pbs.twimg.com/profile_images/1467311410635894787/6z0m0BFe_normal.jpg","6","1","36","1","0","0","","in","true",,,"false"
"1443551450051723266","https://x.com/GesuriID/status/1443551450051723266","Wakil Ketua Komisi X DPR RI Agustina Wilujeng Pramestuti mengatakan program magang dan studi independen bersertifikat kampus merdeka di DPR RI merupakan tahapan bagi mahasiswa untuk dapat belajar 'how to live together'.

https://t.co/dB7yNTKbFn #pdiperjuangan","Thu Sep 30 12:21:00 +0000 2021","https://pbs.twimg.com/profile_images/935094379638689792/Y2yHR5kF_normal.jpg","0","0","0","0","0","0","","in","false",,,"false"
"1438706818264416260","https://x.com/unpad/status/1438706818264416260","#AgendaUnpad

Pelepasan Mahasiswa Magang dan Studi Independen Bersertifikat Universitas Padjadjaran: Penguatan Kompetensi Mahasiswa melalui Kegiatan Magang dan Studi Independen Bersertifikat Kampus Merdeka

📆 Jumat, 17 September 2021
🕙 13.00 WIB
💻 Zoom https://t.co/MfTpR7Qjgc https://t.co/No2Znt0e2B","Fri Sep 17 03:30:10 +0000 2021","https://pbs.twimg.com/profile_images/1828618254505668608/Ck0Drcnz_normal.png","0","0","1","0","0","0","","in","false",,,"false"
"1437218296902737924","https://x.com/HimaMPUNJ/status/1437218296902737924","[ MP BERPRESTASI ]

Selamat dan semangat kepada mahasiswa Manajemen Pendidikan atas Magang dan Studi Independen Bersertifikat Kampus Merdeka. https://t.co/iqiXU8CAsb","Mon Sep 13 00:55:18 +0000 2021","https://pbs.twimg.com/profile_images/724940748328677376/jXqzP6SW_normal.jpg","0","1","1","0","0","0","","in","false",,,"false"
"1433354624333799424","https://x.com/ipb_cirebon/status/1433354624333799424","Selamat dan Sukses kepada mahasiswa prodi Sastra Jepang Agung Prabowo atas diraihnya ""Program Studi Independen Bersertifikat Kemendikbud"" menjadi Exportir Baru 4.0 di Yayasan Sekolah Ekspor Nasional Jakarta

Semoga bisa terus berkarya, menjadi inspirasi untuk mahasiswa lainnya 🥳 https://t.co/uQ7VKZESxP","Thu Sep 02 09:02:27 +0000 2021","https://pbs.twimg.com/profile_images/1658387060938661890/sr3R7rhT_normal.jpg","0","0","2","0","0","0","","in","false",,,"false"
"1431273982171369472","https://x.com/upi_official/status/1431273982171369472","Selamat malam, #SivitasUPI! Pada Kamis, 26 Agustus 2021 UPI telah melaksanakan acara pelepasan mahasiswa Program Indonesia International Mobility Awards (IISMA) dan Program Magang dan Studi Independen Bersertifikat (MSIB). 

#SeputarUPI
#PelopordanUnggul https://t.co/ystdovMQKE","Fri Aug 27 15:14:43 +0000 2021","https://pbs.twimg.com/profile_images/1876824842902884352/ymnz8PYV_normal.jpg","0","0","2","0","0","0","","in","false",,,"false"
"1431126127330930690","https://x.com/detikcom/status/1431126127330930690","1.121 mahasiswa dari 235 kampus di Indonesia mengikuti program Studi Independen Bersertifikat (SIB) Microsoft Indonesia.  https://t.co/LLuwEnCVmk","Fri Aug 27 05:27:12 +0000 2021","https://pbs.twimg.com/profile_images/1888546820974051328/tnM9DhBs_normal.jpg","1","0","2","0","0","0","","in","false",,,"false"
"1430901586545438722","https://x.com/mediaindonesia/status/1430901586545438722","Kementerian Pendidikan, Kebudayaan, Riset, dan Teknologi bersama Microsoft pada Kamis (26/8) meluncurkan program Studi Independen Bersertifikat (SIB) guna menyiapkan 1.121 mahasiswa dari 235 kampus di Indonesia memiliki kompetensi atau talenta digital.  https://t.co/mqbPkuiTi9","Thu Aug 26 14:34:57 +0000 2021","https://pbs.twimg.com/profile_images/2013862868442054656/PHgXw1vG_normal.jpg","1","0","1","0","0","0","","in","false",,,"false"
"1430103730255392773","https://x.com/Kemdiktisaintek/status/1430103730255392773","Halo #InsanDikti,

Selamat ya, bagi #InsanDikti yang telah lolos mengikuti program Magang dan Studi Independen Bersertifikat (MSIB). Nah, untuk mempersiapkan diri saat mulai magang nanti, #InsanDikti harus tahu sifat yang bisa diterapkan saat menjadi anak magang. https://t.co/3aNExLGdwm","Tue Aug 24 09:44:33 +0000 2021","https://pbs.twimg.com/profile_images/2029827458510565376/FIB5Wf_5_normal.jpg","4","2","8","0","0","0","","in","false",,,"false"
"1430055987851923462","https://x.com/VokasiUB/status/1430055987851923462","Pengumuman Mahasiswa yang Diterima Program Magang dan Studi Independen Bersertifikat (MSIB) Kampus Merdeka
https://t.co/WqtpLe9tzM","Tue Aug 24 06:34:51 +0000 2021","https://pbs.twimg.com/profile_images/1478560919139483649/udHW_Zmb_normal.jpg","0","0","0","0","0","0","","in","false",,,"false"
"1429636978362834954","https://x.com/dimasmfth/status/1429636978362834954","Hai, Indonesia!
Aku mahasiswa Indonesia yang lolos seleksi, dan aku siap #MagangMerdeka!

Kamu mau seperti aku? Ikuti program Magang dan Studi Independen Bersertifikat Kampus Merdeka di @magangmerdeka dan @KampusMerdekaRI 

#magangmerdeka #kampusmerdeka https://t.co/rpwYOTQG2E","Mon Aug 23 02:49:51 +0000 2021","https://pbs.twimg.com/profile_images/1630929827917340673/BQR7D6ZX_normal.jpg","0","1","6","0","0","0","","in","false",,,"false"
"1429458055905779714","https://x.com/capucisoo/status/1429458055905779714","@umumboway @Hacimencarimama @collegemenfess Aku bantu jawab ya, kampus merdeka itu program baru dari Kemendikbud yang mengajak mahasiswa untuk belajar diluar prodi/universitas asal. Jadi ada beberapa program KM yaitu pertukaran mahasiswa, magang bersertifikat, studi independen bersertifikat dan lain lain.","Sun Aug 22 14:58:53 +0000 2021","https://pbs.twimg.com/profile_images/1546855739146153984/J9An9nqZ_normal.jpg","0","1","1","0","0","4","","in","true",,,"false"
"1429276100480299008","https://x.com/mitrasdudi/status/1429276100480299008","Hai #MitraVokasi, peserta Magang dan Studi Independen Bersertifikat yuk simak pesan Mas Menteri dan bergabung di National Onboarding pada Senin, 23 Agustus 2021 pukul 14.00-15.00 WIB. Jangan sampai terlewat! #magangbersertifikat #studiindependenbersertifikat #KampusMerdeka https://t.co/U1EpOrM1TE","Sun Aug 22 02:55:51 +0000 2021","https://pbs.twimg.com/profile_images/1236837336219922432/kC9K7zdM_normal.jpg","3","0","7","1","0","0","","in","false",,,"false"
"1428910532250062848","https://x.com/CeciliaMonaP/status/1428910532250062848","8. Program Kemahasiswaan 2021
a. Program sertifikasi kompetensi mahasiswa
b. Program kewirausahaan
c. Program fasilitasi magang
d. Program pemberdayaan masyarakat desa
e. Microcredensial (LPDP) magang dan Studi independen bersertifikat","Sat Aug 21 02:43:13 +0000 2021","https://pbs.twimg.com/profile_images/1428811204017876996/CX1E515Q_normal.jpg","0","0","2","0","0","0","","in","true",,,"false"
"1428910286405132288","https://x.com/Bellaachyradh/status/1428910286405132288","4. Program kemahasiswaan 2021
-program sertifikasi kompetensi mahasiswa
- program kewirausahaan 
-program fasilitas magang 
- program kreativitas mahasiswa 
- program pemberdayaan masyarakat desa
- LDPD magang dan studi independen bersertifikat","Sat Aug 21 02:42:14 +0000 2021","https://pbs.twimg.com/profile_images/1667725124471246848/wGy3CNVP_normal.jpg","0","0","2","0","0","0","","in","true",,,"false"
"1428905269103235074","https://x.com/ptygsrt/status/1428905269103235074","•Program Kemahasiswaan 2021
-Program Sertifikasi Kompetensi Mahasiswa
-Program Kewirausahaan
-Program Fasilitasi Magang
-Program Kreativitas Mahasiswa
-Program Pemberdayaan Masyarakat Desa
-Microcredensial (LPDP) Magang dan Studi Independen Bersertifikat","Sat Aug 21 02:22:18 +0000 2021","https://pbs.twimg.com/profile_images/1625338284812681218/SWPR8hRl_normal.jpg","0","0","8","0","0","0","","in","true",,,"false"
"1428653684091617290","https://x.com/angela_syahfira/status/1428653684091617290","Hai, Indonesia! 🇲🇨♥️
Aku mahasiswa Indonesia yang lolos seleksi, dan aku siap #MagangMerdeka!

Kamu mau seperti aku? Ikuti program Magang dan Studi Independen Bersertifikat Kampus Merdeka di @magangmerdeka dan @KampusMerdekaRI 
            #magangmerdeka #twibbonize https://t.co/cR6U8CKBOT","Fri Aug 20 09:42:36 +0000 2021","https://pbs.twimg.com/profile_images/1886352463730716672/iPgCkIUM_normal.jpg","17","18","325","3","0","4","","in","false",,,"false"
"1426123516311588868","https://x.com/formad_ugm/status/1426123516311588868","[PROGRAM MAGANG DAN STUDI INDEPENDEN BERSERTIFIKAT KAMPUS MERDEKA]

Halo, Gadjah Mada!

Kampus Merdeka membuka Program untuk melakukan magang bagi mahasiswa di Perguruan Tinggi seluruh Indonesia, di beberapa Perusahaan ternama di Indonesia. https://t.co/uiR78uIutO","Fri Aug 13 10:08:37 +0000 2021","https://pbs.twimg.com/profile_images/1970131052896407552/WUKFjKNW_normal.jpg","4","1","31","1","0","12","","in","false",,,"false"
"1424249016221536257","https://x.com/dicoding/status/1424249016221536257","Terima kasih kepada 4.009 pelamar Program Kampus Merdeka X Dicoding.
Dengan bangga hari ini kami umumkan 400 Peserta Terpilih Program Studi Independen Bersertifikat Kampus Merdeka bersama Dicoding tahun 2021.
Daftar nama dapat Anda lihat di tautan: https://t.co/LbTqKhphhp. https://t.co/ncItI3k0Oz","Sun Aug 08 06:00:01 +0000 2021","https://pbs.twimg.com/profile_images/1544955480816369664/tbdn5Cc8_normal.jpg","0","0","2","0","0","0","","in","false",,,"false"
"1420717782740574210","https://x.com/KamiVokasi/status/1420717782740574210","Wah sudah H-1 penutupan pendaftaran program Mikrokredensial Magang Bersertifikat dan Studi Independen Bersertifikat nih, Sob! Siapa yang belum mendaftar nih? Ayo segera daftar melalui https://t.co/MP6Roruu4Y! Jangan sia-siakan kesempatan ini ya, Sob! https://t.co/nkzhuX0aJb","Thu Jul 29 12:08:09 +0000 2021","https://pbs.twimg.com/profile_images/1400158431391010820/k1f1e00-_normal.jpg","0","0","7","0","0","0","","in","false",,,"false"
"1418860785225326596","https://x.com/kalderanews/status/1418860785225326596","Dear Mahasiswa Vokasi, Inilah Syarat dan Manfaat Program Beasiswa Magang dan Studi Independen Bersertifikat https://t.co/6CYOHkCJCV","Sat Jul 24 09:09:07 +0000 2021","https://pbs.twimg.com/profile_images/1089378779254874112/CChv4ATA_normal.jpg","0","0","1","0","0","0","","in","false",,,"false"
"1418500697843138561","https://x.com/KominfoSumbar/status/1418500697843138561","Direktorat Jenderal Pendidikan Vokasi, Kementerian Pendidikan, Kebudayaan, Riset, dan Teknologi (Ditjen Diksi Kemendikbudristek) menggelar Sosialisasi Program Magang dan Studi Independen Bersertifikat Kampus Merdeka secara daring
#MinfotikSumbar
Lengkapnya
https://t.co/mvmkYGO0Rj","Fri Jul 23 09:18:15 +0000 2021","https://pbs.twimg.com/profile_images/1441962393265852421/9XOmzvVO_normal.jpg","0","0","2","0","0","0","","in","false",,,"false"
"1418062101482930181","https://x.com/KamiVokasi/status/1418062101482930181","Hai #SobatVokasi, ada kabar baik nih! Pendaftaran Program Magang Bersertifikat dan Studi Independen Bersertifikat Kampus Merdeka diperpanjang hingga 31 juli 2021 lho! Yuk, segera daftarkan dirimu sekarang! jangan sampai melewatkan kesempatan emas ini ya! https://t.co/MP9usHPEpT","Thu Jul 22 04:15:25 +0000 2021","https://pbs.twimg.com/profile_images/1400158431391010820/k1f1e00-_normal.jpg","0","0","14","0","0","0","","in","false",,,"false"
"1417352436914688007","https://x.com/shafigh/status/1417352436914688007","Kampus Merdeka 
Makin Asyik deh 
Diterima Mahang di Organisasi Kelas Dunia eh dapat biaya hidup dan jaminan SKS dari Program Magang dan Studi Independen Bersertifikat https://t.co/OjNrhdgLIz","Tue Jul 20 05:15:28 +0000 2021","https://pbs.twimg.com/profile_images/1131478927409438722/pkzlS130_normal.jpg","1","0","10","0","0","0","","in","true",,,"false"
"1417348096787243008","https://x.com/Sanjayaluv/status/1417348096787243008","Ada 300 perusahaan di program magang &amp; studi independen bersertifikat.

Nantinya akan mendapatkan Surat Keterangan Pendamping Ijazah (SKPI) dari perusahaan terkait. Selama magang mahasiswa dapat uan saku juga. 

Cus daftar ke https://t.co/Ikrw0G02j4 sampai 31 Juli 2021 https://t.co/iyjR9IBZDP","Tue Jul 20 04:58:13 +0000 2021","https://pbs.twimg.com/profile_images/1532051344022212608/eD_q0_GZ_normal.jpg","1","1","7","0","0","0","","in","true",,,"false"
"1417344812106219522","https://x.com/azzura_lhi/status/1417344812106219522","Masih mengenai Kampus Merdeka dgn program Magang dan Studi Independen Bersertifikat, pendaftarannya dibuka sampai 31 Juli 2021. Cek schedulenya yaa

Btw ada 300 lbh perusahaan yg gabung dlm program ini agar mhsiswa dpt pengalaman di dunia kerja langsung... https://t.co/3MIJns4jTA","Tue Jul 20 04:45:10 +0000 2021","https://pbs.twimg.com/profile_images/1345982543938560001/Cji6TYyH_normal.jpg","0","1","2","0","0","1","","in","true",,,"false"
"1417343269491544067","https://x.com/azzura_lhi/status/1417343269491544067","Nantinya mahasiswa Kampus Merdeka dalam program Magang dan Studi Independen Bersertifikat, akan diberikan bimbingan, ikut short Course 1-2 smtr, terakhir mendapat surat keterangan pendamping ijazah dari perusahaan/instansi terkait.

Mau ikut? Daftar di sini nih.. https://t.co/L6TKplmqwv","Tue Jul 20 04:39:03 +0000 2021","https://pbs.twimg.com/profile_images/1345982543938560001/Cji6TYyH_normal.jpg","0","1","2","0","0","0","","in","true",,,"false"
"1417342075922653189","https://x.com/reviewapaaja/status/1417342075922653189","Ada 4 Program dari Kampus Merdeka ini yaitu :
1. Kampus mengajar
2. Magang dan studi independen bersertifikat
3. Indonesia international student mobility awards
4. Pertukaran mahasiswa merdeka https://t.co/iwCe4cjgi4","Tue Jul 20 04:34:18 +0000 2021","https://pbs.twimg.com/profile_images/1727720566415921152/o0MvqdXX_normal.jpg","0","1","3","0","0","0","","in","true",,,"false"
"1417341240480124928","https://x.com/azzura_lhi/status/1417341240480124928","Untuk Program Magang dan Studi Independen Bersertifikat (microcredentials) di Kampus Merdeka ini, ditujukan untk mhsiswa/i yg diterima magang di organisasi kelas dunia.

Dan tetap, mrk bakal dpt berbagai manfaat.. Tertarik dong? Masa nggakkk.. 🤣 https://t.co/B2WNf5Yb2m","Tue Jul 20 04:30:59 +0000 2021","https://pbs.twimg.com/profile_images/1345982543938560001/Cji6TYyH_normal.jpg","0","1","2","0","0","0","","in","true",,,"false"
"1417332675887595532","https://x.com/siwiragils/status/1417332675887595532","Ada 4 program Kampus Merdeka yang didukung Lembaga Pengelola Dana Pendidikan (LPDP) di tahun 2021, yaitu Kampus Mengajar, Magang dan Studi Independen Bersertifikat (microcredentials), Indonesian International Student Mobility Awards (IISMA), serta Pertukaran Mahasiswa Merdeka. https://t.co/SKy5UKexEv","Tue Jul 20 03:56:57 +0000 2021","https://pbs.twimg.com/profile_images/1065803875116961792/V0stzdoQ_normal.jpg","1","0","2","0","0","0","","in","true",,,"false"
"1417325408911953922","https://x.com/Dew0W1snu/status/1417325408911953922","Nah, 4 program yang ada di Kampus Merdeka adalah:

1. Kampus Mengajar, 
2. Magang dan Studi Independen Bersertifikat (microcredentials), 
3. Indonesian International Student Mobility Awards (IISMA),
4. Pertukaran Mahasiswa Merdeka. https://t.co/19zUflW8jC","Tue Jul 20 03:28:04 +0000 2021","https://pbs.twimg.com/profile_images/2029177418515415040/STZE7uFX_normal.jpg","3","1","23","0","0","7","","in","true",,,"false"
"1417258151120838665","https://x.com/June_dya77/status/1417258151120838665","Ayo, belajar yang rajin saat kuliah.
Kalau diterima magang di organisasi besar, nanti kamu bakal dapat biaya hidup dan jaminan SKS dari program Magang dan Studi Independen Bersertifikat.","Mon Jul 19 23:00:49 +0000 2021","https://pbs.twimg.com/profile_images/1947977239083225088/wJAqi645_normal.jpg","0","1","8","0","0","0","","in","true",,,"false"
"1417258126361862169","https://x.com/June_dya77/status/1417258126361862169","Keunggulan Program Studi Independen Bersertifikat
1. Ada pembimbingnya
2. Mahasiswa ikut short course 1 atau 2 semester
3. Biaya hidup dibiayai Pemerintah
4. Dapat sertifikat saat lulus","Mon Jul 19 23:00:43 +0000 2021","https://pbs.twimg.com/profile_images/1947977239083225088/wJAqi645_normal.jpg","1","1","9","0","0","0","","in","true",,,"false"
"1417258097853165568","https://x.com/June_dya77/status/1417258097853165568","Studi Independen Bersertifikat menekankan pada skills mahasiswa yang lebih spesifik seperti permesinan, teknologi, desain dan lainnya yang berbasis studi kasus. https://t.co/ENfzvGz3YG","Mon Jul 19 23:00:36 +0000 2021","https://pbs.twimg.com/profile_images/1947977239083225088/wJAqi645_normal.jpg","1","1","9","0","0","0","","in","true",,,"false"
"1416955955447689218","https://x.com/connectedatID/status/1416955955447689218","✨4 program Kampus Merdeka yg wajib kamu tau✨

1. Kampus Mengajar
2. Magang Bersertifikat dan Studi Independen Bersertifikat (microcredentials)
3. Beasiswa Mobilitas Internasional
4. Pertukaran Mahasiswa Merdeka

Kamu mau ikut yang mana nih?😉","Mon Jul 19 03:00:00 +0000 2021","https://pbs.twimg.com/profile_images/1445256358660435969/D4BVBpmr_normal.jpg","0","0","5","1","0","1","","in","false",,,"false"
"1414768338249474050","https://x.com/dicoding/status/1414768338249474050","Untuk teman-teman mahasiswa yang pagi ini bingung mau ngapain, ikutan Program Kampus Merdeka bersama Dicoding yuk! Studi Independen Bersertifikat ini diadakan untuk menghasilkan talenta berstandar tinggi yang sesuai dengan standar Industri lho! https://t.co/UG2dsTXoYG","Tue Jul 13 02:07:11 +0000 2021","https://pbs.twimg.com/profile_images/1544955480816369664/tbdn5Cc8_normal.jpg","0","1","1","0","0","0","","in","true",,,"false"
"1411999491503185920","https://x.com/bsipemuda_id/status/1411999491503185920","#Repost @bsikarir
...
Hello Talent

Ingin tahu lebih banyak mengenai Program Magang dan Studi Independen Bersertifikat, mulai dari lowongan, tata cara apply, fasilitas yang didapatkan, sampai persiapan yang perlu kamu lakukan.
Baca Selengkapnya :
https://t.co/KV8rx0eBUx https://t.co/RaNDjAlKm5","Mon Jul 05 10:44:47 +0000 2021","https://pbs.twimg.com/profile_images/1042937203502964736/0yTVqBX3_normal.jpg","0","0","1","0","0","0","","in","false",,,"false"
"1409777036948692992","https://x.com/itk_official_/status/1409777036948692992","Mengundang bapak/ibu dosen dan mahasiswa untuk hadir pada sesi konsultasi pendaftaran Program MBKM Pertukaran Mahasiswa Merdeka Dalam Negeri (PMM DN) dan Program Magang dan Studi Independen Bersertifikat. https://t.co/bMGhcsED31","Tue Jun 29 07:33:32 +0000 2021","https://pbs.twimg.com/profile_images/1981157100819558401/hHcranhh_normal.jpg","0","0","1","0","0","0","","in","false",,,"false"
"1407932516443426818","https://x.com/HMDA_FEBUB/status/1407932516443426818","[INFO AKADEMIK : PROGRAM MAGANG DAN STUDI INDEPENDEN BERSERTIFIKAT] https://t.co/9GmvKVVkeB","Thu Jun 24 05:24:04 +0000 2021","https://pbs.twimg.com/profile_images/1843216924/logo_baru_hmja_feb_ub_1_normal.jpg","0","1","4","0","0","1","","in","false",,,"false"
"1407928116589203464","https://x.com/himapsikoUB/status/1407928116589203464","[ JENDELA ADVO : PROGRAM MAGANG DAN STUDI INDEPENDEN BERSERTIFIKAT KEMENDIKBUD ]

Halo, Sahabat Psikologi! 👋

Bagi Sahabat Psikologi yang sedang mencari program magang!

Yuk, simak informasi selanjutnya pada tautan di bawah ini! ⬇️

📌 Line : https://t.co/Z04B7AwXD4

(1/2) https://t.co/P9Jsvwdgkk","Thu Jun 24 05:06:35 +0000 2021","https://pbs.twimg.com/profile_images/2030918585502310400/QQp53ERM_normal.jpg","0","1","2","0","0","0","","in","false",,,"false"
"1407899797558685702","https://x.com/HMIG_UNDIP/status/1407899797558685702","[PROGRAM MAGANG &amp; STUDI INDEPENDEN BERSERTIFIKAT KAMPUS MERDEKA]

Halo Nutrillicious👋👋

Ingat kan beberapa waktu yang lalu ada info tentang Program Magang &amp; Studi Independen Bersertifikat Kampus Merdeka?
Nah buat kamu yang masih https://t.co/fYelfkklSc","Thu Jun 24 03:14:03 +0000 2021","https://pbs.twimg.com/profile_images/3475071979/a0ea5cdb455c48872f41586f7298783b_normal.png","1","1","1","0","0","0","","in","false",,,"false"
"1407618383370096641","https://x.com/UGMYogyakarta/status/1407618383370096641","Festival Kamus Merdeka edisi Magang dan Studi Independen Bersertifikat hari kedua masih berlangsung nih. Yuk langsung cek ke https://t.co/T9YsnBcfVN","Wed Jun 23 08:35:49 +0000 2021","https://pbs.twimg.com/profile_images/932874895389638656/fDT8AaGJ_normal.jpg","0","0","31","0","0","2","","in","false",,,"false"
"1407352681652314113","https://x.com/ITBCareerCenter/status/1407352681652314113","[INFO]

Halo Teman-Teman ITB!
Saat ini, Program-Program Kampus Merdeka sedang dibuka Loh! Ada program Magang dan Studi Independen Bersertifikat

Daftarkan dirimu yuu!
Pendaftaran dimulai sejak 10 Juni 2021 - 15 Juli 2021.
Kunjungi &gt;&gt; https://t.co/sq0EIEcfRo

Ajak teman-temanmu! https://t.co/xpjlOFPNfV","Tue Jun 22 15:00:01 +0000 2021","https://pbs.twimg.com/profile_images/1478272491164372992/U9aKeG5p_normal.jpg","0","0","4","0","0","2","","in","false",,,"false"
"1407322553488605187","https://x.com/BEMFKMUI/status/1407322553488605187","[SEKILAS INFO CERMA #2: MAGANG MERDEKA - PROGRAM MAGANG DAN STUDI INDEPENDEN BERSERTIFIKAT]⁣
⁣
Halo, FKM!⁣
⁣
Pendaftaran program Magang dan Studi Independen Bersertifikat yang diselenggarakan oleh Merdeka Belajar Kemendikbud telah dibuka.⁣ https://t.co/SaUt9vupep","Tue Jun 22 13:00:18 +0000 2021","https://pbs.twimg.com/profile_images/2033482826231005184/cmWt6ZSN_normal.jpg","0","1","1","0","0","1","","in","false",,,"false"
"1407172528624308225","https://x.com/BEMFISIPUB/status/1407172528624308225","Program Magang dan Studi Independen Bersertifikat KEMENDIKBUD

Halo, Masyarakat FISIP! 
Bagi kalian yang sedang mencari program magang, kali ini terdapat informasi mengenai program magang dan studi independen dari Kemendikbud yang dapat kalian daftarkan. https://t.co/yvxR6ENvz4","Tue Jun 22 03:04:09 +0000 2021","https://pbs.twimg.com/profile_images/2025388713170403329/rZiLc54S_normal.jpg","0","1","0","0","0","2","","in","false",,,"false"
"1541318423300698112","https://x.com/itk_official_/status/1541318423300698112","Halo sobat Specta!

Program Magang dan Studi Independen Bersertifikat (MSIB) Kampus merdeka dibuka lagi loh. Yuk segera daftar, syaratnya cukup kamu sebagai mahasiswa aktif minimal semester 5.

Berkas pendaftarannya apa aja?
1. CV
2. Transkrip Nilai https://t.co/NF0SrlszBh","Mon Jun 27 07:12:03 +0000 2022","https://pbs.twimg.com/profile_images/1981157100819558401/hHcranhh_normal.jpg","2","1","8","0","0","2","","in","false",,,"false"
"1534554578129387520","https://x.com/sbyfess/status/1534554578129387520","-rek yang mahasiswa udh bisa daftar magang msib kampus merdeka? ini search posisi kok kosong trs yaaa","Wed Jun 08 15:14:56 +0000 2022","https://pbs.twimg.com/profile_images/1610997611762446336/d7Xxzlc4_normal.jpg","0","2","1","0","0","0","","in","false",,,"false"
"1533805202288963585","https://x.com/upi_official/status/1533805202288963585","(1/2) Halo, #SivitasUPI!
Ada kabar gembira lho, MSIB Kampus Merdeka Batch 3 akan segera dilaksanakan kembali. Untuk informasi lebih lanjut, #SivitasUPI dapat mengakses melalui laman dibawah ini ya!
https://t.co/5l2pJDRMi8 https://t.co/peA1zeXgvM","Mon Jun 06 13:37:11 +0000 2022","https://pbs.twimg.com/profile_images/1876824842902884352/ymnz8PYV_normal.jpg","0","1","2","0","0","0","","in","false",,,"false"
"1530830062869946368","https://x.com/worksfess/status/1530830062869946368","Work! Disini ada yg perusahannya lagi ngurus buat ikutan MSIB kampus merdeka? Atau ada yg kmrn udh lolos? Mau nanya nanya dong boleh?","Sun May 29 08:35:03 +0000 2022","https://pbs.twimg.com/profile_images/1981344509465092096/DuxbUtbu_normal.png","0","1","1","0","0","0","","in","false",,,"false"
"1518947865212907522","https://x.com/GilangAlghfr/status/1518947865212907522","[ VISUALISASI DATA MICROSOFT BI ]
.
Perkenalkan nama saya Gilang Arya Alghifari dari Kelas Falkor, saya sedang mengikuti kegiatan Studi Independen pada program MSIB Kampus Merdeka Batch 2 di Mitra Mari Belajar dengan Posisi ""Information Worker"".
#maribelajar #Microsoft https://t.co/XTJJzrynQ5","Tue Apr 26 13:39:26 +0000 2022","https://pbs.twimg.com/profile_images/1988600066471534592/IgVs_EIL_normal.jpg","0","2","1","0","0","0","","in","false",,,"false"
"1496492718675009539","https://x.com/halalindonesia_/status/1496492718675009539","BPJPH Kemenag menerima 86 mahasiswa dalam Program Mahasiswa Magang &amp; Studi Independen Bersertifikat (MSIB) Kampus Merdeka Kementerian Pendidikan Riset dan Teknologi. 86 mahasiswa tersebut tersaring dari proses seleksi dari 11.073 pendaftar. https://t.co/pTLKHXel57","Wed Feb 23 14:30:42 +0000 2022","https://pbs.twimg.com/profile_images/1595991666955280384/CQhWLeLB_normal.jpg","0","1","1","0","0","1","","in","false",,,"false"
"1494929745947017216","https://x.com/muhammadiyah/status/1494929745947017216","Sebanyak 11 mahasiswa Institut Teknologi dan Bisnis Ahmad Dahlan (ITB-AD) lolos dalam Program Magang dan Studi Independen Bersertifikat (MSIB) Kampus Merdeka tahun 2022 Kemendikbud Ristek.
@itb_ahmaddahlan 

https://t.co/0smBdRdo0j

#Pendidikan #Muhammadiyah #Islam","Sat Feb 19 07:00:00 +0000 2022","https://pbs.twimg.com/profile_images/2013485179625525248/wiFn92aq_normal.jpg","2","0","14","0","0","1","","in","false",,,"false"
"1489961130055196679","https://x.com/polinema_campus/status/1489961130055196679","Bagi Mahasiswa Polinema yang akan mengikuti Program Magang dan Studi Independen Bersertifikat (MSIB) Kampus Merdeka TA 2021/2022, berikut kami lampirkan tautan formulir pengajuan surat rekomendasi Program MSIB Kampus Merdeka :
https://t.co/UNeiwQerP2

#polinema
#polinemajoss","Sat Feb 05 13:56:30 +0000 2022","https://pbs.twimg.com/profile_images/1628751671420669952/WbdE8w2x_normal.jpg","1","0","4","0","0","1","","in","false",,,"false"
"1476154556350296068","https://x.com/mptyprsn/status/1476154556350296068","First of all, kenalin namaku Anjani Nur Prameswari dan sekarang lagi menempuh semester 5 dijurusan Ilmu Komunikasi FISIP UB. Bersyukur banget tahun ini bisa magang dengan bantuan Program MSIB Kampus Merdeka, jadi bisa rasain pengalaman dunia kerja profesional. https://t.co/NTFYFL9b6q","Wed Dec 29 11:34:06 +0000 2021","https://pbs.twimg.com/profile_images/1484999113490186240/WoURtBeD_normal.jpg","0","2","3","0","0","1","","in","true",,,"false"
"1476151834246975492","https://x.com/mptyprsn/status/1476151834246975492","-A Thread-
My Journey in Kampung Kajoetangan
(Program MSIB Kampus Merdeka)
Halo gaiss, singkat cerita aku diterima sebagai mahasiswa intern disalah satu Integrated Marketing Communication Agency, yaitu Nava+ Group. So, here's my journey selama magang!! https://t.co/CFKBsFoBzW","Wed Dec 29 11:23:17 +0000 2021","https://pbs.twimg.com/profile_images/1484999113490186240/WoURtBeD_normal.jpg","3","1","23","0","0","19","","in","false",,,"false"
"1475443989595656194","https://x.com/M3juahjuah/status/1475443989595656194","Kemendikbudristek memastikan pencairan dana program Magang Studi Independen Bersertifikat (MSIB) Kampus Merdeka bakal dilanjutkan hingga 2022. 

Bagi yang belum Dapat Uang Saku Kampus Merdeka, Simak lengkap penjelasannya dibawah ini.

@Kemdikbud_RI @ditjendikti https://t.co/KueQURJ97X","Mon Dec 27 12:30:34 +0000 2021","https://pbs.twimg.com/profile_images/1517369343486881792/XWrGwPDp_normal.jpg","3","1","3","0","0","2","","in","false",,,"false"
"1472726922610163713","https://x.com/CDCUIcareer/status/1472726922610163713","Enterprise Internship Program (QEIP) Batch 2 sebagai bentuk dukungan terhadap program MSIB Kampus Merdeka.
Program magang ini terbuka bagi mahasiswa semester 5 hingga tingkat akhir dan akan berlangsung selama 6 bulan.
Terdapat 14 posisi yang tersedia pada program QEIP. Untuk https://t.co/pvZtwXx87d","Mon Dec 20 00:33:54 +0000 2021","https://pbs.twimg.com/profile_images/1448957821509197824/IKpbvoi6_normal.jpg","0","1","1","0","0","2","","in","true",,,"false"
"1471317036353482752","https://x.com/TelUCareer/status/1471317036353482752","bentuk dukungan terhadap program MSIB Kampus Merdeka. Program magang ini terbuka bagi mahasiswa semester 5 hingga tingkat akhir dan akan berlangsung selama 6 bulan.

Terdapat 14 posisi yang tersedia pada program QEIP. Untuk informasi lebih lanjut terkait rincian dan https://t.co/lbqtUBTgpg","Thu Dec 16 03:11:31 +0000 2021","https://pbs.twimg.com/profile_images/1240597320061685761/ospihhH8_normal.jpg","0","1","0","0","0","0","","in","true",,,"false"
"1470609218587619330","https://x.com/its_campus/status/1470609218587619330","#ITSUpdate

Halo, Arek-arek ITS!

Pendaftaran Program Magang dan Studi Independen Bersertifikat (MSIB) Kampus Merdeka Angkatan 2 telah dibuka!

Dibuka untuk mahasiswa aktif minimal semester 5. https://t.co/oMZ4phXBDa","Tue Dec 14 04:18:54 +0000 2021","https://pbs.twimg.com/profile_images/1371369262795825154/s8oWnJYU_normal.jpg","0","1","0","0","0","0","","in","false",,,"false"
"1461175220316762113","https://x.com/Kemdiktisaintek/status/1461175220316762113","Hai, Rekan MSIB Kampus Merdeka!
Tentu kamu semua ingin tahu seperti apa perkembangan proses pencairan uang saku mahasiswa MSIB ya. Nah, simak perkembangan terbaru ini ya!
#uangsakumsibcair #kampusmerdeka

[sebuah utas]","Thu Nov 18 03:31:34 +0000 2021","https://pbs.twimg.com/profile_images/2029827458510565376/FIB5Wf_5_normal.jpg","51","53","157","47","0","13","","in","false",,,"false"
"1453910750351613956","https://x.com/ChangeOrg_ID/status/1453910750351613956","😲 jadi ini magang merdeka atau magang merana ya? hehehe

pantesan Aspirasi Mahasiwa MSIB Kampus Merdeka Angkatan 1 minta @Kemdikbud_RI segera realisasikan uang saku anak magang😩 baca cerita lengkapnya di petisinya👉🏾 https://t.co/K8ds6xkYLy","Fri Oct 29 02:25:09 +0000 2021","https://pbs.twimg.com/profile_images/2785243807/1801a965ac6834af999a0919ed662fb0_normal.png","15","2","36","4","0","2","","in","false",,"true","false"
"1452574746357370894","https://x.com/ChangeOrg_ID/status/1452574746357370894","kata Aspirasi Mahasiswa MSIB Kampus Merdeka Angkatan 1, anak-anak magang Merdeka Belajar dari @Kemdikbud_RI juga belum diberikan uang bayaran yang jadi hak mereka, loh🤭🤭
Cek cerita lengkapnya di petisinya, https://t.co/bVG9dSDV2G","Mon Oct 25 09:56:21 +0000 2021","https://pbs.twimg.com/profile_images/2785243807/1801a965ac6834af999a0919ed662fb0_normal.png","1","0","5","0","0","1","","in","true",,,"false"
"1451458368485294087","https://x.com/MagangStudi/status/1451458368485294087","Kepada para petinggi &amp; penyelenggara program Magang &amp; Studi Independen Bersertifikat (MSIB) Kampus Merdeka, tolong baca petisi ini dan kabulkan permohonan kami, serta kedepanya agar lebih profesional lagi dalam menjalankan program ini, terima kasih","Fri Oct 22 08:00:16 +0000 2021","https://pbs.twimg.com/profile_images/1467311410635894787/6z0m0BFe_normal.jpg","2","1","13","0","0","1","","in","true",,,"false"
"1430055987851923462","https://x.com/VokasiUB/status/1430055987851923462","Pengumuman Mahasiswa yang Diterima Program Magang dan Studi Independen Bersertifikat (MSIB) Kampus Merdeka
https://t.co/WqtpLe9tzM","Tue Aug 24 06:34:51 +0000 2021","https://pbs.twimg.com/profile_images/1478560919139483649/udHW_Zmb_normal.jpg","0","0","0","0","0","0","","in","false",,,"false"
"1418780077572059137","https://x.com/okezonenews/status/1418780077572059137","Mau Ikut Beasiswa MSIB Kampus Merdeka? Ini Syaratnya    #LengkapCepatBeritanya #BeritaTerkini #Kampus #KampusUpdate . https://t.co/rRzYAweyzE","Sat Jul 24 03:48:24 +0000 2021","https://pbs.twimg.com/profile_images/1925458463834214400/Rw_-n1dG_normal.jpg","0","0","1","0","0","0","","in","false",,,"false"
"1418773576430198786","https://x.com/okezonenews/status/1418773576430198786","Kemendikbudristek: Program MSIB Kampus Merdeka Dibuka    #LengkapCepatBeritanya #BeritaTerkini #Kampus #KampusUpdate . https://t.co/hOaJbdoi6Z","Sat Jul 24 03:22:34 +0000 2021","https://pbs.twimg.com/profile_images/1925458463834214400/Rw_-n1dG_normal.jpg","0","0","0","0","0","0","","in","false",,,"false"
"1525787598966632448","https://x.com/ahmrudii/status/1525787598966632448","Bentar lagi MSIB (Magang dan Studi Independen Bersertifikat) angkatan ketiga dibuka nih. Tahun kemarin sih mulai Juni udah dibuka pendaftarannya. Buat temen-temen yang mau daftar, disini aku sharing pengalamanku, apa aja yang harus disiapin sebelum daftar MSIB    
- a thread https://t.co/imhRT99xgZ","Sun May 15 10:38:06 +0000 2022","https://pbs.twimg.com/profile_images/1969190135951736832/77AcCxRT_normal.jpg","14","1","40","4","0","68","","in","false",,,"false"
"1499003854859358208","https://x.com/bizaaja/status/1499003854859358208","Akhirnya drama skripsi yg lama di revisi dan pake joki batal, akhir nya nambah smt+ikut msib magang dan ngerjain penulisan sendiri sampe nunggu lama sidang, kelar juga hari ini hahaha.

Mungkin twit ini bisa menjadi pengingat ketika lelah saat gua kerja nanti.","Wed Mar 02 12:49:03 +0000 2022","https://pbs.twimg.com/profile_images/1469647777021845506/6md6WKF2_normal.jpg","0","0","1","0","0","0","","in","false",,,"false"
"1485948463397613569","https://x.com/sbyfess/status/1485948463397613569","-rek kemarin ada yang ikut MSIB magang kampus merdeka batch 1 nggak? itu ada interview dulu apa gmn proses seleksinya?","Tue Jan 25 12:11:35 +0000 2022","https://pbs.twimg.com/profile_images/1610997611762446336/d7Xxzlc4_normal.jpg","0","1","0","0","0","0","","in","false",,,"false"
"1461700575054098433","https://x.com/samdalrii/status/1461700575054098433","✨Share Tips Lolos MSIB (Magang dan Studi Independent Bersertifikat) Kampus Merdeka✨","Fri Nov 19 14:19:08 +0000 2021","https://pbs.twimg.com/profile_images/1761366034584641536/FyXWD37J_normal.jpg","15","1","42","1","0","79","","in","false",,"true","false"
"1456078783992131584","https://x.com/MagangStudi/status/1456078783992131584","Program ini memberikan hak bagi mahasiswa untuk belajar di luar program studinya selama 1-2 semester, dan salah satu sub-program dari Kampus Merdeka adalah MSIB (Magang &amp; Studi Independen Bersertifikat).","Thu Nov 04 02:00:09 +0000 2021","https://pbs.twimg.com/profile_images/1467311410635894787/6z0m0BFe_normal.jpg","1","1","11","0","0","0","","in","true",,,"false"
"1453914761393938433","https://x.com/MagangStudi/status/1453914761393938433","Salah satu sub-program dari kampus merdeka ialah MSIB (Magang &amp; Studi Independen Bersertifikat) dimana mahasiswa akan menempuh pendidikan di luar program studi berupa magang / studi independen di mitra2 yg bekerjasama dengan pihak Kemendikbud RI selama 1-2 semester (6-12 bulan)","Fri Oct 29 02:41:06 +0000 2021","https://pbs.twimg.com/profile_images/1467311410635894787/6z0m0BFe_normal.jpg","1","1","23","0","0","0","","in","true",,,"false"
"1450830529402576897","https://x.com/MagangStudi/status/1450830529402576897","Jadi pertama kenalin, gw adalah akun yang didedikasikan khusus untuk menyatakan aspirasi mahasiswa peserta program MSIB (Magang &amp; Studi Independen Bersertifikat) yang merupakan salah satu bentuk program Kampus Merdeka gagasan dari Bapak Nadiem Makarim mengenai kemerdekaan belajar","Wed Oct 20 14:25:27 +0000 2021","https://pbs.twimg.com/profile_images/1467311410635894787/6z0m0BFe_normal.jpg","6","1","36","1","0","0","","in","true",,,"false"
"1541926266638520320","https://x.com/nomcih/status/1541926266638520320","𝙂𝙞𝙢𝙖𝙣𝙖 𝙘𝙖𝙧𝙖 𝙙𝙖𝙛𝙩𝙖𝙧𝙣𝙮𝙖?
Kalian bisa buat akun dulu di website

https://t.co/Mur6lPT93E

lengkapin semua berkas &amp; data diri (ada cv, sertif, data diri, sosmed, dll) kalau dirasa udah lengkap bisa langsung pilih program yg lagi dibuka, saat ini ada msib yg bukaan.","Tue Jun 28 23:27:24 +0000 2022","https://pbs.twimg.com/profile_images/1695409315753201665/Ht1TQDIM_normal.jpg","0","1","2","0","0","2","","in","true",,,"false"
"1541924848380682240","https://x.com/nomcih/status/1541924848380682240","𝙥𝙧𝙤𝙜𝙧𝙖𝙢 𝙠𝙖𝙢𝙥𝙪𝙨 𝙢𝙚𝙧𝙙𝙚𝙠𝙖 𝙘𝙪𝙢𝙖 𝙢𝙨𝙞𝙗 𝙖𝙟𝙖?
oh tentu tidak, ada
• Magang dan studi independen bersertifikat
• Bangkit google
• Kampus Mengajar
• Penggerak Muda
• Pertukaran Mahasiswa (ada univ lokal dan luar)
• Kmmi
• Gerilya
• Wirausaha •dsb","Tue Jun 28 23:21:46 +0000 2022","https://pbs.twimg.com/profile_images/1695409315753201665/Ht1TQDIM_normal.jpg","2","1","6","0","0","1","","in","true",,,"false"
"1541923758759284736","https://x.com/nomcih/status/1541923758759284736","[𝘼 𝙏𝙝𝙧𝙚𝙖𝙙 — 𝙎𝙝𝙖𝙧𝙞𝙣𝙜 𝙋𝙚𝙣𝙜𝙖𝙡𝙖𝙢𝙖𝙣 𝙎𝙚𝙥𝙪𝙩𝙖𝙧 𝙈𝙖𝙜𝙖𝙣𝙜 𝙙𝙖𝙣 𝙎𝙩𝙪𝙙𝙞 𝙄𝙣𝙙𝙚𝙥𝙚𝙣𝙙𝙚𝙣 𝘽𝙚𝙧𝙨𝙚𝙧𝙩𝙞𝙛𝙞𝙠𝙖𝙩 𝙆𝙖𝙢𝙥𝙪𝙨 𝙈𝙚𝙧𝙙𝙚𝙠𝙖]

#MSIB #KampusMerdeka","Tue Jun 28 23:17:26 +0000 2022","https://pbs.twimg.com/profile_images/1695409315753201665/Ht1TQDIM_normal.jpg","11","4","59","1","0","27","","in","false",,,"false"
"1541759297960411136","https://x.com/franciscoplou/status/1541759297960411136","Aportando nuestro granito de arena al #MSIB Máster en Biología Sintética Integrativa organizado por la @UIMP y el @CSIC, con participación del @CsicLifehub
En la rotación de hoy hemos realizado experimentos con enzimas, inmovilizado levaduras y analizado por HPLC las reacciones https://t.co/BP6krBEKTC","Tue Jun 28 12:23:55 +0000 2022","https://pbs.twimg.com/profile_images/1968738132343349248/Kre8raT8_normal.jpg","2","1","20","0","0","0","","es","false",,,"false"
"1541693310322229248","https://x.com/umsofficialid/status/1541693310322229248","Program Magang Studi Independen Bersertifikat (MSIB) angkatan 3 Dibuka Bestie....!

Surat Rekomendasi bisa langsung mengisi di gform : https://t.co/6VguDJOAML

#kampusmerdekaindonesiajaya
#MSIB
#UMSurakarta
#UnggulMencerahkan 

Sumber : @io.ums.official https://t.co/CyoIOmN8yx","Tue Jun 28 08:01:43 +0000 2022","https://pbs.twimg.com/profile_images/1556964544936681472/_PAPPuFw_normal.jpg","0","0","2","0","0","0","","in","false",,,"false"
"1541686569022545920","https://x.com/nomcih/status/1541686569022545920","@shivaaaaa__ @methapang @worksfess aku ngga tau boleh ngga nyebutinnya, tp aku magang msib di mitra kementerian 😭","Tue Jun 28 07:34:55 +0000 2022","https://pbs.twimg.com/profile_images/1695409315753201665/Ht1TQDIM_normal.jpg","0","2","2","0","0","4","","in","true",,,"false"
"1541318423300698112","https://x.com/itk_official_/status/1541318423300698112","Halo sobat Specta!

Program Magang dan Studi Independen Bersertifikat (MSIB) Kampus merdeka dibuka lagi loh. Yuk segera daftar, syaratnya cukup kamu sebagai mahasiswa aktif minimal semester 5.

Berkas pendaftarannya apa aja?
1. CV
2. Transkrip Nilai https://t.co/NF0SrlszBh","Mon Jun 27 07:12:03 +0000 2022","https://pbs.twimg.com/profile_images/1981157100819558401/hHcranhh_normal.jpg","2","1","8","0","0","2","","in","false",,,"false"
"1540595314687889409","https://x.com/republikaonline/status/1540595314687889409","MSIB kurang lebih memiliki 800 mitra dan ini menjadi peluang mahasiswa https://t.co/W20umAdH76","Sat Jun 25 07:18:40 +0000 2022","https://pbs.twimg.com/profile_images/1922868522826465280/mzuJnDJD_normal.jpg","0","0","1","0","0","0","","in","false",,,"false"
"1540521165684641792","https://x.com/BEMUI_Adkesma/status/1540521165684641792","PERMOHONAN SURAT REKOMENDASI DAN SPTJM MSIB BATCH 3 https://t.co/lNkqD1v1Ji","Sat Jun 25 02:24:02 +0000 2022","https://pbs.twimg.com/profile_images/2058160761818710016/zaDi0Z6Q_normal.jpg","0","1","0","0","0","1","","in","false",,,"false"
"1540398162602508289","https://x.com/VisitBocaChica/status/1540398162602508289","Hot off the presses!  MSIB just released for possible static fire testing during 27-30 Jun 2022!  Testing window from 10a.m. - 10p.m.  #BocaChica #Starship #WenStaticFire #StarshipFleet 🚀🔥 https://t.co/fMqB0D8bA0","Fri Jun 24 18:15:15 +0000 2022","https://pbs.twimg.com/profile_images/1840279375725383680/O0AvMXAJ_normal.jpg","67","6","336","26","0","6","","en","false",,,"false"
"1540381412813344768","https://x.com/sasaasinrasanya/status/1540381412813344768","@collegemenfess Itu kalo kepepet bgt bener2 gada jalan lain. Tapi biasanya aku nyari lewat tmn yg udh diterima magang, linkedin, sama instagram ""anak magang"". Atau ikut program msib sama kmmb fchi.","Fri Jun 24 17:08:42 +0000 2022","https://pbs.twimg.com/profile_images/1709512696977293312/lD5e_r9W_normal.jpg","0","1","2","0","0","1","","in","true",,,"false"
"1540214278028152832","https://x.com/HIMAKBMKMUnsoed/status/1540214278028152832","[MERDEKA CENTER] 

Hallo KBMKM!👋
Ada kabar gembira nih!✨ 

Kami dari divisi keilmuan hadir untuk membagikan informasi MBKM yang dibuka bulan Juni-Juli 2022. Penasaran kan programnya apa? Yuk check this out 👇 

Program Magang dan Studi Independen Bersertifikat (MSIB) angkatan https://t.co/ZFNTp87x8e","Fri Jun 24 06:04:34 +0000 2022","https://pbs.twimg.com/profile_images/979778473433509893/YwWBVBY1_normal.jpg","0","1","4","0","0","3","","in","false",,,"false"
"1540085244379992064","https://x.com/ege1v/status/1540085244379992064","@elifannenisikim @kissmemoremert mal msib engel atsa nasil mens atcan","Thu Jun 23 21:31:50 +0000 2022","https://pbs.twimg.com/profile_images/1540612042566115328/X3XgMWqy_normal.jpg","0","0","1","0","0","0","","in","false",,,"false"
"1539573533730172929","https://x.com/LPMTEROPONGUMSU/status/1539573533730172929","Dalam Sosialisasi dan Workshop Magang dan Studi Independen  Bersertifikat (MSIB) batch 3 Universitas Muhammadiyah Sumatera Utara (UMSU). Baca selengkapnya di https://t.co/caVY9xXi98 https://t.co/9rtn85gvaq","Wed Jun 22 11:38:28 +0000 2022","https://pbs.twimg.com/profile_images/1861988381888323584/pGo_pKNJ_normal.jpg","0","0","1","0","0","0","","in","false",,,"false"
"1538149960566177792","https://x.com/AB6IX_ID/status/1538149960566177792","[❤️/220618]
Dream Concert bersama ABNEW💫 Terima msib kepada ABNEW yang hari ini menyemangati kami secara offline dan online ❤️ ABNEW adalah SAVIOR Yeppi🤍 

#AB6IX    #에이비식스    #전웅    #김동현    #박우진    #이대휘","Sat Jun 18 13:21:42 +0000 2022","https://pbs.twimg.com/profile_images/1838063540613292033/iduLge9s_normal.jpg","0","0","9","0","0","0","","in","false",,"true","false"
"1537628624366743553","https://x.com/DiktiVokasi/status/1537628624366743553","Halo #SobatVokasi, ingin perusahaan anda menjadi bagian dari Magang &amp; Studi Independen Bersertifikat (MSIB), salah satu program unggulan Kampus Merdeka? Jika iya, yuk simak informasinya pada tautan ini https://t.co/IpdIP3WnFZ. 
#DiktiVokasi
#MSIB 
#KampusMerdeka","Fri Jun 17 02:50:06 +0000 2022","https://pbs.twimg.com/profile_images/1593470679151972352/FTq8o-_s_normal.jpg","0","0","1","0","0","0","","in","false",,,"false"
"1537602527277064192","https://x.com/unudmenfess/status/1537602527277064192","/imissu kakak2, itu MSIB bisa daftar waktu di smt 5 kan ya?","Fri Jun 17 01:06:24 +0000 2022","https://pbs.twimg.com/profile_images/1602591850342551553/c3UcBvEq_normal.jpg","0","1","2","0","0","1","","in","false",,,"false"
"1537378733937463297","https://x.com/UdayanaUniv/status/1537378733937463297","Program Magang dan Studi Independen (MSIB) Paling Diminati Mahasiswa https://t.co/3w6ygLiY4y https://t.co/azQxusryX4","Thu Jun 16 10:17:07 +0000 2022","https://pbs.twimg.com/profile_images/1179590665069424640/HjPGiqPs_normal.jpg","0","0","1","0","0","3","","in","false",,,"false"
"1537317777186471936","https://x.com/unudmenfess/status/1537317777186471936","Klau mau dftr MSIB, cptan dftr aja GAUSA nunggu temen kalian dftr. Seleksi lalu, tiba-tiba aja udah finalisasi seleksi padahal di webnya masih dalam tahap seleksi dan bye temenku yg lambat🤭 /imissu","Thu Jun 16 06:14:54 +0000 2022","https://pbs.twimg.com/profile_images/1602591850342551553/c3UcBvEq_normal.jpg","0","2","2","0","0","0","","in","false",,,"false"
"1534713816533340162","https://x.com/_staywithskz/status/1534713816533340162","@lesyeuxdebyla Udah bukan rahasia lagi ini. Aku alumni Kampus Mengajar Angkatan 1 dan MSIB Angkatan 1. Pas KM 1 walaupun allowance SELALU telat cair, masih aman karena msh di kota sendiri dan KM1 belum ada yg keluar kota. Tapi pas MSIB 1, aku dapet magang di Bandung (aku org Medan) alhasil (1)-","Thu Jun 09 01:47:42 +0000 2022","https://pbs.twimg.com/profile_images/1554924994626715648/My4C3MWB_normal.jpg","0","1","1","0","0","0","","in","true",,,"false"
"1534554578129387520","https://x.com/sbyfess/status/1534554578129387520","-rek yang mahasiswa udh bisa daftar magang msib kampus merdeka? ini search posisi kok kosong trs yaaa","Wed Jun 08 15:14:56 +0000 2022","https://pbs.twimg.com/profile_images/1610997611762446336/d7Xxzlc4_normal.jpg","0","2","1","0","0","0","","in","false",,,"false"
"1534517426649387009","https://x.com/doni_firmans/status/1534517426649387009","Contohnya ini. MSIB udah buka pendaftaran angkatan 3, sedangkan angkatan 2 pun masih berjalan, apalagi uang sakunya telat wkwk. Mitra msib pun sedang sibuk ngurusin angkatan sebelumnya yang belum kelar. Alhasil di website belum ada mitra satupun. https://t.co/5GDtWZXZ1h","Wed Jun 08 12:47:19 +0000 2022","https://pbs.twimg.com/profile_images/1960739063998414848/cXjvyqn5_normal.jpg","0","1","2","0","0","1","","in","true",,,"false"
"1534503119177977856","https://x.com/zmjjrr_/status/1534503119177977856","@lesyeuxdebyla sedikit tips dari aku yg pernah ikut MSIB batch pertama, kalo temen-temen mau ikut program kampus merdeka usahakan jangan karena uang saku/dana bantuan hidup ya. apalagi sampe ngekost di luar kota ngandelin uang saku/dana bantuan hidup dari program. berkaca dari pengalaman aku,","Wed Jun 08 11:50:27 +0000 2022","https://pbs.twimg.com/profile_images/1978508825289445376/ne6_J6pv_normal.jpg","16","5","152","3","0","10","","in","true",,,"false"
"1534336536048676864","https://x.com/ihsanurroihan11/status/1534336536048676864","Alhamdulillah god bless me until the middle of the year, dari MSIB -&gt; IISMA. Semoga keberuntungan selalu menyertai saya dan teman2 diakhir sisa tahun ini 🙏. Mohon doa dan dukungannya teman2 🙏. https://t.co/2Qto6lepCv","Wed Jun 08 00:48:31 +0000 2022","https://pbs.twimg.com/profile_images/1992509263919587328/a4JOLBMS_normal.jpg","0","10","22","0","0","0","","in","false",,,"false"
"1533805202288963585","https://x.com/upi_official/status/1533805202288963585","(1/2) Halo, #SivitasUPI!
Ada kabar gembira lho, MSIB Kampus Merdeka Batch 3 akan segera dilaksanakan kembali. Untuk informasi lebih lanjut, #SivitasUPI dapat mengakses melalui laman dibawah ini ya!
https://t.co/5l2pJDRMi8 https://t.co/peA1zeXgvM","Mon Jun 06 13:37:11 +0000 2022","https://pbs.twimg.com/profile_images/1876824842902884352/ymnz8PYV_normal.jpg","0","1","2","0","0","0","","in","false",,,"false"
"1533136372629852162","https://x.com/sapereaudee__/status/1533136372629852162","@collegemenfess Ayo nder ikut program MBKM, ada kampus mengajar, magang, studi independen, dll. Aku mulai eksplorasi diri di smt5 ikut kamjar dan smt6 skrng tudi independen. Asli bnyak benefit yg km dapetin, di MSIB dpet sertifikasi internasional gratis dan itu kepake bgt di dunia kerja nanti.","Sat Jun 04 17:19:30 +0000 2022","https://pbs.twimg.com/profile_images/1788643277685784578/QGG4lHk2_normal.jpg","0","2","2","0","0","2","","in","true",,,"false"
"1533084927570219008","https://x.com/tyrielishin/status/1533084927570219008","@ditjendikti min, mau tanya, semester 5 saya ikut program pertukaran mahasiswa merdeka (pmm kampus merdeka) dan semester 6 saya ikut program studi independent (msib), jika di semester 7 saya ingin mengikuti program magang kampus merdeka apakah bisa karna sudah ikut 2 kali mbkm?","Sat Jun 04 13:55:04 +0000 2022","https://pbs.twimg.com/profile_images/1962743372705341440/jXzOMQZu_normal.jpg","0","2","2","0","0","3","","in","false",,,"false"
"1532957653785120769","https://x.com/zonamahasiswaid/status/1532957653785120769","Kemendikbudristek kembali membuka program Magang dan Studi Independen Bersertifikat (MSIB) III untuk mahasiswa. Simak jadwal lengkapnya ya.
https://t.co/gA5Dt4L0MP","Sat Jun 04 05:29:20 +0000 2022","https://pbs.twimg.com/profile_images/1387294794146144261/zo4mE-7H_normal.jpg","1","0","2","0","0","0","","in","false",,,"false"
"1532802161108606978","https://x.com/Awarzy/status/1532802161108606978","Bulan Juni bakal lebih beratt.
- UAS 
- Ketua TEDxUNDIP
- Kabid PSDM BEM (Diskad, Lokad, Roadshow)
- LMD-P Salman
- Final Project MSIB 
- Presentasi Skripsi (BAB 1-3) 
- Tim Pendikar Universitas
- SC ODM FE &amp; LKMMD 
- Sertifikasi BNSP MSDM (27 Jun)

Stay strong 🐣 Bismillah","Fri Jun 03 19:11:27 +0000 2022","https://pbs.twimg.com/profile_images/1757676688165777408/k-mCw4hw_normal.jpg","0","1","2","1","0","0","","in","false",,,"false"
"1532757676639195136","https://x.com/ariecahyoa/status/1532757676639195136","Kalian ga sendirian kok guys. Kita semua peserta MSIB Angkatan 2 lagi merasakan ini. Sangat tidak ada transparansi data dan janji yang diberikan Tim MSIB tidak sesuai dengan yang diharapkan. Kalian yang sedang dalam perantauan tetap semangat guys.#MSIBBatch2 #CairkanUangSakuMSIB2","Fri Jun 03 16:14:42 +0000 2022","https://pbs.twimg.com/profile_images/1763151768190615552/FtFcZ3xG_normal.jpg","1","1","2","0","0","0","","in","true",,,"false"
"1532757673141100544","https://x.com/ariecahyoa/status/1532757673141100544","(Deep) Ikut sedih banget rasanya ngeliat curhatan teman2 sesama peserta Magang dan Studi Independen Bersertifikat (MSIB) yang mengeluhkan dan menantikan hak uang saku termin ke-2. Dan yang aku rasain sendiri. Namun aku lebih beruntung karena masih di wilayah sendiri. #MSIB https://t.co/3pLJ1rtnpi","Fri Jun 03 16:14:41 +0000 2022","https://pbs.twimg.com/profile_images/1763151768190615552/FtFcZ3xG_normal.jpg","1","1","5","0","0","1","","in","false",,,"false"
"1532547253759463424","https://x.com/kompascom/status/1532547253759463424","Program Magang dan Studi Independen Bersertifikat (MSIB) angkatan 3 resmi dibuka. Mahasiswa D2, D4 dan S1 bisa mendaftar hingga Juli 2022. https://t.co/N6p84PTyOp","Fri Jun 03 02:18:33 +0000 2022","https://pbs.twimg.com/profile_images/1577144849437888514/d9x3nKN8_normal.jpg","1","0","2","0","0","0","","in","false",,,"false"
"1532286825032601600","https://x.com/seputarkampus/status/1532286825032601600","Kami akan menyelenggarakan webinar tentang magang dan studi independen bersertifikat, yang merupakan salah satu program yang ditawarkan oleh Kampus Merdeka. Webinar ini bertujuan untuk memberikan pengenalan program MSIB kepada mahasiswa, termasuk gambaran umum,","Thu Jun 02 09:03:42 +0000 2022","https://pbs.twimg.com/profile_images/1275034040542752768/XmoD3UiY_normal.jpg","1","1","2","0","0","0","","in","true",,,"false"
"1532286715380912129","https://x.com/seputarkampus/status/1532286715380912129","[KAMPUS MERDEKA MSIB x IMAGAMA PUBLIC LECTURE 2022: Mengenal Lebih Dekat Magang dan Studi Independen Bersertifikat]

Kampus Merdeka, salah satu program kerja Menteri Pendidikan dan Kebudayaan, https://t.co/hE0x6tpklI","Thu Jun 02 09:03:16 +0000 2022","https://pbs.twimg.com/profile_images/1275034040542752768/XmoD3UiY_normal.jpg","1","1","2","1","0","0","","in","false",,,"false"
"1532275855153504258","https://x.com/kompascom/status/1532275855153504258","Sejak diluncurkan pada 2021, program MSIB telah menerjunkan lebih dari 37 ribu mahasiswa di lebih dari 250 mitra. https://t.co/LRJJSEuwwL","Thu Jun 02 08:20:06 +0000 2022","https://pbs.twimg.com/profile_images/1577144849437888514/d9x3nKN8_normal.jpg","0","0","2","0","0","0","","in","false",,,"false"
"1532174548774584321","https://x.com/lemmediiee/status/1532174548774584321","OMG ABIS DIJULIDIN MSIB LGSG CAIR ANJENGGG AAARGHHHH SENENG BGTTT","Thu Jun 02 01:37:33 +0000 2022","https://pbs.twimg.com/profile_images/2059672714353512457/t_eXslcW_normal.jpg","0","0","2","0","0","0","","in","false",,,"false"
"1531946741918203904","https://x.com/lemmediiee/status/1531946741918203904","knp msib duitnya blm cair jingg","Wed Jun 01 10:32:20 +0000 2022","https://pbs.twimg.com/profile_images/2059672714353512457/t_eXslcW_normal.jpg","0","3","8","0","0","0","","in","false",,,"false"
"1531911700278300672","https://x.com/annisamortafia/status/1531911700278300672","@ab4ndonrd @recenthought @nonachuloo @MutiaraIPS @akkuVivie Kalo info yg aku dapet, baru aja banget sidangnya, dah kelar, dah daftar wisuda, yg ngurus Eril dari kecil yg cerita kalo Eril bulan ini wisuda dan ulang tahun. MSIB kan dah masuk akhir"" bgt, tinggal nunggu nilai","Wed Jun 01 08:13:05 +0000 2022","https://pbs.twimg.com/profile_images/1268810908161110016/B17Bp5P7_normal.jpg","0","2","4","0","0","0","","in","true",,,"false"
"1530863828900392961","https://x.com/schcampus/status/1530863828900392961","Ada ga si disini gara gara ikut msib jadi ni1l4ai kita di konversinya lama, padahal mau sidang skripsi kudu lengkapin berkas sidang. Kalian ada yg gini ga? apa boleh sidang dulu abis itu ni1l4ainya menyusul campus!","Sun May 29 10:49:13 +0000 2022","https://pbs.twimg.com/profile_images/1799284311558176768/GoOG3F1T_normal.jpg","0","0","0","0","0","0","","in","false",,,"false"
"1530830062869946368","https://x.com/worksfess/status/1530830062869946368","Work! Disini ada yg perusahannya lagi ngurus buat ikutan MSIB kampus merdeka? Atau ada yg kmrn udh lolos? Mau nanya nanya dong boleh?","Sun May 29 08:35:03 +0000 2022","https://pbs.twimg.com/profile_images/1981344509465092096/DuxbUtbu_normal.png","0","1","1","0","0","0","","in","false",,,"false"
"1529340312514351104","https://x.com/aulia_mumtaza/status/1529340312514351104","@bambatm @hrdbacot Msib itu apa?","Wed May 25 05:55:18 +0000 2022","https://pbs.twimg.com/profile_images/1266595244868419585/XHO1VnOn_normal.jpg","0","1","0","0","0","0","","in","true",,,"false"
"1529141818939547648","https://x.com/DrAustinRBrown/status/1529141818939547648","To paraphrase the great @nprscottsimon, I’m on campus, caffeinated, and ready to celebrate another successful thesis defense of one of my @KSUCSM MSIB students 🥳😎👍🏻🦉","Tue May 24 16:46:34 +0000 2022","https://pbs.twimg.com/profile_images/1344393761204404225/9TiP-6e-_normal.jpg","0","0","2","0","0","0","","en","false",,,"false"
"1528535979816271873","https://x.com/galurmutan/status/1528535979816271873","@collegemenfess Terus cari magang, ikut MSIB batch 1 uang sakunya mepet UMR Jakarta, WFH. Alhamdulillah udah punya duit buat bayar sampe smt 8

Semangat nder, coba cari part time dulu. Kalo berat bisa ngomong baik baik seenggaknya uang saku masih ditanggung ortu :""","Mon May 23 00:39:11 +0000 2022","https://pbs.twimg.com/profile_images/2022653134322208768/pb94T8ms_normal.jpg","0","0","4","0","0","2","","in","true",,,"false"
"1526973704709853184","https://x.com/JavierBuceta/status/1526973704709853184","y ahora...como parte de las actividades del #MSIB (Master en Biologia Sintetica Integrativa) organizadas por el @i2sysbio asistimos a la presentacion del libro de @aberron (que parece que se lo ha pasado bien en Valencia!) con @JuliPereto y @anna_mateu @Revista_Metode https://t.co/ggsRlGqIAu","Wed May 18 17:11:15 +0000 2022","https://pbs.twimg.com/profile_images/1116318136423333888/ffYN7enz_normal.png","1","0","11","0","0","0","","es","false",,,"false"
"1526605838042812416","https://x.com/anex_ties/status/1526605838042812416","randomly made vaporwave album cover

tugas msib suruh praktik pake paint 3d malah bikin ginian... https://t.co/N4eUUFO7YQ","Tue May 17 16:49:29 +0000 2022","https://pbs.twimg.com/profile_images/1212939573161971713/xWDf9FY5_normal.jpg","0","0","0","0","0","0","","in","false",,,"false"
"1525787598966632448","https://x.com/ahmrudii/status/1525787598966632448","Bentar lagi MSIB (Magang dan Studi Independen Bersertifikat) angkatan ketiga dibuka nih. Tahun kemarin sih mulai Juni udah dibuka pendaftarannya. Buat temen-temen yang mau daftar, disini aku sharing pengalamanku, apa aja yang harus disiapin sebelum daftar MSIB    
- a thread https://t.co/imhRT99xgZ","Sun May 15 10:38:06 +0000 2022","https://pbs.twimg.com/profile_images/1969190135951736832/77AcCxRT_normal.jpg","14","1","40","4","0","68","","in","false",,,"false"
"1524987397561528321","https://x.com/studiozukuri/status/1524987397561528321","would anyone be interested if zukuri 1 sold her MSIB Kenma Nendoroid GSC Exclusive ? ^__^ i have 2 incoming, i only plan on keeping one !","Fri May 13 05:38:23 +0000 2022","https://pbs.twimg.com/profile_images/1466054778325463041/Q7t3FvSj_normal.jpg","1","0","3","0","0","0","","en","false",,,"false"
"1524615352528908296","https://x.com/haikerja/status/1524615352528908296","MSIB CORPORATE CONSULTANCY SDN. BHD.

1. ACCOUNTING ASSISTANT
2. KEY ACCOUNT ASSISTANT
3. ACCOUNT RECEIVABLE ASSISTANT
4. ACCOUNT PAYABLE ASSISTANT
5. ACCOUNTANT ASSISTANT
6. ACCOUNT ASSISTANT

Tarikh Tutup : 25 Mei 2022
https://t.co/eltWnKQhVR

Like &amp; Rt Gaisss 🙏","Thu May 12 05:00:00 +0000 2022","https://pbs.twimg.com/profile_images/762416365818957824/oyNpBHAy_normal.jpg","2","0","0","0","0","0","","en","false",,,"false"
"1518947865212907522","https://x.com/GilangAlghfr/status/1518947865212907522","[ VISUALISASI DATA MICROSOFT BI ]
.
Perkenalkan nama saya Gilang Arya Alghifari dari Kelas Falkor, saya sedang mengikuti kegiatan Studi Independen pada program MSIB Kampus Merdeka Batch 2 di Mitra Mari Belajar dengan Posisi ""Information Worker"".
#maribelajar #Microsoft https://t.co/XTJJzrynQ5","Tue Apr 26 13:39:26 +0000 2022","https://pbs.twimg.com/profile_images/1988600066471534592/IgVs_EIL_normal.jpg","0","2","1","0","0","0","","in","false",,,"false"
"1518489426485125128","https://x.com/seerryyyy/status/1518489426485125128","!!WTS!! help rt🙏
Nendoroid Banana Fish 🍌🐟
Both MSIB Condition!

• Nendoroid Ash Lynx 1077
Damage di pojok box, IDR 1,700.000
• Nendoroid Eiji Okumura 1082
Perfect Condition (no damage) IDR 1.820.000

Take all 3.320.000 

Bisa Nego~
Bisa via oren 🧡 dan ijo💚 https://t.co/39V476jsEX","Mon Apr 25 07:17:46 +0000 2022","https://pbs.twimg.com/profile_images/1917222091772047360/iYTmnQ5t_normal.jpg","26","3","26","13","0","4","","in","false",,,"false"
"1514705758822322180","https://x.com/SokoToys/status/1514705758822322180","""Found this MSIB for a somewhat reasonable price. I want to build it, but I kinda don’t. What to do?"" -Zappoteek_99 #Lego https://t.co/WRtUgbfLzd","Thu Apr 14 20:42:49 +0000 2022","https://pbs.twimg.com/profile_images/1628149208128561159/7pHkF18v_normal.jpg","0","0","3","0","0","0","","en","false",,,"false"
"1514584140271992833","https://x.com/PDI_Perjuangan/status/1514584140271992833","Politisi PDI Perjuangan itu menjelaskan, Smart Kampung perlu adanya pengembangan. Smart Kampung di desa yang dipilih sebagai tempat MSIB masih memerlukan pengembangan, termasuk di sektor-sektor lain selain pelayanan publik.","Thu Apr 14 12:39:33 +0000 2022","https://pbs.twimg.com/profile_images/1724492479410692096/doyVcD5z_normal.jpg","0","1","1","0","0","0","","in","true",,,"false"
"1514584138627809282","https://x.com/PDI_Perjuangan/status/1514584138627809282","Kemendikbudristek memilih “Smart Kampung” Banyuwangi sebagai salah satu tuan rumah kategori tinggi program MSIB sejajar dengan program di beberapa korporasi besar seperti Shopee, Gojek, Tokopedia, dan Telkomsel.","Thu Apr 14 12:39:32 +0000 2022","https://pbs.twimg.com/profile_images/1724492479410692096/doyVcD5z_normal.jpg","0","1","2","0","0","0","","in","true",,,"false"
"1514584132571246594","https://x.com/PDI_Perjuangan/status/1514584132571246594","Sebanyak 64 mahasiswa program Magang Studi Independen Bersertifikat (MSIB) diterjunkan langsung dalam pengembangan program “Smart Kampung” di desa-desa Banyuwangi. https://t.co/CVfBItrkJJ","Thu Apr 14 12:39:31 +0000 2022","https://pbs.twimg.com/profile_images/1724492479410692096/doyVcD5z_normal.jpg","0","1","5","0","0","0","","in","false",,,"false"
"1512603702737072132","https://x.com/haikerja/status/1512603702737072132","MSIB CORPORATE CONSULTANCY SDN. BHD.

1. ACCOUNTING ASSISTANT
2. KEY ACCOUNT ASSISTANT
3. ACCOUNT RECEIVABLE ASSISTANT
4. ACCOUNT PAYABLE ASSISTANT
5. ACCOUNTANT ASSISTANT
6. ACCOUNT ASSISTANT
7. ACCOUNT TAX CONSULTA..

Tarikh Tutup : 10 Mei 2022
https://t.co/kpLiVN9YiJ","Sat Apr 09 01:30:00 +0000 2022","https://pbs.twimg.com/profile_images/762416365818957824/oyNpBHAy_normal.jpg","0","0","6","0","0","0","","en","false",,,"false"
"1512574181954801664","https://x.com/bananabumbleb33/status/1512574181954801664","Selling my Lightning Collection MMPR Green Ranger figure. MSIB. Asking for MSRP or best offer. DM for inquiries. 
#LightningCollection https://t.co/ZkN3wz9lqH","Fri Apr 08 23:32:41 +0000 2022","https://pbs.twimg.com/profile_images/1745316246457929728/934UHXxJ_normal.jpg","2","0","4","1","0","0","","en","false",,,"false"
"1512403341690941445","https://x.com/mediaindonesia/status/1512403341690941445","KEMENTERIAN Pendidikan, Kebudayaan, Riset dan Teknologi (Kemendikbudristek) menggandeng Huawei menghadirkan program Magang Studi Independen Bersertifikat (MSIB) untuk para mahasiswa Indonesia melalui kebijakan Kampus Merdeka.   https://t.co/Rdmvd7sZuZ","Fri Apr 08 12:13:50 +0000 2022","https://pbs.twimg.com/profile_images/2013862868442054656/PHgXw1vG_normal.jpg","0","0","0","0","0","0","","in","false",,,"false"
"1511636200029036546","https://x.com/cham_archamm/status/1511636200029036546","For the second time of ✨sempro✨ ps: smt kmrn g lnjt krn lg ikut MSIB dn g blh lulus sblm program slsai https://t.co/YKY54CsTBo","Wed Apr 06 09:25:29 +0000 2022","https://pbs.twimg.com/profile_images/1695035150067986432/j90f8nyv_normal.jpg","0","3","4","0","0","0","","in","false",,"true","false"
"1510829818325405697","https://x.com/Kemdiktisaintek/status/1510829818325405697","@mfnugrahadi Halo #InsanDikti , terkait mobilisasi program magang MBKM silakan berkoordinasi dengan masing-masing mitra. Panitia MSIB akan memberikan informasi terbaru melalui mitra.","Mon Apr 04 04:01:13 +0000 2022","https://pbs.twimg.com/profile_images/2029827458510565376/FIB5Wf_5_normal.jpg","0","1","1","0","0","0","","in","true",,,"false"
"1509695997727088642","https://x.com/olisuside_/status/1509695997727088642","Ikut MSIB mudah dan menyenangkan bukan?","Fri Apr 01 00:55:49 +0000 2022","https://pbs.twimg.com/profile_images/2024885895414124544/0CdGhQAg_normal.jpg","0","1","1","0","0","0","","in","false",,,"false"
"1509197496337453056","https://x.com/RadioElshinta/status/1509197496337453056","Sekretariat Jenderal DPR RI melakukan sosialisasi Program Magang dan Studi Independen Bersertifikat (MSIB) yaitu ""Magang di Rumah Rakyat DPR RI Tahun 2022"" di Universitas Udayana, Bali, Selasa, 29 Maret 2022. 
via @DPR_RI 
https://t.co/Rj22QnidP4","Wed Mar 30 15:54:57 +0000 2022","https://pbs.twimg.com/profile_images/2060183237675417600/83THsfLR_normal.jpg","0","0","0","0","0","0","","in","false",,,"false"
"1509144385891737603","https://x.com/DPR_RI/status/1509144385891737603","Sekretariat Jenderal DPR RI melakukan sosialisasi Program Magang dan Studi Independen Bersertifikat (MSIB) yaitu ""Magang di Rumah Rakyat DPR RI Tahun 2022"" di Universitas Udayana, Bali, Selasa, 29 Maret 2022. 

#SetjenDPR #MagangDiRumahRakyat https://t.co/dRXenDf28E","Wed Mar 30 12:23:54 +0000 2022","https://pbs.twimg.com/profile_images/697316208685613060/pYMcugjT_normal.jpg","0","3","9","0","0","0","","in","false",,,"false"
"1508997400417140747","https://x.com/DPR_RI/status/1508997400417140747","Pusdiklat Sekretariat Jenderal DPR RI melakukan sosialisasi Program Magang dan Studi Independen Bersertifikat (MSIB) yaitu ""Magang di Rumah Rakyat DPR RI Tahun 2022"" di Universitas Mataram, Nusa Tenggara Barat (NTB), Selasa, 29 Maret 2022.  #SetjenDPR #MagangDiRumahRakyat https://t.co/5MS4hlrSso","Wed Mar 30 02:39:50 +0000 2022","https://pbs.twimg.com/profile_images/697316208685613060/pYMcugjT_normal.jpg","0","0","4","0","0","0","","in","false",,,"false"
"1508717935271227399","https://x.com/wdynkrstn/status/1508717935271227399","What I Get on Week 5 MSIB with Zenius

@ZenProID @zeniuseducation","Tue Mar 29 08:09:21 +0000 2022","https://pbs.twimg.com/profile_images/1502246992801853444/LPgBahYe_normal.jpg","0","1","2","0","0","0","","en","false",,,"false"
"1508088676818960392","https://x.com/empayarkerjaya/status/1508088676818960392","6) Company Secretary 
MSIB Corporate Consultancy Sdn. Bhd.
📍 Sungai Besi, Kuala Lumpur
💰 RM1,800 - RM2,500 Per Month

MOHON DISINI 👉 https://t.co/DrzCmtqHgN","Sun Mar 27 14:28:54 +0000 2022","https://pbs.twimg.com/profile_images/1577663828984090627/Zah1qHsu_normal.jpg","2","1","2","0","0","0","","in","true",,,"false"
"1507948584154824706","https://x.com/prasmungkas/status/1507948584154824706","serba serbi msib https://t.co/3a1iHXIuhS","Sun Mar 27 05:12:13 +0000 2022","https://pbs.twimg.com/profile_images/1937325634424111104/j_2qylk3_normal.jpg","0","0","3","0","0","0","","in","false",,,"false"
"1507577201348136965","https://x.com/fach_rie1501/status/1507577201348136965","Tap yaa yaudah lah yaa...
Dari tweet ini, saya cuman mau minta tolong ajaa ke pak @nadiemmakarim dan @Kemdikbud_RI untuk segera mengusut perihal kasus ini
Dan dimohon juga untuk kembali menimbang2 akan mitra yang akan mendaftar dalam MSIB kedepannya","Sat Mar 26 04:36:28 +0000 2022","https://pbs.twimg.com/profile_images/1505005097251528708/boZt-rON_normal.jpg","0","1","9","0","0","0","","in","true",,,"false"
"1507066349201522688","https://x.com/TimothyLuxyel/status/1507066349201522688","@ChrisImannuel MSIB 2 NO UANG SAKU HAHA","Thu Mar 24 18:46:32 +0000 2022","https://pbs.twimg.com/profile_images/1741076463212982272/Xgi3G3a-_normal.jpg","0","0","1","0","0","0","","in","true",,,"false"
"1506823219663187970","https://x.com/republikaonline/status/1506823219663187970","Program MSIB merupakan rangkaian dari program kampus merdeka.  https://t.co/trnfGwpf7U","Thu Mar 24 02:40:25 +0000 2022","https://pbs.twimg.com/profile_images/1922868522826465280/mzuJnDJD_normal.jpg","0","1","0","0","0","0","","in","false",,,"false"
"1505854264555442176","https://x.com/dw1918_/status/1505854264555442176","WTS
Nendoroid nishinoya (black) 1591 msib *cuma dibuka boxnya aja, ready kamar.
Price 650k
Dm aja kalau mau liat kondisi
Bisa 🍊","Mon Mar 21 10:30:08 +0000 2022","https://pbs.twimg.com/profile_images/1901556068217753600/LwmDy4Rg_normal.jpg","1","1","5","2","0","2","","in","false",,,"false"
"1505771185853849602","https://x.com/aim_edu/status/1505771185853849602","With our Study Now, Pay Later program, you can focus on what matters most. Work towards earning your Master in Innovation and Business degree today!

For more information about the application process, you may email msib@aim.edu or call +63 908 873 3414 (WhatsApp/Viber). https://t.co/LFORF5MeYE","Mon Mar 21 05:00:01 +0000 2022","https://pbs.twimg.com/profile_images/1111163373100527617/iz9_VSxH_normal.png","2","0","8","0","0","0","","en","false",,,"false"
"1505035784227012613","https://x.com/Park_Yu_Hon/status/1505035784227012613","@biayswife MSIB batch 1 udah banyak masalah belum selesai. Ini batch 2 awal udah ada masalah salah satu mitranya, belum nanti ada masalah mitra lain atau pencairan uang saku yang sepertinya akan telat. Nanti kalau MSIB batch 3 masalah numpuk karena masalah yang lalu gak selesai2... Ngeri y","Sat Mar 19 04:17:47 +0000 2022","https://pbs.twimg.com/profile_images/2004638884244914177/gDqWqUIC_normal.jpg","2","0","8","0","0","1","","in","true",,,"false"
"1503595859493425157","https://x.com/auliaNurmaSari/status/1503595859493425157","Yeay jumpa lagi guys .... ! 🥳

Nah, ini memasuki minggu ketiga selama program MSIB di @ZenProID @zeniuseducation. Lalu apasih yang penting dalam minggu ini. Menurut ku yang lebih aku sukai dalam materi ini itu terkait domain. Kalian tau gak domain itu apa ??

#FundamentalSkillz","Tue Mar 15 04:56:03 +0000 2022","https://pbs.twimg.com/profile_images/1512438033861464068/aLg2QbRQ_normal.jpg","0","1","2","0","0","0","","in","false",,,"false"
"1503196260379295745","https://x.com/AzeemSyuk/status/1503196260379295745","Account Tax Consultant
MSIB Corporate Consultancy Sdn. Bhd.
📍 Sungai Besi, Kuala Lumpur
💰 RM2,500 
 
MOHON DISINI 👉 https://t.co/eI8wUCYQFu","Mon Mar 14 02:28:11 +0000 2022","https://pbs.twimg.com/profile_images/1688826432393564161/4e-7RsCu_normal.jpg","0","0","0","0","0","0","","in","true",,,"false"
"1501777378926034944","https://x.com/republikaonline/status/1501777378926034944","MSIB diperuntukan bagi mahasiswa yang ingin menambah penguasaan kompetensi spesifik https://t.co/fSyJ0RSVSN","Thu Mar 10 04:30:03 +0000 2022","https://pbs.twimg.com/profile_images/1922868522826465280/mzuJnDJD_normal.jpg","0","0","1","0","0","0","","in","false",,,"false"
"1501486518011150343","https://x.com/aim_edu/status/1501486518011150343","Congratulations to MSIB and MDM's Team Kapwa for winning first place at the IXL Innovation Olympics!

You make all of us at AIM proud. https://t.co/heCjRXpzvU","Wed Mar 09 09:14:16 +0000 2022","https://pbs.twimg.com/profile_images/1111163373100527617/iz9_VSxH_normal.png","0","1","8","0","0","0","","en","false",,,"false"
"1501412370861928448","https://x.com/AzeemSyuk/status/1501412370861928448","Account Tax Consultant
MSIB Corporate Consultancy Sdn. Bhd.
📍 Sungai Besi, Kuala Lumpur
💰 RM2,500
 
MOHON DISINI 👉 https://t.co/eI8wUCYQFu","Wed Mar 09 04:19:38 +0000 2022","https://pbs.twimg.com/profile_images/1688826432393564161/4e-7RsCu_normal.jpg","0","1","0","0","0","0","","in","true",,,"false"
"1501028155431485440","https://x.com/auliaNurmaSari/status/1501028155431485440","_Yukk Belajar_ 

Kalian tau gak sih anologi itu apa ? Nah, mungkin sudah ada yang tau atau ada yang belum tau. Okay, disini aku akan berbagi terkait anologi yang ku pelajari selama ikut MSIB @zeniuseducation  @ZenProID 

#FundamentalSkillz","Tue Mar 08 02:52:54 +0000 2022","https://pbs.twimg.com/profile_images/1512438033861464068/aLg2QbRQ_normal.jpg","0","1","3","0","0","0","","in","false",,,"false"
"1500315833309929474","https://x.com/LPMTEROPONGUMSU/status/1500315833309929474","Fakultas Ekonomi dan Bisnis (FEB) Universitas Muhammadiyah Sumatera Utara (UMSU) menjadi penyumbang peserta terbanyak di Magang dan Studi Independen Bersertifikat (MSIB) pada Batch 2. Sabtu, (05/03/2022). https://t.co/d9TfezZXTb https://t.co/rLhUvtGc93","Sun Mar 06 03:42:23 +0000 2022","https://pbs.twimg.com/profile_images/1861988381888323584/pGo_pKNJ_normal.jpg","0","0","3","0","0","0","","in","false",,,"false"
"1499003854859358208","https://x.com/bizaaja/status/1499003854859358208","Akhirnya drama skripsi yg lama di revisi dan pake joki batal, akhir nya nambah smt+ikut msib magang dan ngerjain penulisan sendiri sampe nunggu lama sidang, kelar juga hari ini hahaha.

Mungkin twit ini bisa menjadi pengingat ketika lelah saat gua kerja nanti.","Wed Mar 02 12:49:03 +0000 2022","https://pbs.twimg.com/profile_images/1469647777021845506/6md6WKF2_normal.jpg","0","0","1","0","0","0","","in","false",,,"false"
"1498517081888755716","https://x.com/republikaonline/status/1498517081888755716","Acara dihadiri oleh seluruh peserta program MSIB 2022 bersama dosen pembimbing  https://t.co/upNukvNejN","Tue Mar 01 04:34:48 +0000 2022","https://pbs.twimg.com/profile_images/1922868522826465280/mzuJnDJD_normal.jpg","0","0","0","0","0","0","","in","false",,,"false"
"1497951027190018051","https://x.com/felekprecelek/status/1497951027190018051","KUEWA FELIX MSIB CHARACTER JEST TAKI KURWA COOL ZE MNIE WYJEBALO Z POCIAGU I LECE TERAZ FUSZA MOJA LECI","Sun Feb 27 15:05:30 +0000 2022","https://pbs.twimg.com/profile_images/1974126359120072704/V8IEjekD_normal.jpg","0","0","3","0","0","0","","pl","false",,,"false"
"1497745057075511299","https://x.com/unpad/status/1497745057075511299","#BeritaUnpad

Sebanyak 609 Mahasiswa Unpad Ikuti MSIB Kemendikbudristek
@Kemdikbud_RI

#MerdekaBelajar
#KampusMerdeka
#Unpad
#UniversitasPadjadjaran

https://t.co/06p1qJ1efo","Sun Feb 27 01:27:03 +0000 2022","https://pbs.twimg.com/profile_images/1828618254505668608/Ck0Drcnz_normal.png","0","0","3","0","0","0","","in","false",,,"false"
"1497620089541369862","https://x.com/sambatanhidupku/status/1497620089541369862","MSIB x Zenius","Sat Feb 26 17:10:28 +0000 2022","https://pbs.twimg.com/profile_images/1597817090467319809/j42mmg1V_normal.jpg","0","2","3","0","0","0","","hu","false",,,"false"
"1496492718675009539","https://x.com/halalindonesia_/status/1496492718675009539","BPJPH Kemenag menerima 86 mahasiswa dalam Program Mahasiswa Magang &amp; Studi Independen Bersertifikat (MSIB) Kampus Merdeka Kementerian Pendidikan Riset dan Teknologi. 86 mahasiswa tersebut tersaring dari proses seleksi dari 11.073 pendaftar. https://t.co/pTLKHXel57","Wed Feb 23 14:30:42 +0000 2022","https://pbs.twimg.com/profile_images/1595991666955280384/CQhWLeLB_normal.jpg","0","1","1","0","0","1","","in","false",,,"false"
"1496298800130199554","https://x.com/teknokrat_id/status/1496298800130199554","Halo Generasi Emas Indonesia

Mahasiswa Universitas Teknokrat Indonesia kembali berprestasi di tingkat nasional.

Rexy Fahrezi Mahasiswa S1 Informatika lolos terpilih program Magang dan Studi Independen Bersertifikat (MSIB) dan Jalani  studi independent program Kemendikbudristek. https://t.co/XKuHoLA9fX","Wed Feb 23 01:40:08 +0000 2022","https://pbs.twimg.com/profile_images/1350058063038824449/NOmYYHBx_normal.jpg","0","1","3","0","0","0","","in","false",,,"false"
"1496207780692303874","https://x.com/Evanglionerv1/status/1496207780692303874","Malam Semuanya,

Jadi pada hari ke-2 dari prgoram MSIB di Zenius saya ingin menjelaskan bagian paling penting dari materi-materi yang telah diberikan oleh pihak zenius. Hal ini saya lakukan untuk menuntaskan 𝘞𝘦𝘦𝘬𝘭𝘺 𝘈𝘴𝘴𝘪𝘨𝘯𝘮𝘦𝘯𝘵

@zeniuseducation @ZenProID #MSIB","Tue Feb 22 19:38:27 +0000 2022","https://pbs.twimg.com/profile_images/1510058710638292998/4t2H-R0Q_normal.jpg","0","1","4","0","0","0","","in","false",,,"false"
"1496182030409043968","https://x.com/A_ta_li_a/status/1496182030409043968","WTS WTS WTS
nendoroid zenitsu MSIB 
840k include packing
Dom jakarta
🍊 freeong https://t.co/injvJnsm6u","Tue Feb 22 17:56:08 +0000 2022","https://pbs.twimg.com/profile_images/1702876849649664000/HbEX0pld_normal.jpg","30","1","13","2","0","0","","en","false",,,"false"
"1495682457127251968","https://x.com/isbibandung/status/1495682457127251968","Magang dan Studi Independen Bersertifikat (MSIB) dan Kampus Mengajar https://t.co/dbfw8rXKiZ","Mon Feb 21 08:51:00 +0000 2022","https://pbs.twimg.com/profile_images/958560300688707584/e67MOzUE_normal.jpg","0","0","3","0","0","0","","in","false",,,"false"
"1495024916873515011","https://x.com/hmch_upibdg/status/1495024916873515011","From: Anak MSIB Batch 1 (the only one)
For: Siapa aja yang ngerasa
semester 5 berat banget karna udahmah kuliah 24 sks ditambah sambil magang dan gaada konversi samasekali menuntut aku buat aktif sendiri usaha sendiri. cape sampe akhir taun tipes dan db wkwk.","Sat Feb 19 13:18:11 +0000 2022","https://pbs.twimg.com/profile_images/1672461968345825280/0oUQlsoz_normal.jpg","0","1","4","0","0","2","","in","false",,,"false"
"1494929745947017216","https://x.com/muhammadiyah/status/1494929745947017216","Sebanyak 11 mahasiswa Institut Teknologi dan Bisnis Ahmad Dahlan (ITB-AD) lolos dalam Program Magang dan Studi Independen Bersertifikat (MSIB) Kampus Merdeka tahun 2022 Kemendikbud Ristek.
@itb_ahmaddahlan 

https://t.co/0smBdRdo0j

#Pendidikan #Muhammadiyah #Islam","Sat Feb 19 07:00:00 +0000 2022","https://pbs.twimg.com/profile_images/2013485179625525248/wiFn92aq_normal.jpg","2","0","14","0","0","1","","in","false",,,"false"
"1494530901682028547","https://x.com/gunadarma_/status/1494530901682028547","[GUNADARMA KAMPUS MERDEKA]

Pisah-Sambut Peserta Program MSIB UG tahun 2022 “Merdeka Belajar Kampus Merdeka Dalam Tatanan Normal Baru: Antara Peluang &amp; Tantangan Dalam Rangka Meraih Asa Meningkatkan Kompetensi Mahasiswa"".

Meeting ID: 862 1668 9991 
Passcode: MSIB2022 https://t.co/rrR5a7tX8w","Fri Feb 18 04:35:08 +0000 2022","https://pbs.twimg.com/profile_images/1953329590086295552/9Ew5MBoT_normal.jpg","0","0","3","0","0","0","","in","false",,,"false"
"1494209439318310915","https://x.com/teknokrat_id/status/1494209439318310915","Program Magang ini merupakan program Merdeka Belajar Kampus Merdeka Kemdikbudristek yang akan berlangsung di Bandung pada tanggal 14 Februari 2022 sampai dengan 29 Juli 2022 guna memberikan kesempatan kepada mahasiswa untuk mempelajari keterampilan yang dibutuhkan industri. #msib","Thu Feb 17 07:17:46 +0000 2022","https://pbs.twimg.com/profile_images/1350058063038824449/NOmYYHBx_normal.jpg","0","0","3","0","0","0","","in","true",,,"false"
"1493501500320288768","https://x.com/teknokrat_id/status/1493501500320288768","dan Teknologi (Kemdikbudristek).
Mendikbudristek Nadiem Anwar Makarim, BA., MBA. mengatakan, program MSIB ini dapat menjadi peluang yang baik bagi perguruan tinggi maupun bagi perusahaan atau organisasi yang tergabung menjadi mitra dalam program MSIB.
 #msib #mbkm #merdekabelajar","Tue Feb 15 08:24:40 +0000 2022","https://pbs.twimg.com/profile_images/1350058063038824449/NOmYYHBx_normal.jpg","0","0","3","0","0","0","","in","true",,,"false"
"1493501497623322625","https://x.com/teknokrat_id/status/1493501497623322625","Halo Generasi Emas Indonesia ...
Prestasi luar biasa kembali ditorehkan oleh Mahasiswa Universitas Teknokrat Indonesia, sebanyak 34 Mahasiswa Lolos Program Magang dan Studi Independen Bersertifikat (MSIB) yang diselenggarakan oleh Kementerian Pendidikan, Kebudayaan, Riset, https://t.co/w1lPZyQCQQ","Tue Feb 15 08:24:39 +0000 2022","https://pbs.twimg.com/profile_images/1350058063038824449/NOmYYHBx_normal.jpg","2","1","4","0","0","0","","in","false",,,"false"
"1492162862730850305","https://x.com/_ookamikan/status/1492162862730850305","@evandromalsi @collegemenfess dapat. semua program MSIB dapat uang saku","Fri Feb 11 15:45:24 +0000 2022","https://pbs.twimg.com/profile_images/2033540036558540800/DJEanbKg_normal.jpg","0","1","0","0","0","0","","in","true",,,"false"
"1491621129383202816","https://x.com/Tokocrypto/status/1491621129383202816","Hi Tokonauts,
Selamat bergabung di Tokocrypto bagi teman-teman MSIB @KampusMerdekaRI yang diterima, yuk ikutan acara ""Pisah Sambut MSIB angkatan 1 dan 2"" yang akan di adakan pada:
🗓️ : Kamis, 10 Februari 2022
🕐 : 13.00 WIB
🔗 : https://t.co/qINmSOzZrg https://t.co/v45fxxWjsE","Thu Feb 10 03:52:44 +0000 2022","https://pbs.twimg.com/profile_images/1974033315008282624/bYKMJ58X_normal.jpg","3","6","15","0","0","0","","in","false",,,"false"
"1491258324868038662","https://x.com/Kemdiktisaintek/status/1491258324868038662","Halo #InsanDikti,

Yuk ikutan acara 
""Pisah Sambut MSIB angkatan 1 dan 2""

🗓️ : Kamis, 10 Februari 2022
🕐 : 13.00 WIB
🔗 : https://t.co/kJyahlXw2H

#MSIBbukanMagangBiasa
#KampusMerdekaIndonesiaJaya https://t.co/WWnO3L3dYc","Wed Feb 09 03:51:05 +0000 2022","https://pbs.twimg.com/profile_images/2029827458510565376/FIB5Wf_5_normal.jpg","1","0","3","0","0","1","","in","false",,,"false"
"1490194740490698754","https://x.com/inicupcakemniez/status/1490194740490698754","Btw sbnrnya snenggg bgt krn kttima msib telkom, tp jga tkutttt bgt nnti kdepanny gmn:(,mana smbil skripsi pula... pdhl niatny bulan ini pgn ngelarin bab 1-3, tp cr jurnal pun blm krn sibuk bbrp hr lalu dn skrg malah sakit. Aga ovt pdhl udh ktrima gni","Sun Feb 06 05:24:47 +0000 2022","https://pbs.twimg.com/profile_images/2008086457244946432/d93XLnSf_normal.jpg","0","10","4","0","0","1","","in","false",,,"false"
"1489961130055196679","https://x.com/polinema_campus/status/1489961130055196679","Bagi Mahasiswa Polinema yang akan mengikuti Program Magang dan Studi Independen Bersertifikat (MSIB) Kampus Merdeka TA 2021/2022, berikut kami lampirkan tautan formulir pengajuan surat rekomendasi Program MSIB Kampus Merdeka :
https://t.co/UNeiwQerP2

#polinema
#polinemajoss","Sat Feb 05 13:56:30 +0000 2022","https://pbs.twimg.com/profile_images/1628751671420669952/WbdE8w2x_normal.jpg","1","0","4","0","0","1","","in","false",,,"false"
"1489488100694757377","https://x.com/adkestwit_ugm/status/1489488100694757377","1. Pertukaran Mahasiswa Dalam Negeri
2. Pemberdayaan Masyarakat
3. Magang dan Studi Independen Bersertifikat (MSIB)
4. Indonesia International Student Mobility Awards (IISMA)
5. MBKM Bidang Penelitian
6. Kampus Mengajar","Fri Feb 04 06:36:51 +0000 2022","https://pbs.twimg.com/profile_images/1775468505367982080/qxOjVEqF_normal.jpg","0","1","2","0","0","0","","in","true",,,"false"
"1489359682405900290","https://x.com/KevinSa39408441/status/1489359682405900290","@wiIdestbloods If all too well and msib make it to 20 weeks each + if Taylor manages to chart all the tracks when she releases all the re-records, she's set to be in the top 20 Hot 100 artists, or even higher,","Thu Feb 03 22:06:33 +0000 2022","https://pbs.twimg.com/profile_images/1637320401125507073/LKttAZIM_normal.jpg","0","1","3","0","0","0","","en","true",,,"false"
"1488126194960977922","https://x.com/narascript/status/1488126194960977922","@yook_can_d0_1t @collegemenfess iya bener buat seleksi.

aku malah baru tau kalo di MSIB juga ada tes kebhinekaan, ku kira screening berkas, asesmen, interview dari mitra, tapi kalo udah keterima berarti aman ga bakal berpengaruh","Mon Jan 31 12:25:07 +0000 2022","https://pbs.twimg.com/profile_images/1986454714943479810/jo6cTHZN_normal.jpg","0","1","2","0","0","1","","in","true",,,"false"
"1488006606285848579","https://x.com/ubsansfess/status/1488006606285848579","braw! hee anak FEB terutama akuntansi, kalian ada yg diterima msib a?","Mon Jan 31 04:29:55 +0000 2022","https://pbs.twimg.com/profile_images/1906719577998012417/iyUZe7af_normal.jpg","0","1","1","0","0","0","","in","false",,,"false"
"1488001288801435649","https://x.com/ubsansfess/status/1488001288801435649","Braw! Fakultas kalian mempermudah konversi MSIB atau justru mempersulit? Sender bimbang ini mau krs an tp belum pasti kepastian konversi🥲","Mon Jan 31 04:08:47 +0000 2022","https://pbs.twimg.com/profile_images/1906719577998012417/iyUZe7af_normal.jpg","0","1","2","0","0","0","","in","false",,,"false"
"1487209769027129344","https://x.com/BukanFahriHmzah/status/1487209769027129344","@collegemenfess Gabole ngambil MSIB klo udh sidang + mendekati yudisium :')","Fri Jan 28 23:43:34 +0000 2022","https://pbs.twimg.com/profile_images/1860387416949092352/SOGBPJPx_normal.jpg","0","1","2","0","0","0","","in","true",,,"false"
"1487063286193410053","https://x.com/cigaftertaste/status/1487063286193410053","@Nanaplepie @collegemenfess Iya ada peraturan tidak boleh memgambil sidang selama MSIB 😭","Fri Jan 28 14:01:30 +0000 2022","https://pbs.twimg.com/profile_images/1488647980529848320/y6zQRC_f_normal.jpg","0","2","8","0","0","1","","in","true",,,"false"
"1485948463397613569","https://x.com/sbyfess/status/1485948463397613569","-rek kemarin ada yang ikut MSIB magang kampus merdeka batch 1 nggak? itu ada interview dulu apa gmn proses seleksinya?","Tue Jan 25 12:11:35 +0000 2022","https://pbs.twimg.com/profile_images/1610997611762446336/d7Xxzlc4_normal.jpg","0","1","0","0","0","0","","in","false",,,"false"
"1485898759414632452","https://x.com/halsuliso/status/1485898759414632452","https://t.co/z30XunHMtS 

Abis ikut tes karena mau daftar studi independen. Manifesting lolos MSIB ini T.T","Tue Jan 25 08:54:05 +0000 2022","https://pbs.twimg.com/profile_images/1963832769450287104/YHXmp7nq_normal.jpg","0","0","1","0","0","5","","in","false",,,"false"
"1484830695650660358","https://x.com/republikaonline/status/1484830695650660358","Presentasi laporan hasil program MSIB berlangsung pada Rabu (12/1/2022) https://t.co/poZ6ICmzNt","Sat Jan 22 10:09:59 +0000 2022","https://pbs.twimg.com/profile_images/1922868522826465280/mzuJnDJD_normal.jpg","0","0","0","0","0","0","","in","false",,,"false"
"1484507224240459777","https://x.com/UrSourceCode/status/1484507224240459777","@collegemenfess kalau dikampusku gapapa, tapi konsekuensinya gak konversi nder jadi harus ambil sks kuliah sama menjalankan program msib sesuai kontrak","Fri Jan 21 12:44:37 +0000 2022","https://pbs.twimg.com/profile_images/2068178184886165504/uuHK8TXM_normal.jpg","0","0","2","0","0","0","","in","true",,,"false"
"1483715268492754944","https://x.com/kompascom/status/1483715268492754944","Program Magang dan Studi Independen Bersertifikat (MSIB) Batch 2 hingga 21 Januari 2022 https://t.co/osU3IyGSSU","Wed Jan 19 08:17:40 +0000 2022","https://pbs.twimg.com/profile_images/1577144849437888514/d9x3nKN8_normal.jpg","0","0","2","0","0","0","","in","false",,,"false"
"1483684669443145730","https://x.com/Kemdiktisaintek/status/1483684669443145730","Halo, #InsanDikti

Menjelang penutupan pendaftaran program MSIB, tapi masih ragu untuk mendaftar?

Banyak manfaat dan pengalaman yang akan kalian dapatkan di program MSIB. Kita simak, testimoni peserta MSIB Batch 1, yuk!

#KampusMerdekalndonesiaJaya
#DiktiSIGAPMelayani https://t.co/aPfAf9fOIs","Wed Jan 19 06:16:05 +0000 2022","https://pbs.twimg.com/profile_images/2029827458510565376/FIB5Wf_5_normal.jpg","1","2","2","0","0","0","","in","false",,,"false"
"1483649442901544967","https://x.com/republikaonline/status/1483649442901544967","Mahasiswa UNM telah melakanakan program MSIB dengan sangat baik. https://t.co/dIDaR3dUGa","Wed Jan 19 03:56:06 +0000 2022","https://pbs.twimg.com/profile_images/1922868522826465280/mzuJnDJD_normal.jpg","0","0","1","0","0","0","","in","false",,,"false"
"1483347570214719488","https://x.com/infoPOLBAN/status/1483347570214719488","PROGRAM MSIB BATCH 2 https://t.co/2A2Qc1lufS #Events https://t.co/a7MD5zQFKu","Tue Jan 18 07:56:34 +0000 2022","https://pbs.twimg.com/profile_images/1172429620185972736/7Gn39OC7_normal.png","0","0","2","0","0","0","","ht","false",,,"false"
"1483243445544435713","https://x.com/lemmediiee/status/1483243445544435713","omg gtw msti sneng ap sedih llos msib tp ttg IT gt sdngkan ak gpnya basic smsek alias beda jau jg sm prodi ak????????/ kl ngang ngong gmn ini:(((((((((((( KL GBS KONVERSI JUGA GMN HAHHHHHHHHH","Tue Jan 18 01:02:49 +0000 2022","https://pbs.twimg.com/profile_images/2059672714353512457/t_eXslcW_normal.jpg","0","2","3","0","0","0","","in","false",,,"false"
"1482379013406429185","https://x.com/b3b3t_/status/1482379013406429185","@mediocrickey Makanya mendikbudristek sekarang programin kurikulum
 wajib magang dengan program MSIB, PMMB, Kampus Merdeka.

Tapi sjw berpendapat pemerintah hanya mendidik sekrup kapitalis 😁😂","Sat Jan 15 15:47:52 +0000 2022","https://pbs.twimg.com/profile_images/1945536189022281728/Lz3UFRQp_normal.jpg","2","0","9","0","0","0","","in","false",,,"false"
"1482226413529100288","https://x.com/EM_UBOfficial/status/1482226413529100288","[Magang Merdeka: Seperti Dendam Uang Saku Harus Dibayar dengan Tuntas]

Program Merdeka Belajar Kampus Merdeka (MBKM) yg diglorifikasi secara berlebihan menyimpan berbagai kepahitan yang menyakitkan. Kepahitan itu menimpa mahasiswa magang yang mengikuti program MSIB. https://t.co/N8QhZ1v8Bd","Sat Jan 15 05:41:30 +0000 2022","https://pbs.twimg.com/profile_images/2022939201310953472/AAOUk20d_normal.jpg","1","1","9","0","0","2","","in","false",,,"false"
"1481863416730259457","https://x.com/KamiVokasi/status/1481863416730259457","Hai #SobatVokasi,mari merapat, #mika ada kabar gembira nih! Pendaftaran MSIB Tahap 2 diperpanjang loh! Yuk buruan daftar dan dapatkan berbagai keuntungannya! Simak selengkapnya pada infografis ini ya! 😉 https://t.co/58THzBwxh3","Fri Jan 14 05:39:04 +0000 2022","https://pbs.twimg.com/profile_images/1400158431391010820/k1f1e00-_normal.jpg","1","0","3","1","0","1","","in","false",,,"false"
"1481125695749521409","https://x.com/UB_Official/status/1481125695749521409","Gimana ya, dampaknya MSIB bagi Theo? Simak videonya ya!

Oh iya, tahun ini, pendaftaran MSIB diperpanjang hingga tanggal 14 Januari 2022, lho #TemanUB! https://t.co/fwfoOYZcAS","Wed Jan 12 04:47:38 +0000 2022","https://pbs.twimg.com/profile_images/1719574248338096128/ZO34x8TI_normal.jpg","1","1","4","0","0","1","","in","true",,,"false"
"1481125551897460739","https://x.com/UB_Official/status/1481125551897460739","Kenalin, Theo Gerald Napitupulu, salah satu #TemanUB dari Prodi Hubungan Internasional, FISP yang sedang magang di Grab, sekaligus menjadi chief of chief batch 1 MSIB. Ia bertanggung jawab terhadap sosialisasi dan pelatihan bagi mahasiswa se-Indonesia untuk bergabung dalam MSIB https://t.co/tm8fF3p0Tv","Wed Jan 12 04:47:04 +0000 2022","https://pbs.twimg.com/profile_images/1719574248338096128/ZO34x8TI_normal.jpg","0","1","6","2","0","1","","in","true",,,"false"
"1481125544003784704","https://x.com/UB_Official/status/1481125544003784704","Selain MBKM Semeru, ada juga program Magang dan Studi Independen Bersertifikat yang bisa #TemanUB ikuti!

Program ini merupakan salah satu program unggulan Kemdikbud dengan mitra perusahaan di Indonesia. Ada banyak benefit yang bisa #TemanUB dapatkan di MSIB! https://t.co/T9oUeQ4Dwp","Wed Jan 12 04:47:02 +0000 2022","https://pbs.twimg.com/profile_images/1719574248338096128/ZO34x8TI_normal.jpg","0","1","1","0","0","0","","in","true",,,"false"
"1480841797551022080","https://x.com/11MaretUniv/status/1480841797551022080","Hai Sobat Semar!
Ada informasi penting untuk kamu yang penasaran dan ingin mendaftarkan diri di program Magang dan Studi Independen Besertifikat (MSIB) dari Kampus Merdeka, tapi masih bingung mau tanya-tanya ke siapa.

#uns #universitassebelasmaret https://t.co/gr2qO6ggz0","Tue Jan 11 09:59:31 +0000 2022","https://pbs.twimg.com/profile_images/463842400385769472/FmRl23Qx_normal.png","0","2","3","0","0","0","","in","false",,,"false"
"1480834629145796608","https://x.com/Kemdiktisaintek/status/1480834629145796608","Nah, mumpung pendaftaran masih dibuka, #InsanDikti bisa segera mendaftar program Magang dan Studi Independen Bersertifikat (MSIB). 

Jadi, bagi #InsanDikti yang belum mendaftar, yuk segera daftar! Kunjungi https://t.co/rTdoyctVrT

#KampusMerdekaIndonesiaJaya #DiktiSIGAPMelayani","Tue Jan 11 09:31:02 +0000 2022","https://pbs.twimg.com/profile_images/2029827458510565376/FIB5Wf_5_normal.jpg","0","3","2","0","0","0","","in","true",,,"false"
"1480545460716642306","https://x.com/11MaretUniv/status/1480545460716642306","Untuk Sobat Semar yang sudah saatnya mengikuti program magang, jangan lupa daftarkan diri kalian dalam Program Magang dan Studi Independen Bersertifikat (MSIB), ya😉

Dapatkan informasi selengkapnya hanya di: https://t.co/iXqbcTEgVw

#uns #universitassebelasmaret https://t.co/wkdncT8uBH","Mon Jan 10 14:21:59 +0000 2022","https://pbs.twimg.com/profile_images/463842400385769472/FmRl23Qx_normal.png","2","0","5","0","0","1","","in","false",,,"false"
"1480484842693218310","https://x.com/yippyay/status/1480484842693218310","@collegemenfess Bedanya mbkm sm msib itu apa sih kak? Dan ada batasnya ga kita bisa ikut program kek gt, misal cm boleh sekali/2  kali aja?","Mon Jan 10 10:21:07 +0000 2022","https://pbs.twimg.com/profile_images/2023792248530628608/eF_CtbbL_normal.jpg","0","0","1","0","0","1","","in","true",,,"false"
"1480110749955416070","https://x.com/kompascom/status/1480110749955416070","Program Magang dan Studi Independen #MSIB Batch 2 ini terbuka bagi 25.000 mahasiswa. Bahkan tahun ini, kuotanya diperbanyak dibandingkan tahun lalu. https://t.co/2gyq2KBXbh","Sun Jan 09 09:34:36 +0000 2022","https://pbs.twimg.com/profile_images/1577144849437888514/d9x3nKN8_normal.jpg","0","0","1","0","0","1","","in","false",,,"false"
"1479106371832344579","https://x.com/UGMYogyakarta/status/1479106371832344579","Sosialisasi MSIB Batch 2 https://t.co/YvDNkE0VBt https://t.co/10oHdkP1eZ","Thu Jan 06 15:03:34 +0000 2022","https://pbs.twimg.com/profile_images/932874895389638656/fDT8AaGJ_normal.jpg","2","0","10","0","0","0","","in","false",,,"false"
"1479009238160605186","https://x.com/VokasiUB/status/1479009238160605186","Pendaftaran Program MSIB diperpanjang--
https://t.co/vPSA6Znepd","Thu Jan 06 08:37:35 +0000 2022","https://pbs.twimg.com/profile_images/1478560919139483649/udHW_Zmb_normal.jpg","0","0","2","0","0","0","","in","false",,,"false"
"1478974089960189952","https://x.com/mankomunisba_/status/1478974089960189952","[ Info Event ]

Selamat siang warga Mankom!

Diberitahukan kepada warga Mankom bahwa Kampus Merdeka sedang membuka progran magang dan studi independen bersertifikat (MSIB) batch ke-2.

Bagi warga Mankom yang berminat bisa mengikuti sosialisasi MSIB pada:
📆 6-8 Januari 2022 https://t.co/ls8zEklCte","Thu Jan 06 06:17:55 +0000 2022","https://pbs.twimg.com/profile_images/1451530245656301570/1vponCLh_normal.jpg","0","1","0","0","0","0","","in","false",,,"false"
"1476902747026780160","https://x.com/ubbofficial_/status/1476902747026780160","Pendaftaran Program Magang dan Studi Independen Bersertifikat (MSIB) dari Kemdikbud Ristek @kemdikbud.ri diperpanjang sampai tanggal 14 Januari 2022 ya guys... 

So, teman-teman masih punya waktu untuk mendaftar.. Monggo manfaatkan kesempatan ini..😁 https://t.co/1kuaXnLQuZ","Fri Dec 31 13:07:09 +0000 2021","https://pbs.twimg.com/profile_images/1613426052390604800/Ynxnl432_normal.jpg","1","0","3","0","0","0","","in","false",,,"false"
"1476562129662603271","https://x.com/septidr_06/status/1476562129662603271","Alhamdulilllah..
Setelah 3 bulan uang saku gak cair, akhirnya tahun baru ini langsng dirapel semuanya.
Banyak drama bgt elah, wfo nih boss beda pulau. Untung orang sini baik bgt, ngasih makan dan jg perhatiannya.

#msib #kampusmerdeka #uangsaku","Thu Dec 30 14:33:39 +0000 2021","https://pbs.twimg.com/profile_images/1524760883892994048/U2FSpNm__normal.jpg","1","2","3","0","0","0","","in","false",,,"false"
"1476154556350296068","https://x.com/mptyprsn/status/1476154556350296068","First of all, kenalin namaku Anjani Nur Prameswari dan sekarang lagi menempuh semester 5 dijurusan Ilmu Komunikasi FISIP UB. Bersyukur banget tahun ini bisa magang dengan bantuan Program MSIB Kampus Merdeka, jadi bisa rasain pengalaman dunia kerja profesional. https://t.co/NTFYFL9b6q","Wed Dec 29 11:34:06 +0000 2021","https://pbs.twimg.com/profile_images/1484999113490186240/WoURtBeD_normal.jpg","0","2","3","0","0","1","","in","true",,,"false"
"1476151834246975492","https://x.com/mptyprsn/status/1476151834246975492","-A Thread-
My Journey in Kampung Kajoetangan
(Program MSIB Kampus Merdeka)
Halo gaiss, singkat cerita aku diterima sebagai mahasiswa intern disalah satu Integrated Marketing Communication Agency, yaitu Nava+ Group. So, here's my journey selama magang!! https://t.co/CFKBsFoBzW","Wed Dec 29 11:23:17 +0000 2021","https://pbs.twimg.com/profile_images/1484999113490186240/WoURtBeD_normal.jpg","3","1","23","0","0","19","","in","false",,,"false"
"1476124893116715012","https://x.com/dicoding/status/1476124893116715012","Tunggu apalagi? Manfaatkan kesempatan ini dan daftarkan dirimu di https://t.co/M0h6wmPB3M sekarang juga ya!👋🏻

**Pendaftaran diperpanjang hingga 14 Januari 2022.

#MSIB #KampusMerdeka #MerdekaBelajar #InsanDikti #MerdekakanPeluang","Wed Dec 29 09:36:14 +0000 2021","https://pbs.twimg.com/profile_images/1544955480816369664/tbdn5Cc8_normal.jpg","0","0","2","0","0","0","","in","true",,,"false"
"1475879208111026182","https://x.com/VisitBocaChica/status/1475879208111026182","Updated MSIB for possible static fire today!  Testing window from 10 a.m. - 8 p.m. Road and beach scheduled. #BocaChica #Starship #WenStaticFire #Mission2Mars 🚀🔥 https://t.co/0HtLTNN9j5","Tue Dec 28 17:19:58 +0000 2021","https://pbs.twimg.com/profile_images/1840279375725383680/O0AvMXAJ_normal.jpg","0","0","4","0","0","0","","en","false",,,"false"
"1475809479614550017","https://x.com/nararkive/status/1475809479614550017","@AleHaidar @peachonthecake @MaysrhSt @flowgurly @Rifxyal @collegemenfess Bantu jawab, MSIB itu program Magang dan Studi Independen Bersertifikat","Tue Dec 28 12:42:53 +0000 2021","https://pbs.twimg.com/profile_images/1969293603982995456/ZhG8qNTm_normal.jpg","0","1","1","0","0","0","","in","true",,,"false"
"1475795822067388419","https://x.com/MasMenteri/status/1475795822067388419","UANG KAMPUS MERDEKA KAPAN CAIRNYA⁉️ 

Ramai soal uang saku program Magang dan Studi Independen Bersertifikat (MSIB) yang disebut masih ada yang belum cair.

Pertama-tama, mimin jelasin dulu nih apa itu program Kampus Merdeka supaya gak pada bingung? https://t.co/iFWtaJUsnE","Tue Dec 28 11:48:37 +0000 2021","https://pbs.twimg.com/profile_images/1524675106844266496/UAAlrgY-_normal.jpg","4","2","11","0","0","6","","in","false",,,"false"
"1475785407564419075","https://x.com/Rifxyal/status/1475785407564419075","@AnnRinnesia @collegemenfess Up. Malah menurut gw kalo udah smt 5 keatas mending MSIB wkwk","Tue Dec 28 11:07:14 +0000 2021","https://pbs.twimg.com/profile_images/2038907138970677248/dQD0Y02G_normal.jpg","2","4","40","1","0","0","","in","true",,,"false"
"1475782513205280768","https://x.com/hmja_pnj/status/1475782513205280768","[ Sosialisasi Magang dan Studi Independen Bersertifikat Kampus Merdeka ]

Halo, PNJ-nesia!

Magang dan Studi Independen Bersertifikat (MSIB) merupakan program yang diadakan DIKTI untuk mahasiswa semester 5 (D3) dan semester 7 (D4).  

Untuk mengetahui informasi MSIB lebih https://t.co/wq30TUkYur","Tue Dec 28 10:55:44 +0000 2021","https://pbs.twimg.com/profile_images/556707668216127489/asqIkVHs_normal.jpeg","0","1","1","0","0","1","","in","false",,,"false"
"1475673338500599812","https://x.com/VisitBocaChica/status/1475673338500599812","Coast Guard Marine Safety Information Bulletin (MSIB) updated for possible static fire testing on Dec 28, 2021.  #BocaChica #Starship #WenStaticFire #Mission2Mars 🚀 https://t.co/r8w19f1sDm","Tue Dec 28 03:41:55 +0000 2021","https://pbs.twimg.com/profile_images/1840279375725383680/O0AvMXAJ_normal.jpg","0","0","3","0","0","0","","en","false",,,"false"
"1475443989595656194","https://x.com/M3juahjuah/status/1475443989595656194","Kemendikbudristek memastikan pencairan dana program Magang Studi Independen Bersertifikat (MSIB) Kampus Merdeka bakal dilanjutkan hingga 2022. 

Bagi yang belum Dapat Uang Saku Kampus Merdeka, Simak lengkap penjelasannya dibawah ini.

@Kemdikbud_RI @ditjendikti https://t.co/KueQURJ97X","Mon Dec 27 12:30:34 +0000 2021","https://pbs.twimg.com/profile_images/1517369343486881792/XWrGwPDp_normal.jpg","3","1","3","0","0","2","","in","false",,,"false"
"1474590026742714368","https://x.com/dead_wish_kid/status/1474590026742714368","selamat natal untuk kakak admin @LPDP_RI  🥳 dari saya peserta MSIB yang uang sakunya belum dibayarkan padahal udah on-job 4bulan. baru dibayar 2 bulan hehehe. padahal saya ga bandel, administrasi ga pernah salah/telat, tapi kena juga:(","Sat Dec 25 03:57:13 +0000 2021","https://pbs.twimg.com/profile_images/1975591256182116352/-Tquty7K_normal.jpg","0","0","2","0","0","0","","in","false",,,"false"
"1474306714497269768","https://x.com/dicoding/status/1474306714497269768","Segera daftar di https://t.co/wCXDena3WJ yuk!

GRATIS!

Sampai jumpa!👋🏻

#MSIB #KampusMerdeka #MerdekaBelajar #InsanDikti #MerdekakanPeluang","Fri Dec 24 09:11:26 +0000 2021","https://pbs.twimg.com/profile_images/1544955480816369664/tbdn5Cc8_normal.jpg","0","0","2","0","0","0","","in","true",,,"false"
"1474022644924108800","https://x.com/kentangglowwing/status/1474022644924108800","@collegemenfess Magangnya seru hehehehe. Alhamdulillah aku lucky dapat mitra yang oke banget. Walopun panitia MSIB ngeselin :)))),","Thu Dec 23 14:22:39 +0000 2021","https://pbs.twimg.com/profile_images/2063579883654287360/Bp4e-8pZ_normal.jpg","0","2","3","0","0","1","","in","true",,,"false"
"1473234040295542784","https://x.com/skillupid/status/1473234040295542784","LAGI HYPE MAGANG MERDEKA SAMA STUDI INDEPENDEN TAPI MASIH BELUM TAU MSIB ITU APA?! 😱

Ngerasa relate? Thread ini cocok untuk kamu 😎

– A thread https://t.co/BJGBtxbtUH","Tue Dec 21 10:09:01 +0000 2021","https://pbs.twimg.com/profile_images/1378724435478282251/s4i-PmLl_normal.jpg","19","5","58","1","0","32","","in","false",,,"false"
"1472726922610163713","https://x.com/CDCUIcareer/status/1472726922610163713","Enterprise Internship Program (QEIP) Batch 2 sebagai bentuk dukungan terhadap program MSIB Kampus Merdeka.
Program magang ini terbuka bagi mahasiswa semester 5 hingga tingkat akhir dan akan berlangsung selama 6 bulan.
Terdapat 14 posisi yang tersedia pada program QEIP. Untuk https://t.co/pvZtwXx87d","Mon Dec 20 00:33:54 +0000 2021","https://pbs.twimg.com/profile_images/1448957821509197824/IKpbvoi6_normal.jpg","0","1","1","0","0","2","","in","true",,,"false"
"1471926557732065283","https://x.com/antaranews/status/1471926557732065283","Kemdikbudristek targetkan 50.000 mahasiswa masuk program MSIB 2022 https://t.co/6Qt4tfkikn","Fri Dec 17 19:33:33 +0000 2021","https://pbs.twimg.com/profile_images/1193345348573396992/Cd3dfZfq_normal.jpg","0","0","0","0","0","0","","in","false",,,"false"
"1471453631048138756","https://x.com/Dsra_RR/status/1471453631048138756","@ditjendikti @humanoralien_ Yailah bapak bapak ini kebanyakan omong kosong,verifikasi data dari kmrn kmrn ga pernah kelar. Gapernah show off and take an action. Hanya omong kosong saja. Yang kaya gini mau ngadain msib batch ke 2? Mana uang mentor dr bulan pertama ga pernah cair WKWKWK HADUHHHH","Thu Dec 16 12:14:18 +0000 2021","https://pbs.twimg.com/profile_images/1892465146620211200/lcIblSlb_normal.jpg","1","0","2","1","0","0","","in","true",,,"false"
"1471317036353482752","https://x.com/TelUCareer/status/1471317036353482752","bentuk dukungan terhadap program MSIB Kampus Merdeka. Program magang ini terbuka bagi mahasiswa semester 5 hingga tingkat akhir dan akan berlangsung selama 6 bulan.

Terdapat 14 posisi yang tersedia pada program QEIP. Untuk informasi lebih lanjut terkait rincian dan https://t.co/lbqtUBTgpg","Thu Dec 16 03:11:31 +0000 2021","https://pbs.twimg.com/profile_images/1240597320061685761/ospihhH8_normal.jpg","0","1","0","0","0","0","","in","true",,,"false"
"1470702381205704704","https://x.com/aim_edu/status/1470702381205704704","Foster your out-of-the-box corporate ideas through AIM's Master of Science in Innovation and Business part-time degree program. Apply now!

For inquiries, you may reach us at msib@aim.edu or call at +63 908 873 3414 (Whatsapp/Viber). https://t.co/HTj9589RyT","Tue Dec 14 10:29:06 +0000 2021","https://pbs.twimg.com/profile_images/1111163373100527617/iz9_VSxH_normal.png","0","0","1","0","0","0","","en","false",,,"false"
"1470609218587619330","https://x.com/its_campus/status/1470609218587619330","#ITSUpdate

Halo, Arek-arek ITS!

Pendaftaran Program Magang dan Studi Independen Bersertifikat (MSIB) Kampus Merdeka Angkatan 2 telah dibuka!

Dibuka untuk mahasiswa aktif minimal semester 5. https://t.co/oMZ4phXBDa","Tue Dec 14 04:18:54 +0000 2021","https://pbs.twimg.com/profile_images/1371369262795825154/s8oWnJYU_normal.jpg","0","1","0","0","0","0","","in","false",,,"false"
"1470518668748537857","https://x.com/VisitBocaChica/status/1470518668748537857","Coast Guard Marine Safety Information Bulletin (MSIB) update for possible static fire testing on Dec 14, 2021.  #BocaChica #Starship #WenStaticFire #JourneyToMars https://t.co/upyLYcXxUk","Mon Dec 13 22:19:06 +0000 2021","https://pbs.twimg.com/profile_images/1840279375725383680/O0AvMXAJ_normal.jpg","4","0","12","1","0","0","","en","false",,,"false"
"1469660232687050753","https://x.com/andalasfess/status/1469660232687050753","Ragu buat semester depan ikut msib, iisma atau kampus mengajar uaf! https://t.co/8l7gyNpvyn","Sat Dec 11 13:27:59 +0000 2021","https://pbs.twimg.com/profile_images/2023751493367853058/iD-dpzdK_normal.jpg","0","2","2","0","0","1","","in","false",,"true","false"
"1469594959913226240","https://x.com/BEMFISIPUNUD/status/1469594959913226240","[INFO PENTING: Program Magang dan Studi Independen Bersertifikat (MSIB)]

Hallo Insan Maroon!! https://t.co/tCv8GlGIt6","Sat Dec 11 09:08:36 +0000 2021","https://pbs.twimg.com/profile_images/1709485722888257536/HW_cXoQz_normal.jpg","0","1","1","0","0","0","","in","false",,,"false"
"1469477169546285059","https://x.com/litakeju/status/1469477169546285059","Drama banget masih pagi gabisa login msib😭","Sat Dec 11 01:20:33 +0000 2021","https://pbs.twimg.com/profile_images/1649751672854552576/aYGlmkL6_normal.jpg","0","0","2","0","0","0","","in","false",,,"false"
"1469126654324711426","https://x.com/dicoding/status/1469126654324711426","Jika kamu adalah mahasiswa D3/D4/S1 aktif di semester 5 (atau lebih), mari mendaftar!

Klik https://t.co/M0h6wmPB3M (GRATIS) ✅

Dibuka s/d 31 Desember 2021.

#MSIB #KampusMerdeka #MerdekaBelajar #InsanDikti #MerdekakanPeluang","Fri Dec 10 02:07:44 +0000 2021","https://pbs.twimg.com/profile_images/1544955480816369664/tbdn5Cc8_normal.jpg","1","0","4","0","0","0","","in","true",,,"false"
"1468488196593913859","https://x.com/bucketexca/status/1468488196593913859","Ya pantes aja gajinya telat org perusahaan mitra msib baru pada ngasih LOA nya ;)","Wed Dec 08 07:50:43 +0000 2021","https://pbs.twimg.com/profile_images/2051651134360870912/T2I-iUUV_normal.jpg","0","0","1","0","0","0","","in","false",,,"false"
"1467721425012203521","https://x.com/deedeldelima/status/1467721425012203521","@yooteyo @MagangStudi Peserta: *protes ke panitia MSIB pake karya*
Panitia: ""Nih liat, hasil program kami, menghasilkan karya karya anak bangsa""
Peserta: 👁️👄👁️","Mon Dec 06 05:03:51 +0000 2021","https://pbs.twimg.com/profile_images/1966250053322027010/V-y24cyU_normal.jpg","0","1","3","0","0","0","","in","false",,,"false"
"1466329219613425670","https://x.com/2jeemin/status/1466329219613425670","@JapanMerchFess Nendo gojo mau nder? opslot 750k udah sampe ina MSIB ya (DP dulu boleh)","Thu Dec 02 08:51:43 +0000 2021","https://pbs.twimg.com/profile_images/2013207096246824961/k-_uF1bZ_normal.jpg","0","0","0","0","0","1","","in","true",,,"false"
"1465122829876142081","https://x.com/MagangStudi/status/1465122829876142081","Lagi kok ambisius banget sih MSIB batch 2 yg katanya bentar lagi buka dari 12.900 peserta mau ditambah kuotanya sampai 50.000, ngurus 12.900 aja bobrok apalagi 50.000? serius mending ditunda dulu diberesin dulu permasalahan buat peserta yg batch-1 dan sistemnya dimantapin dulu https://t.co/7TgXRLbIdJ","Mon Nov 29 00:57:57 +0000 2021","https://pbs.twimg.com/profile_images/1467311410635894787/6z0m0BFe_normal.jpg","13","2","27","3","0","1","","in","true",,,"false"
"1464927534018007048","https://x.com/icatwps/status/1464927534018007048","*JANGAN KASIH AMPUN…!* Nadiem Makarim: Perguruan Tinggi Tak Izinkan Mahasiswanya Ikut Magang dan Studi Independen Bersertifikat (MSIB) Bakal Diberi Sanksi 

https://t.co/Dl5xHcJXJP","Sun Nov 28 12:01:55 +0000 2021","https://pbs.twimg.com/profile_images/2040393606549413888/GjBIVOoM_normal.jpg","1","0","2","0","0","0","","in","false",,,"false"
"1464505534279790599","https://x.com/aim_edu/status/1464505534279790599","Congratulations to MSIB 2022’s Team ValNiu for winning second place at the IXL Innovation Olympics 2021! 

You make all of us at AIM proud. https://t.co/LrivfJthBn","Sat Nov 27 08:05:03 +0000 2021","https://pbs.twimg.com/profile_images/1111163373100527617/iz9_VSxH_normal.png","0","0","3","0","0","0","","en","false",,,"false"
"1464066439829237785","https://x.com/aim_edu/status/1464066439829237785","Materialize your startup business ideas today with a Master of Science in Innovation and Business degree at AIM! We are now accepting applications.

For inquiries, you may reach us at msib@aim.edu or call +63 908 873 3414 (WhatsApp/Viber/SMS). https://t.co/idcnYf2dEC","Fri Nov 26 03:00:14 +0000 2021","https://pbs.twimg.com/profile_images/1111163373100527617/iz9_VSxH_normal.png","0","0","2","0","0","0","","en","false",,,"false"
"1461704365849202690","https://x.com/samdalrii/status/1461704365849202690","So, thats why buat yg jauh dan ternyata hrs kost buat ikut MSIB mending dipikirkan lagii. Tapi kalo mau tetep ikut, kalian bisa milih perusahaan yg sistemnya full WFH, karena ada yg sebagian kegiatannya WFH juga, ada yg blended, kalo full WFO sprtinya nggk cmiiw.","Fri Nov 19 14:34:12 +0000 2021","https://pbs.twimg.com/profile_images/1761366034584641536/FyXWD37J_normal.jpg","1","1","1","0","0","0","","in","true",,,"false"
"1461700618230190080","https://x.com/samdalrii/status/1461700618230190080","✨TAHAPAN SELEKSI MSIB✨
yang pertama tentu kalian harus punya akun di web kampus merdeka sambil liat-liat program lainnya sabi. Apply beberapa doc yang diminta seperti cv, rekapan nilai dan lainnya. Lengkapi juga data yang diminta. Saat apply kemrn aku pakenya CV ATS friendly.","Fri Nov 19 14:19:19 +0000 2021","https://pbs.twimg.com/profile_images/1761366034584641536/FyXWD37J_normal.jpg","0","1","3","0","0","1","","in","true",,,"false"
"1461700615998820364","https://x.com/samdalrii/status/1461700615998820364","Apply MSIB, kalian bisa apply di posisi yang kalian inginkan. Waktu itu aku apply banyak di bidang pendidikan dan non, sampe dapet beberapa email buat tes di tahap selanjutnya. Apply banyak ini biar peluang lolosnya juga besar, intinya tdk ada ketentuan min apply.","Fri Nov 19 14:19:18 +0000 2021","https://pbs.twimg.com/profile_images/1761366034584641536/FyXWD37J_normal.jpg","0","1","2","0","0","1","","in","true",,,"false"
"1461700598563180548","https://x.com/samdalrii/status/1461700598563180548","✨BENEFIT MSIB✨
1. conversi 20 SKS
conversi dibagi 2 ada yg terstruktur dan yg tidak terstruktur.
Conversi Terstruktur artinya jurusan kuliah kalian linear sama posisi yg kalian apply saat magang/studi independent, kalo yang tidak terstruktur kebalikannya alias tidak linear.","Fri Nov 19 14:19:14 +0000 2021","https://pbs.twimg.com/profile_images/1761366034584641536/FyXWD37J_normal.jpg","0","1","4","0","0","2","","in","true",,,"false"
"1461700595991990272","https://x.com/samdalrii/status/1461700595991990272","Syarat MSIB
•Merupakan mahasiswa aktif (bukan yang cuti)
•min smt 6 (smt dpn) cmiiw
Note: kalo kalian ternyata udah beres skripsi atau tinggal 1 / 2 bulan lagi wisuda better tidak ikutan yaaa, karena kejadian batch 1 juga jadi mengundurkan diri.","Fri Nov 19 14:19:13 +0000 2021","https://pbs.twimg.com/profile_images/1761366034584641536/FyXWD37J_normal.jpg","1","2","2","0","0","5","","in","true",,,"false"
"1461700587813150721","https://x.com/samdalrii/status/1461700587813150721","MSIB salah satu program Kampus Merdeka Mendikbudristekdikti merupakan program Magang dan Studi Independent Bersertifikat. Dalam hal ini kementrian menyediakan wadah buat kita kita mahasiswa untuk bisa magang dan belajar di perusahaan-perusahaan besar di Indonesia","Fri Nov 19 14:19:11 +0000 2021","https://pbs.twimg.com/profile_images/1761366034584641536/FyXWD37J_normal.jpg","0","1","3","0","0","0","","in","true",,,"false"
"1461700575054098433","https://x.com/samdalrii/status/1461700575054098433","✨Share Tips Lolos MSIB (Magang dan Studi Independent Bersertifikat) Kampus Merdeka✨","Fri Nov 19 14:19:08 +0000 2021","https://pbs.twimg.com/profile_images/1761366034584641536/FyXWD37J_normal.jpg","15","1","42","1","0","79","","in","false",,"true","false"
"1461609206533038084","https://x.com/aim_edu/status/1461609206533038084","Earn your Master of Science in Innovation and Business degree at AIM with the freedom of flexibility. Inquire about our Study Now, Pay Later option today!

For inquiries, you may reach us at msib@aim.edu or call +63 908 873 3414 (WhatsApp/Viber/SMS). https://t.co/FApnuODKLh","Fri Nov 19 08:16:04 +0000 2021","https://pbs.twimg.com/profile_images/1111163373100527617/iz9_VSxH_normal.png","0","0","1","0","0","0","","en","false",,,"false"
"1461213607539064832","https://x.com/pockyymatcha/status/1461213607539064832","@ditjendikti terkait kesalahan data sepertinya sudah sejak bulan lalu ada usaha untuk perbaikan, mulai dari input data via google form, spreadsheet, bahkan rekan saya ada yang sampai dikontak via whatsapp oleh pihak panitia MSIB.
apakah sudah diupdate datanya?","Thu Nov 18 06:04:06 +0000 2021","https://pbs.twimg.com/profile_images/1772012194429128704/hZvjw-jc_normal.jpg","0","1","3","0","0","0","","in","true",,,"false"
"1461193206536675330","https://x.com/raraazuraa/status/1461193206536675330","berarti mayoritas peserta MSIB sudah menerima 3x uang saku? ini data dari mana ya? perasaan yang turun baru 1x uang saku.","Thu Nov 18 04:43:02 +0000 2021","https://pbs.twimg.com/profile_images/1969664611613097988/lIcy6jJB_normal.jpg","0","1","1","0","0","0","","in","false",,"true","false"
"1461175252302516226","https://x.com/Kemdiktisaintek/status/1461175252302516226","Tim MSIB tentu akan terus mengusahakan pencairan uang saku ini, sehingga pada Desember nanti setidaknya semua tanggungan uang saku selama 2021 sudah tercairkan. Tetap semangat mencari pengalaman ya!
#uangsakumsib #kampusmerdeka","Thu Nov 18 03:31:42 +0000 2021","https://pbs.twimg.com/profile_images/2029827458510565376/FIB5Wf_5_normal.jpg","1","1","5","2","0","0","","in","true",,,"false"
"1461175250075324433","https://x.com/Kemdiktisaintek/status/1461175250075324433","Rekan MSIB yang merasa dapat curhatan dari temannya sesama peserta MSIB yang mengeluh belum mendapatkan uang saku, tolong share informasi ini ya!
#uangsakumsib #kampusmerdeka","Thu Nov 18 03:31:41 +0000 2021","https://pbs.twimg.com/profile_images/2029827458510565376/FIB5Wf_5_normal.jpg","0","2","2","0","0","0","","in","true",,,"false"
"1461175238733877252","https://x.com/Kemdiktisaintek/status/1461175238733877252","Rekan MSIB yang merasa belum mendapatkan uang saku bulan Agustus dan September bisa cek daftar nama data yang bermasalah dan menyebabkan gagal transfer di sini https://t.co/bbYcmhMTBf
#uangsakumsibcair #kampusmerdeka","Thu Nov 18 03:31:38 +0000 2021","https://pbs.twimg.com/profile_images/2029827458510565376/FIB5Wf_5_normal.jpg","1","6","6","1","0","0","","in","true",,,"false"
"1461175220316762113","https://x.com/Kemdiktisaintek/status/1461175220316762113","Hai, Rekan MSIB Kampus Merdeka!
Tentu kamu semua ingin tahu seperti apa perkembangan proses pencairan uang saku mahasiswa MSIB ya. Nah, simak perkembangan terbaru ini ya!
#uangsakumsibcair #kampusmerdeka

[sebuah utas]","Thu Nov 18 03:31:34 +0000 2021","https://pbs.twimg.com/profile_images/2029827458510565376/FIB5Wf_5_normal.jpg","51","53","157","47","0","13","","in","false",,,"false"
"1461119421976563714","https://x.com/bscarp84/status/1461119421976563714","Sydney will be presenting her preliminary MSIB thesis work representing @KSUCSM and the Department of Molecular and Cellular biology.","Wed Nov 17 23:49:51 +0000 2021","https://pbs.twimg.com/profile_images/1143861426638983168/12BHh2Z2_normal.jpg","0","0","2","0","0","0","","en","true",,,"false"
"1460633212095373316","https://x.com/bibimcad/status/1460633212095373316","@yangbenerajawoy @MagangStudi Wkwkwk MSIB anak tiri, IISMA anak emas🙏🏻🥲","Tue Nov 16 15:37:49 +0000 2021","https://pbs.twimg.com/profile_images/1904734785102299136/NLyonfjH_normal.jpg","1","0","2","0","0","0","","in","true",,,"false"
"1460568765519720449","https://x.com/Pulpendid/status/1460568765519720449","Peserta program Kampus Merdeka meminta Kemendikbud merealisasikan janjinya untuk memberikan uang saku.

Program yang dimaksud adalah Program Magang dan Studi Independen Bersertifikat (MSIB). https://t.co/pesa6rOtBM","Tue Nov 16 11:21:44 +0000 2021","https://pbs.twimg.com/profile_images/1636609125361614848/hYcNUflh_normal.jpg","0","0","3","0","0","0","","in","false",,,"false"
"1460513740672024576","https://x.com/saethosi/status/1460513740672024576","@collegemenfess Yang aku lakukan 

1. Reseller masker
2. Jadi asdos
3. Survey online mayan 25k tiap 2 minggu dan voucher 50rb alfamart wkwk
4. Ikut MSIB lumayan pengalaman magang + gaji (tp lambat cair) 
5. Ikut lomba","Tue Nov 16 07:43:05 +0000 2021","https://pbs.twimg.com/profile_images/1963256012028485632/vsIR0M5c_normal.jpg","2","3","16","0","0","13","","in","true",,,"false"
"1460190262693482500","https://x.com/RiusWin12/status/1460190262693482500","@MagangStudi Tolong selamatkan hak kami sbg mahasiswa di program MSIB ini @LPDP_RI @Kemdikbud_RI 

#CairkanUangSakuMSIB
#KawalUangSaku
#KampusMerdeka
#CairkanUangSakuMSIB
#KawalUangSaku
#KampusMerdeka
#CairkanUangSakuMSIB
#KawalUangSaku
#KampusMerdeka","Mon Nov 15 10:17:42 +0000 2021","https://pbs.twimg.com/profile_images/1575312171273048064/vqMWfprp_normal.jpg","0","1","1","0","0","0","","in","true",,,"false"
"1459998190497845248","https://x.com/MichAdebayo/status/1459998190497845248","pedestrian-friendly campus.

Additional information:

Lab website: https://t.co/9FFGpnFOwk
MSIB program website: https://t.co/OuVVsZaJ0w","Sun Nov 14 21:34:28 +0000 2021","https://pbs.twimg.com/profile_images/1215999658662690825/KRSAdFmL_normal.jpg","0","0","1","0","0","0","","en","true",,,"false"
"1459538947865030659","https://x.com/l0vjjsung/status/1459538947865030659","SEN GERCEK MSIB NESIN SEN HEE https://t.co/LokrYyiCQn","Sat Nov 13 15:09:36 +0000 2021","https://pbs.twimg.com/profile_images/2055373508557840385/9QZiy-7j_normal.jpg","0","0","4","0","0","0","","tr","false",,,"false"
"1459162844339978244","https://x.com/kgymtobioo/status/1459162844339978244","WTS
Nendoroid Nobara
MSIB
785,000 nett (include admin + packing)
✅ marketplace (shopee/ tokopedia) https://t.co/AknNXLGKTI","Fri Nov 12 14:15:06 +0000 2021","https://pbs.twimg.com/profile_images/1961769201368231936/28rYgZJz_normal.jpg","27","1","20","1","0","1","","en","false",,,"false"
"1458107530090057736","https://x.com/VisitBocaChica/status/1458107530090057736","Coast Guard Marine Safety Information Bulletin (MSIB) update for possible static fire testing on Nov 10, 2021.  #BocaChica #Starship #WenStaticFire #BocaChicaToMoon #BocaChicaToMars https://t.co/SkfuVGUkfg","Tue Nov 09 16:21:40 +0000 2021","https://pbs.twimg.com/profile_images/1840279375725383680/O0AvMXAJ_normal.jpg","0","0","5","0","0","0","","en","false",,,"false"
"1457574006761017346","https://x.com/Beritasatu/status/1457574006761017346","Saat ini terdapat diikuti oleh 13.272 mahasiswa yang lolos seleksi sedang menjalani MSIB bersama 122 mitra penyelenggara.

Selengkapnya: 👇 #Magang https://t.co/vJdAMyou6I","Mon Nov 08 05:01:38 +0000 2021","https://pbs.twimg.com/profile_images/2066433554318495744/_VDTpZGP_normal.jpg","0","0","0","0","0","0","","in","false",,,"false"
"1456797051002527745","https://x.com/VisitBocaChica/status/1456797051002527745","Coast Guard Marine Safety Information Bulletin (MSIB) for possible static fire testing on Nov 9, 2021.  #BocaChica #Starship #WenStaticFire #BocaChicaToMoon #BocaChicaToMars https://t.co/H8jANwunHr","Sat Nov 06 01:34:17 +0000 2021","https://pbs.twimg.com/profile_images/1840279375725383680/O0AvMXAJ_normal.jpg","0","0","1","0","0","0","","en","false",,,"false"
"1456697976668184584","https://x.com/collectkiss/status/1456697976668184584","Psycho Circus 3-D Video With Glasses MSIB  https://t.co/2scYw8sCcA   😜 https://t.co/qXjiU9s5gs","Fri Nov 05 19:00:36 +0000 2021","https://pbs.twimg.com/profile_images/842146762584391680/S0CJS9gi_normal.jpg","2","1","30","0","0","0","","en","false",,,"false"
"1456278762073456652","https://x.com/mediaindonesia/status/1456278762073456652","Erwan Cerentio mengatakan, Program MSIB memberikan ruang kepada mahasiswa untuk bereksperimen tentang minat dan keahlian yang sebenarnya sudah diketahui.   https://t.co/pXcx9ui5z9","Thu Nov 04 15:14:47 +0000 2021","https://pbs.twimg.com/profile_images/2013862868442054656/PHgXw1vG_normal.jpg","0","0","1","0","0","0","","in","false",,,"false"
"1456268934810726407","https://x.com/mediaindonesia/status/1456268934810726407","Terbukti berdasarkan survei yang dihimpun Kemendikbudristek, Program Magang dan Studi Independen Bersertifikat dan Studi (MSIB) yang paling tertinggi diminati para mahasiswa.    https://t.co/DNCEZjj6vl","Thu Nov 04 14:35:44 +0000 2021","https://pbs.twimg.com/profile_images/2013862868442054656/PHgXw1vG_normal.jpg","0","1","0","0","0","0","","in","false",,,"false"
"1456078856201261063","https://x.com/MagangStudi/status/1456078856201261063","Lalu coba lihat pak masa tiap bulan &amp; hampir tiap program sampai buat petisi? apa nggak malu pak? makanya coba diurus pak jangan diem2 aja apalagi kolom komen di ig di tutup semua, ini sudah masuk 3 bulan pak.

Petisi dari peserta MSIB :
https://t.co/oHQlSQVxUU via @ChangeOrg_ID","Thu Nov 04 02:00:26 +0000 2021","https://pbs.twimg.com/profile_images/1467311410635894787/6z0m0BFe_normal.jpg","8","1","25","2","0","0","","in","true",,,"false"
"1456078837880537098","https://x.com/MagangStudi/status/1456078837880537098","Kami juga mendapatkan kabar bahwa anak PMM (Pertukaran Mahasiswa Merdeka) belum juga mendapatkan haknya sama seperti anak MSIB dan KM2. https://t.co/Il2txSbTax","Thu Nov 04 02:00:22 +0000 2021","https://pbs.twimg.com/profile_images/1467311410635894787/6z0m0BFe_normal.jpg","3","1","22","4","0","2","","in","true",,,"false"
"1456078823179448322","https://x.com/MagangStudi/status/1456078823179448322","Sebenarnya tidak hanya MSIB yang mengalami kendala seperti ini, beberapa sub-program Kampus Merdeka yang lainnya juga mengalami masalah. Contohnya anak Kampus Mengajar 2 yg curhat kepada kami bahwa mereka sudah mengajar 3 bulan di desa tapi baru dicairkan uang saku 1 bulan saja.","Thu Nov 04 02:00:18 +0000 2021","https://pbs.twimg.com/profile_images/1467311410635894787/6z0m0BFe_normal.jpg","1","1","15","1","0","0","","in","true",,,"false"
"1456078797501992963","https://x.com/MagangStudi/status/1456078797501992963","Program MSIB mulai pertama kali terhitung tgl 23 Agustus 2021 (Onboarding Nasional) namun ada juga beberapa teman2 kami yang mulai duluan sejak tgl 2 Agustus 2021 sesuai dengan kesepakatan masing2 dengan mitra tempat mereka bekerja.","Thu Nov 04 02:00:12 +0000 2021","https://pbs.twimg.com/profile_images/1467311410635894787/6z0m0BFe_normal.jpg","2","1","18","0","0","0","","in","true",,,"false"
"1456078783992131584","https://x.com/MagangStudi/status/1456078783992131584","Program ini memberikan hak bagi mahasiswa untuk belajar di luar program studinya selama 1-2 semester, dan salah satu sub-program dari Kampus Merdeka adalah MSIB (Magang &amp; Studi Independen Bersertifikat).","Thu Nov 04 02:00:09 +0000 2021","https://pbs.twimg.com/profile_images/1467311410635894787/6z0m0BFe_normal.jpg","1","1","11","0","0","0","","in","true",,,"false"
"1455912952553369601","https://x.com/MXSOCAL/status/1455912952553369601","The attached is forwarded on behalf of the U.S. Coast Guard regarding the USCG Sector LA-LB MSIB 12-21 Point Mugu Sea Range. https://t.co/8WnV0i4I8O","Wed Nov 03 15:01:12 +0000 2021","https://pbs.twimg.com/profile_images/3540464683/e1cabb6a4a9fc991642478930125368d_normal.jpeg","2","0","3","0","0","0","","en","false",,,"false"
"1455605517498257413","https://x.com/liputan6dotcom/status/1455605517498257413","Kemendikbudristek Sebut Sebagian Besar Bantuan Biaya Hidup Program MSIB Telah Disalurkan https://t.co/oeL92seNyC","Tue Nov 02 18:39:33 +0000 2021","https://pbs.twimg.com/profile_images/1912108392551784449/G3vz80ep_normal.jpg","0","0","2","0","0","0","","in","false",,,"false"
"1455581107391320069","https://x.com/haluanharian/status/1455581107391320069","Peserta MSIB Tuntas Terima Uang Saku Sejak Agustus Hingga September 2021 https://t.co/cucFWwsQrW","Tue Nov 02 17:02:34 +0000 2021","https://pbs.twimg.com/profile_images/1262753251360796672/U37ftt8H_normal.jpg","0","0","0","0","0","0","","in","false",,,"false"
"1455447119657988099","https://x.com/alineadotid/status/1455447119657988099","Kemendikbud Ristek: 11.300 peserta MSIB telah menerima uang saku
https://t.co/u0VXyJ89ob","Tue Nov 02 08:10:08 +0000 2021","https://pbs.twimg.com/profile_images/976325355626684416/D7ookDki_normal.jpg","0","0","0","0","0","0","","in","false",,,"false"
"1455437648990851079","https://x.com/republikaonline/status/1455437648990851079","Pencairan uang saku 1.600 mahasiswa program MSIB terkendala administrasi. https://t.co/JCofMQFX5a","Tue Nov 02 07:32:30 +0000 2021","https://pbs.twimg.com/profile_images/1922868522826465280/mzuJnDJD_normal.jpg","0","0","2","0","0","0","","in","false",,,"false"
"1454829834782199808","https://x.com/lyfeisgoodmaybe/status/1454829834782199808","@collegemenfess Aku sem 7 nih. Sekarang aku magang di msib sm magang d luar msib. Aku biasanya spam dftr CV k website cari kerja kayak glints/kalibrr buat intern/fulltime. Alhamdulillah dapet panggilan2 interview dan magang aku diluar msib juga dpt disini. Walaupun bisa lama bgt nunggunya","Sun Oct 31 15:17:16 +0000 2021","https://pbs.twimg.com/profile_images/2045667854717214721/3jAbxXV__normal.jpg","1","3","4","0","0","8","","in","true",,,"false"
"1454035090191761414","https://x.com/etnomenignotum/status/1454035090191761414","@borvoyage @tubirfess kalau bukan MSIB &amp; it program perusahaan sendiri, ya artinya tetap tunduk sama Permenaker Nomor 6 Tahun 2020, ga ada aturan PINALTY karena pengunduran diri sepihak juga di dalamnya mengingat bagian lampiran Permenaker itu menyusun bagaimana kontrak magang yang baik dan benar.","Fri Oct 29 10:39:14 +0000 2021","https://pbs.twimg.com/profile_images/1465699336294047750/rR-Ye6PL_normal.jpg","0","0","1","0","0","1","","in","true",,,"false"
"1454020237204987912","https://x.com/etnomenignotum/status/1454020237204987912","@tubirfess catatan: 

1. kalau ini konteksnya Program Magang dan Studi Independen Bersertifikat (MSIB) terkait uang saku dan biaya hidup selama magang yang subsidi itu Kemdikbud; 

2. kemudian ada yang namanya Mitra Industri dan Dunia Kerja (IDUKA) yang antra lain:","Fri Oct 29 09:40:13 +0000 2021","https://pbs.twimg.com/profile_images/1465699336294047750/rR-Ye6PL_normal.jpg","3","2","23","0","0","6","","in","true",,,"false"
"1453958404783833094","https://x.com/lyfeisgoodmaybe/status/1453958404783833094","@friendofxanax @MagangStudi Kita udah dijanjiin dibayar. Kalau unpaid, apakah semua anak2 daerah yg magang di msib mau ngeluarin banyak biaya sampai minjem untuk bayar kos di tengah kota dan juga uang pesawat? Gak semua bisa bayar kayak gitu. Pasti ada pertimbangan bnyk klo awalnya dibilang unpaid","Fri Oct 29 05:34:31 +0000 2021","https://pbs.twimg.com/profile_images/2045667854717214721/3jAbxXV__normal.jpg","0","1","19","0","0","0","","in","false",,,"false"
"1453935357452447747","https://x.com/kentangglowwing/status/1453935357452447747","@AdamBagaskara @SerikatMagang @hrdbacot @ezash @taktekbum aja sih? Sampe nuntut duit segitunya."" Tanpa melihat apa yang sebenernya terjadi dari masing-masing anak MSIB. Ngl, tapi bersyukur, sabar, dan pasrah nunggu inisiatif panitia ga bisa buat kami bayar kos dan makan. Buzzer atau bukan, nir-empati banget njir...","Fri Oct 29 04:02:56 +0000 2021","https://pbs.twimg.com/profile_images/2063579883654287360/Bp4e-8pZ_normal.jpg","0","0","4","0","0","0","","in","true",,,"false"
"1453934335422205965","https://x.com/kentangglowwing/status/1453934335422205965","@AdamBagaskara @SerikatMagang @hrdbacot @ezash @taktekbum Sebagai salah satu anggota grup itu, emang ada sih pesan dari orang-orang yang namanya bahkan gaada di SK MSIB, baik yang S1 ataupun vokasi. Asli, sakit hati banget bacanya. Pekerjaan dan perjuangan kami direndahkan, disuruh bersyukur, bersabar, bilang ""emang kalian udah ngapain","Fri Oct 29 03:58:53 +0000 2021","https://pbs.twimg.com/profile_images/2063579883654287360/Bp4e-8pZ_normal.jpg","4","1","19","0","0","0","","in","true",,,"false"
"1453914763772116993","https://x.com/MagangStudi/status/1453914763772116993","Salah satu hal yang dijanjikan oleh Kemendikbud ialah hak uang saku bagi para peserta MSIB untuk menyokong kebutuhan hidup para peserta, namun sudah terhitung 2-3 bulan kami bekerja masih ada beberapa teman2 kami yg belum mendapatkan hak uang sakunya sepeserpun","Fri Oct 29 02:41:06 +0000 2021","https://pbs.twimg.com/profile_images/1467311410635894787/6z0m0BFe_normal.jpg","1","1","24","2","0","1","","in","true",,,"false"
"1453914761393938433","https://x.com/MagangStudi/status/1453914761393938433","Salah satu sub-program dari kampus merdeka ialah MSIB (Magang &amp; Studi Independen Bersertifikat) dimana mahasiswa akan menempuh pendidikan di luar program studi berupa magang / studi independen di mitra2 yg bekerjasama dengan pihak Kemendikbud RI selama 1-2 semester (6-12 bulan)","Fri Oct 29 02:41:06 +0000 2021","https://pbs.twimg.com/profile_images/1467311410635894787/6z0m0BFe_normal.jpg","1","1","23","0","0","0","","in","true",,,"false"
"1453910750351613956","https://x.com/ChangeOrg_ID/status/1453910750351613956","😲 jadi ini magang merdeka atau magang merana ya? hehehe

pantesan Aspirasi Mahasiwa MSIB Kampus Merdeka Angkatan 1 minta @Kemdikbud_RI segera realisasikan uang saku anak magang😩 baca cerita lengkapnya di petisinya👉🏾 https://t.co/K8ds6xkYLy","Fri Oct 29 02:25:09 +0000 2021","https://pbs.twimg.com/profile_images/2785243807/1801a965ac6834af999a0919ed662fb0_normal.png","15","2","36","4","0","2","","in","false",,"true","false"
"1453214610220269585","https://x.com/algonacci/status/1453214610220269585","ngerti sih MSIB fokusnya buat nyari ilmu.

tapi perihal uang saku memang hak semua yg terlibat untuk menanyakan tersebut.

gatau kan perjuangan nyiapin kuota untuk selalu hadir di zoom? beli alat, ikut course buat ngejar materi, mungkin ada yg harus ngekost di luar kota, dll.","Wed Oct 27 04:18:57 +0000 2021","https://pbs.twimg.com/profile_images/2000754140994265094/-GLnok53_normal.jpg","0","1","6","0","0","0","","in","false",,,"false"
"1452574746357370894","https://x.com/ChangeOrg_ID/status/1452574746357370894","kata Aspirasi Mahasiswa MSIB Kampus Merdeka Angkatan 1, anak-anak magang Merdeka Belajar dari @Kemdikbud_RI juga belum diberikan uang bayaran yang jadi hak mereka, loh🤭🤭
Cek cerita lengkapnya di petisinya, https://t.co/bVG9dSDV2G","Mon Oct 25 09:56:21 +0000 2021","https://pbs.twimg.com/profile_images/2785243807/1801a965ac6834af999a0919ed662fb0_normal.png","1","0","5","0","0","1","","in","true",,,"false"
"1451816008117731328","https://x.com/LPDP_RI/status/1451816008117731328","@kokokukuh_ Hai LPDPrens, LPDP akan mencairkan komponen pendanaan magang MSIB sesuai kelengkapan berkas pengajuan yang dikirimkan oleh Kemendikbudristek. Oleh karena itu silakan mengkonfirmasi kepada Kemendikbudristek sebagai penyelenggara program ya :) ^ZA^ ^","Sat Oct 23 07:41:24 +0000 2021","https://pbs.twimg.com/profile_images/2049857891163922432/s2KPbenj_normal.jpg","0","0","0","0","0","0","","in","false",,,"false"
"1451815526687072260","https://x.com/LPDP_RI/status/1451815526687072260","@soleilformylune Hai LPDPrens, LPDP akan mencairkan komponen pendanaan magang MSIB sesuai kelengkapan berkas pengajuan yang dikirimkan oleh Kemendikbudristek. Oleh karena itu silakan mengkonfirmasi kepada Kemendikbudristek sebagai penyelenggara program ya :) ^ZA^ ^","Sat Oct 23 07:39:29 +0000 2021","https://pbs.twimg.com/profile_images/2049857891163922432/s2KPbenj_normal.jpg","0","0","0","0","0","0","","in","true",,,"false"
"1451815437952372737","https://x.com/LPDP_RI/status/1451815437952372737","@Pantai123456 Hai LPDPrens, LPDP akan mencairkan komponen pendanaan magang MSIB sesuai kelengkapan berkas pengajuan yang dikirimkan oleh Kemendikbudristek. Oleh karena itu silakan mengkonfirmasi kepada Kemendikbudristek sebagai penyelenggara program ya :) ^ZA^ ^","Sat Oct 23 07:39:08 +0000 2021","https://pbs.twimg.com/profile_images/2049857891163922432/s2KPbenj_normal.jpg","0","0","0","0","0","0","","in","true",,,"false"
"1451815338400567300","https://x.com/LPDP_RI/status/1451815338400567300","@babynyuu_ Hai LPDPrens, LPDP akan mencairkan komponen pendanaan magang MSIB sesuai kelengkapan berkas pengajuan yang dikirimkan oleh Kemendikbudristek. Oleh karena itu silakan mengkonfirmasi kepada Kemendikbudristek sebagai penyelenggara program ya :) ^ZA^ ^","Sat Oct 23 07:38:44 +0000 2021","https://pbs.twimg.com/profile_images/2049857891163922432/s2KPbenj_normal.jpg","0","0","0","0","0","0","","in","true",,,"false"
"1451779237745074176","https://x.com/MagangStudi/status/1451779237745074176","Semoga kali ini Kemdikbud RI dan pihak Tim MSIB tidak akan mengingkar janji ke 4 nya kepada kita semua, karena kasihan sekali untuk para teman2 kita yang sangat membutuhkan uang saku ini terutama yg WFO di luar kota https://t.co/3H7VHBcl74","Sat Oct 23 05:15:17 +0000 2021","https://pbs.twimg.com/profile_images/1467311410635894787/6z0m0BFe_normal.jpg","1","1","11","1","0","1","","in","true",,,"false"
"1451736486026498056","https://x.com/pak_pokijan/status/1451736486026498056","Gaji msib belum turun?

BRI: yaudah nih kita kasih duit dulu","Sat Oct 23 02:25:24 +0000 2021","https://pbs.twimg.com/profile_images/1923763590542065664/KJFYyOhm_normal.jpg","0","0","0","0","0","0","","in","false",,,"false"
"1451458371148664832","https://x.com/MagangStudi/status/1451458371148664832","Tulus, Hormat Kami

TTD

Peserta MBKM MSIB Angkatan Ke-1","Fri Oct 22 08:00:17 +0000 2021","https://pbs.twimg.com/profile_images/1467311410635894787/6z0m0BFe_normal.jpg","1","0","11","0","0","0","","in","true",,,"false"
"1451458368485294087","https://x.com/MagangStudi/status/1451458368485294087","Kepada para petinggi &amp; penyelenggara program Magang &amp; Studi Independen Bersertifikat (MSIB) Kampus Merdeka, tolong baca petisi ini dan kabulkan permohonan kami, serta kedepanya agar lebih profesional lagi dalam menjalankan program ini, terima kasih","Fri Oct 22 08:00:16 +0000 2021","https://pbs.twimg.com/profile_images/1467311410635894787/6z0m0BFe_normal.jpg","2","1","13","0","0","1","","in","true",,,"false"
"1450931754538344457","https://x.com/VisitBocaChica/status/1450931754538344457","Updated Coast Guard Marine Safety Information Bulletin (MSIB) for possible static fire testing tomorrow - Oct 21, 2021.  #BocaChica #Starship #WenStaticFire https://t.co/6xWgzv5tiV","Wed Oct 20 21:07:41 +0000 2021","https://pbs.twimg.com/profile_images/1840279375725383680/O0AvMXAJ_normal.jpg","0","0","1","0","0","0","","en","false",,,"false"
"1450830529402576897","https://x.com/MagangStudi/status/1450830529402576897","Jadi pertama kenalin, gw adalah akun yang didedikasikan khusus untuk menyatakan aspirasi mahasiswa peserta program MSIB (Magang &amp; Studi Independen Bersertifikat) yang merupakan salah satu bentuk program Kampus Merdeka gagasan dari Bapak Nadiem Makarim mengenai kemerdekaan belajar","Wed Oct 20 14:25:27 +0000 2021","https://pbs.twimg.com/profile_images/1467311410635894787/6z0m0BFe_normal.jpg","6","1","36","1","0","0","","in","true",,,"false"
"1450716434087104512","https://x.com/KamiVokasi/status/1450716434087104512","Hai #SobatVokasi,demi menciptakan lulusan yg siap kerja, Ditjen Pendidikan Vokasi kerjasama dengan LPDP untuk membuat program Beasiswa MSIB nih. Apakah itu? Simak infografis berikut ya! https://t.co/91gyvjYkBG","Wed Oct 20 06:52:05 +0000 2021","https://pbs.twimg.com/profile_images/1400158431391010820/k1f1e00-_normal.jpg","0","1","3","1","0","0","","in","false",,,"false"
"1450690770420199427","https://x.com/kentangglowwing/status/1450690770420199427","@collegemenfess Sendernya pasti antara anak MSIB atau KM2 wkwkwkwkwkwk... I feel you kok 😭😭😭😭😭😭😭😭","Wed Oct 20 05:10:06 +0000 2021","https://pbs.twimg.com/profile_images/2063579883654287360/Bp4e-8pZ_normal.jpg","0","0","2","0","0","0","","in","true",,,"false"
"1450277535082684417","https://x.com/potentialinus/status/1450277535082684417","@aisye21 @glowinbeautyy @AREAJULID tp bukannya 2020 si rv msib pk hijab ya?","Tue Oct 19 01:48:03 +0000 2021","https://pbs.twimg.com/profile_images/1865035727949697024/WjZDjEHu_normal.jpg","0","1","3","0","0","0","","in","true",,,"false"
"1449691894271729665","https://x.com/orangewinnkr/status/1449691894271729665","#Readystock_orangewinn
[Ready INA🇮🇩] 
Nendoroid Gojo 1528 (2)
MSIB 
**untuk lihat detail silahkan dm @malfoyhunie2 
‼️🔗price 900.000 (bisa nego) 
🚛Shipment JKT Barat 
ask? please dm 🙏🏻 https://t.co/McOhWd85V7","Sun Oct 17 11:00:56 +0000 2021","https://pbs.twimg.com/profile_images/1444710149701001217/80l0QoXA_normal.jpg","10","1","9","6","0","4","","in","false",,,"false"
"1449688405286080521","https://x.com/MayaAja20733366/status/1449688405286080521","opn syng msib redy pijit+ bsa y loksi pnjng bndar lmpung bypas bsa wjib dp pjit bunda maya😘#bisyarlampung
#cewebo 
#bispaklampung 
#RealBO 
#RealAngel 
#includeroom 
#bolampung","Sun Oct 17 10:47:04 +0000 2021","https://pbs.twimg.com/profile_images/1401613121454678017/x-ID90AI_normal.jpg","0","0","2","0","0","0","","in","false",,,"false"
"1448363735526092805","https://x.com/VisitBocaChica/status/1448363735526092805","Updated Coast Guard Marine Safety Information Bulletin (MSIB).  Static fire testing rescheduled for tomorrow.  #BocaChica @SpaceX @elonmusk @VisitBocaChica https://t.co/YNtimDjUlM","Wed Oct 13 19:03:18 +0000 2021","https://pbs.twimg.com/profile_images/1840279375725383680/O0AvMXAJ_normal.jpg","0","0","0","0","0","0","","en","false",,,"false"
"1446495746342068235","https://x.com/GlorySimran/status/1446495746342068235","During my MSIB @mariaressa was a guest lecturer for a session. 
Its a privilege to have attended and interacted with a nobel peace laureate 
#NobelPeacePrize2021 #MariaRessa #Philippines","Fri Oct 08 15:20:35 +0000 2021","https://pbs.twimg.com/profile_images/1394186329643098116/GDvA6xZ0_normal.jpg","0","0","1","0","0","0","","en","false",,"true","false"
"1446329630042968065","https://x.com/jeffrazi/status/1446329630042968065","Accounting and Taxation Services Consultant 🧮 

🏢MSIB Corporate Consultancy Sdn. Bhd. 
📍Bandar Tasik Selatan, Kuala Lumpur 
 💸RM2,500 
                           
https://t.co/jKw6MYzm0m","Fri Oct 08 04:20:29 +0000 2021","https://pbs.twimg.com/profile_images/1179374767624904705/8zECM833_normal.jpg","0","1","0","1","0","1","","in","true",,,"false"
"1445957373474996225","https://x.com/AzeemSyuk/status/1445957373474996225","11) Accounting and Taxation Services Consultant
MSIB Corporate Consultancy Sdn. Bhd.
📍  Bandar Tasik Selatan, Kuala Lumpur
💰 RM2,300 - RM2,500 Per Month

MOHON DISINI 👉 https://t.co/AdErpLwom4","Thu Oct 07 03:41:17 +0000 2021","https://pbs.twimg.com/profile_images/1688826432393564161/4e-7RsCu_normal.jpg","0","1","1","0","0","0","","in","true",,,"false"
"1443278384616857602","https://x.com/USCGHeartland/status/1443278384616857602","UPDATE: @USCG Captain of the Port for Houma, LA issued MSIB (36-21) today with the latest waterway information as the region continues to recover from #HurricaneIda: https://t.co/UUtLCQavPq (1/3)","Wed Sep 29 18:15:56 +0000 2021","https://pbs.twimg.com/profile_images/1953519593097465856/nC1Pd6_n_normal.jpg","2","1","5","0","0","0","","en","false",,,"false"
"1443213483206606849","https://x.com/haikerja/status/1443213483206606849","Jawatan Kosong MSIB Corporate Consultancy Sdn. Bhd.
.
Jawatan Kosong sebagai :-
1. ACCOUNTING AND TAXATION SERVICES CONSULTANT
Gaji : RM2,300 - RM2,500
.
Tarikh tutup : 21 Okt 2021
.
Maklumat lanjut permohonan, sila klik link yang disediakan ini : https://t.co/WODIM1JeGv","Wed Sep 29 13:58:02 +0000 2021","https://pbs.twimg.com/profile_images/762416365818957824/oyNpBHAy_normal.jpg","0","0","1","0","0","1","","in","false",,,"false"
"1441891726587740162","https://x.com/USCGHeartland/status/1441891726587740162","UPDATE: @USCG Captain of the Port for Houma, LA issued MSIB (35-21) today, which includes the most current waterway status as the region continues to recover from #HurricaneIda: https://t.co/uXp7imkINq","Sat Sep 25 22:25:51 +0000 2021","https://pbs.twimg.com/profile_images/1953519593097465856/nC1Pd6_n_normal.jpg","1","1","3","0","0","0","","en","false",,,"false"
"1440716381368963082","https://x.com/orangewinnkr/status/1440716381368963082","Ready CH 🇨🇳
Nendo Gojo 1528 
**keterangan seller MSIB / Sealed
Price : est 550.000 /each

Ready 5 Slot‼️
❌not including fee cargo 
‼️ongkir local china akan di bagi rata
dm @malfoyhunie2 for payment 📩 https://t.co/AT2i5rqmHY","Wed Sep 22 16:35:27 +0000 2021","https://pbs.twimg.com/profile_images/1444710149701001217/80l0QoXA_normal.jpg","1","1","4","1","0","2","","in","false",,,"false"
"1434931030184665089","https://x.com/F4S_Delivery/status/1434931030184665089","F4SD SEND MESSAGE OF CONDOLENCES TO THE FAMILY AND  NATIONAL FREEDOM PARTY MEMBERS ON THE PASSING OF ITS LEADER HON. ZANELE KAMAGWAZA MSIB.

Our country has lost a passionate patriot with a commitment to development as well as uplifting rural communities.

May Her Soul RIP https://t.co/WtwM5iS7IG","Mon Sep 06 17:26:31 +0000 2021","https://pbs.twimg.com/profile_images/787988746151092224/Bcs3uIMI_normal.jpg","2","0","6","0","0","0","","en","false",,,"false"
"1433665245231271938","https://x.com/republikaonline/status/1433665245231271938","Kesempatan magang program MSIB, bisa membantu nanti setelah lulus kuliah https://t.co/ZVy7FNRYXk","Fri Sep 03 05:36:45 +0000 2021","https://pbs.twimg.com/profile_images/1922868522826465280/mzuJnDJD_normal.jpg","0","0","1","0","0","0","","in","false",,,"false"
"1431273982171369472","https://x.com/upi_official/status/1431273982171369472","Selamat malam, #SivitasUPI! Pada Kamis, 26 Agustus 2021 UPI telah melaksanakan acara pelepasan mahasiswa Program Indonesia International Mobility Awards (IISMA) dan Program Magang dan Studi Independen Bersertifikat (MSIB). 

#SeputarUPI
#PelopordanUnggul https://t.co/ystdovMQKE","Fri Aug 27 15:14:43 +0000 2021","https://pbs.twimg.com/profile_images/1876824842902884352/ymnz8PYV_normal.jpg","0","0","2","0","0","0","","in","false",,,"false"
"1430912930350977027","https://x.com/fasilkomunej/status/1430912930350977027","Selamat! 
Fasilkom Mendominasi Jumlah Mahasiswa UNEJ Yang Diterima Di Program MSIB Tahun 2021

Dengan Rincian :
1. Prodi Sistem Informasi : 38 Mahasiswa
2. Prodi Informatika : 34 Mahasiswa 
2. Prodi Teknologi Informasi : 14 Mahasiswa https://t.co/brJO3KkPuM","Thu Aug 26 15:20:02 +0000 2021","https://pbs.twimg.com/profile_images/1399986890804109317/5vqp82ja_normal.jpg","1","1","6","0","0","0","","in","false",,,"false"
"1430451122951507972","https://x.com/ajvincible07/status/1430451122951507972","Naalala ko yung MOLE era ng MSIB hahaha @NoOtherMon @shanicegarcia @marcelojosemr","Wed Aug 25 08:44:58 +0000 2021","https://pbs.twimg.com/profile_images/1700470744076197888/3wcY3AYO_normal.jpg","0","1","4","0","0","0","","tl","false",,,"false"
"1430103730255392773","https://x.com/Kemdiktisaintek/status/1430103730255392773","Halo #InsanDikti,

Selamat ya, bagi #InsanDikti yang telah lolos mengikuti program Magang dan Studi Independen Bersertifikat (MSIB). Nah, untuk mempersiapkan diri saat mulai magang nanti, #InsanDikti harus tahu sifat yang bisa diterapkan saat menjadi anak magang. https://t.co/3aNExLGdwm","Tue Aug 24 09:44:33 +0000 2021","https://pbs.twimg.com/profile_images/2029827458510565376/FIB5Wf_5_normal.jpg","4","2","8","0","0","0","","in","false",,,"false"
"1430055987851923462","https://x.com/VokasiUB/status/1430055987851923462","Pengumuman Mahasiswa yang Diterima Program Magang dan Studi Independen Bersertifikat (MSIB) Kampus Merdeka
https://t.co/WqtpLe9tzM","Tue Aug 24 06:34:51 +0000 2021","https://pbs.twimg.com/profile_images/1478560919139483649/udHW_Zmb_normal.jpg","0","0","0","0","0","0","","in","false",,,"false"
"1429672909031690245","https://x.com/itk_official_/status/1429672909031690245","*Halo mahasiswa ITK*📢📢

Hayooo siapa yang nungguin pengumuman MSIB?atau PMMB?

📌 *Cek disini ya* ⤵️
https://t.co/u0pGxAUZbF

📌 *Bagi mahasiswa yang lolos silahkan bergabung di grup WA melalui link*⬇️
https://t.co/tgdxIVGW9O

Selamat untuk yang lolos,🎉🎉🎉 https://t.co/K3vYXXXili","Mon Aug 23 05:12:38 +0000 2021","https://pbs.twimg.com/profile_images/1981157100819558401/hHcranhh_normal.jpg","0","0","2","0","0","0","","in","false",,,"false"
"1428519459736621057","https://x.com/republikaonline/status/1428519459736621057","Program MSIB memberikan kebebasan untuk mahasiswa mendaftar di perusahaan idaman https://t.co/4pkBw2BYhI","Fri Aug 20 00:49:14 +0000 2021","https://pbs.twimg.com/profile_images/1922868522826465280/mzuJnDJD_normal.jpg","0","0","2","0","0","0","","in","false",,,"false"
"1426491913801195521","https://x.com/its_fess/status/1426491913801195521","its/ apa bener ITS cuman bisa konversi program MSIB jadi 8 sks aja? Kalo bener, parah sih ini :'","Sat Aug 14 10:32:29 +0000 2021","https://pbs.twimg.com/profile_images/1695794013264384001/xk9mrif6_normal.jpg","0","1","3","0","0","3","","in","false",,,"false"
"1424676121199611910","https://x.com/SBWRCHV/status/1424676121199611910","AIM MSIB scholarship cutie  🥺🥺","Mon Aug 09 10:17:11 +0000 2021","https://pbs.twimg.com/profile_images/1583065803054002176/DA_qfhNi_normal.jpg","0","0","3","0","0","0","","en","false",,,"false"
"1420464489468628997","https://x.com/byhzlnut/status/1420464489468628997","@collegemenfess MAU NGASIH TAU

Bagi yg msh ditahapan dalam seleksi (blm dinterview ato tes) jgn berkecil hati klo blm ada panggilan, ini msh tgl 29 msh ada kesempatan krn seleksi ditutup tgl 7 agustus. Yuk yuk semangatt pejuang MSIB","Wed Jul 28 19:21:39 +0000 2021","https://pbs.twimg.com/profile_images/1420562265179258881/Spsa9LXW_normal.jpg","0","1","4","0","0","1","","in","true",,,"false"
"1419852107209838597","https://x.com/sbyfess/status/1419852107209838597","-rek ada yg pernah atau berencana magang di MSIB/PMMB Kampus Merdeka Kah? Like / rep aja, aku mo nanya2 nih
Makasih yg udah mau jawab","Tue Jul 27 02:48:16 +0000 2021","https://pbs.twimg.com/profile_images/1610997611762446336/d7Xxzlc4_normal.jpg","0","1","3","0","0","0","","in","false",,,"false"
"1419026008217460736","https://x.com/charlesabel24/status/1419026008217460736","Mwenyekiti wa zamani wa kilichokuwa Chama cha Mpira wa Miguu Tanzania (FAT), Mzee Said El Maamry amefariki usiku huu jijini Dar es Salaam. 

Taarifa zaidi kuhusu msib huo zitatolewa https://t.co/XyUEcqZa18","Sat Jul 24 20:05:39 +0000 2021","https://pbs.twimg.com/profile_images/1775947806626267136/ZyMLcjF5_normal.jpg","2","2","43","0","0","0","","in","false",,,"false"
"1418780077572059137","https://x.com/okezonenews/status/1418780077572059137","Mau Ikut Beasiswa MSIB Kampus Merdeka? Ini Syaratnya    #LengkapCepatBeritanya #BeritaTerkini #Kampus #KampusUpdate . https://t.co/rRzYAweyzE","Sat Jul 24 03:48:24 +0000 2021","https://pbs.twimg.com/profile_images/1925458463834214400/Rw_-n1dG_normal.jpg","0","0","1","0","0","0","","in","false",,,"false"
"1418773576430198786","https://x.com/okezonenews/status/1418773576430198786","Kemendikbudristek: Program MSIB Kampus Merdeka Dibuka    #LengkapCepatBeritanya #BeritaTerkini #Kampus #KampusUpdate . https://t.co/hOaJbdoi6Z","Sat Jul 24 03:22:34 +0000 2021","https://pbs.twimg.com/profile_images/1925458463834214400/Rw_-n1dG_normal.jpg","0","0","0","0","0","0","","in","false",,,"false"
"1414541658096476163","https://x.com/readysetcodeid/status/1414541658096476163","Ternyata ini ritual mistis yang bikin orang-orang bisa sesukses itu?! Jangan sampe kelewatan kesempatan ini ya! Cek syaratnya dan daftarkan dirimu di:

https://t.co/eD8MrBkMDU

#MSIB #KampusMerdeka #MagangMerdeka #MerdekakanPeluang #MerdekaBelajar  #StudiIndependenBersertifikat https://t.co/dxDpIMu5vB","Mon Jul 12 11:06:26 +0000 2021","https://pbs.twimg.com/profile_images/1834498642130206722/4cn6RZE-_normal.jpg","0","0","2","0","0","1","","in","false",,,"false"
"1407226472750665731","https://x.com/MasMenteri/status/1407226472750665731","Jerome Polin aja nonton Festival Kampus Merdeka MSIB, yakali kalian enggak sob! Yuk langsung pantengin youtube @Kemdikbud_RI ‼️Banyak perusahaan besar dan ternama Indonesia yg hadir menawarkan magang untuk kalian! HARI INI BANGET SOB‼️ 

https://t.co/nmTRRTb5T8 https://t.co/uVLRLICH3R","Tue Jun 22 06:38:30 +0000 2021","https://pbs.twimg.com/profile_images/1524675106844266496/UAAlrgY-_normal.jpg","0","0","5","1","0","1","","in","false",,,"false"
