"id","url","text","createdAt","author.profilePicture","retweetCount","replyCount","likeCount","quoteCount","viewCount","bookmarkCount","source","lang","isReply","isRetweet","isQuote","isPinned"
"2068664438845231448","https://x.com/uwupobiah/status/2068664438845231448","Ini magang berdampak bneran ga ada lagi yhhh","Sun Jun 21 11:56:50 +0000 2026","https://pbs.twimg.com/profile_images/1386923733575561217/kqiKfI6u_normal.jpg","0","0","0","0","4","0","","in","false",,,"false"
"2067228955971883215","https://x.com/cuewii/status/2067228955971883215","@starvrouz Hai kak, ini yang magang berdampak/ yg dulunya msib kan yaa? Soalnya kampusku belum ada infonya huhuu. Bolehkah aku minta infonya mengenai ini ke kakak? Makasih banyak yaa🥺🙏","Wed Jun 17 12:52:45 +0000 2026","https://pbs.twimg.com/profile_images/1740689778440654848/g2TX-P52_normal.jpg","0","0","0","0","59","0","","in","true",,,"false"
"2066546028606845019","https://x.com/smthinapril/status/2066546028606845019","Kacauuu laporan magang gue dah mau kelar, tapi isi logbook belom 😭 jirrr ngapa males bgt yak buat ngisi 🤧 

Pelajaran buat gue, besok pas kkn tiap malem wajib buka sikadu magang berdampak 🫵","Mon Jun 15 15:39:02 +0000 2026","https://pbs.twimg.com/profile_images/1998488426648350720/mdhP5c-R_normal.jpg","0","0","0","0","72","1","","in","false",,,"false"
"2066507857110143001","https://x.com/sancturnus/status/2066507857110143001","LATE UPDATE: SELESAII ANCRITTTTT

tengs program Magang Berdampak, fisiknya magang mental gue yang kena dampak","Mon Jun 15 13:07:21 +0000 2026","https://pbs.twimg.com/profile_images/2054262145727213568/_DRP8J9u_normal.jpg","0","2","0","0","89","0","","in","false",,"true","false"
"2065027191734169630","https://x.com/draftanakunpad4/status/2065027191734169630","pad! magang berdampak tahun ini gak dilanjutin ya?? jadi gimana sih daftar magang gue kebingungan sumpah, yang paham kasih sarannya dong","Thu Jun 11 11:03:43 +0000 2026","https://pbs.twimg.com/profile_images/1977726127742611456/Vj4fhm9T_normal.jpg","1","0","3","0","1868","2","","in","false",,,"false"
"2063455367900565990","https://x.com/yunesafess/status/2063455367900565990","-rek mau tanya msih, magenta, magang berdampak itu masih ada apa ngga ya, bingung sm kebijakan yg suka ganti gini","Sun Jun 07 02:57:51 +0000 2026","https://pbs.twimg.com/profile_images/1982085720656220161/EBBtga6j_normal.jpg","1","2","3","0","2460","6","","in","false",,,"false"
"2061730644754084062","https://x.com/chocostudy_/status/2061730644754084062","Setelah cerita kos itu, ga ada kejadian aneh. Karena 2024 gue ngekos berdua dan 2025 gue magang prigel sama magang berdampak di jakarta.

Tapi pas magang berdampak, ada kejadian lagi. Temen divisi lain pulang duluan &amp; temen gue satu-satunya sedivisi izin. https://t.co/F84ht7UqMv","Tue Jun 02 08:44:25 +0000 2026","https://pbs.twimg.com/profile_images/2059258764663078912/812UOlw__normal.jpg","0","1","6","0","3844","1","","in","true",,,"false"
"2060317259768213610","https://x.com/meutiafaradilla/status/2060317259768213610","Yalah, semua karena rezim Nadiem dengan MBKM yang sekarang dilanjutkan kementerian saat ini dengan program Magang Berdampak. 

Nggak ada pemerintah berpihak ke rakyat tuh nggak ada","Fri May 29 11:08:08 +0000 2026","https://pbs.twimg.com/profile_images/1985327652153270272/UtC8T0T5_normal.jpg","38","2","130","1","2990","5","","in","false",,"true","false"
"2059552859201692034","https://x.com/chocostudy_/status/2059552859201692034","Sebenernya perlu di eval juga calon mentor magangnya si. Siap atau enggak, dulu pengalaman magang berdampak. Mentornya keliatan udah overload sendiri.","Wed May 27 08:30:40 +0000 2026","https://pbs.twimg.com/profile_images/2059258764663078912/812UOlw__normal.jpg","1","1","20","0","2835","2","","in","false",,"true","false"
"2058235632351387791","https://x.com/meutiafaradilla/status/2058235632351387791","Mahasiswa berlomba² magang karena disuruh siapa? 

Dan tau nggak kalau program itu dilanjutkan di rezim sekarang? Mahasiswa harus magang. Magang berdampak katanya. Pusing","Sat May 23 17:16:29 +0000 2026","https://pbs.twimg.com/profile_images/1985327652153270272/UtC8T0T5_normal.jpg","128","1","624","5","10963","27","","in","false",,"true","false"
"2053680425311031331","https://x.com/ug_fess/status/2053680425311031331","yuji! tahun ini magang berdampak ada lagi gak sih:(( mau cari magang yg lain tp msh berharap magang berdampak karena susah bgt nyari magang paid😔😔","Mon May 11 03:35:43 +0000 2026","https://pbs.twimg.com/profile_images/2002264082255347712/crvr9urC_normal.jpg","0","0","4","0","784","0","","in","false",,,"false"
"2051993756350705797","https://x.com/d4ilyact/status/2051993756350705797","@ug_fess magang berdampak kmrn bisa join ko, temen kelasku ada ko yg join dan di convert sks kl ga salah. beda ya sm magang mandiri","Wed May 06 11:53:30 +0000 2026","https://pbs.twimg.com/profile_images/2051683886728630273/YzBZ59mX_normal.jpg","0","0","6","0","814","1","","in","true",,,"false"
"2051981655196229887","https://x.com/ug_fess/status/2051981655196229887","yuji! gundar ada magang berdampak gasih liat"" kampus lain udah bisa pendaftaran deh","Wed May 06 11:05:25 +0000 2026","https://pbs.twimg.com/profile_images/2002264082255347712/crvr9urC_normal.jpg","0","3","25","1","3506","13","","in","false",,,"false"
"2051673577163014200","https://x.com/kompasiana/status/2051673577163014200","Belajar dan Bertumbuh bersama Masyarakat Pesisir: Cerita Mahasiswa Magang Berdampak di Desa Poto Tano https://t.co/nUX6M6bz86","Tue May 05 14:41:13 +0000 2026","https://pbs.twimg.com/profile_images/1919257133360791552/qBDNrmLC_normal.jpg","0","0","0","0","159","0","","in","false",,,"false"
"2050588748035875124","https://x.com/undipmfs3/status/2050588748035875124","-dips! Haloo Kak, Apa di sini ada yang pernah ikut atau lolos MSIB / Magang Berdampak? Kalau ada, bolehkah aku izin tanya-tanya sedikit? Terima kasih banyak sebelumnya ya, Kak🙏✨ https://t.co/NBmohqn4he","Sat May 02 14:50:30 +0000 2026","https://pbs.twimg.com/profile_images/2026913753951019008/tsQyblVd_normal.jpg","1","1","3","0","1737","2","","in","false",,,"false"
"2050157193866146123","https://x.com/zzzhz_1/status/2050157193866146123","@rgoestama Kebiasaan orang indo, kalau kena musibah yg diganti namanya bukan mengkritisi main factor-nya. Ga jauh beda sama pemerintah yg gonta ganti nama, bikin ribet birokrasi aja. Misal, magang merdeka jadi magang berdampak lah, dll","Fri May 01 10:15:39 +0000 2026","https://pbs.twimg.com/profile_images/2045167147358605312/bYOh1eTW_normal.jpg","3","0","63","0","5894","1","","in","true",,,"false"
"2045397122393227714","https://x.com/Y2Karyl/status/2045397122393227714","Jangan masuk STM, masuk SMA jurusan IPA di sekolah elit biar nggak terlibat tawuran dan lulusnya bisa masang 196'21 (STEI-K ITB angkatan 2021) di bio twitter

Habis itu ikut organisasi, magang berdampak, kepanitiaan dan membangun personal branding biar gampang cari kerja di big 4","Sat Apr 18 07:00:50 +0000 2026","https://pbs.twimg.com/profile_images/2068314452160876544/QC0jracn_normal.jpg","1","0","2","0","471","0","","in","false",,"true","false"
"2042762073181237353","https://x.com/mesatu_/status/2042762073181237353","Mubazir kalau pemerintah keluar Rp4 triliun lebih cuma buat anak magang. Mereka itu butuh kerja, bukan bansos selama 6 bulan!

Please jangan salah kaprah. Peserta magang ini fresh graduate yang masih nganggur setelah 1 tahun lulus. Mereka bukan mahasiswa aktif.

Sini gue kasih paham biar lu melek soal magang nasional. Ini program bagus buat memangkas jumlah pengangguran, tapi masih kurang menggigit.

Jangan perlakukan mereka sebagai orang yang lagi “belajar”, treat selayaknya “calon karyawan”. Apalagi, uang saku mereka persis kek gaji orang yang pertama kali kerja alias setara UMP.

Kemnaker seharusnya push program magang ini di sektor swasta. Kudu tegas dan berani juga mengultimatum perusahaan untuk menyerap lulusan magang.

Program magang nasional baru bisa dikatakan berhasil kalau 100 ribu orang lebih itu akhirnya mendapat pekerjaan tetap. Kalau setelah 6 bulan magang balik jadi pengangguran, berarti sia-sia atau gagal total.

Gue harus lebih berisik soal program ini karena dulu dapat pekerjaan pertama berkat magang, mandiri ya bukan yang dari pemerintah. Intinya, industri itu menilai betul bagaimana performa lu selama magang.

Perusahaan swasta juga malas buka rekrutmen karyawan. Mereka lebih senang hire anak magang yang sudah terbukti kerjanya bagus. Range gajinya juga cocok karena masih di kisaran UMP.

Jadi, program magang nasional ini bisa banget link and match ke industri. Beda sama Magang Merdeka atau Magang Berdampak buat mahasiswa yang faktanya tidak terlalu bermanfaat.

Gue kasih contoh riil di industri media. Mereka yang dulu sempat ikut Magang Merdeka gak diterima kerja karena selama proses magang diperlakukan sebagai orang “belajar”.

Swasta gak percaya 100 persen sama skill anak magang yang cuma “belajar”, bukan serius mau kerja di tempat mereka nantinya. Mereka akhirnya diminta magang ulang secara mandiri, baru diangkat kartap.

Kalau pemerintah berpikir tugas mereka selesai setelah peserta dapat tempat magang, itu salah besar. Masalah pengangguran akhirnya gak akan pernah tuntas.

Ayo sama-sama dukung Kemnaker biar lebih serius dan tegas. Lulusan magang nasional harus bisa diserap industri. Anak muda gak boleh dibiarkan jadi pengangguran.","Sat Apr 11 00:30:05 +0000 2026","https://pbs.twimg.com/profile_images/2019360908783575040/V1_kqiBF_normal.jpg","182","11","839","8","48416","130","","in","false",,"true","false"
"2038628084761399567","https://x.com/unicefess/status/2038628084761399567","-ness ada yg ikut magang berdampak internasional? itu gmn ya teknisnya? tengss","Mon Mar 30 14:43:05 +0000 2026","https://pbs.twimg.com/profile_images/1976849511369887744/aegXztt7_normal.jpg","0","0","2","0","1624","4","","in","false",,,"false"
"2036660860605575398","https://x.com/ug_fess/status/2036660860605575398","yuji! Magang berdampak blm ada info lagi ya?","Wed Mar 25 04:26:03 +0000 2026","https://pbs.twimg.com/profile_images/2002264082255347712/crvr9urC_normal.jpg","0","0","6","0","1332","1","","in","false",,,"false"
"2029487966284857470","https://x.com/ug_fess/status/2029487966284857470","yuji! guys mau nanya di gundar magang berdampak udah mulai dibuka blm ya? soalnya tahun lalu katanya min. smtr 6 baru boleh magang","Thu Mar 05 09:23:31 +0000 2026","https://pbs.twimg.com/profile_images/2002264082255347712/crvr9urC_normal.jpg","0","0","6","0","1199","3","","in","false",,,"false"
"2026849301792698494","https://x.com/BPPMHKP_PRAYA/status/2026849301792698494","Hai #SahabatBahari Pada hari Rabu, 18 Februari 2026, Badan Mutu KKP Palangkaraya telah melaksanakan serah terima mahasiswa program Magang Berdampak Kampus Merdeka (MBKM) asal Universitas Palangkaraya. https://t.co/foHWxJgKes","Thu Feb 26 02:38:25 +0000 2026","https://pbs.twimg.com/profile_images/2067343435686875136/9mvcxc9x_normal.jpg","0","2","2","0","272","0","","in","false",,,"false"
"2021271738328199538","https://x.com/ug_fess/status/2021271738328199538","yuji! anak psi mau nanya dong buat daftar magang berdampak gimana cara nya","Tue Feb 10 17:15:10 +0000 2026","https://pbs.twimg.com/profile_images/2002264082255347712/crvr9urC_normal.jpg","0","0","7","0","1203","3","","in","false",,,"false"
"2018610911804899772","https://x.com/inibibollss/status/2018610911804899772","Yang kepo soal GenBI, magan BUMN, magang berdampak, novoclub by paragon, boleh kalii mampir sini https://t.co/sUNUb55KYa 🤗💙","Tue Feb 03 09:02:00 +0000 2026","https://pbs.twimg.com/profile_images/1778864613263912963/oev9rnG-_normal.jpg","0","0","9","0","1678","10","","in","false",,"true","false"
"2018092969212194890","https://x.com/xyzfnt3/status/2018092969212194890","@yunesafess Blum waktunya gausa mikir sampe kesana, magang berdampak jg blm tentu masih ada","Sun Feb 01 22:43:52 +0000 2026","https://pbs.twimg.com/profile_images/1837315414369652740/hKzQ249f_normal.jpg","0","0","1","0","358","0","","in","true",,,"false"
"2016997669009539489","https://x.com/onnowpurbo/status/2016997669009539489","MoU ITTS x SMK Bina Putra Mandiri

ITTS dan SMK Bina Putra Mandiri sepakat jalin MoU yang akan  diresmikan di Ruang Rektor pada 29 Januari 2026. Kerja sama ini perkuat  pendidikan TI, siapkan SDM unggul, &amp; dukung Magang Berdampak. 
https://t.co/2o8yJCWuzQ","Thu Jan 29 22:11:32 +0000 2026","https://pbs.twimg.com/profile_images/1963010193303994372/hxLty4Be_normal.jpg","0","0","2","0","731","0","","in","false",,,"false"
"2016150264693326013","https://x.com/raindezvuos/status/2016150264693326013","rakyat ga butuh gituan pak.... we need MAGANG BERDAMPAK back","Tue Jan 27 14:04:16 +0000 2026","https://pbs.twimg.com/profile_images/1983913380206501888/6YpxghAp_normal.jpg","0","0","3","0","269","0","","in","false",,"true","false"
"2015639854009274511","https://x.com/unsoedmfs/status/2015639854009274511","Jends! sender smt 6, saran dong baiknya ikut magang berdampak atau kuliah aja","Mon Jan 26 04:16:04 +0000 2026","https://pbs.twimg.com/profile_images/1964697244520816640/PDwM3vFp_normal.jpg","0","2","32","0","6376","11","","in","false",,,"false"
"2015435416896143699","https://x.com/yunesafess/status/2015435416896143699","rek! magang berdampak untuk semester 5 nanti itu bisa konversi 20 sks kah?","Sun Jan 25 14:43:43 +0000 2026","https://pbs.twimg.com/profile_images/1982085720656220161/EBBtga6j_normal.jpg","2","2","4","0","2361","3","","in","false",,,"false"
"2014023734403944705","https://x.com/inibibollss/status/2014023734403944705","BENEFIT #3: CV BERGENGSI + CREDIBILITY

Banyak yg tanya: ""Beneran ngebantu karier?"" Jujur, kalo ga ikut Novo, aku ga bakal punya mental sbg mahasiswa u/:
1. Magang Berdampak di Elzatta
2. Magang mandiri di Rumah BUMN
3. Lolos GenBI

Novo beneran bikin poin plus bgt.
It matters.","Wed Jan 21 17:14:11 +0000 2026","https://pbs.twimg.com/profile_images/1778864613263912963/oev9rnG-_normal.jpg","2","4","92","0","16389","18","","in","true",,,"false"
"2012272781032055062","https://x.com/mgnificmrna/status/2012272781032055062","@yubifess magang berdampak gaperlu PKL, IPK 4, paid kalopun unpaid bisa ngurangi banyak biaya krn pasti ada fasilitas tambahan buat nahan pengeluaran, gada tugas laprak dll, IPK positif full A (4.0)","Fri Jan 16 21:16:31 +0000 2026","https://pbs.twimg.com/profile_images/2049252873155084288/mDCUoYnJ_normal.jpg","1","0","4","0","111","0","","in","true",,,"false"
"2012129234689700326","https://x.com/yorura1/status/2012129234689700326","@yubifess Magang berdampak auto A semua ip semester 4.0 buat perbaikan ipk😄","Fri Jan 16 11:46:07 +0000 2026","https://pbs.twimg.com/profile_images/1288575120752009216/IQ263FkG_normal.jpg","1","5","31","2","6181","3","","in","true",,,"false"
"2012118464165806406","https://x.com/imainsurgent/status/2012118464165806406","@yubifess magang berdampak km bisa kabur dr rutinitas kuliah yg cuma nugas-laprak-uts-uas, kalo reguler biasanya magang di liburan semester.

minusnya, kalo magang 20 sksnya unpaid yaaa modal sendiri tp ada juga kok yg paid. kalo reguler udh pasti unpaid, tapi ga begitu banyak pengeluaran","Fri Jan 16 11:03:19 +0000 2026","https://pbs.twimg.com/profile_images/1889338497456353280/gwDzdJJN_normal.jpg","1","0","58","0","4588","3","","in","true",,,"false"
"2011776364475756612","https://x.com/Ndons_Back/status/2011776364475756612","Presiden Prabowo Subianto konsisten memperjuangkan masa depan anak-anak Indonesia, sejak kampanye hingga menjabat. Komitmennya terwujud dalam Program Sekolah Rakyat, yang membangun sekolah berasrama untuk anak kurang mampu di 34 provinsi sejak 2026, dengan target 100 sekolah per tahun. Ia sering menekankan perubahan nasib anak bangsa, seperti saat meninjau sekolah di Banjarbaru, memotivasi siswa sebagai generasi emas.

Program Makan Bergizi Gratis mendukung nutrisi optimal, sementara inisiatif lain seperti Magang Berdampak dan Hilirisasi memperkuat pemberdayaan keluarga. Prabowo kerap kunjungi sekolah, apresiasi guru, dan tekankan perjuangan ini sebagai sisa hidupnya untuk Indonesia Emas 2045.","Thu Jan 15 12:23:56 +0000 2026","https://pbs.twimg.com/profile_images/2039359917484802048/LbYbuGW0_normal.jpg","8","2","8","0","715","0","","in","false",,,"false"
"2011361429627019613","https://x.com/unicefess/status/2011361429627019613","-ness anak Fh ada yg ikut magang berdampak intern/konversi buat smt depan, mau tanya2 dongg","Wed Jan 14 08:55:08 +0000 2026","https://pbs.twimg.com/profile_images/1976849511369887744/aegXztt7_normal.jpg","0","1","3","0","2139","2","","in","false",,,"false"
"2010627771366830557","https://x.com/evisserpeddexim/status/2010627771366830557","siapa ikut magang berdampak","Mon Jan 12 08:19:51 +0000 2026","https://pbs.twimg.com/profile_images/2063960289998258177/tTfO_tSj_normal.jpg","0","5","1","0","926","1","","in","false",,,"false"
"2009911486420758888","https://x.com/ug_fess/status/2009911486420758888","yuji! guys ada yg tau magang berdampak daftar di mana? sama kl ngurus di gundar tuh gmn yaa","Sat Jan 10 08:53:35 +0000 2026","https://pbs.twimg.com/profile_images/2002264082255347712/crvr9urC_normal.jpg","0","0","10","0","1707","3","","in","false",,,"false"
"2009871243210830187","https://x.com/hidadiloveu/status/2009871243210830187","MBKM N MAGANG BERDAMPAK GIMANA KABARNYA COKK","Sat Jan 10 06:13:40 +0000 2026","https://pbs.twimg.com/profile_images/2038995789842956288/_8-DOvkO_normal.jpg","0","1","2","0","446","0","","in","false",,,"false"
"2007203317546651856","https://x.com/oneokrockc/status/2007203317546651856","ini magang berdampak ga ada info samsek kh","Fri Jan 02 21:32:17 +0000 2026","https://pbs.twimg.com/profile_images/2043891324890558466/WPDsSJpy_normal.jpg","0","2","4","0","558","2","","in","false",,,"false"
"2006946795927081181","https://x.com/ug_fess/status/2006946795927081181","yuji! Hi, ada yang pernah ikut magang berdampak ngga?? Terutama jurusan sistem informasi","Fri Jan 02 04:32:58 +0000 2026","https://pbs.twimg.com/profile_images/2002264082255347712/crvr9urC_normal.jpg","1","3","2","0","1692","4","","in","false",,,"false"
"2005273580477743326","https://x.com/yupieyipi/status/2005273580477743326","kkn cuma spent 12k buat beli nametag, terus keterima magang berdampak, trs ikut project dosen fully funded yeay Allah membersamai dan mempermudah jalan gue yg mesti cari duit sendiri ini🥹🥹🥹💗💗💗","Sun Dec 28 13:44:12 +0000 2025","https://pbs.twimg.com/profile_images/2057477579779846145/9AKvDOTQ_normal.jpg","0","1","4","0","398","1","","in","false",,"true","false"
"2003857009649541538","https://x.com/unsoedmfs/status/2003857009649541538","💛 kakak kakak fh, mending ikut magang berdampak atau ambil plkh full yaa. please yay or nay ikut magang berdampak di semester 6 nanti?","Wed Dec 24 15:55:15 +0000 2025","https://pbs.twimg.com/profile_images/1964697244520816640/PDwM3vFp_normal.jpg","0","1","0","0","1985","1","","in","false",,,"false"
"2003661831307690156","https://x.com/pastisucksess/status/2003661831307690156","kenapa malah berekspektasi kalo mini projekku bisa mengubah dunia sihhhh njirrrr. aku aja angkatan pertama yang ngelakuin magang berdampak ini. namanya aja MINI PROJEK, ya berarti mini 😔😔😔😔😔😔😔😔😔😔😔😔😔😔😔😔😔😔😔😔","Wed Dec 24 02:59:41 +0000 2025","https://pbs.twimg.com/profile_images/2068346717037379584/OLk0LoM4_normal.jpg","0","0","3","0","98","0","","in","false",,,"false"
"2003374124974887126","https://x.com/ug_fess/status/2003374124974887126","yuji! Gaisss mau nanya dong magang berdampak ituu buka pendaftaran nya kapan yaaa??","Tue Dec 23 07:56:26 +0000 2025","https://pbs.twimg.com/profile_images/2002264082255347712/crvr9urC_normal.jpg","1","0","5","0","1675","5","","in","false",,,"false"
"2003307578747683249","https://x.com/onnowpurbo/status/2003307578747683249","Rapat Rutin Mingguan

Rapat Prodi Teknologi Informasi ITTS  pada 17 Des 2025 agenda. Dari pelaporan  mahasiswa baru, pembinaan akademik, optimalisasi lab  (Pemrograman, Arsitektur &amp; JarKom, Multimedia), persiapan Magang Berdampak dan sertifikasi BNSP. 

https://t.co/lJVSx7brWU","Tue Dec 23 03:32:01 +0000 2025","https://pbs.twimg.com/profile_images/1963010193303994372/hxLty4Be_normal.jpg","1","0","5","0","1136","0","","in","false",,,"false"
"2002251375858888913","https://x.com/spartlaxzx/status/2002251375858888913","@morecaffeins @tanyarlfes fyi yg magang berdampak 2,8 per bulan. hitungannya per 2 bulan sama 3 bulan terakhir (total 5 bulan)","Sat Dec 20 05:35:02 +0000 2025","https://pbs.twimg.com/profile_images/1921928240597487616/kV4o6jrP_normal.jpg","0","0","15","1","1625","0","","in","true",,,"false"
"2002222465334862053","https://x.com/tanyarlfes/status/2002222465334862053","💚 akhirnya sender menamatkan magang berdampak guys, bbh termin 1 dan 2 juga udah cair semuaa 🙌✨
https://t.co/A3bKyaCayu https://t.co/sXcxZR1gQ2","Sat Dec 20 03:40:09 +0000 2025","https://pbs.twimg.com/profile_images/1610613801526890500/aBOa83uV_normal.jpg","57","91","2140","51","136542","340","","in","false",,"true","false"
"1998455550330466790","https://x.com/UNY_Base/status/1998455550330466790","UNY...
Mau tanya ke kating atau angkatan 22 ke atas dong. Ada ga yg ikut mbkm/magang berdampak buat konversi mata kuliah tapi ga lolos? Trs dari prodi ada solusi ga ya?
Terima kasih sebelumnya kaka kakak🙏","Tue Dec 09 18:11:47 +0000 2025","https://pbs.twimg.com/profile_images/1905995104445505536/Gd1rMZ2Y_normal.jpg","0","1","4","0","3039","2","","in","false",,,"false"
"1998248617514328189","https://x.com/kpuwajokab/status/1998248617514328189","#TemanPemilih, Komisi Pemilihan Umum Kabupaten Wajo menerima secara resmi Mahasiswa program ""Magang Berdampak"" Institut Ilmu Hukum dan Ekonomi Lamaddukelleng, di Aula KPU Wajo Lt. 2, Senin (8/12).

#KPUMelayani
#KPUWajokab https://t.co/0b6dpqYnak","Tue Dec 09 04:29:30 +0000 2025","https://pbs.twimg.com/profile_images/1666695779648692225/wxpJpPst_normal.jpg","0","0","2","0","158","0","","in","false",,,"false"
"1997162022799053308","https://x.com/unsoedmfs/status/1997162022799053308","Jends magang berdampak ada gak yaa smt besok? buat yang udah magang mandiri kalian biasa carinya dimana, sender blm dapet tempat magang:(","Sat Dec 06 04:31:46 +0000 2025","https://pbs.twimg.com/profile_images/1964697244520816640/PDwM3vFp_normal.jpg","0","1","6","0","2384","3","","in","false",,,"false"
"1996778102471713191","https://x.com/jasmiceng/status/1996778102471713191","buat yg mau daftar magang berdampak tahun depan pikir pikir lagi deh😮‍💨 dengan pencairan bbh yang selalu telat ini sangat merugikan mahasiswa loh. pencairan di termin 1 uda sangat telat dan mahasiswa udah nyampein kritik saran tapi tetap gada yg berubah di termin 2, gada evaluasi","Fri Dec 05 03:06:12 +0000 2025","https://pbs.twimg.com/profile_images/1730599123060195328/bRQ_7Nd8_normal.jpg","4","3","19","2","1036","2","","in","false",,,"false"
"1993677419467686088","https://x.com/UNDIP_FESS/status/1993677419467686088","undip! masih pada inget ga sihh mentoring yang bikin gw lolos magang berdampak kemarin?? mereka juga ada WORKSHOPNYA GUYSSS, buat yang belum kepilih di mentoring, bole bgt daftar workshop, GRATIS, SLOT UNLIMITED!! buruann daftar https://t.co/R28twiEb92","Wed Nov 26 13:45:12 +0000 2025","https://pbs.twimg.com/profile_images/1965052569740595200/lw-3OQWX_normal.jpg","2","1","6","0","1793","1","","in","false",,,"false"
"1991794795065541003","https://x.com/UNY_Base/status/1991794795065541003","Uny... Haii kakak2 akt 22 uny ke atas, adakah yg pernah ikut magang mandiri atau magang berdampak??? Please aku mau tanya2 🥺🥺🥺🥺","Fri Nov 21 09:04:19 +0000 2025","https://pbs.twimg.com/profile_images/1905995104445505536/Gd1rMZ2Y_normal.jpg","0","3","6","0","3690","7","","in","false",,,"false"
"1984939323750248860","https://x.com/UNDIP_FESS/status/1984939323750248860","SUMPAH GA SI MENTORING GW TAHUN LALU BUKA LG undip! tahun lalu tuh gw ikut ini terus skrng lolos magang berdampak.... soalnya mentornya dari perusahaan ternama, GRATIS LAGI, trs tahun ini ada company visit gilaakk, kata gw kalian langsung aja daftar dah https://t.co/LtZiyow2vT","Sun Nov 02 11:03:07 +0000 2025","https://pbs.twimg.com/profile_images/1965052569740595200/lw-3OQWX_normal.jpg","5","9","30","0","3506","23","","in","false",,,"false"
"1981563826601677105","https://x.com/PaluBapas17139/status/1981563826601677105","Perkuat Kolaborasi, Bapas Kelas I Palu Terima Kunjungan Monitoring dan Evaluasi Program Magang Berdampak

#SetahunBerdampak
#BapasPaluBerdampak
#DitjenpasSultengBerdampak
#MagangBerdampakFakum
#UniversitasTadulako https://t.co/aNExuw7Be1","Fri Oct 24 03:30:06 +0000 2025","https://pbs.twimg.com/profile_images/1981564810216022016/vg-TSzbT_normal.jpg","2","0","2","0","220","0","","in","false",,,"false"
"1980480324401524976","https://x.com/kemendespdt/status/1980480324401524976","Lewat program unggulan seperti Makan Bergizi Gratis, Sekolah Rakyat, Magang Berdampak, Hilirisasi, Cetak Sawah, Koperasi Desa/Kelurahan Merah Putih, sampai Cek Kesehatan Gratis.","Tue Oct 21 03:44:39 +0000 2025","https://pbs.twimg.com/profile_images/1874716685783154688/DthEZhgL_normal.jpg","6","1","9","0","1051","0","","in","true",,,"false"
"1980309908169080852","https://x.com/bankbsi_id/status/1980309908169080852","Assalamu'alaikum, Sahabat Syariah! 

PT Bank Syariah Indonesia Tbk (BSI) menyampaikan apresiasi dan dukungan penuh kepada pemerintahan Presiden Prabowo Subianto dan Wakil Presiden Gibran Rakabuming Raka dalam mewujudkan visi besar Indonesia Emas 2045.

Melalui berbagai program nyata seperti Makan Bergizi Gratis, Sekolah Rakyat, Magang Berdampak, Hilirisasi, Cetak Sawah, Koperasi Desa/Kelurahan Merah Putih, hingga Cek Kesehatan Gratis, pemerintah terus menghadirkan langkah konkret bagi kemajuan anak-anak bangsa.

BSI akan senantiasa berkomitmen mendukung upaya pemerintah dalam membangun generasi unggul yang sehat, cerdas, dan berdaya saing menuju Indonesia Emas 2045. 🇮🇩✨

#BankSyariahIndonesia
#BeyondSyariahBanking","Mon Oct 20 16:27:29 +0000 2025","https://pbs.twimg.com/profile_images/1500664477574139909/46FdlkQm_normal.jpg","2","4","14","0","2587","0","","in","false",,,"false"
"1980254753998492129","https://x.com/Puspen_TNI/status/1980254753998492129","Dari anak-anak Generasi Emas 2045, terucap rasa terima kasih kepada Presiden Prabowo Subianto @prabowo bersama Wakil Presiden Gibran Rakabuming @gibran_tweet atas dedikasi dan kontribusi nyata dalam membangun masa depan bangsa.

Bekerja, melalui program seperti Makan Bergizi Gratis, Sekolah Rakyat, Magang Berdampak, Hilirisasi, Koperasi Merah Putih, hingga Cek Kesehatan Gratis yang menumbuhkan harapan bagi anak-anak Indonesia untuk tumbuh sehat dan berdaya.

Bergerak, seluruh elemen bangsa bersatu memperkuat negeri, termasuk dalam menjaga pertahanan. Di bawah kepemimpinan Menteri Pertahanan Sjafrie Sjamsoeddin @sjafriesjams, langkah strategis terus dilakukan untuk menjaga kedamaian dan melindungi masa depan generasi penerus.

Berdampak, karena setiap langkah hari ini adalah wujud kasih dan tanggung jawab generasi kini bagi generasi esok. Agar anak-anak Indonesia tumbuh dalam kedamaian dan bangga menjadi bagian dari negeri yang kuat dan berdaulat.

Setahun Bekerja, Bergerak - Berdampak 

#tniprima
#setahunberdampak","Mon Oct 20 12:48:19 +0000 2025","https://pbs.twimg.com/profile_images/1990276339665174528/3HOCivCV_normal.jpg","7","3","32","2","2666","1","","in","false",,,"false"
"1980203224390045884","https://x.com/OfficialBIN_RI/status/1980203224390045884","Terima kasih Presiden Prabowo atas program unggulan Makan Bergizi Gratis, Sekolah Rakyat, Magang Berdampak, Hilirisasi, Koperasi Desa Merah Putih, dan Cek Kesehatan Gratis. Langkah nyata buka peluang generasi muda sehat, cerdas, dan berdaya saing.

#BadanKomunikasiPemerintah https://t.co/j7yX6bsp9K","Mon Oct 20 09:23:33 +0000 2025","https://pbs.twimg.com/profile_images/1971090481196277761/E4ZWxq0m_normal.jpg","2","1","4","0","783","0","","in","false",,,"false"
"1980169603092471900","https://x.com/dpmdkalteng/status/1980169603092471900","Lewat program unggulan seperti Makan Bergizi Gratis, Sekolah Rakyat, Magang Berdampak, Hilirisasi, Cetak Sawah, Koperasi Desa/Kelurahan Merah Putih, sampai Cek Kesehatan Gratis.","Mon Oct 20 07:09:57 +0000 2025","https://pbs.twimg.com/profile_images/1677249191373058050/BFVWix0m_normal.jpg","0","3","48","0","237","0","","in","true",,,"false"
"1980167753404473662","https://x.com/Kemhan_RI/status/1980167753404473662","Bekerja, melalui program seperti Makan Bergizi Gratis, Sekolah Rakyat, Magang Berdampak, Hilirisasi, Koperasi Merah Putih, hingga Cek Kesehatan Gratis yang menumbuhkan harapan bagi anak-anak Indonesia untuk tumbuh sehat dan berdaya.","Mon Oct 20 07:02:36 +0000 2025","https://pbs.twimg.com/profile_images/1484448236001583107/jpSQcmmc_normal.jpg","0","1","0","0","234","0","","in","true",,,"false"
"1980158943071785425","https://x.com/KemenkesRI/status/1980158943071785425","Dari Sekolah Rakyat yang membuka akses pendidikan untuk semua, Magang Berdampak yang menyiapkan generasi muda siap kerja, hingga Hilirisasi, Cetak Sawah, dan Koperasi Desa/Kelurahan Merah Putih yang menumbuhkan kemandirian dari desa semuanya adalah wujud nyata cinta Bapak pada negeri ini.","Mon Oct 20 06:27:36 +0000 2025","https://pbs.twimg.com/profile_images/1956700576231931904/wBpUJrLF_normal.jpg","0","1","1","0","904","0","","in","true",,,"false"
"1980078546224918795","https://x.com/kkpgoid/status/1980078546224918795","Lewat program unggulan seperti Makan Bergizi Gratis, Sekolah Rakyat, Magang Berdampak, Hilirisasi, Cetak Sawah, Koperasi Desa/Kelurahan Merah Putih, Cek Kesehatan Gratis, sampai Kampung Nelayan Merah Putih (KNMP)","Mon Oct 20 01:08:08 +0000 2025","https://pbs.twimg.com/profile_images/2067210878538371072/YEKK8UhN_normal.jpg","1","2","3","0","245","0","","in","true",,,"false"
"1978751519035154772","https://x.com/detikcom/status/1978751519035154772","Program Magang Berdampak menjadi hal yang paling diminati oleh mahasiswa. Apakah sudah buka pendaftaran lagi?

Via @detik_edu  https://t.co/aBU7oo26Uk","Thu Oct 16 09:15:00 +0000 2025","https://pbs.twimg.com/profile_images/1888546820974051328/tnM9DhBs_normal.jpg","1","0","0","0","2458","0","","in","false",,,"false"
"1975835993023652207","https://x.com/pengen_popice/status/1975835993023652207","@Busterluv_ @tanyakanrl Magang berdampak penggantinya MSIB","Wed Oct 08 08:09:44 +0000 2025","https://pbs.twimg.com/profile_images/2031587457754607616/QYPvOlyM_normal.jpg","0","1","2","0","372","0","","in","true",,,"false"
"1972642429103735135","https://x.com/ug_fess/status/1972642429103735135","yuji! Guys klo magang di imigrasi gtu bisa konversi sks ga ya kira2 ???? Soalnya udh semester disuruh magang :(( atau di gundar yg bisa konversi sks cmn yg dpt magang berdampak aja ????","Mon Sep 29 12:39:39 +0000 2025","https://pbs.twimg.com/profile_images/2002264082255347712/crvr9urC_normal.jpg","0","0","3","0","1535","0","","in","false",,,"false"
"1972473409373082020","https://x.com/ug_fess/status/1972473409373082020","yuji! guys yg ikut magang berdampak udh dapet surat konversi blm yaa? terlebih jurusan akuntansi","Mon Sep 29 01:28:02 +0000 2025","https://pbs.twimg.com/profile_images/2002264082255347712/crvr9urC_normal.jpg","0","2","3","0","1793","2","","in","false",,,"false"
"1970355736002564581","https://x.com/ug_fess/status/1970355736002564581","yuji! Yang ikut magang berdampak khususnya psikologi, ada kah yg udah ngurus konversi SKS?","Tue Sep 23 05:13:09 +0000 2025","https://pbs.twimg.com/profile_images/2002264082255347712/crvr9urC_normal.jpg","0","1","4","0","1610","0","","in","false",,,"false"
"1966414326434238862","https://x.com/didntpeoplecare/status/1966414326434238862","manifesting lolos magang berdampak batch 2 di paragon 🥺🤲🏻.","Fri Sep 12 08:11:24 +0000 2025","https://pbs.twimg.com/profile_images/2036488150680477700/7QA3Hb-O_normal.jpg","0","2","23","0","23936","0","","tl","false",,,"false"
"1966179081726435357","https://x.com/CH4TAEHYUN/status/1966179081726435357","magang berdampak dibuka lagi kira-kira kapan ya?","Thu Sep 11 16:36:37 +0000 2025","https://pbs.twimg.com/profile_images/1795931623919435776/gYiputAA_normal.jpg","0","1","2","0","847","0","","in","false",,,"false"
"1964250045672464600","https://x.com/bucinmitsuki/status/1964250045672464600","@UNDIP_FESS aku ga menyarankan semester 4 - 6 berorganisasi nder, karena di masa itu adalah saat2nya golden age perkuliahan. kamu jd terikat sm tanggung jawab di organisasimu dan bkin km gbs ninggalin tembalang (misal mau ikut magang berdampak/pmm)","Sat Sep 06 08:51:19 +0000 2025","https://pbs.twimg.com/profile_images/1767297889011908608/KHGMnHn__normal.jpg","0","1","25","0","2727","7","","in","true",,,"false"
"1963803853964399003","https://x.com/pastisucksess/status/1963803853964399003","yang bikin kebijakan magang berdampak ini udah riset blm yaaa... aku kok ngerasa ngawang banget, mhs semester 5 disuruh ngasih ""dampak"" ke instansi menurutku sih kaya ?????","Fri Sep 05 03:18:19 +0000 2025","https://pbs.twimg.com/profile_images/2068346717037379584/OLk0LoM4_normal.jpg","0","3","3","0","529","1","","in","false",,,"false"
"1961361121723781241","https://x.com/betaums/status/1961361121723781241","@utfess kalau magang mandiri engga ya, kecuali ikut yg msib atau magang berdampak itu","Fri Aug 29 09:31:46 +0000 2025","https://pbs.twimg.com/profile_images/1972231861511602176/QOBTFjHd_normal.jpg","0","1","3","0","389","1","","in","true",,,"false"
"1958166421390930007","https://x.com/ihateuso0much/status/1958166421390930007","@collegemfs aku udah 4x dan paid semua alhamdulillah, 1x msib, 1x magang berdampak, sisanya remoteee","Wed Aug 20 13:57:10 +0000 2025","https://pbs.twimg.com/profile_images/1962839710210097152/Ryyd7BIZ_normal.jpg","0","3","4","0","929","1","","in","true",,,"false"
"1958132852002070770","https://x.com/salvatoture/status/1958132852002070770","@collegemfs Lah, gue bahkan belum intern karena ditolak magang berdampak. Wkwkwk. Oh iya, kampus gue ga bisa konversi sks buat magang mandiri. Jadi ya susah buat gue magang...Kalau mau magang mandiri ya cuti atau ga nyari wfh 🙂","Wed Aug 20 11:43:46 +0000 2025","https://pbs.twimg.com/profile_images/2060635998376378368/CmxhkNuw_normal.jpg","0","0","15","0","1165","0","","in","true",,,"false"
"1955842273704599671","https://x.com/amandahalbach/status/1955842273704599671","BOOM SHOCK daftar magang berdampak baru dapetnya sekarang shock ga luh? Akankah ada Amanda era Paragonian? 😁🙏🏼 https://t.co/llJmuLiuGU","Thu Aug 14 04:01:50 +0000 2025","https://pbs.twimg.com/profile_images/1963230921399930880/gFCaikAY_normal.jpg","1","4","64","1","6721","19","","in","false",,,"false"
"1953431151713960206","https://x.com/hal0_h0la/status/1953431151713960206","magang berdampak, yang paling berdampak adalah mental health gue","Thu Aug 07 12:20:54 +0000 2025","https://pbs.twimg.com/profile_images/1608577770791272448/s7Ro3Y3G_normal.jpg","2","0","6","0","287","0","","in","false",,,"false"
"1953349130497020362","https://x.com/ffrha__/status/1953349130497020362","anak ut yg lolos magang berdampak cuma 4 org? shock dikit","Thu Aug 07 06:54:58 +0000 2025","https://pbs.twimg.com/profile_images/2050470646375997440/3ziuRDh-_normal.jpg","0","5","2","0","996","0","","in","false",,,"false"
"1952946594489483413","https://x.com/mediapolnep/status/1952946594489483413","Selamat dan Sukses Kepada Danu Tri Anugrah berhasil lolos Program Magang Berdampak di PT. Agritama Sinergi Inovasi (AGAVI). 

#Polnep
#Mediapolnep
#polnepmantap
#polnepberiman
#tepatwaktuukurandanaturan
#DiktisaintekBerdampak
#KampusBerdampak
#INFO 
#Internship https://t.co/xxaFygcyse","Wed Aug 06 04:15:26 +0000 2025","https://pbs.twimg.com/profile_images/1148442575377797120/KEvIZQyp_normal.jpg","0","0","3","0","439","0","","in","false",,,"false"
"1952691154958602638","https://x.com/kaylalishha/status/1952691154958602638","@itsnaantsalatsa magang berdampak","Tue Aug 05 11:20:25 +0000 2025","https://pbs.twimg.com/profile_images/2009006481644167168/7NoAEeLp_normal.jpg","0","1","15","0","9703","5","","in","true",,,"false"
"1952364180675416363","https://x.com/Benzoologist/status/1952364180675416363","gue ngeliat pada upload foto bareng magang berdampak iri kcil karena gue beneran di divisi AML ini anak magang sendiri and satu lantai isinya mas mbak 28 tahun ke atas semua. but gapapa sih luv my supervisors, they’re v v nice :)","Mon Aug 04 13:41:08 +0000 2025","https://pbs.twimg.com/profile_images/1964325095209652225/K3pwgxsA_normal.jpg","0","0","7","0","1063","0","","in","false",,,"false"
"1951657257386881377","https://x.com/ug_fess/status/1951657257386881377","yuji! Halo guys, ada yang lolos magang berdampak khusus nya prodi psikologi? Nama dosen penanggung jawabnya siapa ya guys? Huhu terima kasih guys","Sat Aug 02 14:52:04 +0000 2025","https://pbs.twimg.com/profile_images/2002264082255347712/crvr9urC_normal.jpg","0","0","8","0","2758","3","","in","false",,,"false"
"1951431649142690092","https://x.com/unhasfess_/status/1951431649142690092","Halo guys adakah disini yg lulus magang berdampak atau kenal temannya yg lulus? lgi butuh info sesama anak uh!","Fri Aug 01 23:55:35 +0000 2025","https://pbs.twimg.com/profile_images/1584124977053257728/hS3-fMLx_normal.jpg","0","0","1","0","1979","0","","in","false",,,"false"
"1951407032705368526","https://x.com/fess10nopember/status/1951407032705368526","Halo teman-teman!
Aku lagi cari informasi dari kalian yang mendaftar program Magang Berdampak 2025. Mohon bantuannya ya teman-teman, aku sangat membutuhkan bantuan kalian 🙏🏻
Kalau ada di antara kalian yang ikut, boleh reply menfess ini, nanti izin aku dm yaa.
Terimakasih banyak!","Fri Aug 01 22:17:46 +0000 2025","https://pbs.twimg.com/profile_images/1862996369612648448/zu5cN6Kz_normal.jpg","0","0","2","0","3370","0","","in","false",,,"false"
"1951315405835997254","https://x.com/wildannof/status/1951315405835997254","Alhamdulillah aku lolos magang berdampak PT Apindo penempatan Jakarta #magangberdampak https://t.co/oDihTKcPSn","Fri Aug 01 16:13:41 +0000 2025","https://pbs.twimg.com/profile_images/1795542220495540224/s6M_iR0H_normal.jpg","0","4","4","0","1395","4","","in","false",,,"false"
"1950780905515335834","https://x.com/fess10nopember/status/1950780905515335834","rek! info anak its yang ikut program magang berdampak 2025 dong, mau tanya2, mohon bantuannya ya rek 🤗, yang ikut magang berdampak boleh komen ya, nanti izin aku dm, terimakasih rek, bantuanmu sangat berarti buatku untuk saat ini 🥺","Thu Jul 31 04:49:46 +0000 2025","https://pbs.twimg.com/profile_images/1862996369612648448/zu5cN6Kz_normal.jpg","0","0","6","0","4248","2","","in","false",,,"false"
"1950505774989689293","https://x.com/Moreunia_/status/1950505774989689293","mksih magang berdampak..
kerasa bgt dampaknya buat mental, mana di ghosting after tahap 2 💀.

semangat juga wots yg sedang mencari magang dan garap skripsi 😉","Wed Jul 30 10:36:30 +0000 2025","https://pbs.twimg.com/profile_images/2032396011566735360/xZsLMu18_normal.jpg","0","1","30","0","1738","1","","in","false",,,"false"
"1950083905874198810","https://x.com/baejinsooI/status/1950083905874198810","guyss mau tanya, paragon posisi marketing udah ada yg offering ya..?

t. mber magang berdampak internship intern interview email intv whatsapp","Tue Jul 29 06:40:08 +0000 2025","https://pbs.twimg.com/profile_images/1449705373955362823/Ipc7VuKm_normal.jpg","0","5","2","0","4359","2","","in","false",,,"false"
"1949839239803248822","https://x.com/qilbis/status/1949839239803248822","di ghosting mitra magang berdampak, but turns out dapet beasiswa alhamdulillah makasih ya Allah https://t.co/y20WqhnxqV","Mon Jul 28 14:27:55 +0000 2025","https://pbs.twimg.com/profile_images/2030533042981462016/13km6bvt_normal.jpg","0","1","12","0","2718","1","","in","false",,"true","false"
"1949787972208857530","https://x.com/ariwbw62_/status/1949787972208857530","⏳ Timeline Magang Berdampak Mahasiswa UT smtr 5 &amp; 6:
Tahap seleksi: ✅
Tahap pengumuman: ❌
Tahap digantung SIMBELMAWA:  ✅✅✅","Mon Jul 28 11:04:12 +0000 2025","https://pbs.twimg.com/profile_images/2040948367581442048/6RhZeh6p_normal.jpg","0","0","6","1","7311","4","","in","false",,,"false"
"1949342795275120956","https://x.com/venpoth/status/1949342795275120956","nunggu offering magang berdampak sambil ngevape + bengong🫠","Sun Jul 27 05:35:14 +0000 2025","https://pbs.twimg.com/profile_images/2052737157954199552/5jqfPw92_normal.jpg","0","1","1","0","790","0","","in","false",,,"false"
"1949142620166295860","https://x.com/venpoth/status/1949142620166295860","kita usahakan magang berdampak itu, alhamdulillah kemarin baru selesai interview. semoga diterima❤️ https://t.co/NRxBb0xp0D","Sat Jul 26 16:19:48 +0000 2025","https://pbs.twimg.com/profile_images/2052737157954199552/5jqfPw92_normal.jpg","0","1","5","0","1558","3","","in","false",,,"false"
"1948941021967995285","https://x.com/yappingfess/status/1948941021967995285","galau karena ketolak / digantung sama tempat magang are the most HITS different galau yang bener bener sakit, btw day 1 move on Dari magang berdampak huhu sakit 🩷","Sat Jul 26 02:58:43 +0000 2025","https://pbs.twimg.com/profile_images/1962593890361606145/7jkgnvwe_normal.jpg","0","2","2","0","1493","0","","in","false",,,"false"
"1948587748723753475","https://x.com/inisiyapayaw/status/1948587748723753475","adakah yg daftar commercial intern paragon dan blm dapet email / wa buat interview? magang berdampak","Fri Jul 25 03:34:56 +0000 2025","https://pbs.twimg.com/profile_images/2063396997168840704/vkQ6ws6k_normal.jpg","0","3","1","0","4290","0","","in","false",,,"false"
"1948582488986845392","https://x.com/whatdouseek/status/1948582488986845392","wta all, paragon di magang berdampak ngirim email penolakan ga guys? nanya dong, aku tanggal 19-20 kemarin tes soalnya...","Fri Jul 25 03:14:02 +0000 2025","https://pbs.twimg.com/profile_images/1849145945440837632/nvJ1OOw6_normal.jpg","0","4","3","0","3616","2","","in","false",,,"false"
"1948368438625460645","https://x.com/bubbleluffiezh/status/1948368438625460645","Lolos magang berdampak tahap administrasi dari citiasia dan elcorp but tidak ada kelanjutannya, setelah liat ig mereka ternyata udh ucapan thankyou atas partisipasinya. And yapp gak berharap banyak tapi tetep ada sedihnya dikit🤏🏻 https://t.co/GurkCpjge6","Thu Jul 24 13:03:29 +0000 2025","https://pbs.twimg.com/profile_images/1624267832363212802/l4GKT_YR_normal.jpg","0","0","9","0","1530","0","","in","false",,,"false"
"1948339467787640981","https://x.com/whatdouseek/status/1948339467787640981","minimal ada email penolakan gitu buat magang berdampak kalo ga diterima mah 🥲🥲","Thu Jul 24 11:08:22 +0000 2025","https://pbs.twimg.com/profile_images/1849145945440837632/nvJ1OOw6_normal.jpg","0","1","10","0","1211","0","","in","false",,,"false"
"1948337442139844775","https://x.com/UGM_FESS/status/1948337442139844775","adakah akt 22 yang lg kkn dan ketrima magang berdampak? sender mau tanya tentang keberangkatannya ugm_fess","Thu Jul 24 11:00:19 +0000 2025","https://pbs.twimg.com/profile_images/2048399168960630785/ALcUPAlw_normal.jpg","0","0","4","0","2400","0","","in","false",,,"false"
"1948269486718480543","https://x.com/UGM_FESS/status/1948269486718480543","Yujiem!  aku mahasiswa sems 6 yg saat ini sedang KKN dan belum sempet buat ikut Magang berdampak 😔  Tapi sender jujur out of loop banget. Kalo  ngambil skripsi dulu (sems 7) baru magang (sems 8) itu bisa gak sih? Dan klo bisa, apakah ukt tetep bayar full sems 8? Thanks https://t.co/e2yrfcevJF","Thu Jul 24 06:30:17 +0000 2025","https://pbs.twimg.com/profile_images/2048399168960630785/ALcUPAlw_normal.jpg","0","1","15","0","5098","3","","in","false",,,"false"
"1948225264481132672","https://x.com/cranbcrries/status/1948225264481132672","life after gak keterima magang berdampak vs life after keterima magang berdampak, apapun hasilnya i will not be disappointed with myself or god, cuz i always pray for what’s best for me, whatever it is, i know it’s for the best. https://t.co/MODV3chBUF","Thu Jul 24 03:34:33 +0000 2025","https://pbs.twimg.com/profile_images/2030022399283073024/wC73CGTk_normal.jpg","1","2","23","0","1981","1","","en","false",,,"false"
"1947984037886546373","https://x.com/worksfess/status/1947984037886546373","work! gapapa kan ya nolak offer intern perusahaan gede demi magang berdampak.. aku sebenernya pengen bgt disitu, company impian aku bgt dari awal kuliah, tapi udah keduluan si mber ini &amp; max terima offer tuh 1x24 kalo yang mber.. jgn salty pls ya, aku mau curhat aja:(","Wed Jul 23 11:36:01 +0000 2025","https://pbs.twimg.com/profile_images/1981344509465092096/DuxbUtbu_normal.png","0","2","3","0","4487","0","","in","false",,,"false"
"1947930974609690818","https://x.com/UNDIP_FESS/status/1947930974609690818","undip! magang berdampak bisa konversi sks ga ya di prodi sastra inggris","Wed Jul 23 08:05:09 +0000 2025","https://pbs.twimg.com/profile_images/1965052569740595200/lw-3OQWX_normal.jpg","0","0","5","0","2449","2","","in","false",,,"false"
"1947866349252043161","https://x.com/rafebyours/status/1947866349252043161","ini magang berdampak kenapa kagak ada email yang masuk satupun yak ke gw dari mitranya, temen-temen gw dapet email test bahkan dah ada yg offering. ini tuh antara emang gw gak lolos apa karena gw make email kampus yak pas register jadi mitranya pada gak bisa kirim email ke gw?","Wed Jul 23 03:48:21 +0000 2025","https://pbs.twimg.com/profile_images/2065021334212771840/8prIvdAX_normal.jpg","0","4","6","1","1594","0","","in","false",,,"false"
"1947861239578956148","https://x.com/milkyunggie/status/1947861239578956148","ya allah...pengen lolos magang berdampak😔","Wed Jul 23 03:28:03 +0000 2025","https://pbs.twimg.com/profile_images/2066547463436357632/AkfDljIP_normal.jpg","0","0","3","0","571","0","","in","false",,,"false"
"1947860257801474559","https://x.com/milkyunggie/status/1947860257801474559","pengen juga dapet email/wa buat interview magang berdampak (pengen lolos juga) guys doain donggg😭","Wed Jul 23 03:24:09 +0000 2025","https://pbs.twimg.com/profile_images/2066547463436357632/AkfDljIP_normal.jpg","0","0","2","0","667","0","","in","false",,,"false"
"1947697563626561971","https://x.com/naibselphase/status/1947697563626561971","ketolak magang berdampak sakit bgt ternyata","Tue Jul 22 16:37:40 +0000 2025","https://pbs.twimg.com/profile_images/2049492313244860419/DT93TZMk_normal.jpg","0","1","3","0","981","0","","in","false",,,"false"
"1947696324381651431","https://x.com/hellawhaney/status/1947696324381651431","Eh orang-orang udh pada keterima magang berdampak ya …","Tue Jul 22 16:32:44 +0000 2025","https://pbs.twimg.com/profile_images/1616867452671111170/Sk2WaC5a_normal.jpg","0","0","1","0","685","0","","in","false",,,"false"
"1947673030249025979","https://x.com/toomatwortel/status/1947673030249025979","suda expect tapi ttp aja egak expect. anying sakit dadaku ges, may magang berdampak stand by my side 🧍‍♀️","Tue Jul 22 15:00:11 +0000 2025","https://pbs.twimg.com/profile_images/1754530684386054144/WNd_fHnE_normal.jpg","0","0","3","0","621","0","","in","false",,,"false"
"1947669053046460803","https://x.com/aboutksoo/status/1947669053046460803","Ya allah kasih aku izin dapetin magang berdampak ini ya allah 😭🙏🏻🙏🏻","Tue Jul 22 14:44:22 +0000 2025","https://pbs.twimg.com/profile_images/1923050969371115520/I4cFf2cx_normal.jpg","0","0","3","0","599","0","","in","false",,,"false"
"1947606168698015883","https://x.com/sunkissedphase/status/1947606168698015883","GAISS AKU KETERIMA MAGANG BERDAMPAK","Tue Jul 22 10:34:30 +0000 2025","https://pbs.twimg.com/profile_images/1933221020573605888/yZgJcWia_normal.jpg","0","3","3","0","1584","0","","in","false",,,"false"
"1947574291933110608","https://x.com/kaylalishha/status/1947574291933110608","info moots or anyone yang dapet offering magang berdampak any company","Tue Jul 22 08:27:50 +0000 2025","https://pbs.twimg.com/profile_images/2009006481644167168/7NoAEeLp_normal.jpg","0","7","12","0","5648","11","","in","false",,,"false"
"1947542201652937172","https://x.com/ngentoq/status/1947542201652937172","WOWOOWOWWOWOWO DPT SURAT CINTA (magang berdampak)","Tue Jul 22 06:20:19 +0000 2025","https://pbs.twimg.com/profile_images/2067487715323785216/rDrGo5Kg_normal.jpg","0","2","3","0","1035","0","","in","false",,,"false"
"1947495668635079168","https://x.com/_jjnlee/status/1947495668635079168","sedih banget demi apapunn orang"" udah mulai isi form mobilisasi keberangkatan lah gue aja offering kaga ada satupun sampe sekarang, udh saatnya move on dari magang berdampak☹️💔","Tue Jul 22 03:15:24 +0000 2025","https://pbs.twimg.com/profile_images/2022754116456665088/Y5uJmgiu_normal.jpg","0","0","5","0","738","0","","in","false",,,"false"
"1947304986553229396","https://x.com/Icebeargrils/status/1947304986553229396","sorry mauu tanya buat kalian semuanya yang ikut magang berdampak. apakah status lamaran kalian ada yang sama kayak aku gak? atau ada yang taro cv di pt/perusahaan yang sama kayak aku?. kalau ada tolong infonya yaa. kalian kayak gini juga kah ? makasih semuanya&gt;.&lt; https://t.co/2B9il2wD1E","Mon Jul 21 14:37:42 +0000 2025","https://pbs.twimg.com/profile_images/1968852665846366208/EuSL3SnE_normal.jpg","0","6","2","1","1494","0","","in","false",,,"false"
"1947288939653382551","https://x.com/4203_jpg/status/1947288939653382551","sedih ga lolos magang berdampak elcorps hehehe","Mon Jul 21 13:33:56 +0000 2025","https://pbs.twimg.com/profile_images/2008918786259427328/AU4GOJ0S_normal.jpg","0","5","3","0","1695","0","","tl","false",,,"false"
"1947287191740187007","https://x.com/yawwss_/status/1947287191740187007","ini mah beneran waktu nya move on dari magang berdampak 🥺","Mon Jul 21 13:27:00 +0000 2025","https://pbs.twimg.com/profile_images/2048963752926892032/ROZ8Jlop_normal.jpg","0","0","4","0","1023","0","","in","false",,,"false"
"1947281080261697889","https://x.com/ralphlaurennot/status/1947281080261697889","ya allah mau magang berdampak ajaaa gamau kkn🫴🏻🫴🏻","Mon Jul 21 13:02:42 +0000 2025","https://pbs.twimg.com/profile_images/1947136312638586884/GffpCktT_normal.jpg","0","0","3","0","695","0","","in","false",,,"false"
"1947277933191516661","https://x.com/UGM_FESS/status/1947277933191516661","ugm_fess hai teman-teman alhamdulillah sender berhasil lolos berkas di paragon untuk magang berdampak! doain ya sender bisa lolos semua tahapnya dan jadi bagian dari paragon 🥹🫶🏻","Mon Jul 21 12:50:12 +0000 2025","https://pbs.twimg.com/profile_images/2048399168960630785/ALcUPAlw_normal.jpg","3","30","402","2","18315","46","","in","false",,,"false"
"1947275007740313783","https://x.com/didntpeoplecare/status/1947275007740313783","day-1 move on magang berdampak ( ga lolos semua bjir )","Mon Jul 21 12:38:35 +0000 2025","https://pbs.twimg.com/profile_images/2036488150680477700/7QA3Hb-O_normal.jpg","0","0","2","0","1252","0","","in","false",,,"false"
"1947270989345181970","https://x.com/chocostudy_/status/1947270989345181970","Akhirnya terwujud jj magang berdampak🫶🏻 https://t.co/1700Lepdma","Mon Jul 21 12:22:37 +0000 2025","https://pbs.twimg.com/profile_images/2059258764663078912/812UOlw__normal.jpg","0","4","95","0","4467","5","","in","false",,,"false"
"1947201338422751289","https://x.com/bgtbrots/status/1947201338422751289","Hari-hari ovt takut kgk dpt offering magang berdampak","Mon Jul 21 07:45:50 +0000 2025","https://pbs.twimg.com/profile_images/1941230736884834304/T7H3cbDh_normal.jpg","0","1","5","0","933","0","","in","false",,,"false"
"1947178000682008664","https://x.com/dankuepukis/status/1947178000682008664","atp i just choose to believe gods plan, please be nice magang berdampak","Mon Jul 21 06:13:06 +0000 2025","https://pbs.twimg.com/profile_images/1763176125377982465/Z0Oqd8Bi_normal.jpg","0","0","7","0","930","0","","en","false",,,"false"
"1946901141352239579","https://x.com/qwertyuisme/status/1946901141352239579","gaiss nanya dong, yang ikut magang berdampak dan apply ke PT Midi Utama dan kemarin udh dpt interview HR, kalian udh dpt email lanjutan untuk interview User belum ya?
kalo misalkan udh kalian dari divisi apa gais?","Sun Jul 20 11:52:58 +0000 2025","https://pbs.twimg.com/profile_images/1922958789726306307/thO_IXXE_normal.jpg","0","3","5","0","1786","1","","in","false",,,"false"
"1946888320962953578","https://x.com/chiewgumy/status/1946888320962953578","iya deh magang berdampak tu kudunya kalo emang ga lolos mbokya dikasih email ga lolos gitu, ya walau yg daftar di satu mitra banyak tapk ya harusnya ttp dikasih kejelasan lolos apa engganya","Sun Jul 20 11:02:01 +0000 2025","https://pbs.twimg.com/profile_images/2044760239556403200/UfnHCu0m_normal.jpg","0","3","1","0","1062","1","","in","false",,,"false"
"1946796708110930388","https://x.com/aiseugeurim/status/1946796708110930388","plis banget deh magang berdampak kalo emang ga lolos ya kirim aja email penolakannya, jangan dibikin berharap terus kaya gini 😔","Sun Jul 20 04:57:59 +0000 2025","https://pbs.twimg.com/profile_images/1980069801528606720/qk4xKS-m_normal.jpg","4","2","44","2","4259","2","","in","false",,,"false"
"1946568561679593849","https://x.com/mamamamylope/status/1946568561679593849","sudah saatnya moveon dari magang berdampak yg dampaknya hanya huhahuha ini 😭😭😭 the first n last chance but still can't get it :) sehat² aku (kewarasannya), dunia luar lebih dari ini","Sat Jul 19 13:51:25 +0000 2025","https://pbs.twimg.com/profile_images/1955161815459172353/VypV9xS__normal.jpg","0","0","7","0","798","0","","in","false",,,"false"
"1946426030551654502","https://x.com/Icebeargrils/status/1946426030551654502","@MikazukiArion papiii, mau sedikit cerita overthinking ku beberapa hari ini. aku belum dpt email sama sekali dari 4 perusahaan yang aku taro di cv di magang berdampak ini. aku benar-benar pengen magang di semester 5 ini. doain ya papi biar aku di terima dan dpt email. 🥺🥹","Sat Jul 19 04:25:03 +0000 2025","https://pbs.twimg.com/profile_images/1968852665846366208/EuSL3SnE_normal.jpg","0","0","2","0","1258","0","","in","true",,,"false"
"1946169655326036282","https://x.com/Icebeargrils/status/1946169655326036282","websitenya magang berdampak udah enggak error lagi :) dan status  masih ""Sedang proses""  doain yaa temen-temen biar aku dpt email dan pesan Wa dari pihak perusahaan yang udah aku lamar di magang berdampak ini. ributnya isi otak cuma tentang hal magang ini .","Fri Jul 18 11:26:18 +0000 2025","https://pbs.twimg.com/profile_images/1968852665846366208/EuSL3SnE_normal.jpg","0","0","3","0","1041","0","","in","false",,,"false"
"1946166222053110159","https://x.com/ug_fess/status/1946166222053110159","yuji! mau tanya dong klo misal dapet offering di magang berdampak itu tuh otomatis ke konversi ga sksnya? apa harus ngurus lagi ya ke kampus","Fri Jul 18 11:12:40 +0000 2025","https://pbs.twimg.com/profile_images/2002264082255347712/crvr9urC_normal.jpg","1","3","4","0","3679","5","","in","false",,,"false"
"1946143437037940914","https://x.com/kesshiiyy/status/1946143437037940914","jadi gini rasanya patah hati ((melihat yg keterima magang berdampak))","Fri Jul 18 09:42:07 +0000 2025","https://pbs.twimg.com/profile_images/2046249614924509184/wz2t512u_normal.jpg","2","0","5","0","1374","0","","in","false",,,"false"
"1946051569549492522","https://x.com/29O9O3/status/1946051569549492522","ok web magang berdampak udah bisa dibuka dan MASIH DIPROSES TERUS KAK :)","Fri Jul 18 03:37:04 +0000 2025","https://pbs.twimg.com/profile_images/1947301421495582720/M_bSXK8w_normal.png","0","1","3","0","762","0","","in","false",,,"false"
"1946022062931284124","https://x.com/gr3yysc4le/status/1946022062931284124","ya Allah mau juga dapet email lolos magang berdampak😭","Fri Jul 18 01:39:49 +0000 2025","https://pbs.twimg.com/profile_images/1881221040724152320/mEM1sDEz_normal.jpg","0","0","3","0","751","0","","in","false",,,"false"
"1945823347528401359","https://x.com/vrennah/status/1945823347528401359","kalo sampai sekarang belum ada email dari magang berdampak sama sekali artinya masih bs berharap atau hrs nyiapin ruang ikhlas ya?","Thu Jul 17 12:30:12 +0000 2025","https://pbs.twimg.com/profile_images/2037720384502726656/0c5liR5X_normal.jpg","0","1","3","0","1442","0","","in","false",,,"false"
"1945791553567625570","https://x.com/gr3yysc4le/status/1945791553567625570","Ehhhh overthinking bgttt ga dapet email balasan magang berdampak😔 dahlahhh pasrahhh","Thu Jul 17 10:23:52 +0000 2025","https://pbs.twimg.com/profile_images/1881221040724152320/mEM1sDEz_normal.jpg","0","2","2","0","1083","0","","in","false",,,"false"
"1945789421594263596","https://x.com/diaryofosaka/status/1945789421594263596","Yang udah dapet email dari paragon magang berdampak mau diskusi dong guyss","Thu Jul 17 10:15:23 +0000 2025","https://pbs.twimg.com/profile_images/1982337877003423744/TlL0GbpE_normal.jpg","0","15","2","0","2671","4","","in","false",,,"false"
"1945786040146608166","https://x.com/akugudboi/status/1945786040146608166","gapernah sebahagia ini dpet email paragon di magang berdampak🧏🏻‍♂️ https://t.co/nejVVNtmUf","Thu Jul 17 10:01:57 +0000 2025","https://pbs.twimg.com/profile_images/2066000941908893696/6cLklXv8_normal.jpg","0","8","8","0","4308","4","","in","false",,,"false"
"1945760000569405583","https://x.com/wushixunstarry/status/1945760000569405583","@collegemfs mending mber (magang berdampak) bisa konversi sks. btw yang kalbe tuh yang sebulan doang bukan terus online? kalo iya sih jangan","Thu Jul 17 08:18:29 +0000 2025","https://pbs.twimg.com/profile_images/1964897380115058688/SQDucjdi_normal.jpg","0","1","4","0","2826","1","","in","true",,,"false"
"1945758753007296943","https://x.com/collegemfs/status/1945758753007296943","[cm] dapet offering dari kalbe farma (magang mandiri) dan schoters (magang berdampak). menurut kalian pilih yang mana? kasih alasannya ya","Thu Jul 17 08:13:31 +0000 2025","https://pbs.twimg.com/profile_images/1968220707621597184/tmyUIr6r_normal.jpg","3","9","47","1","10167","13","","in","false",,,"false"
"1945742697303826750","https://x.com/elleais_/status/1945742697303826750","ya allah mau lolos magang berdampak😭","Thu Jul 17 07:09:43 +0000 2025","https://pbs.twimg.com/profile_images/1972800014272655360/zVLQahac_normal.jpg","0","0","2","0","641","0","","in","false",,,"false"
"1945721931434795272","https://x.com/29O9O3/status/1945721931434795272","web magang berdampak eror enih ap mksd..","Thu Jul 17 05:47:12 +0000 2025","https://pbs.twimg.com/profile_images/1947301421495582720/M_bSXK8w_normal.png","0","2","1","0","1046","0","","in","false",,,"false"
"1945715021100810459","https://x.com/D3VSTIEL/status/1945715021100810459","Is there any information regarding Magang Berdampak for:
&gt; BPJS Ketenagakerjaan 
&gt; PT. Paragon
&gt; PT. Samudera
&gt; Pusat Data Kementrian 

Please let me know! I’ll share what i find in the comment below 👇","Thu Jul 17 05:19:45 +0000 2025","https://pbs.twimg.com/profile_images/1859999422970834944/LLNcNoI1_normal.jpg","1","9","29","0","6784","21","","en","false",,,"false"
"1945697589564772781","https://x.com/yawwss_/status/1945697589564772781","Demi apa udah banyak yg wwc + offering di schoters.... bisa ga si kalo ditolak tuh di web mber nya langsung kasih 'ditolak' aja, jgn di proses mulu anjir kan jadi berharap terus yak sama si magang berdampak ini😔💔","Thu Jul 17 04:10:29 +0000 2025","https://pbs.twimg.com/profile_images/2048963752926892032/ROZ8Jlop_normal.jpg","0","3","34","0","4958","1","","in","false",,,"false"
"1945606387985518785","https://x.com/inisiyapayaw/status/1945606387985518785","magang berdampak serius ni gamau lirik gue satupun? mak gue udh nanyain mulu sampe bingung mah jawab gimana wkwkwk","Wed Jul 16 22:08:05 +0000 2025","https://pbs.twimg.com/profile_images/2063396997168840704/vkQ6ws6k_normal.jpg","0","0","2","0","976","0","","in","false",,,"false"
"1945562739965136976","https://x.com/lunielleee/status/1945562739965136976","magang berdampak, berdampaknya ke psikis","Wed Jul 16 19:14:38 +0000 2025","https://pbs.twimg.com/profile_images/2034422397575823360/6BTdpoSb_normal.jpg","6","2","44","0","2490","0","","in","false",,,"false"
"1945543257989287982","https://x.com/arii_pasma/status/1945543257989287982","MSIB web -&gt; magang berdampak website is a real downgradeeeee 💀💀💀","Wed Jul 16 17:57:13 +0000 2025","https://pbs.twimg.com/profile_images/1999887054793297920/_QHFLJgh_normal.jpg","0","0","2","0","1047","0","","en","false",,,"false"
"1945512255585714641","https://x.com/LoreemIpsumm/status/1945512255585714641","saking demot nya gw nungguin email magang berdampak, gw sampe curhat ke chatgpt, be nice please 😔🫰🏻 https://t.co/mANHeOOALJ","Wed Jul 16 15:54:02 +0000 2025","https://pbs.twimg.com/profile_images/2050421101919088640/-oAZ65gI_normal.jpg","0","1","8","0","2228","0","","in","false",,,"false"
"1945451486554812639","https://x.com/lostinblokm/status/1945451486554812639","terkena dampak magang berdampak (alias gua udh gila)","Wed Jul 16 11:52:33 +0000 2025","https://pbs.twimg.com/profile_images/2018661154969800704/F_wxfVQ8_normal.jpg","1","0","3","0","923","0","","in","false",,,"false"
"1945449610958504155","https://x.com/yoyiicyiid/status/1945449610958504155","yaAllah kenapaa no one email yang masuk sihh??? Ovt bgt plis, magang berdampak n magang mandiri please notice me😭😭😭😭☝️☝️☝️☝️☝️☝️☝️☝️☝️☝️☝️☝️☝️☝️☝️☝️","Wed Jul 16 11:45:06 +0000 2025","https://pbs.twimg.com/profile_images/1310866350735122433/Yl9PEh8v_normal.jpg","0","0","11","0","1330","0","","in","false",,,"false"
"1945449578460852377","https://x.com/yawwss_/status/1945449578460852377","Demii apapun aku dapet chat dari Zattaaa (setelah nethink berhari hari), siapapun doain aku pliss semoga lolos magang berdampak inii🥺🥺🙏🏻🙏🏻🙏🏻🙏🏻","Wed Jul 16 11:44:58 +0000 2025","https://pbs.twimg.com/profile_images/2048963752926892032/ROZ8Jlop_normal.jpg","0","1","7","0","1275","0","","in","false",,,"false"
"1945447406847541315","https://x.com/aavviiccennaa/status/1945447406847541315","3 dari 5 posisi magang berdampak aku apply di vidio, masa satupun ga ada yg nyangkut si ya allah. yg di vidio udah pada dapet email blm yah? 😔","Wed Jul 16 11:36:21 +0000 2025","https://pbs.twimg.com/profile_images/1398524672677797888/PfQvWgI__normal.jpg","0","8","6","0","2861","0","","in","false",,,"false"
"1945433887200706564","https://x.com/bucinfeIix/status/1945433887200706564","yang ngelamar magang berdampak ke suitmedia, domisili malang emang ga ada ya?? padahal di web magangnya ada, pas di test kok ga ada??","Wed Jul 16 10:42:37 +0000 2025","https://pbs.twimg.com/profile_images/1986372509508509699/IYPGuU98_normal.png","0","3","2","0","2197","0","","in","false",,,"false"
"1945433255563628945","https://x.com/studhee/status/1945433255563628945","guys, apakah ada yg udh di email seleksi tahap 1 mitra PT Maleo Edukasi Teknologi magang berdampak? Mau nyari barengan 😭☝🏻","Wed Jul 16 10:40:07 +0000 2025","https://pbs.twimg.com/profile_images/1962750775672913920/sjJKW9EU_normal.jpg","0","6","2","0","1471","1","","in","false",,,"false"
"1945416172440305773","https://x.com/mamatchaw_/status/1945416172440305773","Ini aku ga dikabari email sama mitra magang berdampak, kalo ga lolos bilang aja ga lolos anjer","Wed Jul 16 09:32:14 +0000 2025","https://pbs.twimg.com/profile_images/2014587963049721856/Hl2rWXiU_normal.jpg","0","0","16","0","1409","2","","in","false",,,"false"
"1945410946140450931","https://x.com/bem__upnvj/status/1945410946140450931","[ADKESFORMATION: MAGANG BERDAMPAK 2025]

Halo, Keluarga Mahasiswa UPNVJ! https://t.co/QpqOLbamH6","Wed Jul 16 09:11:28 +0000 2025","https://pbs.twimg.com/profile_images/2025945071024312320/YXXCaZeg_normal.jpg","0","8","11","0","1545","2","","in","false",,,"false"
"1945410249608798552","https://x.com/ug_fess/status/1945410249608798552","yuji! Haii kaka kaka, info lowongan magang HR plss. Buat cadangan magang berdampak huhu. Aku experienced di HR dan ex dari konglo company, thank u","Wed Jul 16 09:08:42 +0000 2025","https://pbs.twimg.com/profile_images/2002264082255347712/crvr9urC_normal.jpg","0","0","14","0","3053","5","","in","false",,,"false"
"1945401774409703834","https://x.com/termod1namika/status/1945401774409703834","@magang berdampak","Wed Jul 16 08:35:01 +0000 2025","https://pbs.twimg.com/profile_images/2029607871886110720/xOiSmfGG_normal.jpg","0","0","2","0","674","0","","in","false",,"true","false"
"1945388546916753562","https://x.com/teudooriwoo/status/1945388546916753562","@taesangapak tau ga magang berdampak aja websitenya sistem kebut semalam trs jobdesk magangnya pake chatgpt","Wed Jul 16 07:42:27 +0000 2025","https://pbs.twimg.com/profile_images/1984284746944487424/9s8IvVDq_normal.jpg","0","1","2","0","751","2","","in","true",,,"false"
"1945345755218346186","https://x.com/rubiscenez/status/1945345755218346186","bisa ga sii mitra magang berdampak walaupun kita ga lolos tetep dikirim email, cape bjirrr berharap teruss https://t.co/9isXNXqGQn","Wed Jul 16 04:52:25 +0000 2025","https://pbs.twimg.com/profile_images/1717373044392624128/vy8HUib2_normal.jpg","1","6","49","0","4677","3","","in","false",,,"false"
"1945331137896644984","https://x.com/yunesafess/status/1945331137896644984","nesa! ada yg mau gantiin kostku ga ktt kost cewe, bisa jalan kaki ke kampus, minusnya ga km dalem aja.
btw gantiinnya nanti September awal yaa (tapi kalo aku lolos magang berdampak awal Agustus)","Wed Jul 16 03:54:20 +0000 2025","https://pbs.twimg.com/profile_images/1982085720656220161/EBBtga6j_normal.jpg","0","2","1","0","1154","0","","in","false",,,"false"
"1945299149848449274","https://x.com/stefanbintang/status/1945299149848449274","Kpn ya magang berdampak keliatan hilal emailnya?","Wed Jul 16 01:47:13 +0000 2025","https://pbs.twimg.com/profile_images/1988115849727901696/oR8wXu4-_normal.jpg","0","2","2","0","751","0","","in","false",,,"false"
"1945283338983346509","https://x.com/siscaajadah/status/1945283338983346509","duh deg deg an bgt trs kaya hopeless. liat org' udah pada dapet email magang berdampak, aku cek' blm dapet huhuu. mana statusnya di belmawa masih ""sedang diproses"" 😣😖","Wed Jul 16 00:44:24 +0000 2025","https://pbs.twimg.com/profile_images/1668563012305969152/Ocvs9Dfx_normal.jpg","0","0","5","0","786","0","","in","false",,,"false"
"1945204074380681617","https://x.com/UNY_Base/status/1945204074380681617","uny... yang daftar magang berdampak ada yang udah dapet email interview/offering belum,kalo udah dari mitra mana guys?","Tue Jul 15 19:29:26 +0000 2025","https://pbs.twimg.com/profile_images/1905995104445505536/Gd1rMZ2Y_normal.jpg","0","2","4","0","4950","0","","in","false",,,"false"
"1945173329213579277","https://x.com/uppifess/status/1945173329213579277","!UPI sender kayanya ga lolos magang berdampak nih, sedih kali lah. Tolong semangatin atau ajakin sender nyeblak besok plis","Tue Jul 15 17:27:15 +0000 2025","https://pbs.twimg.com/profile_images/1962855672065691648/r405Pf-1_normal.jpg","0","1","5","0","3286","0","","in","false",,,"false"
"1945161621669605525","https://x.com/panDaily807/status/1945161621669605525","DULU JANJIIN 19 JUTA LOWONGAN PEKERJAAN, LAH INI BUKA LOWONGAN DI MAGANG BERDAMPAK AJA KUOTANYA SEDIKIT BGT JIR, contohnya ini di salah satu perusahaan yang daftar ada 10.000++, yang keterima cuma ±20, mimpi bgt 19juta loker https://t.co/lXhDskYUfc","Tue Jul 15 16:40:44 +0000 2025","https://pbs.twimg.com/profile_images/1950943845367349249/ii-B34sU_normal.jpg","7","2","69","1","9333","3","","in","false",,,"false"
"1945150850109739014","https://x.com/dearestbetty/status/1945150850109739014","hoki sekali setahun gwehk ternyata adalah keterima magang berdampak di schoters 🙂‍↕️ TP BOONG HOKI"" TAI gue udh hampir mati menata kehidupan gue dikampus sampe nangis darah😇#maafkalooverproud #biaringuesenengsekaliaja https://t.co/bso8l9hXCP","Tue Jul 15 15:57:56 +0000 2025","https://pbs.twimg.com/profile_images/1874484812125478912/uGzhSYpW_normal.jpg","0","9","15","0","5871","8","","in","false",,,"false"
"1945114795281097118","https://x.com/inisiyapayaw/status/1945114795281097118","eh gua pasrah dah sama magang berdampak ini","Tue Jul 15 13:34:40 +0000 2025","https://pbs.twimg.com/profile_images/2063396997168840704/vkQ6ws6k_normal.jpg","0","0","2","0","584","0","","in","false",,,"false"
"1945086707314958620","https://x.com/rsmx_x_/status/1945086707314958620","tiba” kepilih seleksi magang berdampak😭
bismillah semoga rezeki yaa🙏 https://t.co/9pugNE98YZ","Tue Jul 15 11:43:03 +0000 2025","https://pbs.twimg.com/profile_images/2014952063805931520/n9OYBnnD_normal.jpg","0","2","4","0","1388","0","","in","false",,,"false"
"1945080345851789355","https://x.com/lapauradelpadre/status/1945080345851789355","hopeless mampus sama magang berdampak. dpt email ya sokin ga dapet email yaudah anjir emang takdir gue semester 5 masi makan geprek kantin 🫰🏻🫰🏻","Tue Jul 15 11:17:46 +0000 2025","https://pbs.twimg.com/profile_images/1998347134492684288/zaqXm33m_normal.jpg","0","0","2","0","750","0","","in","false",,,"false"
"1945075873498984669","https://x.com/gitatatachan/status/1945075873498984669","@rr_05z aamiin, semoga kita lolos magang berdampak yaa kak. followed kak","Tue Jul 15 11:00:00 +0000 2025","https://pbs.twimg.com/profile_images/1780467927504023552/4ymK4Pgq_normal.jpg","0","0","3","0","572","0","","in","true",,,"false"
"1945069230077931642","https://x.com/polarangers/status/1945069230077931642","hopeless gw ama magang berdampak. intinya klo magang berdampak, dpt email syukur, engga yaudah. udh gtu aja, sesimpel itu","Tue Jul 15 10:33:36 +0000 2025","https://pbs.twimg.com/profile_images/1651618095319121922/kk8wgFLn_normal.jpg","0","0","2","0","699","0","","in","false",,,"false"
"1945059020093448687","https://x.com/lmkwife/status/1945059020093448687","KAGETT udah hopeless sama magang berdampak, baru bangun eh dapet email dari citiasia 🥹 https://t.co/ZpigqQFyMO","Tue Jul 15 09:53:02 +0000 2025","https://pbs.twimg.com/profile_images/1496934108118749184/93cZ2f_Y_normal.jpg","0","9","12","0","4590","3","","in","false",,,"false"
"1945043822322266136","https://x.com/inangayah/status/1945043822322266136","Daftar magang berdampak, yang keupload malah cv lama😭 ya allah udah lah pupus harapanku","Tue Jul 15 08:52:39 +0000 2025","https://pbs.twimg.com/profile_images/2047353928501886984/EMB5EmiP_normal.jpg","0","0","1","0","717","0","","in","false",,,"false"
"1945024872842674216","https://x.com/onyourr_ey/status/1945024872842674216","Ada yg dapet email dari citiasia posisi UI/UX magang berdampak gakkk?? plis pliss 😭","Tue Jul 15 07:37:21 +0000 2025","https://pbs.twimg.com/profile_images/1770334991714758656/CqaSqx1u_normal.jpg","0","2","2","0","1916","1","","in","false",,,"false"
"1945023717769142535","https://x.com/nimasarrrr/status/1945023717769142535","Entah kenapa makin kesini makin resah nunggu email dari mitra magang berdampak😭Mana belum ada satu email pun yang masuk lagi😭","Tue Jul 15 07:32:45 +0000 2025","https://pbs.twimg.com/profile_images/1965364358135119872/-8Y31C-S_normal.jpg","0","0","8","0","1239","0","","in","false",,,"false"
"1945023442933215586","https://x.com/whiskyie/status/1945023442933215586","dapet offering dari magang berdampak tp gua mau skripsian 😭","Tue Jul 15 07:31:40 +0000 2025","https://pbs.twimg.com/profile_images/2000108702985285632/XzUG4h1g_normal.jpg","0","1","2","0","1189","0","","in","false",,,"false"
"1945005446848295019","https://x.com/UGM_FESS/status/1945005446848295019","ugm_fess ada yang apply magang berdampak? status kalian masih diproses atau udah ada yang dapet email buat interview?","Tue Jul 15 06:20:09 +0000 2025","https://pbs.twimg.com/profile_images/2048399168960630785/ALcUPAlw_normal.jpg","0","0","3","0","2226","2","","in","false",,,"false"
"1944957981734625658","https://x.com/D3VSTIEL/status/1944957981734625658","Proses magang berdampak berdasarkan FIFO—kandidat cocok di awal, mitra ga bakal nyari lagi. (hipotesis, banyak yang udah di tahap user intv)

Lalu? Kalau institut nya baru validasi akun waktu hari-H terakhir pendaftaran? 

Cth, misalkan ITS yang selalu mendukung mahasiswanya 😊","Tue Jul 15 03:11:33 +0000 2025","https://pbs.twimg.com/profile_images/1859999422970834944/LLNcNoI1_normal.jpg","4","1","45","0","8365","9","","in","false",,,"false"
"1944942704091414587","https://x.com/kapicangcam/status/1944942704091414587","tolol bgt padahal udah tau pas zaman msib siapa cepet chancenya lebih gede keterima karena bakal diwwc duluan tp gw dengan segala procrastinationnya itu daftar magang berdampak h-2 apa h-3.......","Tue Jul 15 02:10:50 +0000 2025","https://pbs.twimg.com/profile_images/1577590590979837952/ZgT-jCH9_normal.jpg","0","0","2","0","724","1","","in","false",,,"false"
"1944918669848727906","https://x.com/dill238/status/1944918669848727906","Eh udh ada yang lolos magang berdampak ajir, bnr2 udh dikirim email lolos ke magang berdampak (schoters), udh lewatin wwc jg. Faklah gw dpt email jadwal wawancara aja belum jadi takut 😭","Tue Jul 15 00:35:20 +0000 2025","https://pbs.twimg.com/profile_images/1967719181455081473/kXlw0ysy_normal.jpg","0","1","8","0","3158","2","","in","false",,,"false"
"1944804670997680372","https://x.com/duckinpeanuts/status/1944804670997680372","tidur tak tenang, makan tak enak, soalnya belum dapet email dari mitra magang berdampak (majok) https://t.co/NbUwycaeMm","Mon Jul 14 17:02:20 +0000 2025","https://pbs.twimg.com/profile_images/1812709826419478529/mLzLj6ue_normal.jpg","51","6","197","7","18022","7","","in","false",,,"false"
"1944799795132150009","https://x.com/pcaharn/status/1944799795132150009","@hrdbacot mincot tlong kawal magang berdampak, yg gua kira mitra nya berkembang buat banyak jurusan selinear, malah mkin dkit dan smakin dkit kuotanya😭","Mon Jul 14 16:42:58 +0000 2025","https://pbs.twimg.com/profile_images/1941471234342191104/wtQypmwM_normal.jpg","0","0","11","0","3478","0","","in","true",,,"false"
"1944748142823649413","https://x.com/bunnycenter/status/1944748142823649413","ya allah semoga aku dipanggil interview sama orang orang magang berdampak itu 😔🙏🏻","Mon Jul 14 13:17:43 +0000 2025","https://pbs.twimg.com/profile_images/2047441350627598336/ZNevLDJ-_normal.jpg","0","0","1","1","925","0","","in","false",,,"false"
"1944745567512559815","https://x.com/jwhispered/status/1944745567512559815","MANIFESTING DPT EMAIL N OFFERING MAGANG BERDAMPAK, PLS LIRIK AKU PLSSS","Mon Jul 14 13:07:29 +0000 2025","https://pbs.twimg.com/profile_images/2067288072837005312/NVkFIFsh_normal.jpg","8","0","43","0","3429","2","","in","false",,,"false"
"1944736870203822154","https://x.com/gunadarma_/status/1944736870203822154","Sosialisasi Program Magang Berdampak dan Magang Berdampak Mandiri: Program Asah bersama Dicoding dan Universitas Gunadarma! 💼✨

🗓️ Selasa, 15 Juli 2024
🕙 Pukul 10.00 WIB
📍 Live via Zoom
🔗 Link registrasi: https://t.co/ZssQbYqI4Z https://t.co/69Vn9sIlGE","Mon Jul 14 12:32:55 +0000 2025","https://pbs.twimg.com/profile_images/1953329590086295552/9Ew5MBoT_normal.jpg","0","0","2","0","2912","1","","in","false",,,"false"
"1944716210668728677","https://x.com/aiseugeurim/status/1944716210668728677","aaaaa 2 lamaran lolos seleksi lanjutan, bismillah ya Allah lolos magang berdampak 😖🤲🏻","Mon Jul 14 11:10:50 +0000 2025","https://pbs.twimg.com/profile_images/1980069801528606720/qk4xKS-m_normal.jpg","0","2","5","0","1364","1","","in","false",,,"false"
"1944703519757595104","https://x.com/mizsuri/status/1944703519757595104","Ih takut aku lolos tes administrasi magang berdampak wkwkwkkw","Mon Jul 14 10:20:24 +0000 2025","https://pbs.twimg.com/profile_images/2048382278741774336/F2fLfLMj_normal.jpg","0","2","2","0","1188","0","","in","false",,,"false"
"1944659337588449588","https://x.com/polarangers/status/1944659337588449588","ini gw tambah ovt cok gegara orang” pd post tiktok jj keterima lolos seleksi administrasi di magang berdampak.","Mon Jul 14 07:24:50 +0000 2025","https://pbs.twimg.com/profile_images/1651618095319121922/kk8wgFLn_normal.jpg","0","1","7","0","1435","0","","in","false",,,"false"
"1944595660000346207","https://x.com/ug_fess/status/1944595660000346207","yuji! GAIS, SIAPA YANG UDAH DAPET EMAIL DARI MITRA MAGANG BERDAMPAK?","Mon Jul 14 03:11:48 +0000 2025","https://pbs.twimg.com/profile_images/2002264082255347712/crvr9urC_normal.jpg","0","3","19","1","7068","4","","in","false",,,"false"
"1944581647061717467","https://x.com/azk_rav/status/1944581647061717467","praying circle:

                    🕯         🕯 
           🕯                             🕯
                         lolos
       🕯         program          🕯
          magang berdampak
           🕯                             🕯
                    🕯         🕯","Mon Jul 14 02:16:07 +0000 2025","https://pbs.twimg.com/profile_images/2040725398191996928/XZKNDnPB_normal.jpg","4","0","4","0","1307","0","","en","false",,,"false"
"1944569808663798165","https://x.com/milkyunggie/status/1944569808663798165","web magang berdampak kayanya juga bosen sih gua cek mulu tiap hari😭","Mon Jul 14 01:29:05 +0000 2025","https://pbs.twimg.com/profile_images/2066547463436357632/AkfDljIP_normal.jpg","1","2","15","0","1955","0","","in","false",,,"false"
"1944343966213685469","https://x.com/unsfesss/status/1944343966213685469","info grup magang berdampak dong guys. Butuh banget

Sender: -","Sun Jul 13 10:31:40 +0000 2025","https://pbs.twimg.com/profile_images/1933450781472251904/jOjCOASy_normal.jpg","0","0","2","0","1114","0","","in","false",,,"false"
"1944340332176695507","https://x.com/polarangers/status/1944340332176695507","mencium aroma tidak keterima seleksi administrasi di magang berdampak wkwkwkw","Sun Jul 13 10:17:13 +0000 2025","https://pbs.twimg.com/profile_images/1651618095319121922/kk8wgFLn_normal.jpg","0","0","7","0","1175","0","","in","false",,,"false"
"1944306095075602508","https://x.com/jenoocollect/status/1944306095075602508","disini ada yg ikut magang berdampak ada yg pernah ngalamin ini ga ya? aku heran kok ditolak mulu padahal udah sesuai kriteria https://t.co/bObzLdOiy6","Sun Jul 13 08:01:11 +0000 2025","https://pbs.twimg.com/profile_images/2051865819534258176/vl0zYmsd_normal.jpg","1","3","5","1","4957","5","","in","false",,,"false"
"1944290510828712068","https://x.com/collegemfs/status/1944290510828712068","[cm] gusy ada yang tau ga bootcamp yang masih open studi independen.......... aku mau cari plan lain karna belum yakin di magang berdampak...","Sun Jul 13 06:59:15 +0000 2025","https://pbs.twimg.com/profile_images/1968220707621597184/tmyUIr6r_normal.jpg","0","0","3","0","1452","3","","in","false",,,"false"
"1944285706752286763","https://x.com/UGM_FESS/status/1944285706752286763","deadline daftar magang berdampak hari ini ya? kalo masih baru mau daftar di hari ini juga waktunya masih memungkinkan ga ya?? sender telat info dan bener2 tertarik buat daftarnya baru kemarin😔 yujiem","Sun Jul 13 06:40:10 +0000 2025","https://pbs.twimg.com/profile_images/2048399168960630785/ALcUPAlw_normal.jpg","0","3","12","0","4551","5","","in","false",,,"false"
"1944273192174202986","https://x.com/filtermoonughh/status/1944273192174202986","praying circle:

                    🕯         🕯 
           🕯                             🕯
                         lolos
       🕯         program          🕯
          magang berdampak
           🕯                             🕯
                    🕯         🕯","Sun Jul 13 05:50:26 +0000 2025","https://pbs.twimg.com/profile_images/2039105084580384768/Kuywu9BC_normal.jpg","0","0","9","0","1116","0","","en","false",,,"false"
"1944116688175476857","https://x.com/mtchgrntt/status/1944116688175476857","Orang orang yang udah dikirim email sama pihak mitra magang berdampak cv sama portonya sebagus apa ya?","Sat Jul 12 19:28:33 +0000 2025","https://pbs.twimg.com/profile_images/1968024442136825863/Xgh-HlhK_normal.jpg","0","1","7","0","2231","4","","in","false",,,"false"
"1944098505293017325","https://x.com/feichami/status/1944098505293017325","wish me luck buat magang berdampak oomfies","Sat Jul 12 18:16:17 +0000 2025","https://pbs.twimg.com/profile_images/1977398439874043904/aEMusbPW_normal.jpg","0","2","3","0","954","0","","in","false",,,"false"
"1944074956318675220","https://x.com/blxckst0nes/status/1944074956318675220","coba nyari kerja udah kayak nyari mutual, kita cocok tinggal hmu. btw magang berdampak please hmu 🥺💗","Sat Jul 12 16:42:43 +0000 2025","https://pbs.twimg.com/profile_images/1999161935305244672/VZC0DVEc_normal.jpg","0","0","1","0","936","0","","in","false",,,"false"
"1944061747461247190","https://x.com/collegemfs/status/1944061747461247190","[cm] disini ada yang ikut magang berdampak nggaa. Kayaknya persaingannya makin ketat yaa","Sat Jul 12 15:50:14 +0000 2025","https://pbs.twimg.com/profile_images/1968220707621597184/tmyUIr6r_normal.jpg","0","1","1","0","1700","0","","in","false",,,"false"
"1944060737959465361","https://x.com/collegemfs/status/1944060737959465361","[cm] gusy ada yang tau ga bootcamp yang masih open studi independen.......... aku mau cari plan lain karna belum yakin di magang berdampak...","Sat Jul 12 15:46:13 +0000 2025","https://pbs.twimg.com/profile_images/1968220707621597184/tmyUIr6r_normal.jpg","0","0","0","0","1164","0","","in","false",,,"false"
"1944060698172223994","https://x.com/collegemfs/status/1944060698172223994","aku lupa belum download SPTJM magang berdampak, di webnya udah gk ada... ini harus gimana ya? [cm]","Sat Jul 12 15:46:04 +0000 2025","https://pbs.twimg.com/profile_images/1968220707621597184/tmyUIr6r_normal.jpg","0","0","0","0","1228","1","","in","false",,,"false"
"1944058937331855550","https://x.com/sailorofwish/status/1944058937331855550","praying circle:

                    🕯         🕯 
           🕯                             🕯
                         lolos
       🕯         program          🕯
          magang berdampak
           🕯                             🕯
                    🕯         🕯","Sat Jul 12 15:39:04 +0000 2025","https://pbs.twimg.com/profile_images/2037547387443638272/2yEyUbhN_normal.jpg","91","1","226","5","12974","5","","en","false",,,"false"
"1944047350051488207","https://x.com/duckinpeanuts/status/1944047350051488207","magang berdampak please be nice, jangan seperti dosen","Sat Jul 12 14:53:01 +0000 2025","https://pbs.twimg.com/profile_images/1812709826419478529/mLzLj6ue_normal.jpg","0","0","3","0","1179","0","","in","false",,,"false"
"1944035049663606815","https://x.com/yawwss_/status/1944035049663606815","magang berdampak, pliss kasih kabar baik🥺","Sat Jul 12 14:04:08 +0000 2025","https://pbs.twimg.com/profile_images/2048963752926892032/ROZ8Jlop_normal.jpg","0","0","8","0","1365","0","","in","false",,,"false"
"1944004747817537608","https://x.com/ibunnnik/status/1944004747817537608","magang berdampak baru tau deadline daftarnya besok……. plis lah","Sat Jul 12 12:03:44 +0000 2025","https://pbs.twimg.com/profile_images/1781839626216644608/FFBIaTuT_normal.jpg","0","0","2","0","890","0","","in","false",,,"false"
"1944000309946122603","https://x.com/sailorofwish/status/1944000309946122603","magang berdampak yang apply ke bpjs atau pt midi ada yang punya gc mitra gak, karna teman-teman ku yang apply ke mitra lain ada gc nya, takutnya aku kudet sendiri😔😔","Sat Jul 12 11:46:06 +0000 2025","https://pbs.twimg.com/profile_images/2037547387443638272/2yEyUbhN_normal.jpg","0","7","5","0","3077","0","","in","false",,,"false"
"1943934764672856262","https://x.com/ninaninuna/status/1943934764672856262","Semogaa keterima magang berdampak🤲🏻🤲🏻🥹

Wish me luck✨🥹 https://t.co/eWB6A9P3Wv","Sat Jul 12 07:25:39 +0000 2025","https://pbs.twimg.com/profile_images/1963093042543689728/ZIQzO1NR_normal.jpg","0","2","12","0","2800","0","","in","false",,,"false"
"1943920587472048522","https://x.com/draftanakunpad4/status/1943920587472048522","Bingung pilih apa di Magang Berdampak?
Kalau lo suka bikin konten, coba apply bagian sosmed di Alta Global School (Schoters by Ruangguru)!

Gass apply! Nanya? Boleh, eksklusif buat anak Un pad! 🤫","Sat Jul 12 06:29:19 +0000 2025","https://pbs.twimg.com/profile_images/1977726127742611456/Vj4fhm9T_normal.jpg","0","3","17","0","6336","15","","in","false",,,"false"
"1943899564937031790","https://x.com/nadyyatfc/status/1943899564937031790","schoters, citiasia, vidio 🥺❤️ wml magang berdampak here we go 🤩👏✨️ https://t.co/DbG4XbDfSe","Sat Jul 12 05:05:46 +0000 2025","https://pbs.twimg.com/profile_images/2062222533139791872/YqV2bGWO_normal.jpg","0","29","71","2","18480","34","","in","false",,,"false"
"1943699315571957811","https://x.com/ug_fess/status/1943699315571957811","yuji! guys kalo ikut magang berdampak kita ttp kuliah kan ? dan jadwal ttp random apa jadi flexibel? kalo lowongan magang syaratnya gaboleh ikut perkuliahan selama magang berarti ga bisa dong? bingung bgt ini lowongan buat prodi ku kok dikit bgt 😭 sekalinya ada syaratnya (cont.)","Fri Jul 11 15:50:03 +0000 2025","https://pbs.twimg.com/profile_images/2002264082255347712/crvr9urC_normal.jpg","1","2","6","0","3345","2","","in","false",,,"false"
"1943694284571677180","https://x.com/collegemfs/status/1943694284571677180","aku lupa belum download SPTJM magang berdampak, di webnya udah gk ada... ini harus gimana ya? [cm]","Fri Jul 11 15:30:04 +0000 2025","https://pbs.twimg.com/profile_images/1968220707621597184/tmyUIr6r_normal.jpg","0","2","4","0","2339","7","","in","false",,,"false"
"1943683298317754825","https://x.com/ambalruonx/status/1943683298317754825","Pendaftaran Magang Berdampak diperpanjang! 🍀

Kamu dapet tambahan 2 hari (13 Juli) untuk daftar dan siapin diri loh! Buruan update CV kamu itu biar lolos MBER! 😗🍀 https://t.co/Xflhmc6nCu","Fri Jul 11 14:46:24 +0000 2025","https://pbs.twimg.com/profile_images/1773177405219409920/ouP81YEO_normal.jpg","0","2","1","0","3107","4","","in","false",,"true","false"
"1943675547541717382","https://x.com/cranbcrries/status/1943675547541717382","guys doain aku keterima magang berdampak","Fri Jul 11 14:15:36 +0000 2025","https://pbs.twimg.com/profile_images/2030022399283073024/wC73CGTk_normal.jpg","0","0","2","0","47","1","","in","false",,,"false"
"1943672665014997386","https://x.com/syanaily_/status/1943672665014997386","Info magang yang bisa konversi SKS selama satu semester dong😭😭 Magang Berdampak kuotanya dikit bangett😭","Fri Jul 11 14:04:09 +0000 2025","https://pbs.twimg.com/profile_images/2039981006388948992/CllZIInY_normal.jpg","0","3","3","0","1120","4","","in","false",,,"false"
"1943668586750599450","https://x.com/whooisdil/status/1943668586750599450","@unicelounge tau jirr magang berdampak gabisa diandelin bgt, mitra seuprit saingan sejagat 😭","Fri Jul 11 13:47:57 +0000 2025","https://pbs.twimg.com/profile_images/1972557931767009280/t_V2lyqp_normal.jpg","0","1","14","0","2621","0","","in","true",,,"false"
"1943667138704674994","https://x.com/fzzbay/status/1943667138704674994","manifesting lolos magang berdampak","Fri Jul 11 13:42:12 +0000 2025","https://pbs.twimg.com/profile_images/2034821417255280641/g1qGaAvq_normal.jpg","0","0","2","0","556","0","","tl","false",,,"false"
"1943658694681522339","https://x.com/lizasmnjntk/status/1943658694681522339","Lolos magang berdampak aamiin","Fri Jul 11 13:08:38 +0000 2025","https://abs.twimg.com/sticky/default_profile_images/default_profile_normal.png","0","0","2","0","466","0","","tl","false",,,"false"
"1943634851996877128","https://x.com/ug_fess/status/1943634851996877128","yuji! Halo ada yang belum dapet email dari gform magang berdampak ngk ya? Aku kok belum ya dan aku udah isi ulang lagi 2x hari ini :(( 

Ada yang tau bisa kontak siapa ngk untuk follow up?","Fri Jul 11 11:33:54 +0000 2025","https://pbs.twimg.com/profile_images/2002264082255347712/crvr9urC_normal.jpg","0","4","6","0","3035","0","","in","false",,,"false"
"1943628943719813597","https://x.com/ug_fess/status/1943628943719813597","yuji! gw udh nyerah magang berdampak guys.. dadah","Fri Jul 11 11:10:25 +0000 2025","https://pbs.twimg.com/profile_images/2002264082255347712/crvr9urC_normal.jpg","0","0","7","1","2264","1","","in","false",,,"false"
"1943612267423015118","https://x.com/dhirdhiary/status/1943612267423015118","Ah gue keknya emg ga diridhoi magang berdampak ap gmn dah","Fri Jul 11 10:04:09 +0000 2025","https://pbs.twimg.com/profile_images/1817418621297283072/yuTAZBFF_normal.jpg","0","1","2","0","942","0","","in","false",,,"false"
"1943598676598743262","https://x.com/UGM_FESS/status/1943598676598743262","hai yujiem yg smt 7 kalian pd bingung nyari magang paid dmn gasih? kakak kakak adakah info selain lewat mbkm? krn magang berdampak tutup hari ini😢😢😢","Fri Jul 11 09:10:09 +0000 2025","https://pbs.twimg.com/profile_images/2048399168960630785/ALcUPAlw_normal.jpg","1","3","72","0","12858","38","","in","false",,,"false"
"1943597377677635782","https://x.com/adityachariees/status/1943597377677635782","magang berdampak grasuk grusuk bener, baru apply kemarin udah ada email test aja bjirrrr, serem.","Fri Jul 11 09:04:59 +0000 2025","https://pbs.twimg.com/profile_images/1879982353902440448/JM9bAUUK_normal.jpg","0","3","6","1","2449","3","","in","false",,,"false"
"1943569292618010829","https://x.com/fortunecook_/status/1943569292618010829","Testii CV Ats Magang Berdampak, jul week 1🌸🦋 https://t.co/YMmRJuheBU","Fri Jul 11 07:13:23 +0000 2025","https://pbs.twimg.com/profile_images/1772890619385614336/IjY2LPP-_normal.jpg","0","0","2","1","2049","3","","in","false",,,"false"
"1943568937242751120","https://x.com/ug_fess/status/1943568937242751120","yuji! goodbye dah buat magang berdampak, kagak divalidasi juga ampe sekarang, bener2 gws dah kuliah di gundar","Fri Jul 11 07:11:59 +0000 2025","https://pbs.twimg.com/profile_images/2002264082255347712/crvr9urC_normal.jpg","13","1","72","10","5984","7","","in","false",,,"false"
"1943563459439841595","https://x.com/uppifess/status/1943563459439841595","haloo akang/teteh !upi yang angkatan 23 ada yang daftar magang berdampak gaa yaa?","Fri Jul 11 06:50:13 +0000 2025","https://pbs.twimg.com/profile_images/1962855672065691648/r405Pf-1_normal.jpg","0","2","2","2","2190","4","","in","false",,,"false"
"1943547313865331092","https://x.com/seaeasons/status/1943547313865331092","Tetap daftar magang berdampak walaupun udah tau peluang lolosnya lebih tipis dari tisu dibagi dua","Fri Jul 11 05:46:03 +0000 2025","https://pbs.twimg.com/profile_images/2028826348048056320/Bt7jnfop_normal.jpg","0","0","5","0","552","1","","in","false",,,"false"
"1943541061504176604","https://x.com/archiveberli20/status/1943541061504176604","yg angkatan 23 udh coba2 magang mandiri / udh coba daftar magang berdampak? 😭😭😭","Fri Jul 11 05:21:12 +0000 2025","https://pbs.twimg.com/profile_images/1902725148379320320/Yu6cMU5h_normal.jpg","0","4","2","1","2749","1","","in","false",,,"false"
"1943539679736766691","https://x.com/unsoedmfs/status/1943539679736766691","Jends! Yang magang berdampak tuh gimana ya? Sender baru dikirim infonya di grup angkatan, tapi ngga paham","Fri Jul 11 05:15:43 +0000 2025","https://pbs.twimg.com/profile_images/1964697244520816640/PDwM3vFp_normal.jpg","0","3","2","0","2695","7","","in","false",,,"false"
"1943532694060830764","https://x.com/khaylilull/status/1943532694060830764","Seng penting wes nyobo sek daftar magang berdampak soal keterima opo ora gor berdoa ae https://t.co/0sMJtyz1Ep","Fri Jul 11 04:47:58 +0000 2025","https://pbs.twimg.com/profile_images/1510636117573664769/jMd9vR0h_normal.jpg","0","3","4","0","1323","0","","in","false",,,"false"
"1943511054127907226","https://x.com/redoksiana/status/1943511054127907226","agak kesel sama temen sendiri udh tau ga dibolehin ikut magang berdampak knp tetep daftar, kalo mereka keterima tapi nolak kan syg kuotanya:) semoga kuotanya bisa dialihin ke yg bener2 niat deh","Fri Jul 11 03:21:58 +0000 2025","https://pbs.twimg.com/profile_images/2054440293211222016/BO91lNe-_normal.jpg","0","1","3","0","1012","1","","in","false",,,"false"
"1943380740650999853","https://x.com/_wangkr/status/1943380740650999853","Magang berdampak juga terdengar tidak sejalan dengan ""bonus demografi"" karena tujuan yg kurang jelas/ambigu dimana harus memecahkan masalah dan memberikan kontribusi kpd masyarakat. Sebenernya yang perlu dipersiapkan untuk bonus demografi hanyalah usia produktif yang siap kerja.","Thu Jul 10 18:44:09 +0000 2025","https://pbs.twimg.com/profile_images/1901489501014564864/XE7WYN8V_normal.jpg","0","2","1","0","814","0","","in","false",,"true","false"
"1943377674950660480","https://x.com/_wangkr/status/1943377674950660480","Fokus dari magang berdampak ini ambigu, setau gue ""Magang"" bertujuan untuk belajar, bukan memberikan dampak dan kontribusi nyata. lalu yang dimaksud dampak dan kontribusi nyata itu apa? https://t.co/m2Grx1eKuF","Thu Jul 10 18:31:58 +0000 2025","https://pbs.twimg.com/profile_images/1901489501014564864/XE7WYN8V_normal.jpg","4","1","26","1","6044","9","","in","false",,,"false"
"1943348284283621552","https://x.com/UGM_FESS/status/1943348284283621552","yujiem adakah yg mau daftar magang berdampak? itu paid semua kah guys? ada ga yg dari anak deb/feb?","Thu Jul 10 16:35:11 +0000 2025","https://pbs.twimg.com/profile_images/2048399168960630785/ALcUPAlw_normal.jpg","0","0","7","0","3537","1","","in","false",,,"false"
"1943338760999178751","https://x.com/sang2hyeon/status/1943338760999178751","Orgil besok hari terakhir magang berdampak, GW BARU PERBAIKIN CV, FFFFEKK.","Thu Jul 10 15:57:20 +0000 2025","https://pbs.twimg.com/profile_images/1964513564133380097/kmZdjvgD_normal.jpg","0","3","2","0","953","1","","in","false",,,"false"
"1943334692272459873","https://x.com/uppifess/status/1943334692272459873","!upi sender udah daftar magang berdampak nih, ngerasa optimis banget buat keterima, tolong doain sender agar bisa keterima ya heheh. I lop yu wargi upiku","Thu Jul 10 15:41:10 +0000 2025","https://pbs.twimg.com/profile_images/1962855672065691648/r405Pf-1_normal.jpg","1","2","17","0","3143","0","","in","false",,,"false"
"1943325524274876714","https://x.com/leemxyrin/status/1943325524274876714","Besok terakhir daftar magang berdampak dan hari ini kaprodi gue belum acc juga","Thu Jul 10 15:04:44 +0000 2025","https://pbs.twimg.com/profile_images/2018792281453805568/pLDqZ4yJ_normal.jpg","0","1","1","0","926","0","","in","false",,,"false"
"1943325506038116392","https://x.com/mirro0orball/status/1943325506038116392","gue lagi bimbang, beberapa bulan lalu gue apply lamaran kerja, karena gaada panggila akhirnya gue ikut program magang berdampak. tadi sore gue dapet info kalau gue dipanggil interview kerja selasa depan.. dan di waktu yang bersamaan pengajuan magang gue udah di approved-","Thu Jul 10 15:04:40 +0000 2025","https://pbs.twimg.com/profile_images/1942390195581497345/BuidHUth_normal.jpg","0","5","5","0","1289","1","","in","false",,,"false"
"1943323543254524007","https://x.com/4203_jpg/status/1943323543254524007","manifesting bisa bikin jj lolos magang berdampak atau magang kemenkeu ya Allah🕯️","Thu Jul 10 14:56:52 +0000 2025","https://pbs.twimg.com/profile_images/2008918786259427328/AU4GOJ0S_normal.jpg","0","1","6","0","1801","0","","in","false",,,"false"
"1943315737327837555","https://x.com/slytheeryn/status/1943315737327837555","Gagal magang berdampak karena tidak disetujui pimpinan. Alasannya karena angkatan pertama jadi belum bisa/susah menyesuaikan convert sks. 

Sedangkan usah siap cv + porto + nyatet semua posisi yg selinier. 

hopeless, gada energi, putus asa rasanya. gagal sebelum berjuang🥲🥲 https://t.co/P12S2lMktD","Thu Jul 10 14:25:51 +0000 2025","https://pbs.twimg.com/profile_images/2022644305572384768/ta3zr1dR_normal.jpg","0","6","16","1","7974","13","","in","false",,,"false"
"1943313413041476067","https://x.com/Faithinwhatyouc/status/1943313413041476067","nasib jadi angkatan percobaan program magang berdampak yang mitranya segelintir ☝️","Thu Jul 10 14:16:37 +0000 2025","https://pbs.twimg.com/profile_images/1483372370979344388/VYnIQIs4_normal.jpg","1","0","4","0","773","1","","in","false",,,"false"
"1943289789488468003","https://x.com/adityachariees/status/1943289789488468003","done apply 5 lamaran magang berdampak. apapun hasilnya kita terima ygy, yg penting udah berusaha. tapi semoga keterima, aamiin","Thu Jul 10 12:42:45 +0000 2025","https://pbs.twimg.com/profile_images/1879982353902440448/JM9bAUUK_normal.jpg","1","0","8","0","1348","0","","in","false",,,"false"
"1943286432069533964","https://x.com/justtania13/status/1943286432069533964","Mau nangis 😭😭😭 besok terakhir pendaftaran Magang Berdampak eh kampus belum proses pengajuan magang huhuu.. https://t.co/ZEx4nU493I","Thu Jul 10 12:29:24 +0000 2025","https://pbs.twimg.com/profile_images/2004424820575080448/csyTZ23o_normal.jpg","0","0","2","1","1727","1","","in","false",,,"false"
"1943273869965496738","https://x.com/ug_fess/status/1943273869965496738","yuji! halo mau tanya kira kira magang berdampak bsk ditutup jam brp ya huhu, aku tinggal nunggu validasi pimpinan lama bgt omagaaaaaa h-1 bgt niee","Thu Jul 10 11:39:29 +0000 2025","https://pbs.twimg.com/profile_images/2002264082255347712/crvr9urC_normal.jpg","0","1","2","0","2678","4","","in","false",,,"false"
"1943269614395507006","https://x.com/Hmpwk_usk/status/1943269614395507006","GET TO KNOW “MAGANG BERDAMPAK” 

Bukan sekadar magang, ini soal jadi agen perubahan.

Kampus bukan cuma tempat ngumpul dan bahas teori. Sekarang, lewat program Magang Berdampak, mahasiswa diajak turun langsung ke lapangan untuk bantu selesaikan masalah nyata di masyarakat. https://t.co/mIUF60AWOE","Thu Jul 10 11:22:34 +0000 2025","https://pbs.twimg.com/profile_images/1478665921623314433/JCgIVdhd_normal.jpg","0","1","1","0","729","0","","in","false",,,"false"
"1943267470808355027","https://x.com/nayzizhere/status/1943267470808355027","pengen jadi orang kaya biar kalo daftar magang berdampak ga harus mikir nanti biayanya gimana ya🥲","Thu Jul 10 11:14:03 +0000 2025","https://pbs.twimg.com/profile_images/2062753749404418048/xTzMHAxb_normal.jpg","0","1","2","0","720","0","","in","false",,,"false"
"1943267326150791334","https://x.com/unsoedmfs/status/1943267326150791334","Jends ada yang ikut magang berdampak gak? Ada yang udah diacc belmawa sama mitranya?","Thu Jul 10 11:13:29 +0000 2025","https://pbs.twimg.com/profile_images/1964697244520816640/PDwM3vFp_normal.jpg","0","0","0","0","1838","0","","in","false",,,"false"
"1943266388992495784","https://x.com/azk_rav/status/1943266388992495784","aku daftar magang berdampak, yng liat ini tolong doain aku lolos","Thu Jul 10 11:09:45 +0000 2025","https://pbs.twimg.com/profile_images/2040725398191996928/XZKNDnPB_normal.jpg","0","1","7","0","1160","0","","in","false",,,"false"
"1943220787936162177","https://x.com/bobatiramisyu/status/1943220787936162177","Gue bikin cv magang berdampak gini kali ya","Thu Jul 10 08:08:33 +0000 2025","https://pbs.twimg.com/profile_images/2030994123793260544/T0jacRqh_normal.jpg","0","0","8","0","1336","1","","in","false",,"true","false"
"1943218381718466642","https://x.com/adityachariees/status/1943218381718466642","magang berdampak ini jalur langit juga macet kayanya","Thu Jul 10 07:59:00 +0000 2025","https://pbs.twimg.com/profile_images/1879982353902440448/JM9bAUUK_normal.jpg","0","0","2","0","513","0","","in","false",,,"false"
"1943218073550696615","https://x.com/aiseugeurim/status/1943218073550696615","ga berharap banget, TAPI YA ALLAH AKU JUGA MAU LOLOS MAGANG BERDAMPAK 2025 😖🤲🏻","Thu Jul 10 07:57:46 +0000 2025","https://pbs.twimg.com/profile_images/1980069801528606720/qk4xKS-m_normal.jpg","0","0","3","0","457","0","","in","false",,,"false"
"1943214743604338841","https://x.com/neitherwayz/status/1943214743604338841","agak nyakitin liat org caper komen ""takut keterima deh"" di tiap konten magang berdampak, cabut aja cv kamu njir kalau takut, kasi kesempatan bagi yang pengen banget buat diterima","Thu Jul 10 07:44:32 +0000 2025","https://pbs.twimg.com/profile_images/1855524511170572288/yl_LIfrK_normal.jpg","2","0","41","0","3175","0","","in","false",,,"false"
"1943212807035719883","https://x.com/KRjogjadotcom/status/1943212807035719883","5. Paragon 

📌Timeline
Pendaftaran: 3-13 Juli 2025
Tes online: Juli 2025
Seleksi wawancara: Juli-Agustus 2025
Hari pertama magang: 4 Agustus 2025

🖇️ https://t.co/ydXP01AW1D
atau https://t.co/GUDKMi77oe (Magang Berdampak)","Thu Jul 10 07:36:51 +0000 2025","https://pbs.twimg.com/profile_images/790854842461716480/dzYcEj66_normal.jpg","0","0","8","0","2981","17","","in","true",,,"false"
"1943212784524648562","https://x.com/KRjogjadotcom/status/1943212784524648562","Berminat magang mandiri ataupun magang berdampak? 🤩 Yuk! sini Mimin KR spill lowongan magang yang dibuka pada bulan Juli 2025👇🏻
#Magang #KRJogjadotcom #KedaulatanRakyat
https://t.co/arjUVXMfJo","Thu Jul 10 07:36:45 +0000 2025","https://pbs.twimg.com/profile_images/790854842461716480/dzYcEj66_normal.jpg","1","1","6","0","1675","19","","in","false",,,"false"
"1943176772469547198","https://x.com/utfess/status/1943176772469547198","ut! magang berdampak ini beneran ga bisa diikuti sama anak smt 7 yaa...","Thu Jul 10 05:13:39 +0000 2025","https://pbs.twimg.com/profile_images/2063199480527355904/PA22skUe_normal.jpg","1","12","97","2","16179","37","","in","false",,,"false"
"1943173326777577552","https://x.com/Polinesmnfs/status/1943173326777577552","guys -plns gimana akun magang berdampak kalian udh pada di acc kaprodi belomm","Thu Jul 10 04:59:58 +0000 2025","https://pbs.twimg.com/profile_images/1965320643307884544/LI-YZ4d8_normal.jpg","0","1","2","0","2147","2","","in","false",,,"false"
"1943052561612738879","https://x.com/UGM_FESS/status/1943052561612738879","Yujiem aku baru liat ternyata magang berdampak mitranya ada paragon dan itu sesuai sm jurusan aku farmasi nah niatnya mau daftar tp baru sem 4, terlalu buru buru gak ya? takutnya plonga plongo apa mending coba tahun depan soalnya sem 5 juga matkulnya penting penting","Wed Jul 09 21:00:05 +0000 2025","https://pbs.twimg.com/profile_images/2048399168960630785/ALcUPAlw_normal.jpg","2","10","109","2","14901","36","","in","false",,,"false"
"1942988188672495837","https://x.com/blxckst0nes/status/1942988188672495837","YA ALLAH KETERIMA MAGANG BERDAMPAK 2025 INI!!!","Wed Jul 09 16:44:17 +0000 2025","https://pbs.twimg.com/profile_images/1999161935305244672/VZC0DVEc_normal.jpg","1","1","9","0","837","0","","in","false",,,"false"
"1942970655739363793","https://x.com/jokkibeum/status/1942970655739363793","KNTLLLL MENDING LU BENERIN NOH SISTEM PENDIDIKAN!!! MAGANG BERDAMPAK MITRA CUMA 17 GAK MALU LU?? PELUANG MAKIN KECIL, TERUS MAU KAYAK APA PENDIDIKAN INDONESIA INI.. AH MUAK BGT ANJING PEMERINTAH TOLOL","Wed Jul 09 15:34:37 +0000 2025","https://pbs.twimg.com/profile_images/2012531181653270528/AjJiz9pG_normal.jpg","1","0","4","1","746","0","","in","false",,"true","false"
"1942903223028969895","https://x.com/ambalruonx/status/1942903223028969895","3. Log In dan Urus Validasi

Jika pembuatan akunmu disetujui, kamu akan menerima email berisi username dan password untuk akun magang berdampak! Tinggal Log In dan konfirmasi validasi agar segera disetujui oleh kaprodi dan pimpinan PT.","Wed Jul 09 11:06:40 +0000 2025","https://pbs.twimg.com/profile_images/1773177405219409920/ouP81YEO_normal.jpg","0","1","2","0","874","1","","in","true",,,"false"
"1942895369471341045","https://x.com/ug_fess/status/1942895369471341045","yuji! sumpah dah lama2 ini gagal ikut magang berdampak cm gara2 nunggu validasi kaprodi yg SUPER LELET :)) kesel bgt jir","Wed Jul 09 10:35:27 +0000 2025","https://pbs.twimg.com/profile_images/2002264082255347712/crvr9urC_normal.jpg","0","1","7","0","2617","0","","in","false",,,"false"
"1942876417588699481","https://x.com/matchaai_/status/1942876417588699481","sumpah hopeless bgt sama magang berdampak kuota nya dikit bgt 😭😭

Bismillah lolos, Aamiinn 😭🤲🏻","Wed Jul 09 09:20:09 +0000 2025","https://pbs.twimg.com/profile_images/1969373306768994304/vhhC36mv_normal.jpg","0","5","3","1","1267","3","","in","false",,,"false"
"1942866744936419380","https://x.com/worklit_/status/1942866744936419380","Badan Usaha Milik Nurhayati a.k.a Paragon resmi jadi mitra magang berdampak di H-2 penutupan pendaftaran! 🥳

Ada 9 lowongan yang dibuka, niih~

Apa aja syaratnya? Cek di sini! 👇 https://t.co/EuoxpXb050","Wed Jul 09 08:41:43 +0000 2025","https://pbs.twimg.com/profile_images/1906891510865645568/5K93nn1e_normal.jpg","2","1","4","0","1872","15","","in","false",,,"false"
"1942773353401524490","https://x.com/unsoedmfs/status/1942773353401524490","jends yang ikut KKN periode ini, kalian pada daftar magang berdampak ngga? kalo ikut prosedurnya gimana nanti? soalnya timelinenya nabrak (bertanya dengan nada lembut)💛","Wed Jul 09 02:30:37 +0000 2025","https://pbs.twimg.com/profile_images/1964697244520816640/PDwM3vFp_normal.jpg","0","0","7","0","2396","2","","in","false",,,"false"
"1942772308520628345","https://x.com/draftanakunpad4/status/1942772308520628345","pad! Ada yg udah coba daftar magang berdampak belum? Kalau udah rep ya aku mau tanya tanya","Wed Jul 09 02:26:27 +0000 2025","https://pbs.twimg.com/profile_images/1977726127742611456/Vj4fhm9T_normal.jpg","0","2","2","0","2538","0","","in","false",,,"false"
"1942763214099603662","https://x.com/anomalikii/status/1942763214099603662","uin! kalian ada yang ikutan magang berdampak ga?? (terutama yg sem 4)","Wed Jul 09 01:50:19 +0000 2025","https://pbs.twimg.com/profile_images/1917522547899523072/EA9uiDZK_normal.jpg","0","1","2","0","868","0","","in","false",,,"false"
"1942749265400369502","https://x.com/m4rkl330/status/1942749265400369502","Ini masih bisa bikin akun magang berdampak ga si?","Wed Jul 09 00:54:54 +0000 2025","https://pbs.twimg.com/profile_images/1950836874890874880/btt_g_PR_normal.jpg","0","0","1","0","351","0","","in","false",,,"false"
"1942735009368138040","https://x.com/matchifuyuu/status/1942735009368138040","ada yang bisa buat cv ats buat magang berdampak yang bisa selesai hari ini ga yaa? #zonauang","Tue Jul 08 23:58:15 +0000 2025","https://pbs.twimg.com/profile_images/1465204658079625218/wNJHz-6D_normal.jpg","0","13","4","1","709","4","","in","false",,,"false"
"1942656586406863010","https://x.com/cuitandarijuna/status/1942656586406863010","noooo, cukup web magang berdampak aja yang develop by gpt, ui jangan 😭😭😭😭😭😭😭😭😭","Tue Jul 08 18:46:37 +0000 2025","https://pbs.twimg.com/profile_images/1878757918960730112/rMZjb6xl_normal.jpg","0","0","2","0","769","0","","in","false",,"true","false"
"1942628494443458739","https://x.com/slonongboy966/status/1942628494443458739","memberanikan diri submit magang berdampak sm magenta berbarengan😰","Tue Jul 08 16:55:00 +0000 2025","https://pbs.twimg.com/profile_images/1991201297677316100/_6ZoZdY9_normal.jpg","0","1","1","0","554","1","","in","false",,,"false"
"1942588440383741969","https://x.com/evelutieon/status/1942588440383741969","masa berkas lamaran magang berdampak cuma begini doang sih.. lebih ribet naik jadi po megaproker haha https://t.co/yo9Az0uyEU","Tue Jul 08 14:15:50 +0000 2025","https://pbs.twimg.com/profile_images/2056080857866403840/nvA25-fM_normal.jpg","0","0","4","0","320","1","","in","false",,,"false"
"1942584696904507811","https://x.com/ffrha__/status/1942584696904507811","eh ut sialan bgt ya ajg wkwk kmrn anak smt 7 gabisa ikut magang berdampak, skrg pengumuman nilai + deadline bayar ukt dicepetin

maunya gmn si bjir? minimal benerin dl lah itu lkam dan web bapuk itu","Tue Jul 08 14:00:57 +0000 2025","https://pbs.twimg.com/profile_images/2050470646375997440/3ziuRDh-_normal.jpg","0","9","33","0","1209","2","","in","false",,"true","false"
"1942576877379416205","https://x.com/draftanakunpad4/status/1942576877379416205","pad! mo tanya yg daftar magang berdampak, bagian validasi kaprodi dan pimpinan itu otomatis kah? aku baru login akun tapi keterangannya sudah ditolak aja","Tue Jul 08 13:29:53 +0000 2025","https://pbs.twimg.com/profile_images/1977726127742611456/Vj4fhm9T_normal.jpg","0","1","5","0","4053","3","","in","false",,,"false"
"1942565501131186323","https://x.com/kmaundip/status/1942565501131186323","[📢 MAGANG BERDAMPAK 2025📢]

👋 Hai Akundip!
Kemdiktisaintek resmi meluncurkan Magang Berdampak 2025

📅 Pendaftaran: 16 Juni – 11 Juli 2025
📄 Surat edaran resmi dan Buku Panduan bisa kamu akses di QR atau link yang tersedia!

Jangan sampai ketinggalan, persiapkan dirimu ! https://t.co/9nu4ioukPc","Tue Jul 08 12:44:41 +0000 2025","https://pbs.twimg.com/profile_images/1748395255169482752/gv0snI6q_normal.jpg","0","1","7","0","3000","1","","in","false",,,"false"
"1942529031905415253","https://x.com/indozonemedia/status/1942529031905415253","Magang Berdampak adalah program magang yang berfokus pada pembentukan lulusan siap kerja dan agen perubahan dengan kontribusi nyata di dunia kerja serta masyarakat.

https://t.co/A3BT5gBM31","Tue Jul 08 10:19:46 +0000 2025","https://pbs.twimg.com/profile_images/1735154042308005888/W7Ia5iIm_normal.jpg","0","0","1","0","659","0","","in","false",,,"false"
"1942515313070989647","https://x.com/trashxcount/status/1942515313070989647","halo ada yg bs joki cv ats buat magang berdampak","Tue Jul 08 09:25:15 +0000 2025","https://pbs.twimg.com/profile_images/1924029603972087808/8n0K_Kuh_normal.jpg","0","29","10","2","1876","0","","in","false",,,"false"
"1942491959098237037","https://x.com/worklit_/status/1942491959098237037","Udah h-4 penutupan pendaftaran magang berdampak nih…

Buat yang belom daftar 👇

Udah yakin CV-mu bakal tembus perusahaan yang km apply? atau jangan-jangan kamu cuma pasrah doang? 😔","Tue Jul 08 07:52:27 +0000 2025","https://pbs.twimg.com/profile_images/1906891510865645568/5K93nn1e_normal.jpg","0","1","2","0","396","2","","in","false",,,"false"
"1942464880579092578","https://x.com/UM_1954/status/1942464880579092578","Halo #CakraMania! 👋

Kalian tertarik ikut program Magang Berdampak tapi masih bingung cara daftarnya?🤔

Pendaftaran bisa dilakukan melalui laman resmi https://t.co/etc6XmTtTJ

Yuk, manfaatkan kesempatan ini untuk belajar langsung di dunia kerja dan berkontribusi nyata! 💼✨ https://t.co/YIXb9DoIP5","Tue Jul 08 06:04:51 +0000 2025","https://pbs.twimg.com/profile_images/1167788274414313473/mKWx5s9y_normal.jpg","4","0","19","0","5285","24","","in","false",,,"false"
"1942455211571990787","https://x.com/frenkensteinnnn/status/1942455211571990787","YA ALLAH SEMOGA DAPET MAGANG DI MAGANG BERDAMPAK AAMIIN","Tue Jul 08 05:26:26 +0000 2025","https://pbs.twimg.com/profile_images/2054205404662616065/YYUSXqEv_normal.jpg","0","0","1","0","269","0","","in","false",,,"false"
"1942449006594122128","https://x.com/KampusUpdate/status/1942449006594122128","Paragon Internship Program 2025 is officially open! 💫

Hi, Future Leaders! This is your chance to explore impactful projects and experience the professional world, all while unlocking your fullest potential.

You can choose between two internship options: join through Magang Berdampak or apply directly through the Paragon Internship Regular program (via the Paragon website). Register through the links below:

PARAGON X MAGANG BERDAMPAK
(*please check infos and details through Magang Berdampak Website)
👉🏻 https://t.co/cVdXnB3PqZ

PARAGON INTERNSHIP
👉🏻 https://t.co/J4376rVmDc

‼️ Remember, you can only register for one position in the Paragon Internship website, so don’t forget to choose the one that best aligns with your passion and goals! ‼️

Apply by 13 July 2025 and get ready to be empowered to shape the future! ✨","Tue Jul 08 05:01:46 +0000 2025","https://pbs.twimg.com/profile_images/870323804236468225/PFBRU3cV_normal.jpg","4","1","44","0","6072","24","","en","false",,,"false"
"1942439771583730150","https://x.com/hmiksui/status/1942439771583730150","Mana, nih, Kawan Kesos yang berencana untuk ikut magang? Pendaftaran akun Magang Berdampak diperpanjang, lho. Yuk, simak informasi lengkapnya dari Kesos Update! https://t.co/XMqnoECrTM","Tue Jul 08 04:25:04 +0000 2025","https://pbs.twimg.com/profile_images/1962896061695139840/1cnXxUeW_normal.jpg","0","1","2","0","869","0","","in","false",,,"false"
"1942433804762923454","https://x.com/anfasaaaaa/status/1942433804762923454","Dikit bener dah mitra magang berdampak","Tue Jul 08 04:01:22 +0000 2025","https://pbs.twimg.com/profile_images/1718254325951336448/wXNF9Edk_normal.jpg","0","0","2","0","363","0","","in","false",,,"false"
"1942427445392728229","https://x.com/collegemfs/status/1942427445392728229","[cm] guys magang berdampak itu nanti ada tiap semester atau semester genap aja? Jujur sender masih bingung, mohon pencerahannya. Makasihh 🤗","Tue Jul 08 03:36:06 +0000 2025","https://pbs.twimg.com/profile_images/1968220707621597184/tmyUIr6r_normal.jpg","0","2","5","0","2645","2","","in","false",,,"false"
"1942236381776154733","https://x.com/menyebrang/status/1942236381776154733","kecewa banget simbelmawa ini dikontakin ga ada yang jawab sama sekali ya Allah... dari ppt sosialisasi batas penyetujuan prodi buat akun magang berdampak itu hari ini tapi gw BELOM DAPET KREDENSIAL sama sekali :))","Mon Jul 07 14:56:53 +0000 2025","https://pbs.twimg.com/profile_images/2040041616099201025/mZRmCPBr_normal.jpg","1","2","2","0","1205","2","","in","false",,,"false"
"1942221380868857980","https://x.com/archivelisu_jpg/status/1942221380868857980","mari kita tetap usahakan magang berdampak itu, semoga aja di permudah dan keterima di perusahaan yg di apply🥺😞🙏🏼 https://t.co/vnaKEQB4eH","Mon Jul 07 13:57:16 +0000 2025","https://pbs.twimg.com/profile_images/1975947950108131328/0aRwFSfQ_normal.jpg","0","18","32","0","8007","11","","in","false",,,"false"
"1942217712572211252","https://x.com/ambalruonx/status/1942217712572211252","Kalo kamu mau toolkit yang bisa kasih semua kebutuhan kamu untuk apply magang berdampak, bisa cek produk ini yaa.. 

🍀 Template CV ATS
🍀 Review CV 1x 
🍀 Panduan Portfolio
🍀 Template Motivation Letter
🍀 E-Book Psikotest
🍀 Tips Interview
Dsb

https://t.co/xd0DTIMhHI https://t.co/FpTele4co4","Mon Jul 07 13:42:41 +0000 2025","https://pbs.twimg.com/profile_images/1773177405219409920/ouP81YEO_normal.jpg","2","0","5","0","1973","10","","in","true",,,"false"
"1942217657262170483","https://x.com/ambalruonx/status/1942217657262170483","H-5 Penutupan Pendaftaran Magang Berdampak! 🍀

Buat yang masih bingung ini udah aku kumpulin beberapa pertanyaan paling sering ditanyain soal MBER👇

-A Thread-","Mon Jul 07 13:42:28 +0000 2025","https://pbs.twimg.com/profile_images/1773177405219409920/ouP81YEO_normal.jpg","0","1","8","0","1402","13","","in","false",,,"false"
"1942214022545478140","https://x.com/leehansight/status/1942214022545478140","@ihanibamee Dapet pasti. Cari di magenta, msib, magang berdampak, dll. bumn banyak bgt cari"" mahasiswa aktif buat magang dan aku sangat menyarankan untuk coba ini dulu karna pengalaman nya lumayann bgt👍🏻","Mon Jul 07 13:28:02 +0000 2025","https://pbs.twimg.com/profile_images/1964887615452430336/U1yuQfYF_normal.jpg","0","2","6","0","1083","6","","in","true",,,"false"
"1942205717387129141","https://x.com/ug_fess/status/1942205717387129141","yuji! ko gue blm dapet” email dari magang berdampak yh, pdhl udh daftar akun seminggu lalu dan ngisi link gundar juga😔","Mon Jul 07 12:55:02 +0000 2025","https://pbs.twimg.com/profile_images/2002264082255347712/crvr9urC_normal.jpg","0","1","5","0","3331","4","","in","false",,,"false"
"1942171687606173832","https://x.com/ug_fess/status/1942171687606173832","yuji! gusy mau nanya, magang berdampak kan untuk s1 bisanya dilakuin smt 6 itu berlaku untuk semua jurusan atau atau beberapa jurusan aja soalnya tmn aku ada yg bilng dijurusan dia smt 4 udh bisa","Mon Jul 07 10:39:48 +0000 2025","https://pbs.twimg.com/profile_images/2002264082255347712/crvr9urC_normal.jpg","0","1","2","0","2078","0","","in","false",,,"false"
"1942164481687072908","https://x.com/yappingfess/status/1942164481687072908","yap! sejak (nekat) mau ikutan magang berdampak ini gue mikirin dampaknya ke dompet gue kalo tinggal di ibukota 😮‍💨
ada yang ikutan?","Mon Jul 07 10:11:10 +0000 2025","https://pbs.twimg.com/profile_images/1962593890361606145/7jkgnvwe_normal.jpg","0","0","1","0","892","0","","in","false",,,"false"
"1942154527349633027","https://x.com/ug_fess/status/1942154527349633027","yuji! inii buat magang berdampak, pengajuannya butuh brp lama sih buat disetujui? 🙂 https://t.co/lgmwfKDCr0","Mon Jul 07 09:31:37 +0000 2025","https://pbs.twimg.com/profile_images/2002264082255347712/crvr9urC_normal.jpg","0","3","30","0","4640","10","","in","false",,,"false"
"1942108340097876178","https://x.com/loopyvy/status/1942108340097876178","Astagaaa koutanya cuma 1, nih pemerintah niat bikin program ga sii.. Kampus Mengajar udah ga ada, giliran mau ke Magang Berdampak dikitt bangett yg buka untuk prodi pendidikan.. giliran ada yang buka, yang dibutuhin sebiji🥰✨ bayangin puluhan-ratusan orang, merebutkan 1 bangku💗 https://t.co/zILAti8Sy0","Mon Jul 07 06:28:05 +0000 2025","https://pbs.twimg.com/profile_images/1784546875951185920/zJUWVsQX_normal.jpg","0","4","16","0","5291","7","","in","false",,,"false"
"1942093989324505363","https://x.com/quarqty/status/1942093989324505363","joki portofolio buat magang berdampak yang bisa selesai hari ini 

#zonauang #zonajajan","Mon Jul 07 05:31:04 +0000 2025","https://pbs.twimg.com/profile_images/1955875473705271296/uApZicky_normal.jpg","2","43","8","0","1298","2","","in","false",,,"false"
"1942062874597429379","https://x.com/rahardjolegacy/status/1942062874597429379","Ini yang daftar magang berdampak pake simbelmawa ada yg bisa submit cv kah?","Mon Jul 07 03:27:25 +0000 2025","https://pbs.twimg.com/profile_images/1781543029712842752/x8RL5OeP_normal.jpg","0","2","2","0","900","0","","in","false",,,"false"
"1942052001606689194","https://x.com/polteksoehatwt/status/1942052001606689194","psf! disini ada yang ikut magang berdampak gaa yaa? apakah adaa yang bisa di tanya tanyain? makasii","Mon Jul 07 02:44:13 +0000 2025","https://pbs.twimg.com/profile_images/1963805332863696896/T1BWUrxp_normal.jpg","0","1","2","0","1376","0","","in","false",,,"false"
"1942040412618948943","https://x.com/studychew/status/1942040412618948943","cobaan yg dicobain adalah daftar magang berdampak 😀siapa udh berhasil daftar? https://t.co/mNcLFJETgj","Mon Jul 07 01:58:10 +0000 2025","https://pbs.twimg.com/profile_images/1637622415084912640/jP7pn8Jj_normal.jpg","0","7","3","0","1700","1","","in","false",,,"false"
"1941892208438681896","https://x.com/uibasev3/status/1941892208438681896","ui! sebelum bisa lamar lowongan magang berdampak, harus melewati validasi kaprodi dan pimpinan yaa? https://t.co/CPeQRLJDwJ","Sun Jul 06 16:09:15 +0000 2025","https://pbs.twimg.com/profile_images/1931573872610164736/j20HFhkV_normal.jpg","0","0","9","2","3791","4","","in","false",,,"false"
"1941776385015677058","https://x.com/arriecorner/status/1941776385015677058","$0.3 | 5.000 IDR [10 hours] 

Repost + reply below 👇🏻
"" @.juyitb segera bigwin dan lolos magang berdampak "" 

delete (.)
—————————
[AR228] Be kind","Sun Jul 06 08:29:01 +0000 2025","https://pbs.twimg.com/profile_images/1920075421787586560/OgF097WI_normal.png","9","165","1","0","1780","1","","tl","false",,,"false"
"1941485449316532588","https://x.com/miminnesa/status/1941485449316532588","@unesa_fess Msib 3 x 24 jam, tapi kalo kamu keterima magang berdampak mending terima aja. kamu termasuk manusia beruntung","Sat Jul 05 13:12:56 +0000 2025","https://pbs.twimg.com/profile_images/1953070876511092736/18D4Hnc1_normal.jpg","0","1","2","0","860","0","","in","true",,,"false"
"1941464166478540841","https://x.com/macampantek/status/1941464166478540841","gua salah satu orang yg setuju kalo anak kuliah yg udh dapet kipk sama kjmu gaboleh ikut magang berdampak","Sat Jul 05 11:48:22 +0000 2025","https://pbs.twimg.com/profile_images/2068379597776080897/cbE8rOUo_normal.jpg","0","2","2","1","1330","0","","in","false",,,"false"
"1941430371440263241","https://x.com/dyoforsoo/status/1941430371440263241","Ada yang ikutan magang berdampak nya di Vidio? Itu emang perusahannya belum buka lowongan atau gimana ya? Soalnya di web gw sama temen gw belum ada lowongan gitu","Sat Jul 05 09:34:05 +0000 2025","https://pbs.twimg.com/profile_images/1676067567507767296/RkL5BkVv_normal.jpg","0","2","2","0","1448","0","","in","false",,,"false"
"1941417702574391357","https://x.com/MERENUUUNG/status/1941417702574391357","@ftzhrw magang berdampak merusak kesmen mahasiswa 😊","Sat Jul 05 08:43:44 +0000 2025","https://pbs.twimg.com/profile_images/1822201776818327552/nnhSvwPV_normal.jpg","0","1","2","0","352","0","","in","true",,,"false"
"1941409187680170400","https://x.com/cnerutuu/status/1941409187680170400","@coffleither cv ats magang berdampak fee berapa kak","Sat Jul 05 08:09:54 +0000 2025","https://pbs.twimg.com/profile_images/1998748032918237187/ZoFSgprx_normal.jpg","0","1","0","0","443","0","","in","true",,,"false"
"1941401140547158144","https://x.com/gloimpse/status/1941401140547158144","yg ikut magang berdampak siapa ya? mau tanya tanya plis","Sat Jul 05 07:37:56 +0000 2025","https://pbs.twimg.com/profile_images/1924756645667864584/4zHrP2Pe_normal.jpg","0","0","1","0","732","0","","in","false",,,"false"
"1941384084158034413","https://x.com/polsrimenfess/status/1941384084158034413","nk nanyo sm mhs !pols semester 6 naek ke 7 (especially yg teknik) mnrut kalian program mbkm yang worth it apo yoo, bingung nian aplg yg teknik soalnyo magang berdampak ktk mitranyo 😭😭","Sat Jul 05 06:30:09 +0000 2025","https://pbs.twimg.com/profile_images/2061794421805613057/f-AbkPXq_normal.jpg","0","1","1","0","1240","0","","in","false",,,"false"
"1941255126930657345","https://x.com/semogasuksez/status/1941255126930657345","dipikir2 magang berdampak ini keknya ajang buat mitra2 yg ga seberapa itu buat hiring SDM yg bisa di upah kecil (iming2 dpt subsidi dr MB). masalahnya ini ""magang"" ga sih pak dmn org mau bljr n cari pengalaman, kalo full time gaboleh ada kegiatan lain itu bekerja ga sih guys wdyt","Fri Jul 04 21:57:43 +0000 2025","https://pbs.twimg.com/profile_images/1145926379243888640/EAeLdrKn_normal.jpg","0","3","4","0","90","0","","in","false",,,"false"
"1941209326166905234","https://x.com/wrappsiee/status/1941209326166905234","semoga magang berdampak aku lolos","Fri Jul 04 18:55:43 +0000 2025","https://pbs.twimg.com/profile_images/1840737998696230912/gUWSMo27_normal.jpg","0","1","1","0","604","0","","in","false",,,"false"
"1941183340020891947","https://x.com/cr0isyantt/status/1941183340020891947","@aku_suka23 @ug_fess min emg sem 6 nder, di baak, di persyaratan magang berdampak jg sm kok utk s1 min sem 6.. dulu msib jg sama aja min sem 6, sem 4 belom bisa","Fri Jul 04 17:12:28 +0000 2025","https://pbs.twimg.com/profile_images/2036466644218945536/q5S71y7u_normal.jpg","0","2","1","0","610","0","","in","true",,,"false"
"1941176670263939523","https://x.com/ayy4aaww/status/1941176670263939523","kapanlah ini akun magang berdampak di acc kaprodi sama pimpinan kampus😔😔 udah h-6","Fri Jul 04 16:45:58 +0000 2025","https://pbs.twimg.com/profile_images/1976956943500775424/crfDgUXM_normal.jpg","0","0","1","0","406","0","","in","false",,,"false"
"1941163452720161178","https://x.com/samuelshtst/status/1941163452720161178","but i begging to you, ms kaprodi and koord. person, please approve my magang berdampak acc and later administration. so i am not die j*bless. please …. i never have a job, i want a job. please ….

the deadline is imminent, and my life too.","Fri Jul 04 15:53:26 +0000 2025","https://pbs.twimg.com/profile_images/1978998801533673472/8ExGBvHr_normal.jpg","0","1","2","0","388","0","","en","false",,,"false"
"1941156649806578048","https://x.com/coquettgirlll/status/1941156649806578048","part bimbang magang berdampak ato reguler karna yg dikonversi cmn 10sks 🤔😓 https://t.co/kAOvnN2ICX","Fri Jul 04 15:26:24 +0000 2025","https://pbs.twimg.com/profile_images/1858582094089515009/U0o4GAXP_normal.jpg","0","1","1","0","1445","0","","in","false",,,"false"
"1941148019522732476","https://x.com/chichicolone/status/1941148019522732476","pliss, gue masih bingung mau ikut magang berdampak apa engga.. gatau anjir kek ga semangat aja 🤧 pdhl sem kemarin ngurusin beasiswa kesana-kemari semangat banget dah 😔","Fri Jul 04 14:52:07 +0000 2025","https://pbs.twimg.com/profile_images/1936432363086532608/KeHiz1Dx_normal.jpg","0","0","1","0","289","0","","in","false",,,"false"
"1941132906795344103","https://x.com/sekuii/status/1941132906795344103","ada jasa joki koreksi/buat/revisi cv, portofolio, linkedin yang super trusted buat program magang berdampak ga ya? into sosial media, design, human resource, etc

please kasih testimoni dan rate harganya (prefer english)","Fri Jul 04 13:52:04 +0000 2025","https://pbs.twimg.com/profile_images/2041480872369754112/mdq-slnR_normal.jpg","0","17","10","1","1541","3","","in","false",,,"false"
"1941079958710825094","https://x.com/ug_fess/status/1941079958710825094","yuji! akun mber (magang berdampak) ku belum di verif kampus, apa karna pernah cuti ya semester lalu. btw skrng aku smester 6.","Fri Jul 04 10:21:40 +0000 2025","https://pbs.twimg.com/profile_images/2002264082255347712/crvr9urC_normal.jpg","0","3","3","0","3144","3","","in","false",,,"false"
"1941071311348142096","https://x.com/chiewgumy/status/1941071311348142096","PARAGON JADI MITRA MAGANG BERDAMPAK JIR . . . .","Fri Jul 04 09:47:18 +0000 2025","https://pbs.twimg.com/profile_images/2044760239556403200/UfnHCu0m_normal.jpg","0","1","3","1","1687","1","","in","false",,,"false"
"1941070771364811018","https://x.com/tanyarlfes/status/1941070771364811018","💚 guys aku otw naik ke semester 5 itu kira² bisa ikut magang berdampak gak ya? Pls bingung bangett","Fri Jul 04 09:45:09 +0000 2025","https://pbs.twimg.com/profile_images/1610613801526890500/aBOa83uV_normal.jpg","1","8","0","1","6800","3","","in","false",,,"false"
"1941050734428184654","https://x.com/hnyscrlth/status/1941050734428184654","dah bete bgt gabisa ikut magang berdampak, mending info loker kakkk pernah jadi qc selama 3 tahun☺️☺️☺️☺️","Fri Jul 04 08:25:32 +0000 2025","https://pbs.twimg.com/profile_images/2047947232494940160/YI5PkHkZ_normal.jpg","0","4","4","0","1413","0","","in","false",,,"false"
"1941046917858730406","https://x.com/ug_fess/status/1941046917858730406","yuji! Untuk magang berdampak, validasi kaprodi dan pimpinan itu ngurusnya gimana yaa? Ditunggu aja atau gimana kalian?","Fri Jul 04 08:10:22 +0000 2025","https://pbs.twimg.com/profile_images/2002264082255347712/crvr9urC_normal.jpg","0","0","4","0","2715","1","","in","false",,,"false"
"1941038907417940023","https://x.com/ffrha__/status/1941038907417940023","damn.. magang berdampak di ut gabole anak smt 7.. 😔😔😔💔💔💔","Fri Jul 04 07:38:32 +0000 2025","https://pbs.twimg.com/profile_images/2050470646375997440/3ziuRDh-_normal.jpg","0","7","3","0","879","0","","in","false",,,"false"
"1941018963775050128","https://x.com/hopetchx_/status/1941018963775050128","Guys doain aku bisa lolos magang berdampak plsss😭🙏🏻","Fri Jul 04 06:19:18 +0000 2025","https://pbs.twimg.com/profile_images/1795475566067679232/oCWj_-9X_normal.jpg","0","4","1","0","474","0","","in","false",,,"false"
"1941006750670639391","https://x.com/yupieyipi/status/1941006750670639391","guys, ada yg mau daftar magang berdampak gak ya? ini bagian pengajiuan disetujui kaprodi dan pimpinannn tinggal nunggu aja atau hubungin sendiri ya? 🤲🏻 https://t.co/mrinjP2Q1t","Fri Jul 04 05:30:46 +0000 2025","https://pbs.twimg.com/profile_images/2057477579779846145/9AKvDOTQ_normal.jpg","0","2","5","0","2705","8","","in","false",,,"false"
"1940995573773226097","https://x.com/graravetter/status/1940995573773226097","kakak-kakak angkatan 22 jangan lupa datang sospeak magang berdampak hari ini yaa!!!!!!!!!!!! https://t.co/pDWWRFUoVr","Fri Jul 04 04:46:21 +0000 2025","https://pbs.twimg.com/profile_images/2039888212102098944/TGvtbVts_normal.jpg","0","0","4","1","1711","0","","in","false",,,"false"
"1940952195844780288","https://x.com/uppifess/status/1940952195844780288","!upi semester depan aku udah di semester 7, nah dari prodi disarankan buat ikut magang di BRIN. Menurut akang teteh, better ikut magang berdampak, BRIN, atau fokus nyusun buat skripsi aja?😔","Fri Jul 04 01:53:59 +0000 2025","https://pbs.twimg.com/profile_images/1962855672065691648/r405Pf-1_normal.jpg","0","6","18","1","4874","12","","in","false",,,"false"
"1940944104348860644","https://x.com/tinyburnburn/status/1940944104348860644","Nyoba magang berdampak aahhh, jangan kaget kalo aku keterima ya 🤭","Fri Jul 04 01:21:50 +0000 2025","https://pbs.twimg.com/profile_images/2022572238302785536/NuI4_Fy4_normal.jpg","0","0","1","0","247","0","","in","false",,,"false"
"1940803935117496807","https://x.com/UNY_Base/status/1940803935117496807","guyss ikut magang berdampak bisa konversi ke matakuliah apa aja? UNY...","Thu Jul 03 16:04:51 +0000 2025","https://pbs.twimg.com/profile_images/1905995104445505536/Gd1rMZ2Y_normal.jpg","0","4","14","0","6275","2","","in","false",,,"false"
"1940777765407805835","https://x.com/UNY_Base/status/1940777765407805835","UNY... temen"" ada yg ikut Magang Berdampak dan akunnya udah diverifikasi koordinator perguruan tinggi belum ya???","Thu Jul 03 14:20:51 +0000 2025","https://pbs.twimg.com/profile_images/1905995104445505536/Gd1rMZ2Y_normal.jpg","0","2","8","0","5139","0","","in","false",,,"false"
"1940751615759204476","https://x.com/ug_fess/status/1940751615759204476","yuji! Kakak-kakak info utk ikut magang berdampak itu gimana ya? Ada minimal semester untuk bisa berpartisipasi ga ya? Sender tertarik untuk ikut tapi masih gatau infonya, yang tau mohon informasinya yaa. Tia🙏🏻","Thu Jul 03 12:36:57 +0000 2025","https://pbs.twimg.com/profile_images/2002264082255347712/crvr9urC_normal.jpg","0","1","3","0","2872","5","","in","false",,,"false"
"1940750625836315096","https://x.com/ug_fess/status/1940750625836315096","yuji! anak semester 4 udah boleh daftar/ bikin akun magang berdampak dlu ga yaa?","Thu Jul 03 12:33:01 +0000 2025","https://pbs.twimg.com/profile_images/2002264082255347712/crvr9urC_normal.jpg","0","2","4","0","3300","6","","in","false",,,"false"
"1940739526953259451","https://x.com/ftzhrw/status/1940739526953259451","☺️☺️☺️ tdk jd sospeak skripsi, jdnya sospeak magang berdampak ☺️☺️☺️","Thu Jul 03 11:48:55 +0000 2025","https://pbs.twimg.com/profile_images/1962558191126138880/_OCNE6Px_normal.jpg","0","2","5","0","245","0","","in","true",,,"false"
"1940713639235015108","https://x.com/worksfess/status/1940713639235015108","work! kaka kaka ada yang mau bantu review cv ku ga? aku mhs buat daftar magang berdampak huhu","Thu Jul 03 10:06:02 +0000 2025","https://pbs.twimg.com/profile_images/1981344509465092096/DuxbUtbu_normal.png","0","11","6","0","5455","19","","in","false",,,"false"
"1940689433134875129","https://x.com/aiursmilee_/status/1940689433134875129","ada yg tau gak, program msib atau magang (sblm magang berdampak) itu diselenggarainnya setahun sekali atau 2 kali dlm setahun yaa??","Thu Jul 03 08:29:51 +0000 2025","https://pbs.twimg.com/profile_images/2059971695558217728/v0EzbFoJ_normal.jpg","0","3","2","0","1535","2","","in","false",,,"false"
"1940636677460185287","https://x.com/textraxcv/status/1940636677460185287","Website magang berdampak is so ass","Thu Jul 03 05:00:13 +0000 2025","https://pbs.twimg.com/profile_images/1768264132334399488/qSf9slaU_normal.jpg","0","1","5","1","1065","0","","en","false",,,"false"
"1940588760045179192","https://x.com/UnivTerbuka/status/1940588760045179192","ini saat yang tepat buat cari tahu semuanya!

📅 Jumat, 4 Juli 2025
🕑 Pukul 14.00 WIB
🔗 Zoom: https://t.co/1sf6uGOPlS
📺 Live YouTube: https://t.co/12rx0Akuui

Di sini kamu akan dapat:
✅ Info lengkap tentang program Magang Berdampak
✅ Tahu alur pendaftaran &amp; pelaksanaannya","Thu Jul 03 01:49:49 +0000 2025","https://pbs.twimg.com/profile_images/875662141189009408/e42wXS1R_normal.jpg","0","1","1","0","522","5","","in","true",,,"false"
"1940588756802924782","https://x.com/UnivTerbuka/status/1940588756802924782","🎓✨ Yuk, ikutan Sosialisasi Magang Berdampak! 💼🌟

Mahasiswa UT, udah siap belum ambil langkah baru buat masa depanmu?
Kalau kamu pengen ikut program magang yang bukan cuma nambah CV, tapi juga punya impact nyata di dunia kerja dan masyarakat— https://t.co/ZFBRtftGzH","Thu Jul 03 01:49:48 +0000 2025","https://pbs.twimg.com/profile_images/875662141189009408/e42wXS1R_normal.jpg","2","3","7","0","1740","3","","in","false",,,"false"
"1940453891516387627","https://x.com/belxgyn/status/1940453891516387627","hii all💗
aku open jasa review cv khusus untuk magang berdampak nii, ga dipungut biaya apapun ya pure untuk bantu"" aja   krn msib batch 7 kmrn pun aku byk nemu org"" baik yg mau share ilmu, jd aku jg pgn lakuin hal yg sama barangkali ada yg mau proofread cv nya sblm apply hehe🫰🏻","Wed Jul 02 16:53:54 +0000 2025","https://pbs.twimg.com/profile_images/1674656267141550081/eQpbxEoI_normal.jpg","0","13","10","0","1650","19","","in","false",,,"false"
"1940410349146292534","https://x.com/yuyaleopardd/status/1940410349146292534","jasa review cv ats dong buat daftar magang berdampak #zonauang #zonajajan","Wed Jul 02 14:00:52 +0000 2025","https://pbs.twimg.com/profile_images/1936067615157354496/QUW5Rjh9_normal.jpg","0","23","8","0","1503","7","","in","false",,,"false"
"1940379920745574557","https://x.com/usu_menfess/status/1940379920745574557","we ada yg daftar magang berdampak disini? ini emg lowongannya yg dikit atau masih belum semua lowongannya keluar?","Wed Jul 02 11:59:58 +0000 2025","https://pbs.twimg.com/profile_images/1963115062446657536/ilHqbDlV_normal.jpg","0","6","5","0","2659","2","","in","false",,,"false"
"1940378540526239871","https://x.com/dill238/status/1940378540526239871","Disni udh ada yg dftr magang berdampak belum???","Wed Jul 02 11:54:29 +0000 2025","https://pbs.twimg.com/profile_images/1967719181455081473/kXlw0ysy_normal.jpg","0","2","3","0","526","0","","in","false",,,"false"
"1940322340254183803","https://x.com/blueheartbloom/status/1940322340254183803","Magang Berdampak gess 🙌 https://t.co/ql4RtEGulj","Wed Jul 02 08:11:10 +0000 2025","https://pbs.twimg.com/profile_images/1770809166115823616/odkAJufN_normal.jpg","0","3","6","0","3880","6","","in","false",,,"false"
"1940315052189622595","https://x.com/tempodotco/status/1940315052189622595","Syarat, Cara Daftar, dan Tahapan Magang Berdampak 2025 https://t.co/MHAhNr24DL #TempoTekno","Wed Jul 02 07:42:12 +0000 2025","https://pbs.twimg.com/profile_images/1968882591031058432/qH8VMl2G_normal.jpg","0","0","1","0","1626","2","","in","false",,,"false"
"1940279764238909590","https://x.com/yunesafess/status/1940279764238909590","rek! setelah sosialisasi ini aku masih sedikit bingung karena ada sedikit misskom sama temenku juga. jadi buat magang berdampak ini kita bisa cari mitra kah? bukannya mitra udah fix yang ada di simbelmawa ya? apa masih bisa kita cari mandiri lagi?","Wed Jul 02 05:21:59 +0000 2025","https://pbs.twimg.com/profile_images/1982085720656220161/EBBtga6j_normal.jpg","0","1","5","0","1353","1","","in","false",,,"false"
"1940265008107012421","https://x.com/yunesafess/status/1940265008107012421","mau tanya dong rek! yang max 3 orang tadi buat magang berdampak apa magang mandiri","Wed Jul 02 04:23:20 +0000 2025","https://pbs.twimg.com/profile_images/1982085720656220161/EBBtga6j_normal.jpg","0","1","2","0","1057","0","","in","false",,,"false"
"1940261725921845417","https://x.com/FIBUB_OFFICIAL/status/1940261725921845417","[Sosialisasi Program Magang Berdampak]

Salam Budaya!

Hai #FIBers

Temukan peluang magang di berbagai instansi dan industri lewat Sosialisasi Program Magang Berdampak yang akan dilaksanakan pada Kamis, 3 Juli 2025 pukul 14.00–16.00 WIB secara daring melalui Zoom (scan QR code). https://t.co/GUxm869ZIm","Wed Jul 02 04:10:18 +0000 2025","https://pbs.twimg.com/profile_images/2604799322/x2oh8oy78fob79ox3ry9_normal.jpeg","0","0","3","0","1340","4","","in","false",,,"false"
"1940243896887554331","https://x.com/gunadarma_/status/1940243896887554331","INFORMASI PROGRAM MAGANG BERDAMPAK.

https://t.co/kVmYy7xnhy","Wed Jul 02 02:59:27 +0000 2025","https://pbs.twimg.com/profile_images/1953329590086295552/9Ew5MBoT_normal.jpg","0","0","2","0","933","1","","in","false",,,"false"
"1940231390475559122","https://x.com/FISIPUNPAR/status/1940231390475559122","🚨Pengumuman🚨

Fisipers, 

Untuk mahasiswa HI dibawah ini yang mendaftar magang berdampak periode Semester Ganjil 2025/2026 : 

- CECILIA GRANCIE SUBROTO 
- ⁠ZIA PRAHASKYA ANSYILLA
- ⁠SEPI DEVI SETIA WARUWU
- ⁠ALIYA HUMAYRA RABBANI
- ⁠JEANNE NADINE ROESIANTO","Wed Jul 02 02:09:45 +0000 2025","https://pbs.twimg.com/profile_images/2034628379966910464/IS_kMo-M_normal.jpg","0","1","1","0","2683","2","","in","false",,,"false"
"1940223910420914244","https://x.com/b00lumer/status/1940223910420914244","bingung antara daftar magang di semester ini atau gausah krn adek udah keterima kukiah dikampus yg sama😩

pengen apply juga di magang berdampak magang BUMN huhu bimbang bgt","Wed Jul 02 01:40:02 +0000 2025","https://pbs.twimg.com/profile_images/1953852624262115329/cDLv-k5X_normal.jpg","0","3","4","1","4406","0","","in","false",,"true","false"
"1940089280501538928","https://x.com/iteramfs/status/1940089280501538928","Itera! Please jawab, siapa yang Akun Magang Berdampaknya udah di ACC Koor PT? 😭🙏 Sampai H-10 DL Lamar Magang, sender belum di Validasi Akunnya. Dan juga terkait Magang Berdampak ini memang tidak ada sosialisasinya di ITERA atau aku yang ketinggalan ya? 🥺","Tue Jul 01 16:45:04 +0000 2025","https://pbs.twimg.com/profile_images/1814549098307207168/_Qbg8Sz6_normal.jpg","0","1","6","0","2561","2","","in","false",,,"false"
"1939962972098396310","https://x.com/unsoedmfs/status/1939962972098396310","jends magang berdampak itu buat mahasiswa semester berapa jends?","Tue Jul 01 08:23:09 +0000 2025","https://pbs.twimg.com/profile_images/1964697244520816640/PDwM3vFp_normal.jpg","0","1","4","0","2823","4","","in","false",,,"false"
"1939940159853924814","https://x.com/UGM_FESS/status/1939940159853924814","yujiem! belum ada info sosialisasi magang berdampak kah?","Tue Jul 01 06:52:31 +0000 2025","https://pbs.twimg.com/profile_images/2048399168960630785/ALcUPAlw_normal.jpg","1","0","0","0","9134","1","","in","false",,,"false"
"1939894868744315241","https://x.com/isiyk_official/status/1939894868744315241","Selamat kepada calon peserta Program Magang Berdampak Batch 5 di Biro Komunikasi dan Pelayanan Publik, Kementerian Kesehatan RI, yang telah lolos seleksi administrasi.⁣
⁣
Berikut tautan grup WhatsApp MBKM Kemenkes:⁣
link : https://t.co/pa97On2XY6 https://t.co/Bb3df1HCbY","Tue Jul 01 03:52:32 +0000 2025","https://pbs.twimg.com/profile_images/1054661589628899328/K9g0v3We_normal.jpg","0","0","3","0","2697","2","","in","false",,,"false"
"1939875877291991208","https://x.com/draftanakunpad4/status/1939875877291991208","pad! Mau ikut magang berdampak, ULIP, Magenta, dll.. perlu prepare dulu gasi?🤔 Mending join Internship Mentoring dari Peta Careers yg sekarang lagi open regist mentee🤩

Bisa sharing sama mentor, bikin CV &amp; LinkedIn yg standout + insight keren dari mentor berpengalaman https://t.co/bMwZLztdP5","Tue Jul 01 02:37:04 +0000 2025","https://pbs.twimg.com/profile_images/1977726127742611456/Vj4fhm9T_normal.jpg","0","0","4","0","3570","3","","in","false",,,"false"
"1939868051501199781","https://x.com/polteksoehatwt/status/1939868051501199781","psf! angkatan 23 atau kating ada yg bisa ditanya tanyain tentang magang berdampak kaah? atau ada yg suda tau lebih lanjut gmn sistemnya di poltek atau yg uda apply misalnya, tolong reply yaaa, thank u!","Tue Jul 01 02:05:59 +0000 2025","https://pbs.twimg.com/profile_images/1963805332863696896/T1BWUrxp_normal.jpg","0","6","13","0","2774","3","","in","false",,,"false"
"1939842872586772515","https://x.com/gusyguys/status/1939842872586772515","Jadi mikir, magang berdampak ini dikit banget mitranya, udah gitu ya harus war ama top ptn kampus, 

terus program kampus mengajar juga dihapuskan, pmm juga dihapuskan

Sebenarnya tuh program, berkaca dari tahun sebelumnya dipikir"" menghabiskan anggaran negara si, namun....","Tue Jul 01 00:25:56 +0000 2025","https://pbs.twimg.com/profile_images/1837520207495217152/a38zf9a7_normal.jpg","0","2","11","0","1096","0","","in","false",,,"false"
"1939680615709937822","https://x.com/cuttiebabbies/status/1939680615709937822","Ga mau ikut sinau lagi, maunya ikut magang berdampak 😔","Mon Jun 30 13:41:10 +0000 2025","https://pbs.twimg.com/profile_images/1905731839966449664/m6AP8a80_normal.jpg","0","2","2","0","502","0","","in","false",,,"false"
"1939668715605483780","https://x.com/horngwve/status/1939668715605483780","@unesa_fess aku jg belum nder, km cari magang mandiri ya?, daftar magang berdampak juga ga nder","Mon Jun 30 12:53:53 +0000 2025","https://pbs.twimg.com/profile_images/1845051641084641282/hnew53Pd_normal.jpg","0","0","2","0","709","0","","in","true",,,"false"
"1939653597479698573","https://x.com/ug_fess/status/1939653597479698573","yuji! guys magang berdampak bisa dikonversi kan yaa kaya MSIB sebelumnya??","Mon Jun 30 11:53:49 +0000 2025","https://pbs.twimg.com/profile_images/2002264082255347712/crvr9urC_normal.jpg","1","4","12","0","4053","10","","in","false",,,"false"
"1939608396392772039","https://x.com/UGM_FESS/status/1939608396392772039","Yujiem ada yang ikut magang berdampak di sini? Mau nanya nanya soalnya di ugm info nya terbatas banget","Mon Jun 30 08:54:12 +0000 2025","https://pbs.twimg.com/profile_images/2048399168960630785/ALcUPAlw_normal.jpg","0","1","2","0","2841","4","","in","false",,,"false"
"1939606595824140466","https://x.com/io_ums_official/status/1939606595824140466","Pendaftaran Magang Berdampak 2025 resmi dibuka!

📍Timeline Penting:
- Pendaftaran: 16 Juni – 11 Juli 2025
- Seleksi oleh Mitra: Juli 2025
- Pengumuman Peserta: Agustus 2025
- Pelaksanaan: Agustus – Desember 2025

Link Pendaftaran: 
https://t.co/0DBRvv1n3K

#UMS https://t.co/9gMMvgwMTz","Mon Jun 30 08:47:03 +0000 2025","https://pbs.twimg.com/profile_images/1495595493665443845/LfaRKAmf_normal.jpg","0","0","9","0","4261","15","","in","false",,,"false"
"1939594860123598869","https://x.com/uppifess/status/1939594860123598869","!upi angkatan 22 ada yang ikutan magang berdampak?","Mon Jun 30 08:00:25 +0000 2025","https://pbs.twimg.com/profile_images/1962855672065691648/r405Pf-1_normal.jpg","0","2","3","0","2463","4","","in","false",,,"false"
"1939580953770213402","https://x.com/ubsansfess/status/1939580953770213402","braw! yang fpik semester 6 kan sekarang pada mau pkl nih, kalian ada yg udah dapet tempat PKL tapi tbtb pgn ikut magang berdampak ga? kasih sender pencerahan","Mon Jun 30 07:05:09 +0000 2025","https://pbs.twimg.com/profile_images/1906719577998012417/iyUZe7af_normal.jpg","0","2","5","0","4701","0","","in","false",,,"false"
"1939519167708967194","https://x.com/polsrimenfess/status/1939519167708967194","Program Magang Berdampak:
📌 Pendaftaran: 16 Juni – 11 Juli 2025
📆 Pelaksanaan: 4 Agustus – 22 Desember 2025
🌐 Info: https://t.co/ZSkmExCLgz

Kamu juga bisa cek infonya di Instagram ya 👇:
 https://t.co/TsIsLGSBVe

#MagangBerdampak
#BEMPOLSRI
#LenteraSriwijaya
#CampusBoost","Mon Jun 30 02:59:38 +0000 2025","https://pbs.twimg.com/profile_images/2061794421805613057/f-AbkPXq_normal.jpg","0","1","3","0","863","1","","in","true",,,"false"
"1939519165410484444","https://x.com/polsrimenfess/status/1939519165410484444","🎓 Program Magang Berdampak 2025 resmi diluncurkan!
 Yuk, ikuti Sosialisasi Program Magang Berdampak 2025 bersama:
👩‍🏫 Ir. Ella Sundari, S.T., M.T.
🗓  Senin, 30 Juni 2025
🕒 15.00 WIB - selesai
🔗 Zoom: https://t.co/Zcjk8VJWNN
📥 Materi: https://t.co/9sZxX3wEzi","Mon Jun 30 02:59:38 +0000 2025","https://pbs.twimg.com/profile_images/2061794421805613057/f-AbkPXq_normal.jpg","0","1","2","0","744","3","","in","true",,,"false"
"1939519160071127064","https://x.com/polsrimenfess/status/1939519160071127064","🚀 CAMPUS BOOST: Program Magang Berdampak 2025! 🚨
Halo warga Pols! MinPols bawa info penting nih! 
Terutama buat kamu yang pengen ikut Program Magang Berdampak 2025 🎓✨
➡ Cek info selengkapnya di bawah ya,
#MagangBerdampak #BEMPOLSRI #LenteraSriwijaya #CampusBoost https://t.co/ulvrFsZQ4J","Mon Jun 30 02:59:36 +0000 2025","https://pbs.twimg.com/profile_images/2061794421805613057/f-AbkPXq_normal.jpg","1","1","11","1","2917","0","","in","false",,,"false"
"1939306828011102378","https://x.com/ug_fess/status/1939306828011102378","yuji! guys ini gundar gada info apa apa kah buat magang berdampak? 🥲","Sun Jun 29 12:55:53 +0000 2025","https://pbs.twimg.com/profile_images/2002264082255347712/crvr9urC_normal.jpg","4","7","42","0","5163","14","","in","false",,,"false"
"1939301211548921861","https://x.com/upgradin_/status/1939301211548921861","Ola, temen mahasiswa!

Buat kalian yang lagi prepare buat daftar Magang Berdampak, bisa banget mulai dengan persiapan CV kalian ya!

Kami menyediakan jasa CV ATS dan Cover Letter yang recommended sejak program MSIB 🤩

Slot terbatas setiap harinya yaa🚀
#zonauang #Loker","Sun Jun 29 12:33:33 +0000 2025","https://pbs.twimg.com/profile_images/1785988853322682368/1SM9o5Am_normal.jpg","2","0","2","1","1006","3","","in","false",,"true","false"
"1939282874722885975","https://x.com/shafielol/status/1939282874722885975","@unesa_fess perusahaan banyak yang udah full sampe akhir tahun, pengumuman magang yang mendadak (bulan mei), mitra prodi gabisa diharapkan alias gaib dan kaprodi jg angkat tangan, administrasi agak di perlambat supaya mhs nya ikut magang berdampak, ga punya ordal😄😄","Sun Jun 29 11:20:42 +0000 2025","https://pbs.twimg.com/profile_images/1879093665517498368/_I2zESwS_normal.jpg","0","0","21","1","1625","1","","in","true",,,"false"
"1939243287191163131","https://x.com/ug_fess/status/1939243287191163131","yuji! guys info dong gundar sosialisasi tentang magang berdampak itu kapan? atau ga bakal ada?","Sun Jun 29 08:43:23 +0000 2025","https://pbs.twimg.com/profile_images/2002264082255347712/crvr9urC_normal.jpg","1","1","9","0","2577","7","","in","false",,,"false"
"1939239982985773189","https://x.com/lovlypiex/status/1939239982985773189","eh web magang berdampak kapan bener nya sih? MASA ERRORR TERUSSSSS MW DAFTAR JUGAKKKK","Sun Jun 29 08:30:15 +0000 2025","https://pbs.twimg.com/profile_images/1576573626861903872/Trx3qTLe_normal.jpg","0","1","2","1","798","0","","in","false",,,"false"
"1939205938428485859","https://x.com/KampusUpdate/status/1939205938428485859","Lagi cari tempat magang untuk pengalaman karir? Yuk, bergabung dengan program 𝗔𝗹𝗳𝗮𝗺𝗶𝗱𝗶 𝘅 𝗠𝗮𝗴𝗮𝗻𝗴 𝗕𝗲𝗿𝗱𝗮𝗺𝗽𝗮𝗸🎓

Kesempatan magang ini terbuka untuk seluruh mahasiswa/i aktif di Indonesia. Tunggu apa lagi? Daftar sekarang dengan scan barcode yang ada pada postingan untuk posisi yang diinginkan!","Sun Jun 29 06:14:59 +0000 2025","https://pbs.twimg.com/profile_images/870323804236468225/PFBRU3cV_normal.jpg","1","1","21","0","3691","16","","in","false",,,"false"
"1939164143715786759","https://x.com/pulchraeaaxxi/status/1939164143715786759","@ug_fess gue liburan ke 7 sm 8 si (skrg)

ambil magang berdampak ae di 6 7","Sun Jun 29 03:28:54 +0000 2025","https://pbs.twimg.com/profile_images/1971641985351233536/LXiF_UTG_normal.jpg","0","1","1","0","987","1","","in","true",,,"false"
"1938986951903948936","https://x.com/Skalteer/status/1938986951903948936","fix proyek, Magang Berdampak, Atau Magenta yaa","Sat Jun 28 15:44:48 +0000 2025","https://pbs.twimg.com/profile_images/1985290413604012032/yM_popXe_normal.jpg","0","1","1","0","524","0","","in","false",,,"false"
"1938885123996303603","https://x.com/UGM_FESS/status/1938885123996303603","guys yujiem cara daftar magang berdampak itu gimana ya? data dari universitas itu perlu menghubungi siapa kah? tolong pencerahannya makasihh 🙏🏻🙏🏻","Sat Jun 28 09:00:10 +0000 2025","https://pbs.twimg.com/profile_images/2048399168960630785/ALcUPAlw_normal.jpg","0","0","11","0","2948","9","","in","false",,,"false"
"1938878228103405926","https://x.com/unsoedmfs/status/1938878228103405926","jends yg sekarang anak semester 6, ada yg ngikut daftar Magang Berdampak nggak yaa?","Sat Jun 28 08:32:46 +0000 2025","https://pbs.twimg.com/profile_images/1964697244520816640/PDwM3vFp_normal.jpg","0","0","1","0","1549","1","","in","false",,,"false"
"1938800051159212099","https://x.com/magnecareer/status/1938800051159212099","#MagangPam - Alfamidi x Magang Berdampak - https://t.co/SVbOSLuMwj https://t.co/xUQ2sqpkuU","Sat Jun 28 03:22:08 +0000 2025","https://pbs.twimg.com/profile_images/1969751204118032384/5MDpf5Bz_normal.jpg","3","0","71","1","13912","61","","in","false",,,"false"
"1938589742838300967","https://x.com/thieerrr/status/1938589742838300967","ini web Magang berdampak, designnya AI bgt","Fri Jun 27 13:26:26 +0000 2025","https://pbs.twimg.com/profile_images/2026012893255520256/B1MEhaM9_normal.jpg","0","3","5","0","1185","2","","in","false",,,"false"
"1938551375790735626","https://x.com/skprite/status/1938551375790735626","woi ini magang berdampak di fisipol gada sosialisasi apa? sumpah gini amat dah pny fakultas……. ibarat anak ayam lgsg dilepas ma induknya BENCI BGT GUEEEEE","Fri Jun 27 10:53:59 +0000 2025","https://pbs.twimg.com/profile_images/1543253209384644608/OJpmv7bl_normal.png","1","2","2","0","1170","0","","in","false",,,"false"
"1938539996736299080","https://x.com/dyoforsoo/status/1938539996736299080","Magang berdampak ini harapan terbesar gw sksksk soalnya dah hopeless gw nyari tempat buat magang😭","Fri Jun 27 10:08:46 +0000 2025","https://pbs.twimg.com/profile_images/1676067567507767296/RkL5BkVv_normal.jpg","0","0","2","0","315","0","","in","false",,,"false"
"1938492254379024795","https://x.com/nielnil/status/1938492254379024795","repot nih mulai pada minta surat rekomendasi buat magang berdampak, kan gua juga mau ikutan","Fri Jun 27 06:59:03 +0000 2025","https://pbs.twimg.com/profile_images/2040031090912669696/F3rBfI0O_normal.jpg","0","2","2","0","783","1","","in","false",,,"false"
"1938477190607225180","https://x.com/ug_fess/status/1938477190607225180","yuji! guys.. gundar tuh udh ada info ttg magang berdampak blm sih? kok diem2 aja ya 🥲🥲🥲 (atau mungkin sender yg blm tau) pls infooo","Fri Jun 27 05:59:12 +0000 2025","https://pbs.twimg.com/profile_images/2002264082255347712/crvr9urC_normal.jpg","2","1","10","0","2551","6","","in","false",,,"false"
"1938448700692439453","https://x.com/ug_fess/status/1938448700692439453","yuji! mau nanyaa disini ada yang ikut magang berdampak gaa? ada info dari kampus gaa tentang maber ini? sharing dong kakk","Fri Jun 27 04:05:59 +0000 2025","https://pbs.twimg.com/profile_images/2002264082255347712/crvr9urC_normal.jpg","2","1","14","0","2946","9","","in","false",,,"false"
"1938448572619395164","https://x.com/knwinyu/status/1938448572619395164","gua sedih banget karena magang berdampak itu baru buka sekarang… kenapa enggak januari aja sihh anjir padahal cocok banget semester 6 ini gua full magang kaga ada matkul, semester 7 nnti mah mau fokus skripsi ya jadinya kagak bisa daftar magang berdampak hadeehhh pemerintah indo","Fri Jun 27 04:05:29 +0000 2025","https://pbs.twimg.com/profile_images/2051319498318483456/v4YHGFjc_normal.jpg","0","2","3","0","574","0","","in","false",,,"false"
"1938440136402117058","https://x.com/vina_rchive/status/1938440136402117058","web magang berdampak masih error mulu deh, ini mah berdampak ke mahasiswa nya bikin gila krn error mulu mau daftar juga🫠 https://t.co/M8P9pjw8qG","Fri Jun 27 03:31:57 +0000 2025","https://pbs.twimg.com/profile_images/2060367993192976384/2ttNDSvp_normal.jpg","0","5","6","0","2938","2","","in","false",,,"false"
"1938437627751063827","https://x.com/aizisaizing/status/1938437627751063827","@uibaseNG karena rame gue tambahin.
magang berdampak tutorial: https://t.co/EubVoh4GEi

IG info lowongan:
1. https://t.co/DwfvkZXwni
2. https://t.co/I3J4mSjohS
3. https://t.co/kVJnchkuHa
4. https://t.co/DVkDnXHV8O","Fri Jun 27 03:21:59 +0000 2025","https://pbs.twimg.com/profile_images/2064939826873548802/Rmu1Q9P3_normal.jpg","1","0","6","0","977","12","","in","true",,,"false"
"1938419253147017443","https://x.com/KampusUpdate/status/1938419253147017443","MAGANG BERDAMPAK 2025 TELAH DIBUKA!

Hai #kawanlima Program Magang Berdampak 2025 hadir untuk kamu yang ingin:
✅ Mengembangkan kompetensi nyata di dunia kerja
✅ Terlibat langsung dalam proyek lintas sektor
✅ Didampingi mentor profesional & dosen pendamping
✅ Berkontribusi untuk mitra dan masyarakat

💼 Posisi magang tersedia di berbagai bidang unggulan:
🎯 Agritech | Digital Kreatif | AI & Robotics | Edutech | Smart City | Fashion | Perbankan & masih banyak lagi!

📝 Siapa yang bisa mendaftar?
Mahasiswa aktif minimal:
🔹 Semester 4 (S1)
🔹 Semester 2 (D2/D3/D4)

📍 Daftar sekarang melalui platform resmi:
🌐 https://t.co/6eV0d3W6LO

🔑 Belum punya akun? Ajukan melalui link berikut:
👉 https://t.co/eZNv37idmf

💡 Jangan lewatkan kesempatan langka ini. Magang ini bukan sekadar pengalaman—ini adalah lompatan untuk karier masa depanmu!

📣 Segera informasikan ke dosen pembimbing & program studi. Waktunya #MahasiswaBerdampak bergerak nyata!","Fri Jun 27 02:08:58 +0000 2025","https://pbs.twimg.com/profile_images/870323804236468225/PFBRU3cV_normal.jpg","0","1","43","0","10655","35","","in","false",,,"false"
"1938226993600082359","https://x.com/detikcom/status/1938226993600082359","Pendaftaran magang berdampak 2025 dibuka hingga 11 Juli 2025. Cek cara daftar dan lowongannya di sini ya!

Via @detik_edu  https://t.co/UeJnZBRwpI","Thu Jun 26 13:25:00 +0000 2025","https://pbs.twimg.com/profile_images/1888546820974051328/tnM9DhBs_normal.jpg","1","0","1","0","6374","0","","in","false",,,"false"
"1938225824672489908","https://x.com/tanyarlfes/status/1938225824672489908","💚 kalian yang mahasiswa, udah bisa daftar magang berdampak belum?? di sender kok sign up nya error mulu ya","Thu Jun 26 13:20:21 +0000 2025","https://pbs.twimg.com/profile_images/1610613801526890500/aBOa83uV_normal.jpg","0","3","5","0","6417","1","","in","false",,,"false"
"1938213000147824674","https://x.com/seteduk2024/status/1938213000147824674","@elghzli ikut magang berdampak aja kak","Thu Jun 26 12:29:24 +0000 2025","https://pbs.twimg.com/profile_images/1886766473286443008/d5DWPlxX_normal.jpg","0","0","12","0","2917","2","","in","true",,,"false"
"1938204223570915437","https://x.com/ambiversID/status/1938204223570915437","Finally, Magang Berdampak is back! 😎👏

Buat kamu yang ngerasa kuliah aja nggak cukup, ini waktunya ngerasain dunia kerja beneran. FYI, ada uang saku + konversi SKS, lho! Let’s break it down here👇 https://t.co/LWhAZ3LdLR","Thu Jun 26 11:54:31 +0000 2025","https://pbs.twimg.com/profile_images/1744334784695037952/Xfk-Hmjt_normal.jpg","1","1","10","0","1228","5","","in","false",,,"false"
"1938198478653440399","https://x.com/Polinesmnfs/status/1938198478653440399","-plns ada yang tau info untuk magang berdampak, apakah koordinator dari Polines sudah mulai verifikasi belum ya?","Thu Jun 26 11:31:41 +0000 2025","https://pbs.twimg.com/profile_images/1965320643307884544/LI-YZ4d8_normal.jpg","0","1","13","0","3383","3","","in","false",,,"false"
"1938115426208387252","https://x.com/kompascom/status/1938115426208387252","Peserta Magang Berdampak juga akan mendapatkan konversi hingga 20 SKS serta uang saku senilai Rp 2,8 juta per bulan.

~MD #MagangBerdampak #MagangMerdeka https://t.co/HCN5s8iKk0","Thu Jun 26 06:01:40 +0000 2025","https://pbs.twimg.com/profile_images/1577144849437888514/d9x3nKN8_normal.jpg","0","0","0","0","1425","0","","in","false",,,"false"
"1938089741015998630","https://x.com/ug_fess/status/1938089741015998630","yuji! ada yang udah daftar akun MBER (magang berdampak) kah? katanya harus nunggu verif dari kaprodi kampus ya? atau prodi lain udah ada yang bisa? INFO PLEASE HUHU","Thu Jun 26 04:19:36 +0000 2025","https://pbs.twimg.com/profile_images/2002264082255347712/crvr9urC_normal.jpg","1","2","14","1","3001","8","","in","false",,,"false"
"1938075479107588208","https://x.com/univ_indonesia/status/1938075479107588208","Halo, Sobat UI 👋🏻
Batas pendaftaran akun Magang Berdampak, akan diperpanjang hingga 11 Juli 2025, lho..

Yuk masih ada waktu untuk pengecekan data kembali sebelum mendaftar, agar tidak salah.

Silakan cek panduan dan pendaftaran di tautan berikut ya:

https://t.co/UAoGgyZYUQ
https://t.co/ncQYdFwHX9

#universitasindonesia
#kampusberdampak
#direktoratpendidikanUI","Thu Jun 26 03:22:56 +0000 2025","https://pbs.twimg.com/profile_images/1407713210053005314/lnFTUZ5x_normal.jpg","1","1","12","0","5060","6","","in","false",,,"false"
"1938071693228183774","https://x.com/studychew/status/1938071693228183774","ada ga sih yg berhasil daftar magang berdampak di website simbelmawa yg jelek bgt ini??","Thu Jun 26 03:07:53 +0000 2025","https://pbs.twimg.com/profile_images/1637622415084912640/jP7pn8Jj_normal.jpg","0","5","8","0","1343","0","","in","false",,,"false"
"1938065977310384312","https://x.com/forezeusA/status/1938065977310384312","web magang berdampak bintang 1, jelek bgt","Thu Jun 26 02:45:11 +0000 2025","https://pbs.twimg.com/profile_images/2057164498327478272/TKm8yuxe_normal.jpg","0","0","5","0","534","0","","in","false",,,"false"
"1938058963171610976","https://x.com/viiluvie/status/1938058963171610976","terakhir pendaftaran 11 juli tapi sampe sekarang belom bisa daftar akun karena web magang berdampak maintenance :) maintenance hampir seminggu kocyak","Thu Jun 26 02:17:18 +0000 2025","https://pbs.twimg.com/profile_images/2042620528448671745/hbW70Wvp_normal.jpg","1","0","6","0","603","0","","in","false",,,"false"
"1938055614380511299","https://x.com/studhee/status/1938055614380511299","guys, kalian ada yg daftar program magang berdampak ga?","Thu Jun 26 02:04:00 +0000 2025","https://pbs.twimg.com/profile_images/1962750775672913920/sjJKW9EU_normal.jpg","0","2","2","0","467","0","","in","false",,,"false"
"1938050746622312771","https://x.com/rendralm0n/status/1938050746622312771","Day 1 Magang Berdampak
*Akun Mber udah dapet

- website lambat
- ""Lamar sekarang"" jadi pajangan doang
- minim mitra","Thu Jun 26 01:44:39 +0000 2025","https://pbs.twimg.com/profile_images/1996650113402654720/buCYmemt_normal.jpg","0","1","8","0","971","1","","in","false",,,"false"
"1938038228348768528","https://x.com/Matchasihh__/status/1938038228348768528","Gaisss kalian ada ga yg ikutan program magang berdampak? aku lagi nyari barengan sesama anak UT buat daftar","Thu Jun 26 00:54:55 +0000 2025","https://pbs.twimg.com/profile_images/1972425241243889664/WQIutanR_normal.jpg","0","6","4","0","1655","4","","in","false",,,"false"
"1937924487401648535","https://x.com/dill238/status/1937924487401648535","Sakit hati bgt sama magang berdampak, ekspektasi gw ancur semuaaa. Mitra cuma 17 lowongan cuma 305. Kemarin server down katanya migrasi kirain bakal nambah mitra&amp;lowongan. Ternyata gatau tuh apa yg dimigrasiin. Sick bgt deh bnr2 efisiensi atau gimana","Wed Jun 25 17:22:57 +0000 2025","https://pbs.twimg.com/profile_images/1967719181455081473/kXlw0ysy_normal.jpg","0","0","5","0","460","1","","in","false",,,"false"
"1937921923876590010","https://x.com/softlikehim97/status/1937921923876590010","MAU SAMPE KAPAN GABISA INI WEB MAGANG BERDAMPAK YA ALLAH https://t.co/HGxmCJUNW2","Wed Jun 25 17:12:46 +0000 2025","https://pbs.twimg.com/profile_images/1998601152896839680/O2nZLIhl_normal.jpg","0","1","2","0","719","0","","in","false",,,"false"
"1937890588554350722","https://x.com/kkumikuro/status/1937890588554350722","susah bener mau bikin akun magang berdampak ini 😣🫠","Wed Jun 25 15:08:15 +0000 2025","https://pbs.twimg.com/profile_images/1927361647041015808/xseJPwCO_normal.jpg","0","2","4","0","439","0","","in","false",,,"false"
"1937865913333600517","https://x.com/UGM_FESS/status/1937865913333600517","yujiem! ada yang udah berhasil daftar magang berdampak kah? kalo berkenan sender mau tanya-tanyaa dongg","Wed Jun 25 13:30:12 +0000 2025","https://pbs.twimg.com/profile_images/2048399168960630785/ALcUPAlw_normal.jpg","0","1","0","0","2351","3","","in","false",,,"false"
"1937825989951942902","https://x.com/KompasTekno/status/1937825989951942902","Magang Berdampak 2025 terbuka bagi mahasiswa aktif, beri pengalaman kerja plus uang saku Rp 2,8 juta dan konversi hingga 20 SKS. https://t.co/96bOfJWyoN","Wed Jun 25 10:51:33 +0000 2025","https://pbs.twimg.com/profile_images/1902200468329394177/ulcipxoH_normal.jpg","0","0","0","0","617","2","","in","false",,,"false"
"1937820661151658251","https://x.com/pensilpikachu/status/1937820661151658251","kata gue mah manusia-manusia kuat tuh yang daftar akun buat magang berdampak, lemot banget, mana ga kehubung terus https://t.co/q28K36aFMe","Wed Jun 25 10:30:23 +0000 2025","https://pbs.twimg.com/profile_images/2050874809278754816/Wi2ehyqf_normal.jpg","0","13","40","0","5930","7","","in","false",,,"false"
"1937819979107185115","https://x.com/uppifess/status/1937819979107185115","Akang teteh !UPI angkatan 22 mau pada daftar magang berdampak ga? Katanya sih udah di buka pendaftaran nya tapi ko websitenya susah di akses yaa","Wed Jun 25 10:27:40 +0000 2025","https://pbs.twimg.com/profile_images/1962855672065691648/r405Pf-1_normal.jpg","0","5","7","2","3688","9","","in","false",,,"false"
"1937806775207727504","https://x.com/cabiwlee/status/1937806775207727504","kalo gue apply magang mandiri trs ikut magang berdampak juga bisa ga ya","Wed Jun 25 09:35:12 +0000 2025","https://pbs.twimg.com/profile_images/1758108021857865728/P1JFC7Yl_normal.jpg","0","0","2","0","324","0","","in","false",,,"false"
"1937805039227273244","https://x.com/ambalruonx/status/1937805039227273244","Kalo kamu butuh review cv, portfolio, latihan interview atau bimbingan untuk magang berdampak bisa cek link di bio aku ya!","Wed Jun 25 09:28:18 +0000 2025","https://pbs.twimg.com/profile_images/1773177405219409920/ouP81YEO_normal.jpg","0","0","2","0","832","1","","in","true",,,"false"
"1937805020692644206","https://x.com/ambalruonx/status/1937805020692644206","Hal-hal yang sering bikin gagal lolos MBER (Magang Berdampak)!

-A Thread-","Wed Jun 25 09:28:14 +0000 2025","https://pbs.twimg.com/profile_images/1773177405219409920/ouP81YEO_normal.jpg","0","1","15","0","1672","17","","in","false",,,"false"
"1937804103058706706","https://x.com/ndydws/status/1937804103058706706","Web magang berdampak kapan benernya sii 😭😭","Wed Jun 25 09:24:35 +0000 2025","https://pbs.twimg.com/profile_images/1761326786053279744/BEgtwQRv_normal.jpg","0","0","1","0","377","0","","in","false",,,"false"
"1937776264636694540","https://x.com/CDC_trisakti/status/1937776264636694540","Lewat Magang Berdampak, kamu bisa berkembang, eksplor passion, dan kasih kontribusi nyata 🎯
Program ini jadi lanjutan dari MSIB yang pastinya lebih terarah dan bermakna!

Cek info lengkapnya di poster ya!

CAREER CENTER UNIVERSITAS TRISAKTI https://t.co/JGWQyZVzmf","Wed Jun 25 07:33:58 +0000 2025","https://pbs.twimg.com/profile_images/1712016782234697728/_Fo9yCxP_normal.jpg","0","0","2","0","716","1","","in","true",,,"false"
"1937752582262575170","https://x.com/sunib_fess/status/1937752582262575170","Gess, itu yang zoom magang berdampak  udah ada yg dapet link zoom nya belom ? Kok jadwalnya beda sih di google form vs email ..","Wed Jun 25 05:59:51 +0000 2025","https://pbs.twimg.com/profile_images/1807477230408548352/6X_8XKDY_normal.jpg","0","0","1","0","1713","0","","in","false",,,"false"
"1937738972765339979","https://x.com/matzges/status/1937738972765339979","Kerjaan gua tiap jam, menit, detik adalah ngecek web magang berdampak","Wed Jun 25 05:05:47 +0000 2025","https://pbs.twimg.com/profile_images/2050082392245989376/QUxfFIm4_normal.jpg","0","0","5","0","340","0","","in","false",,,"false"
"1937731281124753484","https://x.com/dpkka_unair/status/1937731281124753484","🌟 MAGANG BERDAMPAK 2025 🌟

🗓 Pendaftaran dibuka sampai 11 Juli 2025
🌐 Daftar sekarang di: https://t.co/cpZSngJzTl
📲 Gabung komunitas di Telegram: https://t.co/7nmIXnuWRg

#MagangBerdampak #PMBUNAIR #MahasiswaUNAIR #KampusMerdeka #Unair #UniversitasAirlangga https://t.co/C7rbKtttl8","Wed Jun 25 04:35:13 +0000 2025","https://pbs.twimg.com/profile_images/1423071259923939329/E-_0_ot2_normal.jpg","0","0","14","0","2392","3","","in","false",,,"false"
"1937697980494057806","https://x.com/Polinesmnfs/status/1937697980494057806","Want To Ask! -plns bisa ikut magang berdampak ga ya? terutama yg jurusan Akuntansi. Kalau bisa, apa ada grupnya untuk info-info lebih lanjut terkait magang berdampak ini?","Wed Jun 25 02:22:53 +0000 2025","https://pbs.twimg.com/profile_images/1965320643307884544/LI-YZ4d8_normal.jpg","1","3","7","0","3540","3","","in","false",,,"false"
"1937589341838279115","https://x.com/hollandtimothee/status/1937589341838279115","Jam segini ga error web magang berdampak😭 https://t.co/gelIPnSC4V","Tue Jun 24 19:11:12 +0000 2025","https://pbs.twimg.com/profile_images/1919103931948687360/mAxguo00_normal.jpg","0","3","6","0","1994","1","","in","false",,,"false"
"1937483994125468078","https://x.com/hollandtimothee/status/1937483994125468078","Aku daftar magang berdampak… siapa tau rezeki, pls doakan😭","Tue Jun 24 12:12:35 +0000 2025","https://pbs.twimg.com/profile_images/1919103931948687360/mAxguo00_normal.jpg","0","4","2","0","603","0","","in","false",,,"false"
"1937480092130623580","https://x.com/ConversationIDN/status/1937480092130623580","Sekarang, program Magang Merdeka resmi ganti nama jadi Magang Berdampak.

Durasi dan formatnya masih sama, tapi soal keadilan dan perlindungan hak pemagang? Masih jadi PR besar.

Kamu sendiri, kalau cari tempat magang yang kayak gimana sih? https://t.co/R9ePoAGs7g","Tue Jun 24 11:57:05 +0000 2025","https://pbs.twimg.com/profile_images/1966345893252407298/ubOWgvI3_normal.jpg","0","0","6","1","2672","2","","in","true",,,"false"
"1937424683869307023","https://x.com/dnatmlnsn/status/1937424683869307023","berharap apa gue sama magang berdampak, yg ikut di kampus gue 1000 anjerr baru ditinggal 2 jam anggota udeh 1000 syittt meen mana mitra nya cuma 17, aku bisa apa bersaing sama seluruh indonesia... https://t.co/8eE9VH5V1R","Tue Jun 24 08:16:54 +0000 2025","https://pbs.twimg.com/profile_images/1936747325709221888/qiq4yyBx_normal.jpg","0","0","1","0","744","1","","in","false",,,"false"
"1937304442443059477","https://x.com/Teo_phiresss/status/1937304442443059477","ih sumpah pengen banget rekognisi kkn/ppl pake magang berdampak tapi ini kampus di atas gunung gmn ga tau:)","Tue Jun 24 00:19:07 +0000 2025","https://pbs.twimg.com/profile_images/1979946250079186944/koSGbbNU_normal.jpg","0","0","2","0","521","0","","in","false",,,"false"
"1937224617573421356","https://x.com/naladhysa/status/1937224617573421356","untuk menyambut pembukaan magang berdampak dan persiapan magang mandiri atau bisa juga untuk konsultasi karir, temen2 bisa dm aku ya!","Mon Jun 23 19:01:55 +0000 2025","https://pbs.twimg.com/profile_images/1696941080712011776/bw7-XxNo_normal.jpg","0","0","3","0","490","2","","in","false",,,"false"
"1937171279372792301","https://x.com/mengantuque/status/1937171279372792301","web magang berdampak tuh masih error kh","Mon Jun 23 15:29:58 +0000 2025","https://pbs.twimg.com/profile_images/1531834902882099200/Ag-mULGP_normal.jpg","0","2","2","0","847","0","","in","false",,,"false"
"1937121486239887398","https://x.com/BEM_FHUI/status/1937121486239887398","Melalui program ini, mahasiswa diharapkan tidak hanya memiliki keterampilan teknis yang mumpuni, tetapi juga mampu memberikan dampak positif bagi masyarakat dan lingkungan.

Bagi seluruh IKM FH UI yang tertarik untuk mengikuti Program Magang Berdampak, mari simak infografis ini! https://t.co/Gd35aFLyPQ","Mon Jun 23 12:12:06 +0000 2025","https://pbs.twimg.com/profile_images/2038479380654252032/pjKsWcHo_normal.jpg","0","1","2","0","1230","2","","in","true",,,"false"
"1937121482406264834","https://x.com/BEM_FHUI/status/1937121482406264834","Program Magang Berdampak menawarkan pengalaman magang bersertifikat selama 1 hingga 2 semester yang dapat dikonversi hingga 20 SKS. Program ini bekerja sama dengan berbagai mitra, seperti industri, instansi pemerintah, BUMN, dan UMKM. https://t.co/Q92n3GAT2H","Mon Jun 23 12:12:06 +0000 2025","https://pbs.twimg.com/profile_images/2038479380654252032/pjKsWcHo_normal.jpg","1","1","7","0","1836","5","","in","true",,,"false"
"1937053004773159204","https://x.com/kompascom/status/1937053004773159204","Kementerian Pendidikan Tinggi, Sains, dan Teknologi (Kemendiktisaintek) telah secara resmi membuka pendaftaran program magang untuk para mahasiswa. Di tahun 2025 ini program Magang Merdeka diubah menjadi Magang Berdampak.

~TA #MagangBerdampak https://t.co/W8k9kBipxn","Mon Jun 23 07:39:59 +0000 2025","https://pbs.twimg.com/profile_images/1577144849437888514/d9x3nKN8_normal.jpg","0","0","2","0","2250","1","","in","false",,,"false"
"1937050257059463466","https://x.com/heykimiaaa/status/1937050257059463466","ini semester lumutan masih bisa ikut magang berdampak tidak yaa","Mon Jun 23 07:29:04 +0000 2025","https://pbs.twimg.com/profile_images/1786864550945624064/A5uLVi17_normal.jpg","0","0","1","0","330","0","","in","false",,,"false"
"1936966529188544819","https://x.com/erlingosc/status/1936966529188544819","bngke sekampus aja saingan gue hampir 500 orang anjeng ini belom satu Indonesia ini shittttt berharap apa sm magang berdampak ini mana mitranya cuma 17 cik😭😭😔 https://t.co/53mqFzIx7J","Mon Jun 23 01:56:22 +0000 2025","https://pbs.twimg.com/profile_images/2067057765324079104/24SUu4gQ_normal.jpg","0","1","6","0","1105","0","","in","false",,,"false"
"1936940814921306592","https://x.com/tanyakanrl/status/1936940814921306592","💚 Magang Berdampak cuma 17 perusahaan ya? Ada info dari temenku ada lowongan magang juga di Telkom guys. 159 lowongan. Backup kalo ngga lolos MBer🥺 https://t.co/yeRZ2nmiUe","Mon Jun 23 00:14:11 +0000 2025","https://pbs.twimg.com/profile_images/1980598133001175040/0Bs5vDOY_normal.jpg","2","0","75","0","14587","49","","in","false",,,"false"
"1936823984861131145","https://x.com/viernabierta/status/1936823984861131145","gaiss! ada yang tau ga website magang berdampak kenapaa :(( apa cuman aku ya g websitenya kayak gni?
help gaiss https://t.co/feCPXlZ2YI","Sun Jun 22 16:29:57 +0000 2025","https://pbs.twimg.com/profile_images/1825430211724529664/XiFJM1lJ_normal.jpg","0","5","10","0","2377","1","","in","false",,,"false"
"1936548451656839378","https://x.com/tanyarlfes/status/1936548451656839378","💚 hari ini sender ultah, hehe ^^
Happy birthday to me 💗 
Teman"" &amp; kaka"" boleh tolong doain sender lolos magang berdampak Agustus nanti, pengen banget ngerasain magang paid :))

Tia","Sat Jun 21 22:15:04 +0000 2025","https://pbs.twimg.com/profile_images/1610613801526890500/aBOa83uV_normal.jpg","1","12","26","0","8854","2","","in","false",,,"false"
"1936472693932793921","https://x.com/collegemfs/status/1936472693932793921","Gess yg otw semester 7 ikut magang berdampak gaa, bingung bangett ☹️?? [cm]","Sat Jun 21 17:14:02 +0000 2025","https://pbs.twimg.com/profile_images/1968220707621597184/tmyUIr6r_normal.jpg","0","1","1","0","1220","1","","in","false",,,"false"
"1936287718029549673","https://x.com/joshu_aquatic/status/1936287718029549673","web magang berdampak masih eror ya? https://t.co/6NleUPPCw0","Sat Jun 21 04:59:01 +0000 2025","https://pbs.twimg.com/profile_images/2023766423794016256/a-AqN_Ni_normal.jpg","0","4","2","0","989","1","","in","false",,,"false"
"1936282979254645156","https://x.com/Onyourmin12/status/1936282979254645156","Disuruh ikut magang berdampak, tapi webnya kagak bisa diakses 2 hari ini anjir gimana gue mau regis kocak😃. Yang bener ajeeee","Sat Jun 21 04:40:11 +0000 2025","https://pbs.twimg.com/profile_images/2049806906370535424/P_rcaYzw_normal.jpg","0","0","3","0","379","0","","in","false",,,"false"
"1936025908894482712","https://x.com/gascumlaude/status/1936025908894482712","mitra magang berdampak tuh siapa aja deh selain vidio sm schoters? ada infonya ga guys","Fri Jun 20 11:38:40 +0000 2025","https://pbs.twimg.com/profile_images/2007979252332068864/NRMG53bh_normal.jpg","0","1","2","0","2689","0","","in","false",,,"false"
"1935983705400713442","https://x.com/UGM_FESS/status/1935983705400713442","kalo mau magang berdampak supaya di verifikasi akunnya tuh ngehubungi pihak fakultas apa pihak universitas ya? trus ngehubunginnya ke siapa?? dan verifikasinya kemana? https://t.co/CmgHcntVrS","Fri Jun 20 08:50:58 +0000 2025","https://pbs.twimg.com/profile_images/2048399168960630785/ALcUPAlw_normal.jpg","0","0","1","0","2219","2","","in","false",,,"false"
"1935966304294273239","https://x.com/uppifess/status/1935966304294273239","prodi kalian pada ngijinin magang berdampak ga gais? !upi","Fri Jun 20 07:41:50 +0000 2025","https://pbs.twimg.com/profile_images/1962855672065691648/r405Pf-1_normal.jpg","0","0","4","1","1861","0","","in","false",,,"false"
"1935909241262354679","https://x.com/ipb_menfess/status/1935909241262354679","Punten ada yg ikut magang berdampak? mauu sharing2 thankyouu!!","Fri Jun 20 03:55:05 +0000 2025","https://pbs.twimg.com/profile_images/1523647646929686529/psTcDFFW_normal.jpg","0","0","5","0","3169","1","","in","false",,,"false"
"1935899849532358688","https://x.com/syacalonakuntan/status/1935899849532358688","web magang berdampak masih trouble kah?! helppp rep dong yg bisa!","Fri Jun 20 03:17:46 +0000 2025","https://pbs.twimg.com/profile_images/1873400374478159872/2mkBKPeY_normal.jpg","0","3","3","0","805","0","","in","false",,,"false"
"1935716820805423503","https://x.com/dynamightxtnt/status/1935716820805423503","ini magang berdampak cuman ada 17 mitra?! is this a joke??? https://t.co/nmgtxXVdfp","Thu Jun 19 15:10:28 +0000 2025","https://pbs.twimg.com/profile_images/2034633313881927680/QERZW8Oy_normal.jpg","0","1","7","0","1467","0","","in","false",,,"false"
"1935697191076852061","https://x.com/KampusUpdate/status/1935697191076852061","[Vidio x Magang Berdampak 2025]

If you’re someone who...
▪️ Is a college student in their 4th semester or above
▪️ Obsessed with content, binge-watching series, or a die-hard sports fan
▪️ Wants to kickstart your career at a top tech company and Indonesia’s #1 OTT platform
▪️ Looking for a fun & fast-paced place to grow

Then this internship is made for YOU!

Mark your calendar:
📍 Registration: 16 June – 11 July 2025
📍 Internship Period: 4 August – 22 December 2025

🔗 Apply now: https://t.co/s72vzTzHPQ","Thu Jun 19 13:52:28 +0000 2025","https://pbs.twimg.com/profile_images/870323804236468225/PFBRU3cV_normal.jpg","1","0","27","2","8358","39","","en","false",,,"false"
"1935626182072140104","https://x.com/UGM_FESS/status/1935626182072140104","kalo mau magang berdampak supaya di verifikasi akunnya tuh ngehubungi pihak fakultas apa pihak universitas ya? trus ngehubunginnya ke siapa?? dan verifikasinya kemana?","Thu Jun 19 09:10:18 +0000 2025","https://pbs.twimg.com/profile_images/2048399168960630785/ALcUPAlw_normal.jpg","0","1","11","0","3272","6","","in","false",,,"false"
"1935606806530896215","https://x.com/kompascom/status/1935606806530896215","Kementerian Pendidikan Tinggi, Sains, dan Teknologi (Kemendiktisaintek) resmi membuka Program Magang Berdampak 2025 utuk memberikan kesempatan mahasiswa terjun langsung ke dunia kerja.

~TA #MagangBerdampak https://t.co/6jVs5gp5xD","Thu Jun 19 07:53:19 +0000 2025","https://pbs.twimg.com/profile_images/1577144849437888514/d9x3nKN8_normal.jpg","0","0","1","0","1421","0","","in","false",,,"false"
"1935544330481188908","https://x.com/collegemfs/status/1935544330481188908","[cm] Smt 8 ikut magang berdampak oke gak? sebelumnya sender pernah ikut msib batch6, skrng smt8 tinggal nunggu sidang aja di awal juli. Menurut kalian gimana? ada yang mau daftar juga kah yang smt 8?","Thu Jun 19 03:45:03 +0000 2025","https://pbs.twimg.com/profile_images/1968220707621597184/tmyUIr6r_normal.jpg","0","6","3","0","1988","6","","in","false",,,"false"
"1935351828385767502","https://x.com/polsrimenfess/status/1935351828385767502","!pols guys polsri ni biso ikut magang berdampak dak yo?","Wed Jun 18 15:00:07 +0000 2025","https://pbs.twimg.com/profile_images/2061794421805613057/f-AbkPXq_normal.jpg","1","4","3","0","1038","1","","in","false",,,"false"
"1935313705862057990","https://x.com/msy4rchive/status/1935313705862057990","guyss yang punya grup tentang magang berdampak pliss angkut akuu😔😔😔🙏🙏🙏","Wed Jun 18 12:28:38 +0000 2025","https://pbs.twimg.com/profile_images/1820684474071621632/QI6dKn4F_normal.jpg","0","2","4","0","1205","1","","in","false",,,"false"
"1935305211356266796","https://x.com/UGM_FESS/status/1935305211356266796","izin menyela dikesibukan kkn buat akt 22, kita kan selesai kkn tanggal 8 agustus, sedangkan mulai magang berdampak tanggal 4 agustus, berarti izin ke perusahaannya kah buat nyelesaiin kkn? ugm_fess","Wed Jun 18 11:54:53 +0000 2025","https://pbs.twimg.com/profile_images/2048399168960630785/ALcUPAlw_normal.jpg","0","2","37","0","6121","11","","in","false",,,"false"
"1935292668466315363","https://x.com/collegemfs/status/1935292668466315363","[cm] guys kalian yg sedang/pernah kuliah, trs ikut program MSIB kemarin, uang saku itu diberikan perbulan atau gimana ya sistemnya? Soalnya sender tahun ini ikut program pengganti MSIB (Magang Berdampak) sender butuh uang sakunya untuk beli laptop","Wed Jun 18 11:05:02 +0000 2025","https://pbs.twimg.com/profile_images/1968220707621597184/tmyUIr6r_normal.jpg","0","18","28","0","5377","7","","in","false",,,"false"
"1935235151514190321","https://x.com/ayy4aaww/status/1935235151514190321","magang berdampak bentrok sama kkn, barusan chat admin kemahasiswaan dikti, hiks jadi apakah angkatan 22 yang kkn gabisa ikut magang berdampak?😔😔 https://t.co/LNNUutLZOL","Wed Jun 18 07:16:29 +0000 2025","https://pbs.twimg.com/profile_images/1976956943500775424/crfDgUXM_normal.jpg","0","1","3","0","1293","2","","in","false",,,"false"
"1935227002052919762","https://x.com/ayy4aaww/status/1935227002052919762","nemu ini di tiktok, Ya Allah yang benar ajalah magang berdampak cuma 17 mitra.... https://t.co/sV0DQhMPzI","Wed Jun 18 06:44:06 +0000 2025","https://pbs.twimg.com/profile_images/1976956943500775424/crfDgUXM_normal.jpg","0","2","4","0","2028","2","","in","false",,,"false"
"1935183209484177526","https://x.com/ad_khrsma7/status/1935183209484177526","@avenirrever Selain magang berdampak, bisa ngajuin magang mandiri gak kak. Jadi minta surat rekomendasi ke yute untuk magang ke tempat yg diinginkan?","Wed Jun 18 03:50:05 +0000 2025","https://pbs.twimg.com/profile_images/1656208952705826816/aiUgiFmy_normal.jpg","0","2","1","0","819","2","","in","true",,,"false"
"1935182547190960520","https://x.com/duniakampusidn/status/1935182547190960520","📢Program Magang Berdampak 2025 Dibuka!!!
Cek selengkapnya disini Sob!🤩 https://t.co/eonZSE3YwY","Wed Jun 18 03:47:27 +0000 2025","https://pbs.twimg.com/profile_images/1816051022114217986/A5fnj0JO_normal.jpg","1","2","20","0","3363","17","","in","false",,,"false"
"1935180504904647035","https://x.com/kompascom/status/1935180504904647035","Wamendiktisaintek Stella Christie, memastikan bahwa peserta Magang Berdampak akan tetap menerima uang saku senilai Rp 2,8 juta, sama seperti Magang Merdeka sebelumnya. / #MagangBerdampak #magang 
https://t.co/5pM593OXR0","Wed Jun 18 03:39:20 +0000 2025","https://pbs.twimg.com/profile_images/1577144849437888514/d9x3nKN8_normal.jpg","0","0","2","0","1649","1","","in","false",,,"false"
"1935179154477195447","https://x.com/keuangannews_id/status/1935179154477195447","Pengganti Magang Merdeka, Program Magang Berdampak 2025 Resmi Dibuka https://t.co/GD8j4d465i lewat @Keuangan News https://t.co/cLQNe1eKQt","Wed Jun 18 03:33:58 +0000 2025","https://pbs.twimg.com/profile_images/1226436191215505408/du40qrKr_normal.jpg","1","0","2","0","346","0","","in","false",,,"false"
"1935178167435612457","https://x.com/baseconvo/status/1935178167435612457","💙 guys kalian yg sedang/pernah kuliah, trs ikut program MSIB kemarin, uang saku itu diberikan perbulan atau gimana ya sistemnya? Soalnya sender tahun ini ikut program pengganti MSIB (Magang Berdampak) sender butuh uang sakunya untuk beli laptop","Wed Jun 18 03:30:03 +0000 2025","https://pbs.twimg.com/profile_images/1982296256924860417/qC-SUheB_normal.jpg","0","0","0","0","917","0","","in","false",,,"false"
"1935121540825366603","https://x.com/collegemfs/status/1935121540825366603","[cm] mau nanya pendapat. aku udah sem 8 dan perkiraan sidang itu bulan depan. menurut kalian, kalo aku daftar magang berdampak oke ngga ya? aku udah coba msib dulu tp belom pernah lolos dan aku juga belum pernah magang sebelumnya. jadi mending daftar atau fokus wisuda ya?","Tue Jun 17 23:45:02 +0000 2025","https://pbs.twimg.com/profile_images/1968220707621597184/tmyUIr6r_normal.jpg","0","3","4","0","1912","2","","in","false",,,"false"
"1935099935344705827","https://x.com/UGM_FESS/status/1935099935344705827","Anak yujiem yang mau ikut magang berdampak bikin grup yukk https://t.co/1NquCcAWgp","Tue Jun 17 22:19:11 +0000 2025","https://pbs.twimg.com/profile_images/2048399168960630785/ALcUPAlw_normal.jpg","0","5","7","0","3551","6","","in","false",,,"false"
"1935019756027048238","https://x.com/gugugagagugu3/status/1935019756027048238","bangsa besar apaan mitra magang berdampak cm sekian belas","Tue Jun 17 17:00:35 +0000 2025","https://pbs.twimg.com/profile_images/1964386103298830336/Rat3RTD3_normal.jpg","1","0","2","0","369","0","","in","false",,,"false"
"1935008953890750715","https://x.com/phattprivate/status/1935008953890750715","mau ikut magang berdampak tp takut berdampak negatip klo ke ak","Tue Jun 17 16:17:39 +0000 2025","https://pbs.twimg.com/profile_images/1855211259073101824/lF78iMCt_normal.jpg","1","0","2","0","377","0","","in","false",,,"false"
"1934988907004743697","https://x.com/UTmenfess/status/1934988907004743697","UT MENFESS - Adakah disini yang mau ikut magang berdampak? Ayo mutualan 🫂☝","Tue Jun 17 14:58:00 +0000 2025","https://pbs.twimg.com/profile_images/1477519612631654403/9CpM6gHv_normal.png","0","0","3","0","2158","1","","in","false",,,"false"
"1934973726313079185","https://x.com/aiseugeurim/status/1934973726313079185","apaansi kemendikti sialan, katanya magang berdampak bakal ada bidang pelestarian budaya, ini di daftar mitra gaada samsek woi???","Tue Jun 17 13:57:41 +0000 2025","https://pbs.twimg.com/profile_images/1980069801528606720/qk4xKS-m_normal.jpg","0","1","2","0","469","0","","in","false",,,"false"
"1934970595256742374","https://x.com/fvckyouare/status/1934970595256742374","pada ngajakin magang mandiri bener sii, soalnya sekarang mitra yg buka magang mandiri pada penuhh....
tp gua pun bingung Krn impian gua jg ikut magang berdampak, cm presentase lolos 0,01% Krn mitra yg dikit😔☝️","Tue Jun 17 13:45:14 +0000 2025","https://pbs.twimg.com/profile_images/2001857485381173249/RYxt02XG_normal.jpg","0","0","3","0","668","0","","in","false",,"true","false"
"1934965514427940940","https://x.com/collegemfs/status/1934965514427940940","[CM] Gw dapet info katanya MAGANG BERDAMPAK tahun ini kuotanya cuma ada 344 Lowongan, itu maksudnya cuma buat 344 orang atau 344 jabatan?","Tue Jun 17 13:25:03 +0000 2025","https://pbs.twimg.com/profile_images/1968220707621597184/tmyUIr6r_normal.jpg","0","1","0","0","1129","0","","in","false",,,"false"
"1934964220547985660","https://x.com/1spidermark/status/1934964220547985660","BANGSA BESAR, MITRA MAGANG BERDAMPAK KECIL","Tue Jun 17 13:19:54 +0000 2025","https://pbs.twimg.com/profile_images/2065487331193446400/jKnfwmOP_normal.jpg","0","0","3","0","1353","0","","in","false",,"true","false"
"1934960477500801319","https://x.com/collegemfs/status/1934960477500801319","[cm] semester 7 ikut magang berdampak 2025 YAY or NAY???","Tue Jun 17 13:05:02 +0000 2025","https://pbs.twimg.com/profile_images/1968220707621597184/tmyUIr6r_normal.jpg","0","8","2","0","2473","0","","in","false",,,"false"
"1934951483298254871","https://x.com/urefavhome/status/1934951483298254871","jujur melihat realita magang berdampak ini, jdi tidak tertarik lagi…","Tue Jun 17 12:29:17 +0000 2025","https://pbs.twimg.com/profile_images/2052272623556722688/N6OIxCWk_normal.jpg","0","1","6","0","1047","1","","in","false",,,"false"
"1934934570014581140","https://x.com/ug_fess/status/1934934570014581140","yuji! mau tanya dong gundar atau fakultas psikologi udah ada koordinator atau dosen pendamping untuk program magang berdampak belum ya? soalnya sender mau daftar akun belmawa tapi harus konfir ke koordinator kampunyaa. thank you sebelumnya","Tue Jun 17 11:22:05 +0000 2025","https://pbs.twimg.com/profile_images/2002264082255347712/crvr9urC_normal.jpg","0","2","12","1","3438","12","","in","false",,,"false"
"1934929174042693873","https://x.com/sukar_ia/status/1934929174042693873","@undipmfs Magang berdampak bgt bgt. Gue MSIB 2x dulu, lepas MSIB dapet magang paid 150rb/day. Terus sebelum lulus udah offering dengan gaji diatas UMR. Lulus ya gak jadi jobseeker… 

So good luck!🙌","Tue Jun 17 11:00:38 +0000 2025","https://pbs.twimg.com/profile_images/2044755509727866880/buaPu9hO_normal.jpg","0","1","32","0","1645","6","","in","true",,,"false"
"1934909859675427152","https://x.com/kompascom/status/1934909859675427152","Pendaftaran Magang Berdampak 2025 pengganti dari Magang Merdeka resmi dibuka oleh Kementerian Pendidikan Tinggi Sains dan Teknologi (Kemendikti Saintek).

~MD #MagangBerdampak #MagangMerdeka https://t.co/wHKqL1jqLD","Tue Jun 17 09:43:54 +0000 2025","https://pbs.twimg.com/profile_images/1577144849437888514/d9x3nKN8_normal.jpg","0","0","1","0","1891","2","","in","false",,,"false"
"1934890004737605719","https://x.com/detikcom/status/1934890004737605719","Program Magang Berdampak 2025 akan segera dibuka! Mahasiswa wajib cek syarat dan daftar perusahaannya di sini.

Via @detik_edu  https://t.co/4mCs6iR9vI","Tue Jun 17 08:25:00 +0000 2025","https://pbs.twimg.com/profile_images/1888546820974051328/tnM9DhBs_normal.jpg","1","0","0","0","3033","1","","in","false",,,"false"
"1934882740467642559","https://x.com/worklit_/status/1934882740467642559","CALLING ALL MAHASISWA SEMESTER 6-8🚨

Pendaftaran magang berdampak RESMI dibuka dan sekarang saatnya atur strategi pake CV yg powerful &amp; stand out (karena persaingan tahun ini bakal ketat). 

Yuk, join sharing session sm peserta MSIB 2023-2024 buat tau cara atur strategi yg oke! https://t.co/hX4dFtGZvO","Tue Jun 17 07:56:08 +0000 2025","https://pbs.twimg.com/profile_images/1906891510865645568/5K93nn1e_normal.jpg","0","1","2","0","660","1","","in","false",,,"false"
"1934872388782706751","https://x.com/detikcom/status/1934872388782706751","Magang Berdampak akan segera dibuka! detikers yang mau daftar, sebaiknya  cek dulu nih 344 lowongan magang yang akan dibuka. Kamu mau daftar ke mana? 😀

Via @detik_edu  https://t.co/Ukx5YU8xdB","Tue Jun 17 07:15:00 +0000 2025","https://pbs.twimg.com/profile_images/1888546820974051328/tnM9DhBs_normal.jpg","1","0","0","0","3302","0","","in","false",,,"false"
"1934829636741128544","https://x.com/kupuuu/status/1934829636741128544","angkatan gua ni emg angkatan terkutuk puki dari jaman daftar sma tbtb zonasi lah ampe skrg mau ikut program magang berdampak pun kaya antara bisa ga bisa, selalu jadi kelinci percobaan program baru pemerintah asyu😤😩😖😢😡🤬","Tue Jun 17 04:25:07 +0000 2025","https://pbs.twimg.com/profile_images/1923401153225920512/pnpyv-XH_normal.jpg","4","0","13","0","1670","1","","in","false",,,"false"
"1934813287642022013","https://x.com/matzges/status/1934813287642022013","Mau ikut magang berdampak mumpung semester depan itu semester 5 tapi bingung cv gua isinya apa karna gak ikut organisasi dan masih bingung keunggulan gua di jurusan gua ini apa😔💔","Tue Jun 17 03:20:09 +0000 2025","https://pbs.twimg.com/profile_images/2050082392245989376/QUxfFIm4_normal.jpg","0","0","4","0","456","1","","in","false",,,"false"
"1934813249641284057","https://x.com/TirtoID/status/1934813249641284057","Kemdiktisaintek Buka Pendaftaran Magang Berdampak hingga 11 Juli

https://t.co/XfNV3afkzZ","Tue Jun 17 03:20:00 +0000 2025","https://pbs.twimg.com/profile_images/1923263273169977346/jqEeqYqd_normal.jpg","0","0","1","0","2220","1","","in","false",,,"false"
"1934797511375593478","https://x.com/orceues/status/1934797511375593478","adaa yang berencana daftar magang berdampak???","Tue Jun 17 02:17:28 +0000 2025","https://pbs.twimg.com/profile_images/1878859507058810881/98qArVls_normal.jpg","0","5","1","0","1031","1","","in","false",,,"false"
"1934791366816702509","https://x.com/energijuangnews/status/1934791366816702509","Kemdiktisaintek Resmi Luncurkan Program Magang Berdampak https://t.co/rHwey64UZG","Tue Jun 17 01:53:03 +0000 2025","https://pbs.twimg.com/profile_images/1882689683114848256/QnOU37CU_normal.jpg","0","0","3","0","197","0","","in","false",,,"false"
"1934781792017350725","https://x.com/officialinews_/status/1934781792017350725","Apa Itu Program Magang Berdampak 2025? Sinergi Kampus dan Industri untuk Generasi Unggul
https://t.co/TsUc5HZOnS","Tue Jun 17 01:15:00 +0000 2025","https://pbs.twimg.com/profile_images/1636704614966874114/90wa1guQ_normal.jpg","0","0","0","0","400","0","","in","false",,,"false"
"1934781791749214638","https://x.com/officialinews_/status/1934781791749214638","Apa Itu Program Magang Berdampak 2025? Sinergi Kampus dan Industri untuk Generasi Unggul
https://t.co/TsUc5I0mdq","Tue Jun 17 01:15:00 +0000 2025","https://pbs.twimg.com/profile_images/1636704614966874114/90wa1guQ_normal.jpg","0","0","0","0","383","0","","in","false",,,"false"
"1934733720659136756","https://x.com/unhasfess_/status/1934733720659136756","uh! wdym magang berdampak?? kek hah hoh ka kurasa, suddenly skali launching dan starting programnya, terus mitranya secuil plis, saran dong sepuh msib atau mahasiswa semester 4/6 sharing dong!","Mon Jun 16 22:03:59 +0000 2025","https://pbs.twimg.com/profile_images/1584124977053257728/hS3-fMLx_normal.jpg","2","2","16","0","2402","7","","in","false",,,"false"
"1934722351368949984","https://x.com/espisangkepok/status/1934722351368949984","Udh excited magang berdampak, trnyt jelek semua mitranya","Mon Jun 16 21:18:48 +0000 2025","https://pbs.twimg.com/profile_images/2054880050676445184/Ya2TYBe6_normal.jpg","0","2","4","0","565","0","","in","false",,,"false"
"1934649166782935169","https://x.com/avenirrever/status/1934649166782935169","Disini ada yang mau ikut magang berdampak gaa? kalo ada nanti aku buat grup khusus anak yute biar bisa sharing info magang","Mon Jun 16 16:28:00 +0000 2025","https://pbs.twimg.com/profile_images/1972245461307420672/WuJaDSzR_normal.jpg","8","70","303","1","29062","204","","in","false",,,"false"
"1934643855435137215","https://x.com/pak_kucink/status/1934643855435137215","msib batch 7 ada 318 mitra, magang berdampak cuma ada 17 mitra. selisih jauh bgt anjirrr, efisiensi sialan emang, ya allah knp aku wni 😭 https://t.co/L1e2MvSdlM","Mon Jun 16 16:06:53 +0000 2025","https://pbs.twimg.com/profile_images/1982144554171015168/IaDnZwZ1_normal.jpg","33","11","405","38","20937","81","","in","false",,,"false"
"1934641704302526474","https://x.com/dibodidobby/status/1934641704302526474","mitra magang berdampak jelek amay","Mon Jun 16 15:58:20 +0000 2025","https://pbs.twimg.com/profile_images/1812480279593762816/m8TEpkJs_normal.jpg","0","3","4","0","797","0","","in","false",,,"false"
"1934632643036889392","https://x.com/utfess/status/1934632643036889392","ut! ada ga si yg pengin ikut magang berdampak, or magang lainnya tp udah kerja?😔","Mon Jun 16 15:22:20 +0000 2025","https://pbs.twimg.com/profile_images/2063199480527355904/PA22skUe_normal.jpg","0","5","5","0","3789","4","","in","false",,,"false"
"1934632152488128523","https://x.com/eejjjjkkkkk/status/1934632152488128523","dari MSIB ke Magang Berdampak, downgrade poll. kirain dengan perubahan dan filosofi baru ada gebrakan yang signifikan ternyata ga samsek hehe. mitra makin dikit, kuota penerimaan pun demikian. mostly sektor privat/swasta, lembaga negara dikit poll. dampak efisienshit khh diks!","Mon Jun 16 15:20:23 +0000 2025","https://pbs.twimg.com/profile_images/1896242704440590336/Zp3oEM-d_normal.jpg","0","1","3","0","767","1","","in","false",,,"false"
"1934624726691037605","https://x.com/0HYElN/status/1934624726691037605","mager banget daftar magang berdampak, kena efesiensi KEBANGETEN gini amat jadi wni","Mon Jun 16 14:50:53 +0000 2025","https://pbs.twimg.com/profile_images/1748127009816088576/1PLlb635_normal.jpg","0","1","2","0","410","0","","in","false",,,"false"
"1934607946337657231","https://x.com/qilbis/status/1934607946337657231","wallahi our generation cooked in this era, magang berdampak masa kena efisiensi mitra juga sih??? dari yang 300an mitra cuma jadi 17????😭😭😭","Mon Jun 16 13:44:12 +0000 2025","https://pbs.twimg.com/profile_images/2030533042981462016/13km6bvt_normal.jpg","0","0","2","0","491","0","","in","false",,,"false"
"1934601221979201577","https://x.com/holahaa00/status/1934601221979201577","krn aku gabut aku mau buka bimbingan magang berdampak tp aku cuma bisa bantu dr segi persiapan cv dan mock up interview hr aja. kl ada yg mau dm aja yaa🙋🏻","Mon Jun 16 13:17:29 +0000 2025","https://pbs.twimg.com/profile_images/1939350199513518080/XUdlgmUD_normal.jpg","0","14","5","1","1480","10","","in","false",,,"false"
"1934588023980818551","https://x.com/collegemfs/status/1934588023980818551","[cm] ada yang lagi streaming magang berdampak? kira kira itu di websitenya lowongannya cuma itu dan gaada tambahan lagi atau baru itu dan nanti bakalan bertambah ya","Mon Jun 16 12:25:02 +0000 2025","https://pbs.twimg.com/profile_images/1968220707621597184/tmyUIr6r_normal.jpg","0","2","2","0","1279","0","","in","false",,,"false"
"1934582739019370733","https://x.com/twtbabeh/status/1934582739019370733","ada info grup magang berdampak undip ga?","Mon Jun 16 12:04:02 +0000 2025","https://pbs.twimg.com/profile_images/2006363306299424768/-KBA6rsI_normal.jpg","0","1","3","0","1469","1","","in","false",,,"false"
"1934580000172482949","https://x.com/gritshines_/status/1934580000172482949","After liat webnya magang berdampak kerasa banget efisiensinya😭😭","Mon Jun 16 11:53:09 +0000 2025","https://pbs.twimg.com/profile_images/1961478445407580160/agXFC93t_normal.jpg","1","1","2","0","628","0","","in","false",,,"false"
"1934578375139655985","https://x.com/ballcheesee/status/1934578375139655985","ganti nama aja jd magang berdampak sepetil🥱 https://t.co/3DeMnOUsKA","Mon Jun 16 11:46:42 +0000 2025","https://pbs.twimg.com/profile_images/2054184583957241856/tUKSiFoL_normal.jpg","0","0","10","0","2195","2","","in","false",,,"false"
"1934577565945168248","https://x.com/marspembaik/status/1934577565945168248","lowongan magang berdampak https://t.co/Eo77bUJ1yn","Mon Jun 16 11:43:29 +0000 2025","https://pbs.twimg.com/profile_images/1975272019949432832/yRevwo4R_normal.jpg","1","2","18","0","4094","17","","in","true",,,"false"
"1934573420152541279","https://x.com/marspembaik/status/1934573420152541279","sekedar menginfo, magang berdampak udah fix ya guuysss. startnya di bulan agustus awal (tanggal 4 kalo g salah), minimal semester 4","Mon Jun 16 11:27:00 +0000 2025","https://pbs.twimg.com/profile_images/1975272019949432832/yRevwo4R_normal.jpg","0","2","10","1","2151","12","","in","false",,,"false"
"1934572961647952264","https://x.com/ambalruonx/status/1934572961647952264","Magang Berdampak 2025 resmi diluncurkan!

Ini pengganti MSIB yang dulu... Tapi sekarang lebih ketat, lebih strategis, dan pastinya masih dapet BBH alias DIBAYAR.

Bedanya apa aja? Next-&gt;","Mon Jun 16 11:25:11 +0000 2025","https://pbs.twimg.com/profile_images/1773177405219409920/ouP81YEO_normal.jpg","15","2","180","1","9540","134","","in","false",,,"false"
"1934571941865910520","https://x.com/MysoRed89/status/1934571941865910520","Kurang ajar ya giliran gw MSIB kagak ada, giliran magang mandiri gw udh selesai, muncul MAGANG BERDAMPAK ASW","Mon Jun 16 11:21:08 +0000 2025","https://pbs.twimg.com/profile_images/2050261653674164224/3hfheR5z_normal.jpg","0","1","3","1","816","0","","in","false",,,"false"
"1934568700415529450","https://x.com/lunaterraa_/status/1934568700415529450","mitra magang berdampak baru 17? kata gue juga masih banyakan member nct😭","Mon Jun 16 11:08:15 +0000 2025","https://pbs.twimg.com/profile_images/1848621669105176576/RqY3GMrB_normal.jpg","0","0","4","0","576","0","","in","false",,,"false"
"1934567792562585620","https://x.com/whiterowartz/status/1934567792562585620","mitra magang berdampak sama mitra magang wajib dari kampus banyakan mitra kampus anying","Mon Jun 16 11:04:38 +0000 2025","https://pbs.twimg.com/profile_images/1885744675061129216/xbuiYZx0_normal.jpg","1","0","4","0","801","0","","in","false",,,"false"
"1934550375807537643","https://x.com/lafillelux/status/1934550375807537643","mitra magang berdampak dikit bangettt, gabakal ada tambahan lg kah?😭 beneran dikit bgt bgt bgttt","Mon Jun 16 09:55:26 +0000 2025","https://pbs.twimg.com/profile_images/1978390799957331968/Z74F8MvA_normal.jpg","0","1","4","0","1045","0","","in","false",,,"false"
"1934546456352014351","https://x.com/_nabilfaturr/status/1934546456352014351","ini design web magang berdampak kok rada"" sih, bikin trust issue aja WKWKWKWK

knp coba ga pake design yang lama aja 😐 https://t.co/VZZaWTvD3I","Mon Jun 16 09:39:51 +0000 2025","https://pbs.twimg.com/profile_images/1828253862492545027/YpGOsAwb_normal.jpg","2","3","48","0","7973","12","","in","false",,,"false"
"1934538685367910882","https://x.com/feelsadfat/status/1934538685367910882","magang berdampak.... mepet banget sama selesai kkn... faklah gue benci kkn 😭😭😭 https://t.co/a05CcZySe2","Mon Jun 16 09:08:59 +0000 2025","https://pbs.twimg.com/profile_images/1902714242568196096/xT4Z44W6_normal.jpg","1","5","12","0","5132","4","","in","false",,,"false"
"1934535028912099809","https://x.com/shyaacademic/status/1934535028912099809","To wrap it up, aku juga bikin notul terkait penjelasan Program Magang berdampak tadi yagess. Monggo utk dibaca²!🧚🏻‍♀️✨️
https://t.co/mbhzGZyzDq","Mon Jun 16 08:54:27 +0000 2025","https://pbs.twimg.com/profile_images/1910960581705596928/pWXAr-lL_normal.jpg","29","8","154","1","10508","184","","in","true",,,"false"
"1934535026374476129","https://x.com/shyaacademic/status/1934535026374476129","‼️CALL FOR ANAK 22 &amp; 23🙋🏻‍♀️🙋🏻‍♂️🔥

Magang Berdampak its officially starting!✨️ Janlupa ditonton livestream nya yagess
https://t.co/h1FKhY7vsx

#internship #magang #mendiktisaintek #diktisaintek #magangberdampak #diktisaintekberdampak https://t.co/M6rOJslMRk","Mon Jun 16 08:54:26 +0000 2025","https://pbs.twimg.com/profile_images/1910960581705596928/pWXAr-lL_normal.jpg","5","6","22","0","3275","13","","tl","false",,,"false"
"1934534007787799017","https://x.com/adoreccat/status/1934534007787799017","@praxtikum harus nunggu pengumuman lolos seleksi pkm belmawa dulu si harusnya karena emang cuma bisa ikut 1 mbkm, kalau memang pkm nya belum lolos ya bisa daftar magang berdampak, tapi katanya pengumuman lolos pkm antara juni atau juli yaa, kalau soal KIP kurang tau","Mon Jun 16 08:50:24 +0000 2025","https://pbs.twimg.com/profile_images/1921844635837861888/n7vv9H5q_normal.jpg","0","3","3","1","1874","1","","in","true",,,"false"
"1934520307576143983","https://x.com/gogoalea/status/1934520307576143983","haduh nontonin peluncuran magang berdampak buknnya excited malah nambah pusing","Mon Jun 16 07:55:57 +0000 2025","https://pbs.twimg.com/profile_images/2066412995408990208/qKVwWsn2_normal.jpg","1","0","5","0","921","0","","in","false",,,"false"
"1934516830175101142","https://x.com/adceykerman/status/1934516830175101142","INI MAKSUDNYA AWARDEE BEASISWA UNGGULAN GABISA IKUT MAGANG BERDAMPAK KAH https://t.co/3MeHU9GI7h","Mon Jun 16 07:42:08 +0000 2025","https://pbs.twimg.com/profile_images/1407857955421114374/K-_txCsL_normal.jpg","1","7","24","0","8902","10","","in","false",,,"false"
"1934516218968371550","https://x.com/ug_fess/status/1934516218968371550","yuji! Absenn yang lagi nonton sosialisasi magang berdampak, mutuall yuu biar bs sharing sharing☝️😆 https://t.co/mwxEOtny66","Mon Jun 16 07:39:42 +0000 2025","https://pbs.twimg.com/profile_images/2002264082255347712/crvr9urC_normal.jpg","0","10","25","0","3652","8","","in","false",,,"false"
"1934515067313398033","https://x.com/jiarchivate/status/1934515067313398033","Ya Allah mau lolos magang berdampak tahun ini .... 😔🙏🏻","Mon Jun 16 07:35:08 +0000 2025","https://pbs.twimg.com/profile_images/1967420023041069056/ZnYtD8xN_normal.jpg","0","1","3","0","879","0","","in","false",,,"false"
"1934514266872365498","https://x.com/sapikantin/status/1934514266872365498","ya Allah, demi apa cuma 5 lowongan buat magang berdampak 😊 (fake smile)","Mon Jun 16 07:31:57 +0000 2025","https://pbs.twimg.com/profile_images/1559203419532931072/Orn1DJ9B_normal.jpg","0","2","5","0","1879","0","","in","false",,,"false"
"1934513390342582639","https://x.com/urefavhome/status/1934513390342582639","siapa mo buat grup mahasiswa yg antusias magang berdampak?☝🏻☝🏻☝🏻","Mon Jun 16 07:28:28 +0000 2025","https://pbs.twimg.com/profile_images/2052272623556722688/N6OIxCWk_normal.jpg","59","560","2152","10","92912","542","","in","false",,,"false"
"1934511740802224339","https://x.com/utfess/status/1934511740802224339","ut! ada yg sama? saking fokusnya UAS baru sadar di myut sudah ada beginian, anw adakah yang berminat ikut magang berdampak? https://t.co/eVCWaKLjPu","Mon Jun 16 07:21:55 +0000 2025","https://pbs.twimg.com/profile_images/2063199480527355904/PA22skUe_normal.jpg","30","55","820","10","46156","382","","in","false",,,"false"
"1934510678599139421","https://x.com/mistressure/status/1934510678599139421","titip screenshot sosialisasi magang berdampak (MBER) https://t.co/MoRHS6viw6","Mon Jun 16 07:17:41 +0000 2025","https://pbs.twimg.com/profile_images/2067270485306707968/mMEHo-AE_normal.jpg","98","12","673","12","36828","539","","in","false",,,"false"
"1934509374451691947","https://x.com/V4nillavilla/status/1934509374451691947","Info magang berdampak https://t.co/0BLMUbkblS","Mon Jun 16 07:12:30 +0000 2025","https://pbs.twimg.com/profile_images/2018263600193003521/9j7pVIYy_normal.jpg","2","5","24","0","5677","12","","in","false",,,"false"
"1934504196981801466","https://x.com/susugallagher/status/1934504196981801466","setelah magang berdampak diluncurkan, aku jadi ngerti kenapa Indonesia susah maju... pendidikan sama pekerjaan itu harusnya jadi kebutuhan primer di negara kita :(

tapi... yaudahlaha","Mon Jun 16 06:51:56 +0000 2025","https://pbs.twimg.com/profile_images/2039675357457256448/2xpICjH2_normal.png","3","0","19","0","2242","1","","in","false",,,"false"
"2067822876070420879","https://x.com/padeliap/status/2067822876070420879","@tanyakanrl ngakak berdampak, rate google kampus berdampak?? lu kata cafe😭","Fri Jun 19 04:12:46 +0000 2026","https://pbs.twimg.com/profile_images/1955949867530117127/-72F_OWC_normal.jpg","0","0","0","0","198","0","","in","true",,,"false"
"2066434806347596130","https://x.com/fkh_unud/status/2066434806347596130","Denpasar, 12 Juni 2026 - FKH Unud menggelar Lokakarya Penyusunan Panduan Kampus Berdampak untuk Program Magang Mandiri dan Program Membangun Desa sebagai upaya mendukung implementasi pembelajaran di luar program studi.

https://t.co/qxoxoB5OdD https://t.co/VO1V8Tpllo","Mon Jun 15 08:17:04 +0000 2026","https://pbs.twimg.com/profile_images/1488709574207041540/Tb2L6mvZ_normal.jpg","0","0","0","0","163","0","","in","false",,,"false"
"2066376660195438818","https://x.com/unibofficial/status/2066376660195438818","Unib Perkuat Peran Kampus Berdampak melalui Inisiasi Centre of Excellence PRKBI
https://t.co/DjZUEgaahu","Mon Jun 15 04:26:01 +0000 2026","https://pbs.twimg.com/profile_images/2051919182288285696/7ficm7xz_normal.jpg","0","0","0","0","22","0","","in","false",,,"false"
"2062751820091625621","https://x.com/RadioElshinta/status/2062751820091625621","Dalam Dies Natalis ke-38 Politeknik Elektronika Negeri Surabaya (PENS), Wakil Menteri Pendidikan Tinggi, Sains, dan Teknologi, Fauzan, mengingatkan perguruan tinggi agar tidak hanya berfokus pada urusan internal kampus, tetapi juga mengambil langkah yang lebih agresif untuk turut menjadi pemecah masalah sosial. Menurutnya, peran kampus sebagai agen perubahan penting untuk mewujudkan konsep Kampus Berdampak menuju Indonesia Emas 2045, Jum'at (5/6) siang. 🎥Rec

#PENS #DiesNatalisPENS38 #KampusBerdampak #PerguruanTinggi #IndonesiaEmas2045","Fri Jun 05 04:22:12 +0000 2026","https://pbs.twimg.com/profile_images/2060183237675417600/83THsfLR_normal.jpg","0","0","0","0","303","0","","in","false",,,"false"
"2062405256680759788","https://x.com/brmpsulteng/status/2062405256680759788","Tabe Lee...

Salam hangat dari Bumi Tadulako

BRMP Sulawesi Tengah Gelar Penarikan Mahasiswa Magang Program Kampus Berdampak Universitas Tadulako
Informasi lebih lanjut dapat diakses melalui https://t.co/BJggOhoFHc https://t.co/4RhKRZmI5c","Thu Jun 04 05:25:05 +0000 2026","https://pbs.twimg.com/profile_images/1911794959193149441/fsF6dlMk_normal.jpg","2","5","10","0","103","0","","in","false",,,"false"
"2058561553771970634","https://x.com/RanggaRadithia/status/2058561553771970634","@kukumabskteri Ini complain yg wajar &amp; mendasar.. Selain membuat tata kelola khusus, juga harus ditingkatkan penerimaan warga sekitar (yang kompeten) agar asimilasi kultur akan cair &amp; yang pasti kampus ""berdampak"" baik bagi daerah dari segi ekonomi, pola pikir, dan juga kemajuan daerah itu 🙏","Sun May 24 14:51:35 +0000 2026","https://pbs.twimg.com/profile_images/2034249974238851072/0ULMmNtE_normal.jpg","0","0","8","0","623","0","","in","true",,,"false"
"2052280595380867299","https://x.com/uculan/status/2052280595380867299","Kampus berdampak : Didepan mitra industri pertambangan, kami setelah research 2 bulan saatnya mendemokan network mesh. Ini menjadi momentum penting pesain rajant dan ava.. gass next 5G ya prof he..dan yang paling penting adalah melibatkan mahasiswa.. siap2 berangkat ke kalimantan https://t.co/YVjXhuwTlw","Thu May 07 06:53:18 +0000 2026","https://pbs.twimg.com/profile_images/1756863077168078848/Hir8oZxo_normal.jpg","2","0","7","0","1015","0","","in","false",,,"false"
"2049350770492051681","https://x.com/umsofficialid/status/2049350770492051681","Pengukuhan Guru Besar ke-71 &amp; 72 Universitas Muhammadiyah Surakarta.

Sebuah pencapaian yang tidak hanya menjadi kebanggaan pribadi, tetapi juga memperkuat komitmen UMS sebagai kampus berdampak dalam pengembangan ilmu pengetahuan dan kontribusi nyata bagi masyarakat. https://t.co/1umpVyScrR","Wed Apr 29 04:51:13 +0000 2026","https://pbs.twimg.com/profile_images/1556964544936681472/_PAPPuFw_normal.jpg","1","2","2","0","233","0","","in","false",,,"false"
"2042859561837822404","https://x.com/dn_fadillah/status/2042859561837822404","@rizkidwika Kampus Berdampak ❌
Kampus Terdampak ✅","Sat Apr 11 06:57:28 +0000 2026","https://pbs.twimg.com/profile_images/469859277411082244/vyVm-J1Z_normal.jpeg","2","0","4","0","164","0","","in","true",,,"false"
"2041409549031358650","https://x.com/Gerindra/status/2041409549031358650","“Jadi tadi Pak Presiden memberikan petunjuk bagaimana Fakultas Planologi, Arsitek, itu di setiap kampus itu bisa membantu kepala-kepala daerah, sehingga tata ruang, tata kota dari setiap wilayah, kota, atau kabupaten itu menjadi tempat praktiknya mahasiswa, tempat penelitiannya dosen-dosen, sehingga membantu kepala daerah untuk mengelola kotanya oleh kampus setempat, sehingga dengan itu diharapkan ini kampus berdampak itu bisa terwujud,” ujar Brian kepada awak media di kompleks Istana Kepresidenan Jakarta.","Tue Apr 07 06:55:38 +0000 2026","https://pbs.twimg.com/profile_images/1757378350430261248/bq6Y9WAU_normal.jpg","0","1","0","0","83","0","","in","true",,,"false"
"2041126002894754005","https://x.com/Metro_TV/status/2041126002894754005","Presiden Prabowo Subianto menekankan peran strategis perguruan tinggi dalam mendukung pembangunan nasional, khususnya pada sektor tata ruang dan perumahan. Dalam rapat terbatas di Istana Merdeka pada Senin (6/4/2026), Presiden mengarahkan agar kampus terlibat aktif membantu pemerintah daerah dalam perencanaan kota melalui fakultas terkait seperti Planologi dan Arsitektur. Langkah ini bertujuan agar wilayah setempat menjadi wadah praktik mahasiswa dan riset dosen sehingga konsep ""Kampus Berdampak"" dapat terwujud secara nyata.

Selain itu, Mendiktisaintek Brian Yuliarto menjelaskan bahwa perguruan tinggi didorong untuk memberikan solusi konkret melalui riset dan kajian guna mengatasi tantangan perumahan serta analisis dampak lingkungan yang berkelanjutan. Arahan ini menandai pergeseran besar agar kampus tidak hanya mencetak lulusan, tetapi juga menjadi motor penggerak pembangunan. Presiden menegaskan bahwa Indonesia tidak hanya membutuhkan orang pintar, melainkan sosok yang berani turun tangan langsung untuk menyelesaikan permasalahan rakyat.

#PrabowoSubianto #PembangunanNasional #KampusBerdampak #TataKota","Mon Apr 06 12:08:56 +0000 2026","https://pbs.twimg.com/profile_images/1600314665216925696/cGfZREZ6_normal.jpg","0","3","4","0","997","0","","in","false",,,"false"
"2030879550264267018","https://x.com/CNNIndonesia/status/2030879550264267018","UB Bawa Visi Kampus Berdampak ke Bojonegoro, Perkuat Sinergi Daerah https://t.co/IYdUAYW4Z1","Mon Mar 09 05:33:11 +0000 2026","https://pbs.twimg.com/profile_images/669793728970682369/CaHHKPMc_normal.png","0","0","1","0","1466","0","","in","false",,,"false"
"2024213682281206093","https://x.com/pratamarizkim/status/2024213682281206093","@ardisatriawan @RidhaIntifadha prakerja menjadi pemagangan nasional (Kemnaker), MSIB MBKM menjadi Kampus Berdampak (Kemensaintedikti)","Wed Feb 18 20:05:24 +0000 2026","https://pbs.twimg.com/profile_images/2019619762050146304/z7pe7Oj-_normal.jpg","1","0","12","0","833","3","","in","true",,,"false"
"2009562947107062249","https://x.com/TVMuhammadiyah/status/2009562947107062249","serta sebagai langkah Uhamka dalam mewujudkan seluruh cakupan poin SDGs untuk membangun peradaban masyarakat maju dan berkelanjutan.

Prof. Gunawan Suryoputro selaku Rektor Uhamka menyampaikan bahwa penandatanganan kontrak kinerja kampus berdampak ini,","Fri Jan 09 09:48:37 +0000 2026","https://pbs.twimg.com/profile_images/1742078088765407232/uNy7YFDi_normal.jpg","0","1","2","0","49","0","","in","true",,,"false"
"2009160119448424782","https://x.com/its_campus/status/2009160119448424782","Siap lanjut studi dan jadi bagian dari riset unggulan di kampus berdampak? ✨

ITS membuka Beasiswa Angka Nitisastro untuk program S2 dan S3, khusus bagi pelamar TOP TIER dan RKI-A. https://t.co/YXP2Y2xj7g","Thu Jan 08 07:07:55 +0000 2026","https://pbs.twimg.com/profile_images/1371369262795825154/s8oWnJYU_normal.jpg","0","1","2","0","477","0","","in","false",,,"false"
"2008814784024879286","https://x.com/UNAS1949/status/2008814784024879286","Ratusan Pimpinan PT Tandatangani Kontrak Kinerja 2026, Satukan Arah Kampus Berdampak Menuju Indonesia Emas 2045

Kontrak kinerja diharapkan jadi pedoman bersama agar seluruh perguruan tinggi bergerak selaras dalam menciptakan dampak nyata bagi masyarakat.

https://t.co/xL2CHzgmFq https://t.co/2oCs9HHNXL","Wed Jan 07 08:15:41 +0000 2026","https://pbs.twimg.com/profile_images/1940981302393810944/jfONFqqM_normal.jpg","0","0","0","0","88","0","","in","false",,,"false"
"2008093686580814329","https://x.com/Unair_Official/status/2008093686580814329","Ribuan mahasiswa BBK 7 UNAIR resmi dilepas 🚀
Siap menjalankan pengabdian masyarakat di Surabaya, Madiun, Gresik, Mojokerto, Lamongan, dan Banyuwangi. Tidak hanya BBK di tingkat regional, UNAIR juga melepas 62 mahasiswa BBK internasional ke dua negara yaitu Malaysia dan Jepang.

Dari kampus berdampak untuk masyarakat, dari lokal hingga global🌍✨","Mon Jan 05 08:30:18 +0000 2026","https://pbs.twimg.com/profile_images/2028657566092550144/6jy-b_xr_normal.jpg","5","9","221","30","16896","5","","in","false",,,"false"
"2006534125575123363","https://x.com/gunadarma_/status/2006534125575123363","Happy New Year 2026, UG'ers ! 🥂✨

2026 is officially here, dan ini saatnya kita level up lebih tinggi lagi! Saatnya jadi generasi yang Adaptif, Transformatif, &amp; Inovatif demi daya saing bangsa. 🇮🇩

Mari terus bergerak sebagai Kampus Berdampak. Let's make Indonesia proud! 🚀🔥 https://t.co/zL9PacBFdz","Thu Jan 01 01:13:09 +0000 2026","https://pbs.twimg.com/profile_images/1953329590086295552/9Ew5MBoT_normal.jpg","0","0","1","0","268","0","","in","false",,,"false"
"2002030743904801130","https://x.com/KampusUpdate/status/2002030743904801130","Ada informasi terbaru nih mengenai Program Magang Sapa Kampus Berdampak Batch 8.

Program ini menjadi kesempatan emas buat kamu untuk terjun langsung mendampingi UMK pangan olahan, sekaligus meningkatkan kompetensi dunia kerja. Bahkan nilai plusnya kamu selangkah lebih dekat raih sertifikat kompetensi dari BNSP.

Jangan sampai ketinggalan, yuk daftar sekarang!","Fri Dec 19 14:58:19 +0000 2025","https://pbs.twimg.com/profile_images/870323804236468225/PFBRU3cV_normal.jpg","2","1","6","0","1633","2","","in","false",,,"false"
"2001983251754443187","https://x.com/Unair_Official/status/2001983251754443187","Prestasi ini menjadi pijakan untuk memperkuat kontribusi UNAIR sebagai kampus berdampak bagi Indonesia dan dunia 🙌 https://t.co/QTOtFHrsVj","Fri Dec 19 11:49:36 +0000 2025","https://pbs.twimg.com/profile_images/2028657566092550144/6jy-b_xr_normal.jpg","0","1","0","0","582","0","","in","true",,,"false"
"2001972834562912555","https://x.com/BPOM_RI/status/2001972834562912555","#SahabatBPOM, ada informasi terbaru nih mengenai Program Magang Sapa Kampus Berdampak Batch 8. https://t.co/nzqZMuRxav","Fri Dec 19 11:08:13 +0000 2025","https://pbs.twimg.com/profile_images/1758515351888048129/YnH6mqsh_normal.jpg","2","2","6","0","741","1","","in","false",,,"false"
"2001928075035238740","https://x.com/UGMYogyakarta/status/2001928075035238740","Sebagai kampus berdampak, UGM berkontribusi luas di bidang kesehatan publik, kedaulatan pangan, transisi energi berkeadilan, adaptasi lingkungan, AI, dan pengentasan kemiskinan, sejalan tema Dies Natalis tahun ini “Kampus Sehat, Pilar Kemandirian, Ketahanan Bangsa”. https://t.co/VTlxAILMkX","Fri Dec 19 08:10:21 +0000 2025","https://pbs.twimg.com/profile_images/932874895389638656/fDT8AaGJ_normal.jpg","0","1","1","0","334","0","","in","true",,,"false"
"2001925014506119531","https://x.com/UGMYogyakarta/status/2001925014506119531","Di usia 76 tahun, Universitas Gadjah Mada meneguhkan perannya sebagai kampus berdampak. Menghadirkan pendidikan, riset, dan pengabdian yang merakyat, mandiri, dan berkelanjutan bagi Indonesia. https://t.co/7ogWY7t4t8","Fri Dec 19 07:58:12 +0000 2025","https://pbs.twimg.com/profile_images/932874895389638656/fDT8AaGJ_normal.jpg","0","1","3","0","401","0","","in","true",,,"false"
"1998983044225769703","https://x.com/gunadarma_/status/1998983044225769703","Kamis, 11 Des 2025 di Kampus F4, UG resmi meluncurkan Purbaya (Drone) High-Rise Building Cleaner! 🚀

Ini adalah bukti UG sebagai Kampus Berdampak, menghadirkan solusi teknologi mutakhir untuk tantangan modern. 

Inovasi nyata untuk masa depan! ✨ https://t.co/TfcI5Dc4Xq","Thu Dec 11 05:07:51 +0000 2025","https://pbs.twimg.com/profile_images/1953329590086295552/9Ew5MBoT_normal.jpg","0","0","1","0","423","0","","in","false",,,"false"
"1996815642549252362","https://x.com/hariankompas/status/1996815642549252362","Perguruan tinggi diajak mewujudkan peran nyata Kampus Berdampak. Aksi kemanusiaan dilakukan civitas akademika untuk pemulihan. #Dikbud #AdadiKompas

https://t.co/5jKtEQcVdO","Fri Dec 05 05:35:22 +0000 2025","https://pbs.twimg.com/profile_images/1810124683188350976/RS_tUqhb_normal.jpg","0","0","0","0","257","0","","in","false",,,"false"
"1996115133085745355","https://x.com/antaranews/status/1996115133085745355","Unand mengirimkan tim tanggap bencana ke wilayah terdampak bencana hidrometeorologi, khususnya Palembayan, Kabupaten Agam, Sumbar, sebagai bentuk implementasi kampus berdampak.

 https://t.co/l0YULC226a","Wed Dec 03 07:11:48 +0000 2025","https://pbs.twimg.com/profile_images/1193345348573396992/Cd3dfZfq_normal.jpg","1","0","0","0","215","0","","in","false",,,"false"
"1991446532495712647","https://x.com/hariankompas/status/1991446532495712647","Perguruan tinggi kini harus berdampak nyata dengan mengintegrasikan Tri Dharma. Pengukuran kampus berdampak disiapkan untuk menuntun arah baru perguruan tinggi.  #Dikbud #AdadiKompas

https://t.co/8vQKOkD0q4","Thu Nov 20 10:00:27 +0000 2025","https://pbs.twimg.com/profile_images/1810124683188350976/RS_tUqhb_normal.jpg","0","0","0","1","707","0","","in","false",,,"false"
"1987501338754957675","https://x.com/unibofficial/status/1987501338754957675","Unib Fun Run Bersama Kemenpora dan DPR RI, Rektor: Promosikan Gaya Hidup Sehat dan Kampus Berdampak | UNIVERSITAS BENGKULU https://t.co/HZ9vZNmFWl","Sun Nov 09 12:43:39 +0000 2025","https://pbs.twimg.com/profile_images/2051919182288285696/7ficm7xz_normal.jpg","1","0","2","0","71","0","","in","false",,,"false"
"1985382246233334160","https://x.com/RonaJateng5/status/1985382246233334160","FDK UIN Walisongo Wujudkan Kampus Berdampak Lewat Pelatihan Literasi Digital untuk KWT Srikandi https://t.co/usGwsrsUnp","Mon Nov 03 16:23:08 +0000 2025","https://pbs.twimg.com/profile_images/1776270131980906496/2Bjmls19_normal.jpg","0","0","2","0","107","0","","in","false",,,"false"
"1983371502402625912","https://x.com/umsofficialid/status/1983371502402625912","Universitas Muhammadiyah Surakarta (UMS) terima penghargaan Top Kampus Penggerak Prestasi Mahasiswa Nasional dalam ajang Anugerah Pendidikan Jawa Pos Radar Solo 2025. 

Penghargaan ini menjadi bukti nyata komitmen UMS dalam mendorong lahirnya generasi muda berprestasi, berakhlak, dan berdampak bagi bangsa.

Kampus Berdampak, Penggerak Prestasi!

#ums #KampusBerdampak #kampusterbaik #AnugerahPendidikan","Wed Oct 29 03:13:10 +0000 2025","https://pbs.twimg.com/profile_images/1556964544936681472/_PAPPuFw_normal.jpg","0","0","3","0","134","0","","in","false",,,"false"
"1981800903952019577","https://x.com/mantusekda/status/1981800903952019577","Salah satu bentuk kampus 'berdampak' yang di idekan dari Kemdiktisaintek, berdampak ke dosennya maksudnya. 😭😭

Dengan student body yg besar itu, udah pasti banyak kelas sampe 5 kelas lebih dan ngajarin hal yang sama. Saya kadang berpikir, apa ngga ada cara inovatif lainnya untuk ngajarin student body sebanyak itu ya. 😭","Fri Oct 24 19:12:10 +0000 2025","https://pbs.twimg.com/profile_images/1971623568074264576/u4vpquBv_normal.jpg","1","1","8","0","2312","0","","in","true",,,"false"
"1981533845540466975","https://x.com/umsofficialid/status/1981533845540466975","67 Tahun Universitas Muhammadiyah Surakarta.
Sejak 24 Oktober 1985 hingga 2025, UMS terus melangkah sebagai Kampus Berdampak, mencetak generasi berkemajuan, dan menebar nilai Al-Islam dan Kemuhammadiyahan ke seluruh dunia.
Terus berkarya untuk Indonesia dan dunia.

#ums #UMS67Tahun #KampusBerdampak #UMSMendunia","Fri Oct 24 01:30:58 +0000 2025","https://pbs.twimg.com/profile_images/1556964544936681472/_PAPPuFw_normal.jpg","1","1","3","0","178","0","","in","false",,,"false"
"1980609764712411146","https://x.com/umsofficialid/status/1980609764712411146","UMS Gendhong UNIMUDA Sorong untuk Akselerasi dan Transformasi Reputasi Kampus Berdampak
https://t.co/yq2hVY7B6n https://t.co/PuopipeHu6","Tue Oct 21 12:19:00 +0000 2025","https://pbs.twimg.com/profile_images/1556964544936681472/_PAPPuFw_normal.jpg","0","0","2","0","112","0","","in","false",,,"false"
"1968527731231949136","https://x.com/UnivTerbuka/status/1968527731231949136","Dan lewat kolaborasi ini, UT terus buktiin diri sebagai Kampus Berdampak yang nggak cuma kasih akses kuliah terbuka luas, tapi juga peduli sama hambatan-hambatan dasar yang sering bikin generasi muda terhalang meraih masa depan cerah. 🌟

-------","Thu Sep 18 04:09:19 +0000 2025","https://pbs.twimg.com/profile_images/875662141189009408/e42wXS1R_normal.jpg","0","1","0","0","62","0","","in","true",,,"false"
"1968176688564670824","https://x.com/Unair_Official/status/1968176688564670824","Wujudkan Kampus Berdampak, UNAIR Teken MoU dengan Pemkab Tulungagung

Sebagai komitmen mewujudkan Kampus Berdampak, Universitas Airlangga (UNAIR) terus menunjukkan kontribusi nyata bagi masyarakat. UNAIR mengadakan kerja sama dengan Pemerintah Kabupaten (Pemkab) Tulungagung dalam pengembangan berbagai bidang strategis. Kerja sama tersebut ditandai dengan penandatangan kesepakatan bersama atau memorandum of understanding (MoU) yang terlaksana pada Selasa (16/9/2025) di Pendopo Kongas Arum Kusumaning Bangsa, Kabupaten Tulungagung.

Baca selengkapnya: https://t.co/aUV2dDpNMm","Wed Sep 17 04:54:24 +0000 2025","https://pbs.twimg.com/profile_images/2028657566092550144/6jy-b_xr_normal.jpg","0","2","14","1","2538","0","","in","false",,,"false"
"1964325576933773769","https://x.com/meutiafaradilla/status/1964325576933773769","Sekarang berapa transfer uang negara ke universitas (PTN)? Kenapa UKT naik? Yg menetapkan Indikator Kinerja Utama Perguruan Tinggi siapa? Yg bikin patokan siapa? Yg bikin program kampus merdeka, kampus berdampak siapa? Yg bikin aturan Beban Kinerja Dosen siapa?","Sat Sep 06 13:51:27 +0000 2025","https://pbs.twimg.com/profile_images/1985327652153270272/UtC8T0T5_normal.jpg","0","0","6","0","112","0","","in","true",,,"false"
"1962670371393675344","https://x.com/junemanabraham/status/1962670371393675344","Tagline Kampus Berdampak perlu terus-menerus direfleksikan. 

Teringat ungkapan Bung Hatta bhw kampus seyogiayanya tempat ""mahasiswa menemui suasana yg baik utk memiliki sifat2 yg menjadi pembawaan manusia susila &amp; demokratis, yaitu kebenaran, keadilan, kejujuran, &amp; kemanusiaan."" https://t.co/gM8b4BANxo","Tue Sep 02 00:14:15 +0000 2025","https://pbs.twimg.com/profile_images/1462682652993982466/Veqqyenr_normal.jpg","32","2","52","2","13623","18","","in","false",,,"false"
"1960162352483196929","https://x.com/UnivTerbuka/status/1960162352483196929","Terima kasih atas langkah, karya, dan kontribusi yang telah menguatkan UT sebagai Kampus Berdampak — menghadirkan pendidikan berkualitas, terjangkau, dan tanpa batas bagi seluruh masyarakat. 🚀🎓

https://t.co/jpe7B01v1E

#UniversitasTerbuka #KuliahJarakJauh #KuliahOnline","Tue Aug 26 02:08:17 +0000 2025","https://pbs.twimg.com/profile_images/875662141189009408/e42wXS1R_normal.jpg","0","1","1","0","343","0","","in","true",,,"false"
"1959830022359019885","https://x.com/UnivTerbuka/status/1959830022359019885","Dengan kepemimpinan beliau, semoga Universitas Terbuka semakin kokoh sebagai kampus berdampak — hadir membawa perubahan nyata bagi pendidikan Indonesia. 💙✨","Mon Aug 25 04:07:43 +0000 2025","https://pbs.twimg.com/profile_images/875662141189009408/e42wXS1R_normal.jpg","0","1","0","0","49","0","","in","true",,,"false"
"1954854060970164580","https://x.com/umsofficialid/status/1954854060970164580","Kineclub Universitas Muhammadiyah Surakarta (UMS) raih juara di ajang Festival Kampus Berdampak 2025 yang digelar Kemendiktisaintek RI. 

Tim beranggotakan Ardianto Wahyu Saputra, Shandy Nifa Pratama, dan Narendra Gibran Raditiawan dari Prodi Ilmu Komunikasi FKI UMS sukses meraih Juara Favorit lewat video pendek bertema “Kampus Berdampak”.

Lewat karya ini, mereka mengajak mahasiswa untuk berani menjadi versi terbaik dirinya, tanpa terjebak stereotip atau tekanan lingkungan. 

“Dampak kampus bukan soal seberapa besar aksi, tapi ketulusan dan konsistensi tiap individu.”

#ums #UMSBerprestasi #KampusBerdampak #KineclubUMS #PrestasiUMS #FKIUMS #KampusTerbaik","Mon Aug 11 10:35:02 +0000 2025","https://pbs.twimg.com/profile_images/1556964544936681472/_PAPPuFw_normal.jpg","0","0","8","0","623","0","","in","false",,,"false"
"1953363516989292911","https://x.com/tvmujogja_/status/1953363516989292911","🎓 SEMINAR NASIONAL 2025
""Integrasi Teknologi dan Inovasi melalui Program PkM mewujudkan Kampus Berdampak""

📅 9 Agustus 2025
🕗 08.00 – 16.00 WIB
📍 Zoom Meeting

📣 Yuk, ikut berkontribusi dalam menciptakan kampus yang berdampak melalui inovasi dan teknologi! https://t.co/ftvQde9OZy","Thu Aug 07 07:52:08 +0000 2025","https://pbs.twimg.com/profile_images/1562002595069038594/NXf5jTmS_normal.jpg","0","10","6","0","81","0","","in","false",,,"false"
"1950013437670543571","https://x.com/tvmujogja_/status/1950013437670543571","Agar program kampus berdampak, katanya, harus didukung dengan logika anggaran yang cukup. Sebab berkaca dari Amerika Serikat dan China, kedua negara yang paling maju teknologinya memiliki anggaran besar untuk riset.

#tvmu #tvmujogja #muhammadiyah #berita #terkini https://t.co/VHHeANrNZs","Tue Jul 29 02:00:07 +0000 2025","https://pbs.twimg.com/profile_images/1562002595069038594/NXf5jTmS_normal.jpg","0","6","9","0","69","0","","in","false",,,"false"
"1944759335504257396","https://x.com/unpinkskie/status/1944759335504257396","next spill study plan kali ya sesuai dengan kurikulum kampus berdampak?","Mon Jul 14 14:02:12 +0000 2025","https://pbs.twimg.com/profile_images/1819883952544604161/wbkmTzbW_normal.jpg","0","0","3","0","684","0","","in","false",,,"false"
"1943625548330160224","https://x.com/BappenasRI/status/1943625548330160224","#SahabatPembangunan, Menteri PPN/Kepala Bappenas Rachmat Pambudy memberikan Kuliah Umum di Universitas Syiah Kuala dengan tema “Pembangunan Daerah dalam Kebijakan Pembangunan Nasional 2025–2029: Peran Kampus Berdampak” pada Rabu (9/7) 🇮🇩

#Bappenas #KunjunganKerja #Aceh https://t.co/SYYpC1l5yM","Fri Jul 11 10:56:56 +0000 2025","https://pbs.twimg.com/profile_images/1871853582720602112/ShdCAPPH_normal.jpg","0","4","0","0","695","0","","in","false",,,"false"
"1942049050565677420","https://x.com/UnivTerbuka/status/1942049050565677420","Kami percaya, pendidikan adalah jembatan masa depan.
Dan hari ini, UT membuktikan komitmennya sebagai universitas tanpa batas 🌐💡
UT terus melangkah dan menebar manfaat, sebagai KAMPUS BERDAMPAK!
Mari kita bawa cahaya ilmu ke penjuru dunia ✨

------","Mon Jul 07 02:32:29 +0000 2025","https://pbs.twimg.com/profile_images/875662141189009408/e42wXS1R_normal.jpg","0","1","0","0","57","0","","in","true",,,"false"
"1939971095165128928","https://x.com/its_campus/status/1939971095165128928","Lewat konsep Kampus Berdampak, ITS siap jadi motor penggerak pembangunan daerah
 #ITSCampus #ITSSurabaya
#TransmigrasiPatriot #EkspedisiPatriot #KampusBerdampak #PembangunanDaerah #SDMunggul #KampusUntukNegeri","Tue Jul 01 08:55:26 +0000 2025","https://pbs.twimg.com/profile_images/1371369262795825154/s8oWnJYU_normal.jpg","0","0","0","0","378","0","","in","true",,,"false"
"1939771322361684376","https://x.com/UnivTerbuka/status/1939771322361684376","Program ini menjadi salah satu implementasi nyata dari semangat Kampus Berdampak yang digaungkan UT dalam berbagai aktivitas tridarma perguruan tinggi

Program PkM Nasional Desa Binaan di Desa Sukamakmur ini bertujuan untuk mengoptimalkan potensi lokal,","Mon Jun 30 19:41:37 +0000 2025","https://pbs.twimg.com/profile_images/875662141189009408/e42wXS1R_normal.jpg","0","1","0","0","86","0","","in","true",,,"false"
"1939771068505620617","https://x.com/UnivTerbuka/status/1939771068505620617","🌟 Kampus Berdampak: UT Memberikan Kontribusi Positif untuk Desa 🌟

Universitas Terbuka menjalankan Program PkM (Pengabdian kepada Masyarakat) skema Nasional bertajuk ""Desa Binaan"" di Desa Sukamakmur, Kecamatan Ciomas, Kabupaten Bogor. https://t.co/pa1xD8pNE5","Mon Jun 30 19:40:36 +0000 2025","https://pbs.twimg.com/profile_images/875662141189009408/e42wXS1R_normal.jpg","1","2","3","0","823","0","","in","false",,,"false"
"1939538464258904321","https://x.com/itbofficial/status/1939538464258904321","ITB Tegaskan Peran sebagai Kampus Berdampak di Vice Chancellors’ Forum 2025 Maroko

Selengkapnya: https://t.co/5tdpAVxXq6 

#ITBnews #inovasi #ITBberdampak #kampusberdampak #ITB4impact #diktisaintekberdampak","Mon Jun 30 04:16:19 +0000 2025","https://pbs.twimg.com/profile_images/1013616025298862081/z5zhab_6_normal.jpg","0","0","1","0","1001","0","","in","false",,,"false"
"1934946912177947014","https://x.com/mediaindonesia/status/1934946912177947014","Rektor UNAIR 2025-2030 Resmi Dilantik, Gubernur Khofifah Optimis UNAIR Menjadi Kampus Berdampak Global

https://t.co/W1hYSd9nD8","Tue Jun 17 12:11:08 +0000 2025","https://pbs.twimg.com/profile_images/2013862868442054656/PHgXw1vG_normal.jpg","0","0","1","0","443","0","","in","false",,,"false"
"2019593170028515688","https://x.com/oneokrockc/status/2019593170028515688","terimakasii yach @_AmandaBrownies enih ak bm krn km lwat trs, ditambah gi stress perihal magang (ingfokan magang teknik sipil) 😞💔 jd happy krn brownies dan ktmu my mine 😈🤭☝#infomagang #magangberdampak #magang https://t.co/35u1SJ6GZR","Fri Feb 06 02:05:08 +0000 2026","https://pbs.twimg.com/profile_images/2043891324890558466/WPDsSJpy_normal.jpg","0","3","1","0","467","0","","in","false",,,"false"
"1951315405835997254","https://x.com/wildannof/status/1951315405835997254","Alhamdulillah aku lolos magang berdampak PT Apindo penempatan Jakarta #magangberdampak https://t.co/oDihTKcPSn","Fri Aug 01 16:13:41 +0000 2025","https://pbs.twimg.com/profile_images/1795542220495540224/s6M_iR0H_normal.jpg","0","4","4","0","1395","4","","in","false",,,"false"
"1940621828864774451","https://x.com/gunadarma_/status/1940621828864774451","Siap jadi #AgenPerubahan? Program #MagangBerdampak UG siap bekali kamu! Konversi SKS, bimbingan ahli, &amp; dampak nyata. Cek Studentsite https://t.co/kVmYy7xnhy 

#KampusBerdampak https://t.co/WU5hlVuDKn","Thu Jul 03 04:01:13 +0000 2025","https://pbs.twimg.com/profile_images/1953329590086295552/9Ew5MBoT_normal.jpg","0","0","3","0","1038","0","","in","false",,,"false"
"1940237846000115737","https://x.com/FIB_Unair/status/1940237846000115737","📢 PENGUMUMAN PROGRAM MAGANG SEMESTER GASAL 2025/2026

Fakultas Ilmu Budaya Universitas Airlangga membuka kesempatan bagi mahasiswa S1 untuk mengikuti program magang:

🔗 Pendaftaran:
 https://t.co/brG1YxcSCs

#FIBUNAIR #MagangBerdampak #FIBBerdayaBerbudaya https://t.co/Owm9VYZAdi","Wed Jul 02 02:35:25 +0000 2025","https://pbs.twimg.com/profile_images/1478193793098682373/COjcTVaL_normal.jpg","0","0","5","0","1688","1","","in","false",,,"false"
"1939519167708967194","https://x.com/polsrimenfess/status/1939519167708967194","Program Magang Berdampak:
📌 Pendaftaran: 16 Juni – 11 Juli 2025
📆 Pelaksanaan: 4 Agustus – 22 Desember 2025
🌐 Info: https://t.co/ZSkmExCLgz

Kamu juga bisa cek infonya di Instagram ya 👇:
 https://t.co/TsIsLGSBVe

#MagangBerdampak
#BEMPOLSRI
#LenteraSriwijaya
#CampusBoost","Mon Jun 30 02:59:38 +0000 2025","https://pbs.twimg.com/profile_images/2061794421805613057/f-AbkPXq_normal.jpg","0","1","3","0","863","1","","in","true",,,"false"
"1939519160071127064","https://x.com/polsrimenfess/status/1939519160071127064","🚀 CAMPUS BOOST: Program Magang Berdampak 2025! 🚨
Halo warga Pols! MinPols bawa info penting nih! 
Terutama buat kamu yang pengen ikut Program Magang Berdampak 2025 🎓✨
➡ Cek info selengkapnya di bawah ya,
#MagangBerdampak #BEMPOLSRI #LenteraSriwijaya #CampusBoost https://t.co/ulvrFsZQ4J","Mon Jun 30 02:59:36 +0000 2025","https://pbs.twimg.com/profile_images/2061794421805613057/f-AbkPXq_normal.jpg","1","1","11","1","2917","0","","in","false",,,"false"
"1938115426208387252","https://x.com/kompascom/status/1938115426208387252","Peserta Magang Berdampak juga akan mendapatkan konversi hingga 20 SKS serta uang saku senilai Rp 2,8 juta per bulan.

~MD #MagangBerdampak #MagangMerdeka https://t.co/HCN5s8iKk0","Thu Jun 26 06:01:40 +0000 2025","https://pbs.twimg.com/profile_images/1577144849437888514/d9x3nKN8_normal.jpg","0","0","0","0","1425","0","","in","false",,,"false"
"1937731281124753484","https://x.com/dpkka_unair/status/1937731281124753484","🌟 MAGANG BERDAMPAK 2025 🌟

🗓 Pendaftaran dibuka sampai 11 Juli 2025
🌐 Daftar sekarang di: https://t.co/cpZSngJzTl
📲 Gabung komunitas di Telegram: https://t.co/7nmIXnuWRg

#MagangBerdampak #PMBUNAIR #MahasiswaUNAIR #KampusMerdeka #Unair #UniversitasAirlangga https://t.co/C7rbKtttl8","Wed Jun 25 04:35:13 +0000 2025","https://pbs.twimg.com/profile_images/1423071259923939329/E-_0_ot2_normal.jpg","0","0","14","0","2392","3","","in","false",,,"false"
"1937369538469007523","https://x.com/kompascom/status/1937369538469007523","Wakil Menteri Pendidikan Tinggi, Sains, dan Teknologi (Wamendikti Saintek) Stella Christie mengatakan, Magang dan Studi Independen Bersertifikat (MSIB) terbukti memberikan dampak signifikan pada pesertanya.

~MD #MagangBerdampak #MSIB https://t.co/d6BdKqsKFp","Tue Jun 24 04:37:47 +0000 2025","https://pbs.twimg.com/profile_images/1577144849437888514/d9x3nKN8_normal.jpg","0","0","7","0","1996","0","","in","false",,,"false"
"1937053004773159204","https://x.com/kompascom/status/1937053004773159204","Kementerian Pendidikan Tinggi, Sains, dan Teknologi (Kemendiktisaintek) telah secara resmi membuka pendaftaran program magang untuk para mahasiswa. Di tahun 2025 ini program Magang Merdeka diubah menjadi Magang Berdampak.

~TA #MagangBerdampak https://t.co/W8k9kBipxn","Mon Jun 23 07:39:59 +0000 2025","https://pbs.twimg.com/profile_images/1577144849437888514/d9x3nKN8_normal.jpg","0","0","2","0","2250","1","","in","false",,,"false"
"1935606806530896215","https://x.com/kompascom/status/1935606806530896215","Kementerian Pendidikan Tinggi, Sains, dan Teknologi (Kemendiktisaintek) resmi membuka Program Magang Berdampak 2025 utuk memberikan kesempatan mahasiswa terjun langsung ke dunia kerja.

~TA #MagangBerdampak https://t.co/6jVs5gp5xD","Thu Jun 19 07:53:19 +0000 2025","https://pbs.twimg.com/profile_images/1577144849437888514/d9x3nKN8_normal.jpg","0","0","1","0","1421","0","","in","false",,,"false"
"1935180504904647035","https://x.com/kompascom/status/1935180504904647035","Wamendiktisaintek Stella Christie, memastikan bahwa peserta Magang Berdampak akan tetap menerima uang saku senilai Rp 2,8 juta, sama seperti Magang Merdeka sebelumnya. / #MagangBerdampak #magang 
https://t.co/5pM593OXR0","Wed Jun 18 03:39:20 +0000 2025","https://pbs.twimg.com/profile_images/1577144849437888514/d9x3nKN8_normal.jpg","0","0","2","0","1649","1","","in","false",,,"false"
"1934909859675427152","https://x.com/kompascom/status/1934909859675427152","Pendaftaran Magang Berdampak 2025 pengganti dari Magang Merdeka resmi dibuka oleh Kementerian Pendidikan Tinggi Sains dan Teknologi (Kemendikti Saintek).

~MD #MagangBerdampak #MagangMerdeka https://t.co/wHKqL1jqLD","Tue Jun 17 09:43:54 +0000 2025","https://pbs.twimg.com/profile_images/1577144849437888514/d9x3nKN8_normal.jpg","0","0","1","0","1891","2","","in","false",,,"false"
"2068499138686157185","https://x.com/UMMcampus/status/2068499138686157185","Dinobatkan BRIN Sebagai Kampus Paling Porgresif, UMM Mantap Melangkah Jadi Innovation University | https://t.co/QnC1On0YER | #ummcampus #KampusBerdampak #UMMCampusBerdampak https://t.co/4EA4XiokRj","Sun Jun 21 01:00:00 +0000 2026","https://pbs.twimg.com/profile_images/1915287637335957508/vD7FBfdo_normal.jpg","0","0","0","0","98","0","","in","false",,,"false"
"2067774365828063369","https://x.com/UMMcampus/status/2067774365828063369","Cetak Rekor MURI, Guru Besar UMM Kuasai Mimbar Diskusi Islam Internasional | https://t.co/EwqGi9DHZf | #ummcampus #KampusBerdampak #UMMCampusBerdampak https://t.co/6Qgvx2Xkes","Fri Jun 19 01:00:00 +0000 2026","https://pbs.twimg.com/profile_images/1915287637335957508/vD7FBfdo_normal.jpg","0","0","0","0","86","0","","in","false",,,"false"
"2067049589107220753","https://x.com/UMMcampus/status/2067049589107220753","Sarjana Pendidikan Terancam Dihapus Demi Industri, Ini Kata Akademisi UMM | https://t.co/717v73k8lQ | #ummcampus #KampusBerdampak #UMMCampusBerdampak https://t.co/NKPeoiTHms","Wed Jun 17 01:00:00 +0000 2026","https://pbs.twimg.com/profile_images/1915287637335957508/vD7FBfdo_normal.jpg","0","0","0","0","138","0","","in","false",,,"false"
"2066435860703350826","https://x.com/perpus_unmermlg/status/2066435860703350826","PENGUMUMAN

Sehubungan dengan Tahun Baru Hijriyah, maka layanan perpustakaan :

Layanan Tutup, Selasa 16 Juni 2026

Layanan Buka kembali, Rabu 17 Juni 2026

#unmermlg #perpustakaanunmer #kampusberdampak #ksatriabhirawaanoraga https://t.co/oxcUaPCHuN","Mon Jun 15 08:21:16 +0000 2026","https://pbs.twimg.com/profile_images/1333253496976523267/6DHs8iPx_normal.jpg","0","0","0","0","6","0","","in","false",,,"false"
"2066324814709535139","https://x.com/UMMcampus/status/2066324814709535139","Kolaborasi Lintas Negara dan Inovasi Turbin Angin Bawa Mahasiswa UMM Tembus Scopus Q3 Hingga Jadi Lulusan Terbaik | https://t.co/4PCmxoQwIu |  #ummcampus #KampusBerdampak #UMMCampusBerdampak https://t.co/7aqe5XFe5Q","Mon Jun 15 01:00:00 +0000 2026","https://pbs.twimg.com/profile_images/1915287637335957508/vD7FBfdo_normal.jpg","0","0","0","0","106","0","","in","false",,,"false"
"2061976159534075975","https://x.com/UMMcampus/status/2061976159534075975","Mesin Pengering Mie Otomatis Karya Mahasiswa UMM, Bisa Pangkas Biaya Produksi dan Waktu Produksi | https://t.co/7QjEcLdNJv | #ummcampus #KampusBerdampak #UMMCampusBerdampak https://t.co/Ba54ARJx03","Wed Jun 03 01:00:00 +0000 2026","https://pbs.twimg.com/profile_images/1915287637335957508/vD7FBfdo_normal.jpg","0","0","1","0","184","0","","in","false",,,"false"
"2061244210670665771","https://x.com/gunadarma_/status/2061244210670665771","🇮🇩 Selamat Hari Lahir Pancasila, 1 Juni 2026.

Pancasila mempersatukan keberagaman dan menginspirasi perubahan yang bermakna.

UG sebagai #KampusBerdampak terus berkomitmen mencetak generasi unggul yang berkarakter, inovatif, &amp; siap membangun Indonesia.

#HariLahirPancasila2026 https://t.co/5vu05nuK6G","Mon Jun 01 00:31:30 +0000 2026","https://pbs.twimg.com/profile_images/1953329590086295552/9Ew5MBoT_normal.jpg","0","0","1","0","311","0","","in","false",,,"false"
"2059439447972708751","https://x.com/UMMcampus/status/2059439447972708751","“Kamu anak SMA tapi belum tau UMM? ""
Waduh… tidak fantas! Padahal UMM punya banyak pilihan jurusan, fasilitas memadai, hingga beragamnya program CoE buat bekal kamu terjun langsung di dunia kerja! 
#ummcampus #kampusberdampak https://t.co/BEOc213VnO","Wed May 27 01:00:01 +0000 2026","https://pbs.twimg.com/profile_images/1915287637335957508/vD7FBfdo_normal.jpg","1","0","2","0","215","0","","in","false",,,"false"
"2059412294086656289","https://x.com/gunadarma_/status/2059412294086656289","Selamat Hari Raya Idul Adha 1447 H! 🌙🐑

​Semangat berkurban jadi pengingat bagi kita untuk terus menebar manfaat nyata sebagai #KampusBerdampak bagi sesama. 

Semoga keikhlasan & keberkahan selalu menyertai langkah kita semua. 🧡✨

​Gunadarma Untuk Indonesia. 🇮🇩

​#IdulAdha1447H","Tue May 26 23:12:07 +0000 2026","https://pbs.twimg.com/profile_images/1953329590086295552/9Ew5MBoT_normal.jpg","1","0","2","0","487","0","","in","false",,,"false"
"2057989893209596225","https://x.com/UMMcampus/status/2057989893209596225","Memilih program studi bukan cuma soal “suka” atau “ikut teman”, tapi juga tentang kualitas dan masa depan yang ingin kamu bangun. Di UMM, banyak program studi telah terakreditasi unggul bahkan mendapat pengakuan internasional.
#ummcampus #kampusberdampak https://t.co/OjSR2dV8y6","Sat May 23 01:00:00 +0000 2026","https://pbs.twimg.com/profile_images/1915287637335957508/vD7FBfdo_normal.jpg","0","0","2","0","158","0","","in","false",,,"false"
"2057265120678756664","https://x.com/UMMcampus/status/2057265120678756664","Kembangkan Inovasi NutriTrack MBG, Mahasiswa UMM Borong Tiga Penghargaan Internasional | https://t.co/9w2x6nSXhj | #ummcampus #KampusBerdampak #UMMCampusBerdampak https://t.co/UzVzg7xNIA","Thu May 21 01:00:01 +0000 2026","https://pbs.twimg.com/profile_images/1915287637335957508/vD7FBfdo_normal.jpg","0","0","2","0","100","1","","in","false",,,"false"
"2057265117096505674","https://x.com/UMMcampus/status/2057265117096505674","GKB UMM bukan sekadar tempat mahasiswa berkumpul, tapi juga ruang tumbuh bagi banyak mimpi dan harapan!

Di sinilah semangat belajar, berbagi ide terus hidup setiap harinya. Kalau kamu sendiri, punya momen apa yang paling berkesan selama di GKB UMM?

#ummcampus #kampusberdampak https://t.co/LTV4EwKAnr","Thu May 21 01:00:00 +0000 2026","https://pbs.twimg.com/profile_images/1915287637335957508/vD7FBfdo_normal.jpg","2","0","5","0","202","1","","in","false",,,"false"
"2056540341151396173","https://x.com/UMMcampus/status/2056540341151396173","Bukan Sembarang Pemeringkatan, Dosen UMM Raih Top 100 Dunia | https://t.co/W91d8SOKU4 | #ummcampus #KampusBerdampak #UMMCampusBerdampak https://t.co/fHu6EUFiq3","Tue May 19 01:00:00 +0000 2026","https://pbs.twimg.com/profile_images/1915287637335957508/vD7FBfdo_normal.jpg","0","0","2","0","112","0","","in","false",,,"false"
"2055815565466366086","https://x.com/UMMcampus/status/2055815565466366086","Harga Plastik Meroket 100 Persen, Pakar UMM Beri Jurus Jitu agar UMKM Kuliner Tak Gulung Tikar | https://t.co/9lNFyaZgom #ummcampus #KampusBerdampak #UMMCampusBerdampak https://t.co/6Lgredqtle","Sun May 17 01:00:00 +0000 2026","https://pbs.twimg.com/profile_images/1915287637335957508/vD7FBfdo_normal.jpg","2","0","3","0","160","0","","in","false",,,"false"
"2055090788753670500","https://x.com/UMMcampus/status/2055090788753670500","Soroti Komunikasi Publik Pemerintah, Akademisi UMM Ingatkan RI Masuk Jebakan Krisis Energi | https://t.co/yGJYecaCYA | #ummcampus #KampusBerdampak #UMMCampusBerdampak https://t.co/6HAYa7nb1y","Fri May 15 01:00:00 +0000 2026","https://pbs.twimg.com/profile_images/1915287637335957508/vD7FBfdo_normal.jpg","1","0","2","0","126","0","","in","false",,,"false"
"2054366013593128979","https://x.com/UMMcampus/status/2054366013593128979","Akademisi Kesehatan UMM Peringatkan Bahaya Tersembunyi Cuaca Panas | https://t.co/zxEvOmEh8H | #ummcampus #KampusBerdampak #UMMCampusBerdampak https://t.co/H02HLyzwY4","Wed May 13 01:00:00 +0000 2026","https://pbs.twimg.com/profile_images/1915287637335957508/vD7FBfdo_normal.jpg","0","0","2","0","129","1","","in","false",,,"false"
"2052191691717652593","https://x.com/UMMcampus/status/2052191691717652593","Kasus Dugaan Markup Videografer Buka Perdebatan, Dosen UMM Jelaskan Mengapa Brainstorming hingga Editing Punya Nilai Ekonomi | https://t.co/SqMOblRIN4 | #ummcampus #KampusBerdampak #UMMCampusBerdampak https://t.co/rRPIfCg3SF","Thu May 07 01:00:01 +0000 2026","https://pbs.twimg.com/profile_images/1915287637335957508/vD7FBfdo_normal.jpg","0","1","3","0","169","0","","in","false",,,"false"
"2050380477220200720","https://x.com/gunadarma_/status/2050380477220200720","Selamat Hari Pendidikan Nasional 2026!

Mari perkuat partisipasi semesta untuk wujudkan pendidikan bermutu bagi semua. Belajar bukan untuk pintar sendiri, tapi untuk berbagi &amp; berdampak. 🤝🚀

​Gunadarma Untuk Indonesia. 🧡🇮🇩

​#Hardiknas2026 #Gunadarma #KampusBerdampak https://t.co/yhvcIyjZHj","Sat May 02 01:02:54 +0000 2026","https://pbs.twimg.com/profile_images/1953329590086295552/9Ew5MBoT_normal.jpg","1","1","4","0","735","0","","in","false",,,"false"
"2046421387708162371","https://x.com/gunadarma_/status/2046421387708162371","Selamat Hari Kartini 2026! 

Universitas Gunadarma bangga menjadi wadah bagi perempuan-perempuan hebat untuk terus berkarya &amp; berinovasi tanpa batas. 🥂🚀

​Inilah wujud nyata #KampusBerdampak mendukung setiap perempuan untuk jadi pemimpin masa depan. Be smart, be bold! 💙🇮🇩 https://t.co/FS9HMv18H4","Tue Apr 21 02:50:54 +0000 2026","https://pbs.twimg.com/profile_images/1953329590086295552/9Ew5MBoT_normal.jpg","0","0","4","0","389","0","","in","false",,,"false"
"2046086280518455515","https://x.com/gunadarma_/status/2046086280518455515","Selamat &amp; Sukses kepada para Dosen Universitas Gunadarma (UG) atas raihan Hibah Penelitian TA 2026! 🥂

Inilah manifestasi nyata UG sebagai #KampusBerdampak. UG berkomitmen untuk terus menghadirkan riset berkualitas yang relevan dengan kemajuan zaman. 🧪🚀💙🇮🇩 https://t.co/zPY5WfO9jU","Mon Apr 20 04:39:18 +0000 2026","https://pbs.twimg.com/profile_images/1953329590086295552/9Ew5MBoT_normal.jpg","3","0","5","0","503","0","","in","false",,,"false"
"2039844447572377935","https://x.com/gunadarma_/status/2039844447572377935","Selamat Jumat Agung, 3 April 2026.

“Dari pengorbanan lahir harapan, dari kasih lahir kekuatan.”

Semoga kita semua terinspirasi untuk terus berbuat baik dan berdampak bagi sesama. 🤍

#JumatAgung #Gunadarma #KampusBerdampak https://t.co/MZyzfrb7ye","Thu Apr 02 23:16:29 +0000 2026","https://pbs.twimg.com/profile_images/1953329590086295552/9Ew5MBoT_normal.jpg","0","0","4","0","436","0","","in","false",,,"false"
"2038802311385108859","https://x.com/UnivTerbuka/status/2038802311385108859","#UTBerdampak #KampusBerdampak #GenZTips #HobiProduktif","Tue Mar 31 02:15:24 +0000 2026","https://pbs.twimg.com/profile_images/875662141189009408/e42wXS1R_normal.jpg","0","0","0","0","187","0","","qht","true",,,"false"
"2037859565505765602","https://x.com/UnivTerbuka/status/2037859565505765602","#JanganTakutKuliah #UTBerdampak #KampusBerdampak #UTDaerah","Sat Mar 28 11:49:16 +0000 2026","https://pbs.twimg.com/profile_images/875662141189009408/e42wXS1R_normal.jpg","0","0","0","0","173","0","","qht","true",,,"false"
"2035521848901832737","https://x.com/UMMcampus/status/2035521848901832737","Rajin Meneliti dan Publikasi, Mahasiswa UMM Ini Terbang ke Portugal | https://t.co/uSeMGY2g6H | #ummcampus #KampusBerdampak #UMMCampusBerdampak https://t.co/dcWX02Vr6s","Sun Mar 22 01:00:01 +0000 2026","https://pbs.twimg.com/profile_images/1915287637335957508/vD7FBfdo_normal.jpg","0","0","1","0","280","0","","in","false",,,"false"
"2034442218443035034","https://x.com/gunadarma_/status/2034442218443035034","Selamat Hari Raya Nyepi 2026 bagi yang merayakan! 🧘‍♂️✨ 

Mari jadikan momen ""spiritual reset"" ini untuk menemukan kedamaian dalam hening. 

Semoga kebahagiaan selalu menyertai kita semua. 🕯️🧡 

#Nyepi2026 #Gunadarma #KampusBerdampak https://t.co/OWMTmgIhhw","Thu Mar 19 01:29:57 +0000 2026","https://pbs.twimg.com/profile_images/1953329590086295552/9Ew5MBoT_normal.jpg","0","0","2","0","329","0","","in","false",,,"false"
"2030493681552359850","https://x.com/umsofficialid/status/2030493681552359850","Women are an essential part of the birth of knowledge, progress, and the future.

Today we celebrate the contributions, courage, and dedication of women in building civilization.
Happy International Women’s Day. 

#ums #kampusberdampak #givetogain https://t.co/mb0UWNNrMQ","Sun Mar 08 03:59:53 +0000 2026","https://pbs.twimg.com/profile_images/1556964544936681472/_PAPPuFw_normal.jpg","0","2","3","0","107","0","","en","false",,,"false"
"2030441125417480491","https://x.com/swaragamafm/status/2030441125417480491","dukungan dan aksesibilitas untuk keunikan mahasiswa

#invisibledisability #kampusberdampak #diktisaintekberdampak #SwaragamaFM","Sun Mar 08 00:31:02 +0000 2026","https://pbs.twimg.com/profile_images/2019015465557995520/9Gt0TqUu_normal.jpg","0","0","0","0","94","0","","in","true",,,"false"
"2030213467765170651","https://x.com/gunadarma_/status/2030213467765170651","🏆 Dosen Universitas Gunadarma sukses raih pendanaan penelitian TA 2026! 🥂👏

Dari inovasi AI hingga smart farming, ini bukti nyata #KampusBerdampak bagi kemajuan bangsa. Proud of our researchers! 🚀🧡

Gunadarma Untuk Indonesia. 🇮🇩✨

#Gunadarma #KampusBerdampak https://t.co/rAnwvK08iQ","Sat Mar 07 09:26:24 +0000 2026","https://pbs.twimg.com/profile_images/1953329590086295552/9Ew5MBoT_normal.jpg","1","0","2","0","353","0","","in","false",,,"false"
"2024287825013997885","https://x.com/UMMcampus/status/2024287825013997885","Angkat Tentang Menstruasi, Penelitian Mahasiswa UMM Tembus Publikasi Scopus | https://t.co/w3TFtiezZZ | #ummcampus #KampusBerdampak #UMMCampusBerdampak https://t.co/yaNJgCIcB9","Thu Feb 19 01:00:01 +0000 2026","https://pbs.twimg.com/profile_images/1915287637335957508/vD7FBfdo_normal.jpg","0","0","3","0","269","0","","in","false",,,"false"
"2024038006018216183","https://x.com/umsofficialid/status/2024038006018216183","Semoga bukan sekadar niat.
Ramadan tahun ini menjadi pembuktian untuk lebih konsisten, lebih ikhlas, dan penuh makna yang berdampak.

#ums #ramadan #kampusberdampak https://t.co/jhXmyCkA9B","Wed Feb 18 08:27:20 +0000 2026","https://pbs.twimg.com/profile_images/1556964544936681472/_PAPPuFw_normal.jpg","0","0","2","0","105","0","","in","false",,,"false"
"2022929551274438711","https://x.com/perpustakaanupi/status/2022929551274438711","Sehubungan dengan Libur dan Cuti Bersama dalam rangka ""Memperingati Tahun Baru Imlek"", diinformasikan bahwa Layanan Perpustakaan UPI:
​Tutup: 16 - 17 Februari 2026
​Buka Kembali: Rabu, 18 Februari 2026. #kampusberdampak https://t.co/Pi3xu3bdXE","Sun Feb 15 07:02:43 +0000 2026","https://pbs.twimg.com/profile_images/1470597156826345482/6XG-istY_normal.jpg","0","0","2","0","180","0","","in","false",,,"false"
"2019681025581019369","https://x.com/UnivTerbuka/status/2019681025581019369","#KampusBerdampak #ReminderUT #DeadlineAlert","Fri Feb 06 07:54:15 +0000 2026","https://pbs.twimg.com/profile_images/875662141189009408/e42wXS1R_normal.jpg","0","0","0","0","597","0","","qht","true",,,"false"
"2016366596793778550","https://x.com/gunadarma_/status/2016366596793778550","🎓 Saksikan Wisuda D3, S1, S2 &amp; S3 Universitas Gunadarma!

📅 Kamis, 29 Jan 2026 | ⏰ 08.30 WIB
📍 Live dari JICC
🎥 UGTV (31 UHF), UGTV Mobile, https://t.co/81yryJtMpd &amp; YouTube UGTV Official

Jangan lewatkan! ✨

#wisudagunadarma #gunadarma #kampusberdampak https://t.co/lg73N2tASl","Wed Jan 28 04:23:53 +0000 2026","https://pbs.twimg.com/profile_images/1953329590086295552/9Ew5MBoT_normal.jpg","0","0","2","1","618","0","","in","false",,,"false"
"2016085045791097302","https://x.com/UnivTerbuka/status/2016085045791097302","#KampusBerdampak #PendaftaranMahasiswaBaruUT #AdmisiUT","Tue Jan 27 09:45:06 +0000 2026","https://pbs.twimg.com/profile_images/875662141189009408/e42wXS1R_normal.jpg","0","0","0","0","180","0","","qht","true",,,"false"
"2012536394074513457","https://x.com/Kemdiktisaintek/status/2012536394074513457","Program ini akan melibatkan ribuan mahasiswa dari berbagai disiplin untuk mendukung pemulihan ekonomi, kesehatan, layanan publik, serta ketahanan komunitas pascabencana.

#DiktisaintekBerdampak
#KampusBerdampak
#MahasiswaBerdampak https://t.co/VeXl3Vl2PC","Sat Jan 17 14:44:02 +0000 2026","https://pbs.twimg.com/profile_images/2029827458510565376/FIB5Wf_5_normal.jpg","2","1","4","0","316","0","","in","true",,,"false"
"2012445181232943397","https://x.com/its_campus/status/2012445181232943397","#ITS #itscampus #KampusBerdampak #RehabilitasiBencana #Kebencanaan #SDGs #WorldClassUniversity #IndonesiaTangguh","Sat Jan 17 08:41:35 +0000 2026","https://pbs.twimg.com/profile_images/1371369262795825154/s8oWnJYU_normal.jpg","0","0","0","0","256","0","","qht","true",,,"false"
"2011987949223887225","https://x.com/UnivTerbuka/status/2011987949223887225","#UTBerdampak #KampusBerdampak #IsraMiraj","Fri Jan 16 02:24:42 +0000 2026","https://pbs.twimg.com/profile_images/875662141189009408/e42wXS1R_normal.jpg","0","0","0","0","200","0","","qht","true",,,"false"
"2011377859722703166","https://x.com/UnivTerbuka/status/2011377859722703166","#UTBerdampak #KampusBerdampak #SAKIP #PredikatA #Kemdiktisaintek #AkuntabilitasKinerja","Wed Jan 14 10:00:26 +0000 2026","https://pbs.twimg.com/profile_images/875662141189009408/e42wXS1R_normal.jpg","0","0","0","0","193","0","","qht","true",,,"false"
"2010517082379784541","https://x.com/UMMcampus/status/2010517082379784541","Maraknya Balap Liar, Dosen UMM Soroti Minimnya Ruang Ekspresi Anak Muda | https://t.co/8ClNTMIrzE | #ummcampus #KampusBerdampak #UMMCampusBerdampak https://t.co/icynwRjoqD","Mon Jan 12 01:00:00 +0000 2026","https://pbs.twimg.com/profile_images/1915287637335957508/vD7FBfdo_normal.jpg","0","0","2","0","177","0","","in","false",,,"false"
"2008816357312458976","https://x.com/UnivTerbuka/status/2008816357312458976","#KampusBerdampak #PendidikanUntukSemua #UTInklusif","Wed Jan 07 08:21:56 +0000 2026","https://pbs.twimg.com/profile_images/875662141189009408/e42wXS1R_normal.jpg","0","0","0","0","214","0","","qht","true",,,"false"
"2008743084209889713","https://x.com/UnivTerbuka/status/2008743084209889713","#UTBerdampak #KampusBerdampak #IGLive","Wed Jan 07 03:30:46 +0000 2026","https://pbs.twimg.com/profile_images/875662141189009408/e42wXS1R_normal.jpg","0","0","0","0","540","0","","qht","true",,,"false"
"2008085788781936951","https://x.com/UnivTerbuka/status/2008085788781936951","#JanganTakutKuliah #UTBerdampak #KampusBerdampak","Mon Jan 05 07:58:55 +0000 2026","https://pbs.twimg.com/profile_images/875662141189009408/e42wXS1R_normal.jpg","0","0","0","0","228","0","","qht","true",,,"false"
"2007491229026849065","https://x.com/UnivTerbuka/status/2007491229026849065","#KampusBerdampak","Sat Jan 03 16:36:21 +0000 2026","https://pbs.twimg.com/profile_images/875662141189009408/e42wXS1R_normal.jpg","0","0","0","0","245","0","","qht","true",,,"false"
"2006976548252041375","https://x.com/UnivTerbuka/status/2006976548252041375","#KampusBerdampak #MimpiJadiNyata #PendaftaranMahasiswaBaru","Fri Jan 02 06:31:11 +0000 2026","https://pbs.twimg.com/profile_images/875662141189009408/e42wXS1R_normal.jpg","0","0","0","0","223","0","","qht","true",,,"false"
"2006758698182652103","https://x.com/UnivTerbuka/status/2006758698182652103","#KampusBerdampak #Kaleidoskop2025 #UTMasaDepan #BanggaJadiMahasiswaUT","Thu Jan 01 16:05:32 +0000 2026","https://pbs.twimg.com/profile_images/875662141189009408/e42wXS1R_normal.jpg","0","0","0","0","272","0","","qht","true",,,"false"
"2006630192052412735","https://x.com/UnivTerbuka/status/2006630192052412735","#KampusBerdampak #YouMustYouWill","Thu Jan 01 07:34:53 +0000 2026","https://pbs.twimg.com/profile_images/875662141189009408/e42wXS1R_normal.jpg","0","0","0","0","229","0","","qht","true",,,"false"
"2005836221495533713","https://x.com/UnivTerbuka/status/2005836221495533713","#KampusBerdampak #MahasiswaUT #wondrBNI #PembayaranUangKuliah #rejekiwondrBNI","Tue Dec 30 02:59:56 +0000 2025","https://pbs.twimg.com/profile_images/875662141189009408/e42wXS1R_normal.jpg","0","0","0","0","321","0","","qht","true",,,"false"
"2005651394506969269","https://x.com/UnivTerbuka/status/2005651394506969269","#KampusBerdampak","Mon Dec 29 14:45:30 +0000 2025","https://pbs.twimg.com/profile_images/875662141189009408/e42wXS1R_normal.jpg","0","0","0","0","403","0","","qht","true",,,"false"
"2005538111783334132","https://x.com/UnivTerbuka/status/2005538111783334132","#KampusBerdampak","Mon Dec 29 07:15:21 +0000 2025","https://pbs.twimg.com/profile_images/875662141189009408/e42wXS1R_normal.jpg","0","0","0","0","273","0","","qht","true",,,"false"
"2005472510872289421","https://x.com/UnivTerbuka/status/2005472510872289421","#KampusBerdampak #MahasiswaBerprestasi","Mon Dec 29 02:54:41 +0000 2025","https://pbs.twimg.com/profile_images/875662141189009408/e42wXS1R_normal.jpg","0","0","0","0","259","0","","qht","true",,,"false"
"2004740149243170866","https://x.com/UnivTerbuka/status/2004740149243170866","#KampusBerdampak #SelfDetermination #AutonomyCompetenceRelatedness #MahasiswaUT","Sat Dec 27 02:24:32 +0000 2025","https://pbs.twimg.com/profile_images/875662141189009408/e42wXS1R_normal.jpg","0","0","0","0","298","0","","qht","true",,,"false"
"2004119440523489492","https://x.com/UnivTerbuka/status/2004119440523489492","#KampusBerdampak #PendaftaranMahasiswaBaru","Thu Dec 25 09:18:04 +0000 2025","https://pbs.twimg.com/profile_images/875662141189009408/e42wXS1R_normal.jpg","0","0","0","0","231","0","","qht","true",,,"false"
"2003718551484723662","https://x.com/UnivTerbuka/status/2003718551484723662","#KampusBerdampak #AnugerahHumasDiktiSaintek2025
#PrestasiPerguruanTinggi #KampusBerprestasi #UTJuara #UTBerprestas","Wed Dec 24 06:45:04 +0000 2025","https://pbs.twimg.com/profile_images/875662141189009408/e42wXS1R_normal.jpg","0","0","0","0","211","0","","qht","true",,,"false"
"2003337497108185576","https://x.com/UnivTerbuka/status/2003337497108185576","#KampusBerdampak #MahasiswaBerprestasi","Tue Dec 23 05:30:54 +0000 2025","https://pbs.twimg.com/profile_images/875662141189009408/e42wXS1R_normal.jpg","0","0","1","0","242","0","","qht","true",,,"false"
"2001276704485265906","https://x.com/UnivTerbuka/status/2001276704485265906","#KampusBerdampak #PredikatInformatif #Komisi Informasi Pusat #KIP #TransparansiPendidikan #UTTerbukaUntukSemua","Wed Dec 17 13:02:02 +0000 2025","https://pbs.twimg.com/profile_images/875662141189009408/e42wXS1R_normal.jpg","0","0","0","0","325","0","","in","true",,,"false"
"2001218568931704959","https://x.com/UnivTerbuka/status/2001218568931704959","#KampusBerdampak #IGLive","Wed Dec 17 09:11:02 +0000 2025","https://pbs.twimg.com/profile_images/875662141189009408/e42wXS1R_normal.jpg","0","0","0","0","624","0","","qht","true",,,"false"
"1999302421089292551","https://x.com/UnivTerbuka/status/1999302421089292551","#KampusBerdampak #PKMUT #KewirausahaanUT","Fri Dec 12 02:16:57 +0000 2025","https://pbs.twimg.com/profile_images/875662141189009408/e42wXS1R_normal.jpg","0","0","0","0","210","0","","qht","true",,,"false"
"1997833507905912848","https://x.com/UMMcampus/status/1997833507905912848","Teliti AI dan Bahasa, Dosen UMM Raih Beasiswa ke Austria | https://t.co/VdaBFuBGst | #ummcampus #KampusBerdampak #UMMCampusBerdampak https://t.co/yCmxAorhUO","Mon Dec 08 01:00:00 +0000 2025","https://pbs.twimg.com/profile_images/1915287637335957508/vD7FBfdo_normal.jpg","0","0","1","0","282","0","","in","false",,,"false"
"1950821247690190964","https://x.com/UnivTerbuka/status/1950821247690190964","#JanganTakutKuliah #UTBerdampak #KampusBerdampak #LayananUT","Thu Jul 31 07:30:04 +0000 2025","https://pbs.twimg.com/profile_images/875662141189009408/e42wXS1R_normal.jpg","0","0","0","0","477","0","","qht","true",,,"false"
"1950806642599272660","https://x.com/UnivTerbuka/status/1950806642599272660","#JanganTakutKuliah #UTBerdampak #KampusBerdampak #IGLive #BTN","Thu Jul 31 06:32:02 +0000 2025","https://pbs.twimg.com/profile_images/875662141189009408/e42wXS1R_normal.jpg","0","0","0","0","632","0","","qht","true",,,"false"
"1950745485972578414","https://x.com/UnivTerbuka/status/1950745485972578414","#JanganTakutKuliah #UTBerdampak #KampusBerdampak #IGLive #SosialiasiKurba #ProdiMatematika #FST","Thu Jul 31 02:29:01 +0000 2025","https://pbs.twimg.com/profile_images/875662141189009408/e42wXS1R_normal.jpg","0","0","0","0","619","0","","qht","true",,,"false"
"1950499736970289470","https://x.com/UnivTerbuka/status/1950499736970289470","#JanganTakutKuliah #UTBerdampak #KampusBerdampak #RegistrasiMataKuliah #KurikulumBaru #SIPASUT","Wed Jul 30 10:12:30 +0000 2025","https://pbs.twimg.com/profile_images/875662141189009408/e42wXS1R_normal.jpg","0","0","0","0","379","0","","qht","true",,,"false"
"1950441785349853246","https://x.com/UnivTerbuka/status/1950441785349853246","#JanganTakutKuliah #UTBerdampak #KampusBerdampak #RegistrasiMataKuliah #KurikulumBaru #NonSIPASUT","Wed Jul 30 06:22:13 +0000 2025","https://pbs.twimg.com/profile_images/875662141189009408/e42wXS1R_normal.jpg","0","0","0","0","362","0","","qht","true",,,"false"
"1950367809982386255","https://x.com/UnivTerbuka/status/1950367809982386255","#JanganTakutKuliah #UTBerdampak #KampusBerdampak #QRISBNI","Wed Jul 30 01:28:16 +0000 2025","https://pbs.twimg.com/profile_images/875662141189009408/e42wXS1R_normal.jpg","0","0","0","0","401","0","","qht","true",,,"false"
"1950115752637583567","https://x.com/UnivTerbuka/status/1950115752637583567","#JanganTakutKuliah #UTBerdampak #KampusBerdampak #WebinarPendidikan #AdministrasiPublik #UTxUSM","Tue Jul 29 08:46:41 +0000 2025","https://pbs.twimg.com/profile_images/875662141189009408/e42wXS1R_normal.jpg","0","0","0","0","324","0","","qht","true",,,"false"
"1950080878316835227","https://x.com/UnivTerbuka/status/1950080878316835227","#JanganTakutKuliah #UTBerdampak #KampusBerdampak #GenZBelajar #SemangatKuliah","Tue Jul 29 06:28:06 +0000 2025","https://pbs.twimg.com/profile_images/875662141189009408/e42wXS1R_normal.jpg","0","0","0","0","312","0","","qht","true",,,"false"
"1950033577086681315","https://x.com/UnivTerbuka/status/1950033577086681315","#JanganTakutKuliah #UTBerdampak #KampusBerdampak #IGLive #OSC2025","Tue Jul 29 03:20:09 +0000 2025","https://pbs.twimg.com/profile_images/875662141189009408/e42wXS1R_normal.jpg","0","0","0","0","384","0","","qht","true",,,"false"
"1949840151787765920","https://x.com/UnivTerbuka/status/1949840151787765920","#JanganTakutKuliah #UTBerdampak #KampusBerdampak #UTUntukMasyarakat #PengabdianMasyarakat #PemberdayaanUMKM","Mon Jul 28 14:31:33 +0000 2025","https://pbs.twimg.com/profile_images/875662141189009408/e42wXS1R_normal.jpg","0","0","1","0","337","0","","qht","true",,,"false"
"1949767765830807573","https://x.com/UnivTerbuka/status/1949767765830807573","#JanganTakutKuliah #UTBerdampak #KampusBerdampak #SarjanaWirausaha #EntrepreneurshipEducation #KewirausahaanUT","Mon Jul 28 09:43:54 +0000 2025","https://pbs.twimg.com/profile_images/875662141189009408/e42wXS1R_normal.jpg","0","0","0","0","316","0","","qht","true",,,"false"
"1949652475935428920","https://x.com/UnivTerbuka/status/1949652475935428920","#JanganTakutKuliah #UTBerdampak #KampusBerdampak #WisudaUTPusat2025","Mon Jul 28 02:05:47 +0000 2025","https://pbs.twimg.com/profile_images/875662141189009408/e42wXS1R_normal.jpg","0","0","1","0","362","0","","qht","true",,,"false"
"1949492657056813343","https://x.com/UnivTerbuka/status/1949492657056813343","#JanganTakutKuliah #UTBerdampak #KampusBerdampak #UTUntukSemua #Agribisnis #GenerasiTangguh #UTxJICA #PendidikanBerkelanjutan","Sun Jul 27 15:30:43 +0000 2025","https://pbs.twimg.com/profile_images/875662141189009408/e42wXS1R_normal.jpg","0","0","0","0","403","0","","qht","true",,,"false"
"1948980502364651608","https://x.com/UnivTerbuka/status/1948980502364651608","#JanganTakutKuliah #UTBerdampak #KampusBerdampak #LayananUT","Sat Jul 26 05:35:36 +0000 2025","https://pbs.twimg.com/profile_images/875662141189009408/e42wXS1R_normal.jpg","0","0","0","0","441","0","","qht","true",,,"false"
"1948920012917670069","https://x.com/UnivTerbuka/status/1948920012917670069","#JanganTakutKuliah #UTBerdampak #KampusBerdampak #MahasiswaBerprestasiUT","Sat Jul 26 01:35:14 +0000 2025","https://pbs.twimg.com/profile_images/875662141189009408/e42wXS1R_normal.jpg","0","0","0","0","439","0","","qht","true",,,"false"
"1948804124579168259","https://x.com/UnivTerbuka/status/1948804124579168259","#JanganTakutKuliah #UTBerdampak #KampusBerdampak #UIGreenMetric2024","Fri Jul 25 17:54:44 +0000 2025","https://pbs.twimg.com/profile_images/875662141189009408/e42wXS1R_normal.jpg","0","0","0","0","436","0","","qht","true",,,"false"
"1948800933800116259","https://x.com/UnivTerbuka/status/1948800933800116259","#JanganTakutKuliah #UTBerdampak #KampusBerdampak #RPL2025 #NonRPL2025 #KuliahYuk #PendaftaranMahasiswaBaru #SiapKuliah #LIPAdmisi","Fri Jul 25 17:42:04 +0000 2025","https://pbs.twimg.com/profile_images/875662141189009408/e42wXS1R_normal.jpg","0","0","0","0","405","0","","qht","true",,,"false"
"1948658153715024204","https://x.com/UnivTerbuka/status/1948658153715024204","#JanganTakutKuliah #UTBerdampak #KampusBerdampak #CareerFairUT2025","Fri Jul 25 08:14:42 +0000 2025","https://pbs.twimg.com/profile_images/875662141189009408/e42wXS1R_normal.jpg","0","0","0","0","320","0","","qht","true",,,"false"
"1948558911914869161","https://x.com/UnivTerbuka/status/1948558911914869161","#JanganTakutKuliah #UTBerdampak #KampusBerdampak #IGLive #FST #ProdiPerencanaanWilayahdanKota #KurikulumBaru2025","Fri Jul 25 01:40:21 +0000 2025","https://pbs.twimg.com/profile_images/875662141189009408/e42wXS1R_normal.jpg","0","0","0","0","554","0","","qht","true",,,"false"
"1948324319630610917","https://x.com/UnivTerbuka/status/1948324319630610917","#JanganTakutKuliah #UTBerdampak #KampusBerdampak #UTIndonesia #JalurRPL #BarengBarengKuliah #UTBisa #PendidikanTanpaBatas #RPLUT #AyoKuliahLagi #TemanSeperjuangan","Thu Jul 24 10:08:10 +0000 2025","https://pbs.twimg.com/profile_images/875662141189009408/e42wXS1R_normal.jpg","0","0","0","0","388","0","","qht","true",,,"false"
"1948226125014168058","https://x.com/UnivTerbuka/status/1948226125014168058","#JanganTakutKuliah #UTBerdampak #KampusBerdampak #MahasiswaUT #LiterasiDigital #BedahBukuNexus #TransformasiDigital #TeknologiUntukMasaDepan #GenerasiDigital #UTInspirasiku","Thu Jul 24 03:37:59 +0000 2025","https://pbs.twimg.com/profile_images/875662141189009408/e42wXS1R_normal.jpg","0","0","1","0","348","0","","qht","true",,,"false"
"1947841669958922433","https://x.com/UnivTerbuka/status/1947841669958922433","#JanganTakutKuliah #UTBerdampak #KampusBerdampak #MahasiswaBerprestasiUT","Wed Jul 23 02:10:17 +0000 2025","https://pbs.twimg.com/profile_images/875662141189009408/e42wXS1R_normal.jpg","0","0","0","0","391","0","","qht","true",,,"false"
"1947686637967970715","https://x.com/UnivTerbuka/status/1947686637967970715","#JanganTakutKuliah #UTBerdampak #KampusBerdampak #UTIndonesia #JalurRPL #KuliahTanpaRibet #UTBisa #PendidikanTerbuka #RPLUT #AyoKuliahLagi","Tue Jul 22 15:54:15 +0000 2025","https://pbs.twimg.com/profile_images/875662141189009408/e42wXS1R_normal.jpg","0","1","0","0","487","0","","qht","true",,,"false"
"1947572343624356074","https://x.com/UnivTerbuka/status/1947572343624356074","#JanganTakutKuliah #UTBerdampak #KampusBerdampak #UTIndonesia #GenZBisa #KampusFavoritGenZ #UTBisa #PendidikanTanpaBatas #JalurRPL #NonRPL #AyoKuliahLagi","Tue Jul 22 08:20:05 +0000 2025","https://pbs.twimg.com/profile_images/875662141189009408/e42wXS1R_normal.jpg","0","0","0","0","413","0","","qht","true",,,"false"
"1947567285402800558","https://x.com/UnivTerbuka/status/1947567285402800558","#JanganTakutKuliah #UTBerdampak #KampusBerdampak #IGLive #FST #ProdiTeknologiPangan #KurikulumBaru2025","Tue Jul 22 07:59:59 +0000 2025","https://pbs.twimg.com/profile_images/875662141189009408/e42wXS1R_normal.jpg","0","0","0","0","463","0","","qht","true",,,"false"
"1947316096660566074","https://x.com/UnivTerbuka/status/1947316096660566074","#JanganTakutKuliah #UTBerdampak #KampusBerdampak #ProgresItuNyata #BelajarTanpaBatas","Mon Jul 21 15:21:51 +0000 2025","https://pbs.twimg.com/profile_images/875662141189009408/e42wXS1R_normal.jpg","0","0","0","0","433","0","","qht","true",,,"false"
"1947223599179587778","https://x.com/UnivTerbuka/status/1947223599179587778","#JanganTakutKuliah #UTBerdampak #KampusBerdampak #MahasiswaBerprestasiUT","Mon Jul 21 09:14:18 +0000 2025","https://pbs.twimg.com/profile_images/875662141189009408/e42wXS1R_normal.jpg","0","1","0","0","360","0","","qht","true",,,"false"
"1947188949774152102","https://x.com/UnivTerbuka/status/1947188949774152102","#JanganTakutKuliah #UTBerdampak #KampusBerdampak #IGLive #FST #ProdiBiologi #KurikulumBaru2025","Mon Jul 21 06:56:37 +0000 2025","https://pbs.twimg.com/profile_images/875662141189009408/e42wXS1R_normal.jpg","0","0","0","0","479","0","","qht","true",,,"false"
"1947048393689481656","https://x.com/UnivTerbuka/status/1947048393689481656","#JanganTakutKuliah #UTBerdampak #KampusBerdampak #MahasiswaUT #UTTanpaBatas #BanggaJadiMahasiswaUT #LangkahKecilHariIni #TumbuhSetiapHari #SuksesAdalahPilihan","Sun Jul 20 21:38:06 +0000 2025","https://pbs.twimg.com/profile_images/875662141189009408/e42wXS1R_normal.jpg","0","0","0","0","488","0","","qht","true",,,"false"
"1946816341555699880","https://x.com/UnivTerbuka/status/1946816341555699880","#JanganTakutKuliah #UTBerdampak #KampusBerdampak #CareerFairUT2025","Sun Jul 20 06:16:00 +0000 2025","https://pbs.twimg.com/profile_images/875662141189009408/e42wXS1R_normal.jpg","0","0","0","0","457","0","","qht","true",,,"false"
"1946561183785562272","https://x.com/UnivTerbuka/status/1946561183785562272","#JanganTakutKuliah #UTBerdampak #KampusBerdampak #MahasiswaBerprestasiUT","Sat Jul 19 13:22:06 +0000 2025","https://pbs.twimg.com/profile_images/875662141189009408/e42wXS1R_normal.jpg","0","0","0","0","434","0","","qht","true",,,"false"
"1946485483003068863","https://x.com/UnivTerbuka/status/1946485483003068863","#JanganTakutKuliah #UTBerdampak #KampusBerdampak #KuliahAntiRibet #FleksibelDanBerkualitas #AyoKuliahDiUT","Sat Jul 19 08:21:17 +0000 2025","https://pbs.twimg.com/profile_images/875662141189009408/e42wXS1R_normal.jpg","0","0","0","0","383","0","","qht","true",,,"false"
"1946388913222025561","https://x.com/UnivTerbuka/status/1946388913222025561","#JanganTakutKuliah #UTBerdampak #KampusBerdampak #MahasiswaUT #UTTanpaBatas #BanggaJadiMahasiswaUT","Sat Jul 19 01:57:33 +0000 2025","https://pbs.twimg.com/profile_images/875662141189009408/e42wXS1R_normal.jpg","0","0","0","0","375","0","","qht","true",,,"false"
"1945019831067025789","https://x.com/UnivTerbuka/status/1945019831067025789","#JanganTakutKuliah #UTBerdampak #KampusBerdampak #MahasiswaBerprestasiUT","Tue Jul 15 07:17:19 +0000 2025","https://pbs.twimg.com/profile_images/875662141189009408/e42wXS1R_normal.jpg","0","0","0","0","386","0","","qht","true",,,"false"
"1942136949336326408","https://x.com/UnivTerbuka/status/1942136949336326408","#JanganTakutKuliah #UTBerdampak #KampusBerdampak #KBMK2025 #UTBisa #KompetisiNasional #MahasiswaBerprestasi #IlmuBisnis #Manajemen #Keuangan","Mon Jul 07 08:21:46 +0000 2025","https://pbs.twimg.com/profile_images/875662141189009408/e42wXS1R_normal.jpg","0","0","0","0","416","0","","qht","true",,,"false"
"1942049320515338308","https://x.com/UnivTerbuka/status/1942049320515338308","#JanganTakutKuliah #UTBerdampak #KampusBerdampak #UTMendunia #PendidikanTanpaBatas #UTTimorLeste #KampusUntukSemua #KolaborasiGlobal #PendidikanBermutu #UT2025","Mon Jul 07 02:33:34 +0000 2025","https://pbs.twimg.com/profile_images/875662141189009408/e42wXS1R_normal.jpg","0","0","0","0","425","0","","qht","true",,,"false"
"1941022632935362943","https://x.com/UnivTerbuka/status/1941022632935362943","#JanganTakutKuliah #UTBerdampak #KampusBerdampak #MagangBerdampak #DiktiristekBerdampak #KampusMerdeka #UTRadio #SeputarUT #CalonRektorUT2025 #MencariBintang","Fri Jul 04 06:33:52 +0000 2025","https://pbs.twimg.com/profile_images/875662141189009408/e42wXS1R_normal.jpg","0","0","0","0","465","0","","qht","true",,,"false"
"1940722138929140185","https://x.com/UnivTerbuka/status/1940722138929140185","#JanganTakutKuliah #UTBerdampak #KampusBerdampak #DebatCalonRektorUT2025 #MencariBintang #RektorUT2025_2030","Thu Jul 03 10:39:49 +0000 2025","https://pbs.twimg.com/profile_images/875662141189009408/e42wXS1R_normal.jpg","0","0","0","0","371","0","","qht","true",,,"false"
"1940674137544118400","https://x.com/UnivTerbuka/status/1940674137544118400","#JanganTakutKuliah #UTBerdampak #KampusBerdampak #RegistrasiMataKuliah #KurikulumBaru #SIPASUT","Thu Jul 03 07:29:05 +0000 2025","https://pbs.twimg.com/profile_images/875662141189009408/e42wXS1R_normal.jpg","0","0","0","0","329","0","","qht","true",,,"false"
"1940621828864774451","https://x.com/gunadarma_/status/1940621828864774451","Siap jadi #AgenPerubahan? Program #MagangBerdampak UG siap bekali kamu! Konversi SKS, bimbingan ahli, &amp; dampak nyata. Cek Studentsite https://t.co/kVmYy7xnhy 

#KampusBerdampak https://t.co/WU5hlVuDKn","Thu Jul 03 04:01:13 +0000 2025","https://pbs.twimg.com/profile_images/1953329590086295552/9Ew5MBoT_normal.jpg","0","0","3","0","1038","0","","in","false",,,"false"
"1940616301367718103","https://x.com/UnivTerbuka/status/1940616301367718103","#JanganTakutKuliah #UTBerdampak #KampusBerdampak #MagangBerdampak #DiktiristekBerdampak #KampusMerdeka #UTRadio #SeputarUT #CalonRektorUT2025","Thu Jul 03 03:39:15 +0000 2025","https://pbs.twimg.com/profile_images/875662141189009408/e42wXS1R_normal.jpg","0","0","0","0","391","0","","qht","true",,,"false"
"1940588933450289515","https://x.com/UnivTerbuka/status/1940588933450289515","#JanganTakutKuliah #UTBerdampak #KampusBerdampak #MagangBerdampak #DiktiristekBerdampak #KampusMerdeka #MahasiswaUT #KIIARA #UT2025","Thu Jul 03 01:50:30 +0000 2025","https://pbs.twimg.com/profile_images/875662141189009408/e42wXS1R_normal.jpg","0","0","0","0","429","0","","qht","true",,,"false"
"1940352339673821351","https://x.com/UnivTerbuka/status/1940352339673821351","#JanganTakutKuliah #UTBerdampak #KampusBerdampak #AktivasiTuton","Wed Jul 02 10:10:22 +0000 2025","https://pbs.twimg.com/profile_images/875662141189009408/e42wXS1R_normal.jpg","0","0","0","0","381","0","","qht","true",,,"false"
"1940235751926734907","https://x.com/UnivTerbuka/status/1940235751926734907","#JanganTakutKuliah #UTBerdampak #KampusBerdampak #GuruPAUDBerkualitas #ProgramSertifikatPendidikAnakUsiaDini #PSPAUDUT","Wed Jul 02 02:27:05 +0000 2025","https://pbs.twimg.com/profile_images/875662141189009408/e42wXS1R_normal.jpg","0","0","0","0","344","0","","qht","true",,,"false"
"1940002407246884910","https://x.com/UnivTerbuka/status/1940002407246884910","#JanganTakutKuliah #UTBerdampak #KampusBerdampak #MahasiswaUTKeren","Tue Jul 01 10:59:52 +0000 2025","https://pbs.twimg.com/profile_images/875662141189009408/e42wXS1R_normal.jpg","0","0","0","0","266","0","","qht","true",,,"false"
"1939519203155005757","https://x.com/UnivTerbuka/status/1939519203155005757","#JanganTakutKuliah #UTBerdampak #KampusBerdampak","Mon Jun 30 02:59:47 +0000 2025","https://pbs.twimg.com/profile_images/875662141189009408/e42wXS1R_normal.jpg","0","0","0","0","364","0","","qht","true",,,"false"
"1937323767761633730","https://x.com/UnivTerbuka/status/1937323767761633730","#JanganTakutKuliah #UTBerdampak #KampusBerdampak #RPLUT #NonRPLUT","Tue Jun 24 01:35:54 +0000 2025","https://pbs.twimg.com/profile_images/875662141189009408/e42wXS1R_normal.jpg","0","0","0","0","413","0","","qht","true",,,"false"
"1935973674076840126","https://x.com/UnivTerbuka/status/1935973674076840126","#JanganTakutKuliah #UTBerdampak #KampusBerdampak #UTBebasNarkoba #MahasiswaUTAntiNarkoba #SayNoToDrugs #GenerasiCerdasTanpaNarkoba","Fri Jun 20 08:11:07 +0000 2025","https://pbs.twimg.com/profile_images/875662141189009408/e42wXS1R_normal.jpg","0","0","0","0","390","0","","qht","true",,,"false"
"1935228409984303166","https://x.com/UnivTerbuka/status/1935228409984303166","#JanganTakutKuliah #UTBerdampak #KampusBerdampak #IGLive #FKIP #PendidikanPancasiladanKewarganegaraan #KurikulumBaru2025","Wed Jun 18 06:49:42 +0000 2025","https://pbs.twimg.com/profile_images/875662141189009408/e42wXS1R_normal.jpg","0","0","0","0","555","0","","qht","true",,,"false"
"1934521964179419316","https://x.com/UnivTerbuka/status/1934521964179419316","#JanganTakutKuliah #UTBerdampak #KampusBerdampak #UjianUT #PersiapanUTM #MahasiswaUT","Mon Jun 16 08:02:32 +0000 2025","https://pbs.twimg.com/profile_images/875662141189009408/e42wXS1R_normal.jpg","0","1","0","0","387","0","","qht","true",,,"false"
