platform,program,dataset_group,source_keyword,youtube_query,dataset_start,dataset_end,video_id,video_url,video_title,video_description,video_channel_id,video_channel_title,video_published_at,video_view_count,video_like_count,video_comment_count,comment_id,comment_text,comment_author,comment_author_channel_id,comment_published_at,comment_updated_at,comment_like_count,is_reply,is_video_in_range,is_comment_in_range
youtube,Magang Berdampak,Magang_Berdampak_awal,Magang Berdampak,Magang Berdampak,2025-06-16T00:00:00Z,2026-06-23T23:59:59Z,vSwwEhPe2P8,https://www.youtube.com/watch?v=vSwwEhPe2P8,"Program Magang Nasional Dimulai, Bagaimana Dampaknya?","Kementerian Ketenagakerjaan RI resmi meluncurkan Program Pemagangan Nasional Batch I di Gedung Kemnaker, Jakarta, Senin (20/10/2025). Kepala Badan Perencanaan dan Pengembangan Kemnaker, Anwar Sanusi, menjelaskan bahwa sebanyak 15.876 peserta berhasil terserap. Dalam program magang tahap pertama itu juga mencatat keterlibatan 1.668 perusahaan dengan total kuota peserta yang diajukan mencapai 26.181 orang.",UCovqoUzPm9_s6mMt9OiWKpA,Harian Kompas,2025-10-21T12:31:15Z,2526,21,1,UgyfBk5LxahQRlafiEt4AaABAg,Apa ada magang khusus penyelesaian kuliah ?,@chairulsyamsuddin436,UCMOVnWX80vy1_tUKH_BOflg,2025-11-26T02:15:45Z,2025-11-26T02:15:45Z,0,false,true,true
youtube,Magang Berdampak,Magang_Berdampak_awal,Magang Berdampak,Magang Berdampak,2025-06-16T00:00:00Z,2026-06-23T23:59:59Z,FahlH6zZey4,https://www.youtube.com/watch?v=FahlH6zZey4,Cara Daftar Magang Berdampak I Daftar Akunnya,"Cara dan syarat untuk daftar dalam program magang berdampak dari Diktisaintek Berdampak tentu saja menjadi salah satu informasi terbaru yang banyak menjadi pilihan bagi mahasiswa yang akan ikut serta dalam magang. Alasannya karena magang mahasiswa ini sendiri selain gratis kalian juga banyak mendaapatkan benefit ataupun keuntungan lho ya.

Maka atas dasar itulah dalam kesempatan kali ini secara lengkap SahabatJuara dari channel @ArenaLomba akan membagikan tutorial dalam proses pembuatan akun untuk daftar dalam program magang berdampak dari awal sampai akhir agar diterima oleh mitra. Semoga saja berguna bagi kalian ya #magangberdampak #magangmahasiswa #mahasiswamagang",UCmHy3R5hJNA7qtOh6u2KSVQ,Arena Lomba,2025-06-29T12:00:32Z,6926,71,52,UgyqLtuTBKZX5R705M14AaABAg,"kak kalo ga dapet email nya gimana ya,udah nunggu 4 hari ga ada akun yg dikirim di email. gimana ya solusi nya kak?",@equinoxss233,UCrRY9j-pffX014r575s-8Sw,2025-07-14T15:40:36Z,2025-07-14T15:40:36Z,0,false,true,true
youtube,Magang Berdampak,Magang_Berdampak_awal,Magang Berdampak,Magang Berdampak,2025-06-16T00:00:00Z,2026-06-23T23:59:59Z,FahlH6zZey4,https://www.youtube.com/watch?v=FahlH6zZey4,Cara Daftar Magang Berdampak I Daftar Akunnya,"Cara dan syarat untuk daftar dalam program magang berdampak dari Diktisaintek Berdampak tentu saja menjadi salah satu informasi terbaru yang banyak menjadi pilihan bagi mahasiswa yang akan ikut serta dalam magang. Alasannya karena magang mahasiswa ini sendiri selain gratis kalian juga banyak mendaapatkan benefit ataupun keuntungan lho ya.

Maka atas dasar itulah dalam kesempatan kali ini secara lengkap SahabatJuara dari channel @ArenaLomba akan membagikan tutorial dalam proses pembuatan akun untuk daftar dalam program magang berdampak dari awal sampai akhir agar diterima oleh mitra. Semoga saja berguna bagi kalian ya #magangberdampak #magangmahasiswa #mahasiswamagang",UCmHy3R5hJNA7qtOh6u2KSVQ,Arena Lomba,2025-06-29T12:00:32Z,6926,71,52,UgxghMAXHOwlyC_WhRV4AaABAg,kk maaf izin bertanya di akun saya gak muncul sptjm nya knp ya kk,@annisatakiya-l4b,UCtOFL6tV7GOhQOueemFxm8w,2025-07-11T06:17:04Z,2025-07-11T06:17:04Z,0,false,true,true
youtube,Magang Berdampak,Magang_Berdampak_awal,Magang Berdampak,Magang Berdampak,2025-06-16T00:00:00Z,2026-06-23T23:59:59Z,FahlH6zZey4,https://www.youtube.com/watch?v=FahlH6zZey4,Cara Daftar Magang Berdampak I Daftar Akunnya,"Cara dan syarat untuk daftar dalam program magang berdampak dari Diktisaintek Berdampak tentu saja menjadi salah satu informasi terbaru yang banyak menjadi pilihan bagi mahasiswa yang akan ikut serta dalam magang. Alasannya karena magang mahasiswa ini sendiri selain gratis kalian juga banyak mendaapatkan benefit ataupun keuntungan lho ya.

Maka atas dasar itulah dalam kesempatan kali ini secara lengkap SahabatJuara dari channel @ArenaLomba akan membagikan tutorial dalam proses pembuatan akun untuk daftar dalam program magang berdampak dari awal sampai akhir agar diterima oleh mitra. Semoga saja berguna bagi kalian ya #magangberdampak #magangmahasiswa #mahasiswamagang",UCmHy3R5hJNA7qtOh6u2KSVQ,Arena Lomba,2025-06-29T12:00:32Z,6926,71,52,Ugy8T1A5mOuODVfEZVB4AaABAg,"Mimin saya sudah melakukan pendaftaran aku tetapi tidak ada email akun untuk login yang di kirim ke saya itu kenapa yah?

Jadi saya tidak bisa membuka akun saya tetapidi sistem yg ad di prodi saya sudah di setujui",@hendrimarwan_0794,UCUVEfqz36n_yNaA_YeAcDdw,2025-07-10T10:43:05Z,2025-07-10T10:47:19Z,0,false,true,true
youtube,Magang Berdampak,Magang_Berdampak_awal,Magang Berdampak,Magang Berdampak,2025-06-16T00:00:00Z,2026-06-23T23:59:59Z,FahlH6zZey4,https://www.youtube.com/watch?v=FahlH6zZey4,Cara Daftar Magang Berdampak I Daftar Akunnya,"Cara dan syarat untuk daftar dalam program magang berdampak dari Diktisaintek Berdampak tentu saja menjadi salah satu informasi terbaru yang banyak menjadi pilihan bagi mahasiswa yang akan ikut serta dalam magang. Alasannya karena magang mahasiswa ini sendiri selain gratis kalian juga banyak mendaapatkan benefit ataupun keuntungan lho ya.

Maka atas dasar itulah dalam kesempatan kali ini secara lengkap SahabatJuara dari channel @ArenaLomba akan membagikan tutorial dalam proses pembuatan akun untuk daftar dalam program magang berdampak dari awal sampai akhir agar diterima oleh mitra. Semoga saja berguna bagi kalian ya #magangberdampak #magangmahasiswa #mahasiswamagang",UCmHy3R5hJNA7qtOh6u2KSVQ,Arena Lomba,2025-06-29T12:00:32Z,6926,71,52,UgzueebN9KiIQnYDWsl4AaABAg,username password dapat darimana? kan pas register kita ga da buat,@mneumoengine,UCeu2NJYX7dJMNuLqCvKLseQ,2025-07-09T13:11:14Z,2025-07-09T13:11:14Z,1,false,true,true
youtube,Magang Berdampak,Magang_Berdampak_awal,Magang Berdampak,Magang Berdampak,2025-06-16T00:00:00Z,2026-06-23T23:59:59Z,FahlH6zZey4,https://www.youtube.com/watch?v=FahlH6zZey4,Cara Daftar Magang Berdampak I Daftar Akunnya,"Cara dan syarat untuk daftar dalam program magang berdampak dari Diktisaintek Berdampak tentu saja menjadi salah satu informasi terbaru yang banyak menjadi pilihan bagi mahasiswa yang akan ikut serta dalam magang. Alasannya karena magang mahasiswa ini sendiri selain gratis kalian juga banyak mendaapatkan benefit ataupun keuntungan lho ya.

Maka atas dasar itulah dalam kesempatan kali ini secara lengkap SahabatJuara dari channel @ArenaLomba akan membagikan tutorial dalam proses pembuatan akun untuk daftar dalam program magang berdampak dari awal sampai akhir agar diterima oleh mitra. Semoga saja berguna bagi kalian ya #magangberdampak #magangmahasiswa #mahasiswamagang",UCmHy3R5hJNA7qtOh6u2KSVQ,Arena Lomba,2025-06-29T12:00:32Z,6926,71,52,UgwnHyd75538XTZwBBJ4AaABAg,"kak izin tanya kalo kita udah daftar pake nomer yang baru di akun magang berdampak, tapi di pdfnya muncul nomer yang lama gimana cara menggantinya ya",@fthiaas,UC1DnJ6Sq2-qGTyH0OUeYc9g,2025-07-09T01:54:18Z,2025-07-09T01:54:18Z,0,false,true,true
youtube,Magang Berdampak,Magang_Berdampak_awal,Magang Berdampak,Magang Berdampak,2025-06-16T00:00:00Z,2026-06-23T23:59:59Z,FahlH6zZey4,https://www.youtube.com/watch?v=FahlH6zZey4,Cara Daftar Magang Berdampak I Daftar Akunnya,"Cara dan syarat untuk daftar dalam program magang berdampak dari Diktisaintek Berdampak tentu saja menjadi salah satu informasi terbaru yang banyak menjadi pilihan bagi mahasiswa yang akan ikut serta dalam magang. Alasannya karena magang mahasiswa ini sendiri selain gratis kalian juga banyak mendaapatkan benefit ataupun keuntungan lho ya.

Maka atas dasar itulah dalam kesempatan kali ini secara lengkap SahabatJuara dari channel @ArenaLomba akan membagikan tutorial dalam proses pembuatan akun untuk daftar dalam program magang berdampak dari awal sampai akhir agar diterima oleh mitra. Semoga saja berguna bagi kalian ya #magangberdampak #magangmahasiswa #mahasiswamagang",UCmHy3R5hJNA7qtOh6u2KSVQ,Arena Lomba,2025-06-29T12:00:32Z,6926,71,52,UgyvUrxeeFMh-0Jy2dt4AaABAg,"Kak ketika waktu saya selesai daftar,mau log in malah ""log in tidak dikenali"" gimana itu mohon pencerahan nya",@Sadambdib,UCmFesHe7Uw0Ss4S1By3yagw,2025-07-08T07:51:22Z,2025-07-08T07:51:29Z,0,false,true,true
youtube,Magang Berdampak,Magang_Berdampak_awal,Magang Berdampak,Magang Berdampak,2025-06-16T00:00:00Z,2026-06-23T23:59:59Z,FahlH6zZey4,https://www.youtube.com/watch?v=FahlH6zZey4,Cara Daftar Magang Berdampak I Daftar Akunnya,"Cara dan syarat untuk daftar dalam program magang berdampak dari Diktisaintek Berdampak tentu saja menjadi salah satu informasi terbaru yang banyak menjadi pilihan bagi mahasiswa yang akan ikut serta dalam magang. Alasannya karena magang mahasiswa ini sendiri selain gratis kalian juga banyak mendaapatkan benefit ataupun keuntungan lho ya.

Maka atas dasar itulah dalam kesempatan kali ini secara lengkap SahabatJuara dari channel @ArenaLomba akan membagikan tutorial dalam proses pembuatan akun untuk daftar dalam program magang berdampak dari awal sampai akhir agar diterima oleh mitra. Semoga saja berguna bagi kalian ya #magangberdampak #magangmahasiswa #mahasiswamagang",UCmHy3R5hJNA7qtOh6u2KSVQ,Arena Lomba,2025-06-29T12:00:32Z,6926,71,52,UgyV7j6eLhOPJskI5iB4AaABAg,"Kak penyimpanan email saya penuh, ada kemungkinan pas di kirim username dan passwordnya nggak kekirim, gimana yaa??",@MSalmanAbimanyuSFatah,UCbgdItl-154GV6QCEdIEvdQ,2025-07-07T10:41:14Z,2025-07-07T10:41:14Z,1,false,true,true
youtube,Magang Berdampak,Magang_Berdampak_awal,Magang Berdampak,Magang Berdampak,2025-06-16T00:00:00Z,2026-06-23T23:59:59Z,FahlH6zZey4,https://www.youtube.com/watch?v=FahlH6zZey4,Cara Daftar Magang Berdampak I Daftar Akunnya,"Cara dan syarat untuk daftar dalam program magang berdampak dari Diktisaintek Berdampak tentu saja menjadi salah satu informasi terbaru yang banyak menjadi pilihan bagi mahasiswa yang akan ikut serta dalam magang. Alasannya karena magang mahasiswa ini sendiri selain gratis kalian juga banyak mendaapatkan benefit ataupun keuntungan lho ya.

Maka atas dasar itulah dalam kesempatan kali ini secara lengkap SahabatJuara dari channel @ArenaLomba akan membagikan tutorial dalam proses pembuatan akun untuk daftar dalam program magang berdampak dari awal sampai akhir agar diterima oleh mitra. Semoga saja berguna bagi kalian ya #magangberdampak #magangmahasiswa #mahasiswamagang",UCmHy3R5hJNA7qtOh6u2KSVQ,Arena Lomba,2025-06-29T12:00:32Z,6926,71,52,Ugympke7FyL_JrmKfPl4AaABAg,Bates buat akun sampai kapan ya dan apakah setiap kampus mewajibkan saya blm buat karena tidak ada lowongan untuk D3 mohon jawabannya guys?,@ulungwijayanto2724,UCxxhh1jnBq5DdSuxWEtdV0A,2025-07-05T16:47:40Z,2025-07-05T16:47:40Z,0,false,true,true
youtube,Magang Berdampak,Magang_Berdampak_awal,Magang Berdampak,Magang Berdampak,2025-06-16T00:00:00Z,2026-06-23T23:59:59Z,FahlH6zZey4,https://www.youtube.com/watch?v=FahlH6zZey4,Cara Daftar Magang Berdampak I Daftar Akunnya,"Cara dan syarat untuk daftar dalam program magang berdampak dari Diktisaintek Berdampak tentu saja menjadi salah satu informasi terbaru yang banyak menjadi pilihan bagi mahasiswa yang akan ikut serta dalam magang. Alasannya karena magang mahasiswa ini sendiri selain gratis kalian juga banyak mendaapatkan benefit ataupun keuntungan lho ya.

Maka atas dasar itulah dalam kesempatan kali ini secara lengkap SahabatJuara dari channel @ArenaLomba akan membagikan tutorial dalam proses pembuatan akun untuk daftar dalam program magang berdampak dari awal sampai akhir agar diterima oleh mitra. Semoga saja berguna bagi kalian ya #magangberdampak #magangmahasiswa #mahasiswamagang",UCmHy3R5hJNA7qtOh6u2KSVQ,Arena Lomba,2025-06-29T12:00:32Z,6926,71,52,UgyfftCuYXXlurOm_gp4AaABAg,"kak izin tanya ini magang untuk semester berapa ya kak, saya semester 4 mau ke 5. sudah UAS dan terima nilai.tapi pas saya tulis yang sudah di tempuh 4 gak  bisa kedaftar kak. padahal sudah pencet berkali2",@lilanannisasugiyantoxla522,UCSPK0WtMJ00IDziFsSQEj5w,2025-07-05T12:33:28Z,2025-07-05T12:33:28Z,0,false,true,true
youtube,Magang Berdampak,Magang_Berdampak_awal,Magang Berdampak,Magang Berdampak,2025-06-16T00:00:00Z,2026-06-23T23:59:59Z,FahlH6zZey4,https://www.youtube.com/watch?v=FahlH6zZey4,Cara Daftar Magang Berdampak I Daftar Akunnya,"Cara dan syarat untuk daftar dalam program magang berdampak dari Diktisaintek Berdampak tentu saja menjadi salah satu informasi terbaru yang banyak menjadi pilihan bagi mahasiswa yang akan ikut serta dalam magang. Alasannya karena magang mahasiswa ini sendiri selain gratis kalian juga banyak mendaapatkan benefit ataupun keuntungan lho ya.

Maka atas dasar itulah dalam kesempatan kali ini secara lengkap SahabatJuara dari channel @ArenaLomba akan membagikan tutorial dalam proses pembuatan akun untuk daftar dalam program magang berdampak dari awal sampai akhir agar diterima oleh mitra. Semoga saja berguna bagi kalian ya #magangberdampak #magangmahasiswa #mahasiswamagang",UCmHy3R5hJNA7qtOh6u2KSVQ,Arena Lomba,2025-06-29T12:00:32Z,6926,71,52,UgyWwK6-oURU0E2XoNB4AaABAg,"Kak..? Kalau SPTJM itu harus di tanda tangani, penandatanganan itu di lakukan pada saat mendaftar atau stelah pendaftaran..?, lalu  kalau sudah di tanda tangani kirim nya bagaimana..?",@Tinta.chanel,UCe6vL_77_33Bltg5l8vbKyg,2025-07-04T18:42:53Z,2025-07-04T18:42:53Z,0,false,true,true
youtube,Magang Berdampak,Magang_Berdampak_awal,Magang Berdampak,Magang Berdampak,2025-06-16T00:00:00Z,2026-06-23T23:59:59Z,FahlH6zZey4,https://www.youtube.com/watch?v=FahlH6zZey4,Cara Daftar Magang Berdampak I Daftar Akunnya,"Cara dan syarat untuk daftar dalam program magang berdampak dari Diktisaintek Berdampak tentu saja menjadi salah satu informasi terbaru yang banyak menjadi pilihan bagi mahasiswa yang akan ikut serta dalam magang. Alasannya karena magang mahasiswa ini sendiri selain gratis kalian juga banyak mendaapatkan benefit ataupun keuntungan lho ya.

Maka atas dasar itulah dalam kesempatan kali ini secara lengkap SahabatJuara dari channel @ArenaLomba akan membagikan tutorial dalam proses pembuatan akun untuk daftar dalam program magang berdampak dari awal sampai akhir agar diterima oleh mitra. Semoga saja berguna bagi kalian ya #magangberdampak #magangmahasiswa #mahasiswamagang",UCmHy3R5hJNA7qtOh6u2KSVQ,Arena Lomba,2025-06-29T12:00:32Z,6926,71,52,UgwgnlnhfOyvb6yBcnF4AaABAg,"Kak sekarang ini aku semester 6 dan sudah UAS tapi nilai belum keluar semua, terus aku mau daftar magang untuk semester 7
Aku mau tanya semester yg sudah di tempuh itu aku tulis 5 atau 6 ya?",@desiratnasari8071,UCixB87nirKD3E4OIdTf3NoQ,2025-07-04T17:54:42Z,2025-07-04T17:54:42Z,0,false,true,true
youtube,Magang Berdampak,Magang_Berdampak_awal,Magang Berdampak,Magang Berdampak,2025-06-16T00:00:00Z,2026-06-23T23:59:59Z,FahlH6zZey4,https://www.youtube.com/watch?v=FahlH6zZey4,Cara Daftar Magang Berdampak I Daftar Akunnya,"Cara dan syarat untuk daftar dalam program magang berdampak dari Diktisaintek Berdampak tentu saja menjadi salah satu informasi terbaru yang banyak menjadi pilihan bagi mahasiswa yang akan ikut serta dalam magang. Alasannya karena magang mahasiswa ini sendiri selain gratis kalian juga banyak mendaapatkan benefit ataupun keuntungan lho ya.

Maka atas dasar itulah dalam kesempatan kali ini secara lengkap SahabatJuara dari channel @ArenaLomba akan membagikan tutorial dalam proses pembuatan akun untuk daftar dalam program magang berdampak dari awal sampai akhir agar diterima oleh mitra. Semoga saja berguna bagi kalian ya #magangberdampak #magangmahasiswa #mahasiswamagang",UCmHy3R5hJNA7qtOh6u2KSVQ,Arena Lomba,2025-06-29T12:00:32Z,6926,71,52,UgwBzn9hBFvWiwvSjJ94AaABAg,kak aku salah masukin email gmn ya,@naufalfm12,UC5KMXPygo8tXqNh7OIWefhw,2025-07-04T01:06:38Z,2025-07-04T01:06:38Z,2,false,true,true
youtube,Magang Berdampak,Magang_Berdampak_awal,Magang Berdampak,Magang Berdampak,2025-06-16T00:00:00Z,2026-06-23T23:59:59Z,FahlH6zZey4,https://www.youtube.com/watch?v=FahlH6zZey4,Cara Daftar Magang Berdampak I Daftar Akunnya,"Cara dan syarat untuk daftar dalam program magang berdampak dari Diktisaintek Berdampak tentu saja menjadi salah satu informasi terbaru yang banyak menjadi pilihan bagi mahasiswa yang akan ikut serta dalam magang. Alasannya karena magang mahasiswa ini sendiri selain gratis kalian juga banyak mendaapatkan benefit ataupun keuntungan lho ya.

Maka atas dasar itulah dalam kesempatan kali ini secara lengkap SahabatJuara dari channel @ArenaLomba akan membagikan tutorial dalam proses pembuatan akun untuk daftar dalam program magang berdampak dari awal sampai akhir agar diterima oleh mitra. Semoga saja berguna bagi kalian ya #magangberdampak #magangmahasiswa #mahasiswamagang",UCmHy3R5hJNA7qtOh6u2KSVQ,Arena Lomba,2025-06-29T12:00:32Z,6926,71,52,UgzVvRvW9Xa9NXru36R4AaABAg,"kak kalo saya awalnya salah ketik email tadine, eh pas daftar akun ulang kok ada tulisan ""anda sudah pernah melakukan pendaftaran ini ?"" gimana kak solusinya",@AlanBudiarso0411,UClnDPT1zEahk10Wpc2xxW8w,2025-07-03T11:25:41Z,2025-07-03T11:25:41Z,3,false,true,true
youtube,Magang Berdampak,Magang_Berdampak_awal,Magang Berdampak,Magang Berdampak,2025-06-16T00:00:00Z,2026-06-23T23:59:59Z,FahlH6zZey4,https://www.youtube.com/watch?v=FahlH6zZey4,Cara Daftar Magang Berdampak I Daftar Akunnya,"Cara dan syarat untuk daftar dalam program magang berdampak dari Diktisaintek Berdampak tentu saja menjadi salah satu informasi terbaru yang banyak menjadi pilihan bagi mahasiswa yang akan ikut serta dalam magang. Alasannya karena magang mahasiswa ini sendiri selain gratis kalian juga banyak mendaapatkan benefit ataupun keuntungan lho ya.

Maka atas dasar itulah dalam kesempatan kali ini secara lengkap SahabatJuara dari channel @ArenaLomba akan membagikan tutorial dalam proses pembuatan akun untuk daftar dalam program magang berdampak dari awal sampai akhir agar diterima oleh mitra. Semoga saja berguna bagi kalian ya #magangberdampak #magangmahasiswa #mahasiswamagang",UCmHy3R5hJNA7qtOh6u2KSVQ,Arena Lomba,2025-06-29T12:00:32Z,6926,71,52,UgztHj1YHY2qK9mORf54AaABAg,"Halo kaa izin tanya, untuk bagian semester itu yang diisi semester terakhir yang udah kita tempuh apa yang akan dikonversi ya kak🙏🏻",@musicam6099,UCG45rKNZuTRcqVmvfrpN4Lg,2025-07-03T09:39:36Z,2025-07-03T09:39:36Z,1,false,true,true
youtube,Magang Berdampak,Magang_Berdampak_awal,Magang Berdampak,Magang Berdampak,2025-06-16T00:00:00Z,2026-06-23T23:59:59Z,FahlH6zZey4,https://www.youtube.com/watch?v=FahlH6zZey4,Cara Daftar Magang Berdampak I Daftar Akunnya,"Cara dan syarat untuk daftar dalam program magang berdampak dari Diktisaintek Berdampak tentu saja menjadi salah satu informasi terbaru yang banyak menjadi pilihan bagi mahasiswa yang akan ikut serta dalam magang. Alasannya karena magang mahasiswa ini sendiri selain gratis kalian juga banyak mendaapatkan benefit ataupun keuntungan lho ya.

Maka atas dasar itulah dalam kesempatan kali ini secara lengkap SahabatJuara dari channel @ArenaLomba akan membagikan tutorial dalam proses pembuatan akun untuk daftar dalam program magang berdampak dari awal sampai akhir agar diterima oleh mitra. Semoga saja berguna bagi kalian ya #magangberdampak #magangmahasiswa #mahasiswamagang",UCmHy3R5hJNA7qtOh6u2KSVQ,Arena Lomba,2025-06-29T12:00:32Z,6926,71,52,UgxO9IQhEsXym23R_wR4AaABAg,"kak izin bertanya, saya akan melakukan magang di semester 5
di bagian nomor 8 atau bagian ""semester yang sudah ditempuh"" itu diisi smt 4 atau 5?",@gitamaulidiya9395,UCrJ1pKjhgKGPF3FivAmLcfQ,2025-07-02T07:45:36Z,2025-07-02T07:45:36Z,1,false,true,true
youtube,Magang Berdampak,Magang_Berdampak_awal,Magang Berdampak,Magang Berdampak,2025-06-16T00:00:00Z,2026-06-23T23:59:59Z,FahlH6zZey4,https://www.youtube.com/watch?v=FahlH6zZey4,Cara Daftar Magang Berdampak I Daftar Akunnya,"Cara dan syarat untuk daftar dalam program magang berdampak dari Diktisaintek Berdampak tentu saja menjadi salah satu informasi terbaru yang banyak menjadi pilihan bagi mahasiswa yang akan ikut serta dalam magang. Alasannya karena magang mahasiswa ini sendiri selain gratis kalian juga banyak mendaapatkan benefit ataupun keuntungan lho ya.

Maka atas dasar itulah dalam kesempatan kali ini secara lengkap SahabatJuara dari channel @ArenaLomba akan membagikan tutorial dalam proses pembuatan akun untuk daftar dalam program magang berdampak dari awal sampai akhir agar diterima oleh mitra. Semoga saja berguna bagi kalian ya #magangberdampak #magangmahasiswa #mahasiswamagang",UCmHy3R5hJNA7qtOh6u2KSVQ,Arena Lomba,2025-06-29T12:00:32Z,6926,71,52,UgxCpCeAVwcZsWtP7_d4AaABAg,Kak verifikasi pt itu biasanya berapa lama ya,@Anita-qz1zc,UCKQfsAxH8EhwxPiZCMv8dFg,2025-07-02T04:53:50Z,2025-07-02T04:53:50Z,0,false,true,true
youtube,Magang Berdampak,Magang_Berdampak_awal,Magang Berdampak,Magang Berdampak,2025-06-16T00:00:00Z,2026-06-23T23:59:59Z,FahlH6zZey4,https://www.youtube.com/watch?v=FahlH6zZey4,Cara Daftar Magang Berdampak I Daftar Akunnya,"Cara dan syarat untuk daftar dalam program magang berdampak dari Diktisaintek Berdampak tentu saja menjadi salah satu informasi terbaru yang banyak menjadi pilihan bagi mahasiswa yang akan ikut serta dalam magang. Alasannya karena magang mahasiswa ini sendiri selain gratis kalian juga banyak mendaapatkan benefit ataupun keuntungan lho ya.

Maka atas dasar itulah dalam kesempatan kali ini secara lengkap SahabatJuara dari channel @ArenaLomba akan membagikan tutorial dalam proses pembuatan akun untuk daftar dalam program magang berdampak dari awal sampai akhir agar diterima oleh mitra. Semoga saja berguna bagi kalian ya #magangberdampak #magangmahasiswa #mahasiswamagang",UCmHy3R5hJNA7qtOh6u2KSVQ,Arena Lomba,2025-06-29T12:00:32Z,6926,71,52,UgyAoigWnAQAgjCviSt4AaABAg,Pnya ku ga di setujui kaprodi pdhal udh smester 4 huhu😢,@IntannMusaa,UCLICxbArH7sGACbIq4jB1Rg,2025-07-02T03:04:05Z,2025-07-02T03:04:05Z,1,false,true,true
youtube,Magang Berdampak,Magang_Berdampak_awal,Magang Berdampak,Magang Berdampak,2025-06-16T00:00:00Z,2026-06-23T23:59:59Z,FahlH6zZey4,https://www.youtube.com/watch?v=FahlH6zZey4,Cara Daftar Magang Berdampak I Daftar Akunnya,"Cara dan syarat untuk daftar dalam program magang berdampak dari Diktisaintek Berdampak tentu saja menjadi salah satu informasi terbaru yang banyak menjadi pilihan bagi mahasiswa yang akan ikut serta dalam magang. Alasannya karena magang mahasiswa ini sendiri selain gratis kalian juga banyak mendaapatkan benefit ataupun keuntungan lho ya.

Maka atas dasar itulah dalam kesempatan kali ini secara lengkap SahabatJuara dari channel @ArenaLomba akan membagikan tutorial dalam proses pembuatan akun untuk daftar dalam program magang berdampak dari awal sampai akhir agar diterima oleh mitra. Semoga saja berguna bagi kalian ya #magangberdampak #magangmahasiswa #mahasiswamagang",UCmHy3R5hJNA7qtOh6u2KSVQ,Arena Lomba,2025-06-29T12:00:32Z,6926,71,52,UgxMXOCNy7ufbbEaG_R4AaABAg,"kak, saya sekarang menempuh semester 4 tapi belum selesai karena belum uas. di bagian semester diisi 4 atau 3 ya?",@astrizaitunamaroh5265,UCATrGYuzrJMLvlcaH9OFx2w,2025-07-02T02:14:22Z,2025-07-02T02:14:22Z,0,false,true,true
youtube,Magang Berdampak,Magang_Berdampak_awal,Magang Berdampak,Magang Berdampak,2025-06-16T00:00:00Z,2026-06-23T23:59:59Z,FahlH6zZey4,https://www.youtube.com/watch?v=FahlH6zZey4,Cara Daftar Magang Berdampak I Daftar Akunnya,"Cara dan syarat untuk daftar dalam program magang berdampak dari Diktisaintek Berdampak tentu saja menjadi salah satu informasi terbaru yang banyak menjadi pilihan bagi mahasiswa yang akan ikut serta dalam magang. Alasannya karena magang mahasiswa ini sendiri selain gratis kalian juga banyak mendaapatkan benefit ataupun keuntungan lho ya.

Maka atas dasar itulah dalam kesempatan kali ini secara lengkap SahabatJuara dari channel @ArenaLomba akan membagikan tutorial dalam proses pembuatan akun untuk daftar dalam program magang berdampak dari awal sampai akhir agar diterima oleh mitra. Semoga saja berguna bagi kalian ya #magangberdampak #magangmahasiswa #mahasiswamagang",UCmHy3R5hJNA7qtOh6u2KSVQ,Arena Lomba,2025-06-29T12:00:32Z,6926,71,52,UgwhcMVqCYZ8jo-ob4x4AaABAg,kak kenapa lama dapat akun yg baru daftar di setujui,@huzadi8739,UCZ3m8QHSjydsQ5XB4hNmw2g,2025-07-02T01:43:05Z,2025-07-02T01:43:05Z,0,false,true,true
youtube,Magang Berdampak,Magang_Berdampak_awal,Magang Berdampak,Magang Berdampak,2025-06-16T00:00:00Z,2026-06-23T23:59:59Z,FahlH6zZey4,https://www.youtube.com/watch?v=FahlH6zZey4,Cara Daftar Magang Berdampak I Daftar Akunnya,"Cara dan syarat untuk daftar dalam program magang berdampak dari Diktisaintek Berdampak tentu saja menjadi salah satu informasi terbaru yang banyak menjadi pilihan bagi mahasiswa yang akan ikut serta dalam magang. Alasannya karena magang mahasiswa ini sendiri selain gratis kalian juga banyak mendaapatkan benefit ataupun keuntungan lho ya.

Maka atas dasar itulah dalam kesempatan kali ini secara lengkap SahabatJuara dari channel @ArenaLomba akan membagikan tutorial dalam proses pembuatan akun untuk daftar dalam program magang berdampak dari awal sampai akhir agar diterima oleh mitra. Semoga saja berguna bagi kalian ya #magangberdampak #magangmahasiswa #mahasiswamagang",UCmHy3R5hJNA7qtOh6u2KSVQ,Arena Lomba,2025-06-29T12:00:32Z,6926,71,52,UgxVlQLJ84VnhKHN3_J4AaABAg,"izin tanya kak, kalau saya setelah daftarkan muncul pop up ""anda sudah pernah mengajukan magang pada kegiatan ini"" nah posisi saya masih semester 4 dan belum pernah daftar kak",@genosidajiwa,UCl2_yXg8E4HlWJnX0wbn71Q,2025-07-01T23:13:54Z,2025-07-01T23:13:54Z,0,false,true,true
youtube,Magang Berdampak,Magang_Berdampak_awal,Magang Berdampak,Magang Berdampak,2025-06-16T00:00:00Z,2026-06-23T23:59:59Z,FahlH6zZey4,https://www.youtube.com/watch?v=FahlH6zZey4,Cara Daftar Magang Berdampak I Daftar Akunnya,"Cara dan syarat untuk daftar dalam program magang berdampak dari Diktisaintek Berdampak tentu saja menjadi salah satu informasi terbaru yang banyak menjadi pilihan bagi mahasiswa yang akan ikut serta dalam magang. Alasannya karena magang mahasiswa ini sendiri selain gratis kalian juga banyak mendaapatkan benefit ataupun keuntungan lho ya.

Maka atas dasar itulah dalam kesempatan kali ini secara lengkap SahabatJuara dari channel @ArenaLomba akan membagikan tutorial dalam proses pembuatan akun untuk daftar dalam program magang berdampak dari awal sampai akhir agar diterima oleh mitra. Semoga saja berguna bagi kalian ya #magangberdampak #magangmahasiswa #mahasiswamagang",UCmHy3R5hJNA7qtOh6u2KSVQ,Arena Lomba,2025-06-29T12:00:32Z,6926,71,52,Ugxbn757A-NAZdLesMJ4AaABAg,kalo salah masukkan semester nya gimana kak?,@iikbql0461,UC5uMdWm17X9Js74UIUWkdaw,2025-07-01T03:06:55Z,2025-07-01T03:06:55Z,1,false,true,true
youtube,Magang Berdampak,Magang_Berdampak_awal,Magang Berdampak,Magang Berdampak,2025-06-16T00:00:00Z,2026-06-23T23:59:59Z,FahlH6zZey4,https://www.youtube.com/watch?v=FahlH6zZey4,Cara Daftar Magang Berdampak I Daftar Akunnya,"Cara dan syarat untuk daftar dalam program magang berdampak dari Diktisaintek Berdampak tentu saja menjadi salah satu informasi terbaru yang banyak menjadi pilihan bagi mahasiswa yang akan ikut serta dalam magang. Alasannya karena magang mahasiswa ini sendiri selain gratis kalian juga banyak mendaapatkan benefit ataupun keuntungan lho ya.

Maka atas dasar itulah dalam kesempatan kali ini secara lengkap SahabatJuara dari channel @ArenaLomba akan membagikan tutorial dalam proses pembuatan akun untuk daftar dalam program magang berdampak dari awal sampai akhir agar diterima oleh mitra. Semoga saja berguna bagi kalian ya #magangberdampak #magangmahasiswa #mahasiswamagang",UCmHy3R5hJNA7qtOh6u2KSVQ,Arena Lomba,2025-06-29T12:00:32Z,6926,71,52,UgzYfXRvKfGeJ0M-8-14AaABAg,ka mau nanya kalau sudah pengajuan akun trs untuk loginnnya paswordnya akan di acc dimana ya,@DesyHarty,UC2frzf8ko9WuM0jdQkmLe-A,2025-06-30T03:02:52Z,2025-06-30T03:02:52Z,1,false,true,true
youtube,Magang Berdampak,Magang_Berdampak_awal,Magang Berdampak,Magang Berdampak,2025-06-16T00:00:00Z,2026-06-23T23:59:59Z,o6X8dbOiIZE,https://www.youtube.com/watch?v=o6X8dbOiIZE,"Kabar Gembira, Ini Syarat & cara Daftar Magang Nasional, Dapat Uang Saku | tvOne","Kabar Petang, https://www.tvOnenews.com - Kabar Gembira, Ini Syarat & cara Daftar Magang Nasional, Dapat Uang Saku | Kabar Petang tvOne

Kementerian Ketenagakerjaan (Kemnaker) resmi membuka pendaftaran program magang pemerintah 2025 mulai Selasa (7/10/2025) kemarin. Pendaftaran bisa diakses melalui situs maganghub.kemnaker.go.id yang menjadi pintu utama pelaksanaan program ini.
Program Pemagangan Nasional 2025 merupakan salah satu bentuk stimulus ekonomi pemerintah untuk memperluas kesempatan kerja bagi 20.000 lulusan baru (fresh graduate). Masa magang berlangsung selama 6 bulan, dan setiap peserta akan menerima insentif sebesar Rp3,3 juta per bulan. #tvOne #tvOnenews #beritaterkini #beritatvone 

KARPET01

MSP01
GUS01

Saksikan live streaming tvOne hanya di https://www.tvonenews.com/live
Dan jangan lupa untuk follow akun-Akun Sosial Media tvOnenews untuk mendapatkan beragam informasi terkini dan update dari kami:

Facebook - https://www.facebook.com/tvOnenews
Instagram - https://www.instagram.com/tvOnenews
Twitter - https://twitter.com/tvOnenews
TikTok - https://www.tiktok.com/@tvOnenews
Website - https://tvOnenews.com .
=========
Music by Declan DP
https://www.youtube.com/@declandpmusic",UCER4rvDnRBPr_ncYW4UCZjg,tvOneNews ,2025-10-13T10:41:40Z,12028,98,57,UgyzJIobQP20PNkMgTJ4AaABAg,"Terimakasih bpk presiden, Alhamdulillah anak sy baru lulus dpt di bach yg kedua, dan udah gajian sesuai UMR DKI",@agusmulyadi7849,UCaHyVflzuFl4ogsVyPk5qKw,2025-12-27T15:24:12Z,2025-12-27T15:24:12Z,0,false,true,true
youtube,Magang Berdampak,Magang_Berdampak_awal,Magang Berdampak,Magang Berdampak,2025-06-16T00:00:00Z,2026-06-23T23:59:59Z,o6X8dbOiIZE,https://www.youtube.com/watch?v=o6X8dbOiIZE,"Kabar Gembira, Ini Syarat & cara Daftar Magang Nasional, Dapat Uang Saku | tvOne","Kabar Petang, https://www.tvOnenews.com - Kabar Gembira, Ini Syarat & cara Daftar Magang Nasional, Dapat Uang Saku | Kabar Petang tvOne

Kementerian Ketenagakerjaan (Kemnaker) resmi membuka pendaftaran program magang pemerintah 2025 mulai Selasa (7/10/2025) kemarin. Pendaftaran bisa diakses melalui situs maganghub.kemnaker.go.id yang menjadi pintu utama pelaksanaan program ini.
Program Pemagangan Nasional 2025 merupakan salah satu bentuk stimulus ekonomi pemerintah untuk memperluas kesempatan kerja bagi 20.000 lulusan baru (fresh graduate). Masa magang berlangsung selama 6 bulan, dan setiap peserta akan menerima insentif sebesar Rp3,3 juta per bulan. #tvOne #tvOnenews #beritaterkini #beritatvone 

KARPET01

MSP01
GUS01

Saksikan live streaming tvOne hanya di https://www.tvonenews.com/live
Dan jangan lupa untuk follow akun-Akun Sosial Media tvOnenews untuk mendapatkan beragam informasi terkini dan update dari kami:

Facebook - https://www.facebook.com/tvOnenews
Instagram - https://www.instagram.com/tvOnenews
Twitter - https://twitter.com/tvOnenews
TikTok - https://www.tiktok.com/@tvOnenews
Website - https://tvOnenews.com .
=========
Music by Declan DP
https://www.youtube.com/@declandpmusic",UCER4rvDnRBPr_ncYW4UCZjg,tvOneNews ,2025-10-13T10:41:40Z,12028,98,57,UgzMfP6PbO-DxAVX0EV4AaABAg,Terima kasih bapak Presiden dan menteri tenaga kerja,@NelesMamoribo,UCt_h9PNHtYOf_Gj3U2wPXCw,2025-12-18T10:04:40Z,2025-12-18T10:04:40Z,1,false,true,true
youtube,Magang Berdampak,Magang_Berdampak_awal,Magang Berdampak,Magang Berdampak,2025-06-16T00:00:00Z,2026-06-23T23:59:59Z,o6X8dbOiIZE,https://www.youtube.com/watch?v=o6X8dbOiIZE,"Kabar Gembira, Ini Syarat & cara Daftar Magang Nasional, Dapat Uang Saku | tvOne","Kabar Petang, https://www.tvOnenews.com - Kabar Gembira, Ini Syarat & cara Daftar Magang Nasional, Dapat Uang Saku | Kabar Petang tvOne

Kementerian Ketenagakerjaan (Kemnaker) resmi membuka pendaftaran program magang pemerintah 2025 mulai Selasa (7/10/2025) kemarin. Pendaftaran bisa diakses melalui situs maganghub.kemnaker.go.id yang menjadi pintu utama pelaksanaan program ini.
Program Pemagangan Nasional 2025 merupakan salah satu bentuk stimulus ekonomi pemerintah untuk memperluas kesempatan kerja bagi 20.000 lulusan baru (fresh graduate). Masa magang berlangsung selama 6 bulan, dan setiap peserta akan menerima insentif sebesar Rp3,3 juta per bulan. #tvOne #tvOnenews #beritaterkini #beritatvone 

KARPET01

MSP01
GUS01

Saksikan live streaming tvOne hanya di https://www.tvonenews.com/live
Dan jangan lupa untuk follow akun-Akun Sosial Media tvOnenews untuk mendapatkan beragam informasi terkini dan update dari kami:

Facebook - https://www.facebook.com/tvOnenews
Instagram - https://www.instagram.com/tvOnenews
Twitter - https://twitter.com/tvOnenews
TikTok - https://www.tiktok.com/@tvOnenews
Website - https://tvOnenews.com .
=========
Music by Declan DP
https://www.youtube.com/@declandpmusic",UCER4rvDnRBPr_ncYW4UCZjg,tvOneNews ,2025-10-13T10:41:40Z,12028,98,57,Ugzlotl7LuU9zNpCCOd4AaABAg,anak saya alhamdulillah lolos hari in magang di rutan daerah saya,@WalsiniBanjarmangu,UCVFbWUGWGP4FyxtChb_ipjg,2025-11-21T08:18:40Z,2025-11-21T08:18:40Z,0,false,true,true
youtube,Magang Berdampak,Magang_Berdampak_awal,Magang Berdampak,Magang Berdampak,2025-06-16T00:00:00Z,2026-06-23T23:59:59Z,o6X8dbOiIZE,https://www.youtube.com/watch?v=o6X8dbOiIZE,"Kabar Gembira, Ini Syarat & cara Daftar Magang Nasional, Dapat Uang Saku | tvOne","Kabar Petang, https://www.tvOnenews.com - Kabar Gembira, Ini Syarat & cara Daftar Magang Nasional, Dapat Uang Saku | Kabar Petang tvOne

Kementerian Ketenagakerjaan (Kemnaker) resmi membuka pendaftaran program magang pemerintah 2025 mulai Selasa (7/10/2025) kemarin. Pendaftaran bisa diakses melalui situs maganghub.kemnaker.go.id yang menjadi pintu utama pelaksanaan program ini.
Program Pemagangan Nasional 2025 merupakan salah satu bentuk stimulus ekonomi pemerintah untuk memperluas kesempatan kerja bagi 20.000 lulusan baru (fresh graduate). Masa magang berlangsung selama 6 bulan, dan setiap peserta akan menerima insentif sebesar Rp3,3 juta per bulan. #tvOne #tvOnenews #beritaterkini #beritatvone 

KARPET01

MSP01
GUS01

Saksikan live streaming tvOne hanya di https://www.tvonenews.com/live
Dan jangan lupa untuk follow akun-Akun Sosial Media tvOnenews untuk mendapatkan beragam informasi terkini dan update dari kami:

Facebook - https://www.facebook.com/tvOnenews
Instagram - https://www.instagram.com/tvOnenews
Twitter - https://twitter.com/tvOnenews
TikTok - https://www.tiktok.com/@tvOnenews
Website - https://tvOnenews.com .
=========
Music by Declan DP
https://www.youtube.com/@declandpmusic",UCER4rvDnRBPr_ncYW4UCZjg,tvOneNews ,2025-10-13T10:41:40Z,12028,98,57,UgyWvngFdkwugrOLedF4AaABAg,"Sktl gak bisa😢
Ijazah belum keluar",@colum-ndrlinght,UCSpRFKBdBaQyoAnzCMEiNmA,2025-11-07T12:11:41Z,2025-11-07T12:11:41Z,0,false,true,true
youtube,Magang Berdampak,Magang_Berdampak_awal,Magang Berdampak,Magang Berdampak,2025-06-16T00:00:00Z,2026-06-23T23:59:59Z,o6X8dbOiIZE,https://www.youtube.com/watch?v=o6X8dbOiIZE,"Kabar Gembira, Ini Syarat & cara Daftar Magang Nasional, Dapat Uang Saku | tvOne","Kabar Petang, https://www.tvOnenews.com - Kabar Gembira, Ini Syarat & cara Daftar Magang Nasional, Dapat Uang Saku | Kabar Petang tvOne

Kementerian Ketenagakerjaan (Kemnaker) resmi membuka pendaftaran program magang pemerintah 2025 mulai Selasa (7/10/2025) kemarin. Pendaftaran bisa diakses melalui situs maganghub.kemnaker.go.id yang menjadi pintu utama pelaksanaan program ini.
Program Pemagangan Nasional 2025 merupakan salah satu bentuk stimulus ekonomi pemerintah untuk memperluas kesempatan kerja bagi 20.000 lulusan baru (fresh graduate). Masa magang berlangsung selama 6 bulan, dan setiap peserta akan menerima insentif sebesar Rp3,3 juta per bulan. #tvOne #tvOnenews #beritaterkini #beritatvone 

KARPET01

MSP01
GUS01

Saksikan live streaming tvOne hanya di https://www.tvonenews.com/live
Dan jangan lupa untuk follow akun-Akun Sosial Media tvOnenews untuk mendapatkan beragam informasi terkini dan update dari kami:

Facebook - https://www.facebook.com/tvOnenews
Instagram - https://www.instagram.com/tvOnenews
Twitter - https://twitter.com/tvOnenews
TikTok - https://www.tiktok.com/@tvOnenews
Website - https://tvOnenews.com .
=========
Music by Declan DP
https://www.youtube.com/@declandpmusic",UCER4rvDnRBPr_ncYW4UCZjg,tvOneNews ,2025-10-13T10:41:40Z,12028,98,57,UgwNIjKM5-ezSzuBhnZ4AaABAg,😂😂😂😂😂 NGACO CUMAN BUAT FRESHGRADUATE,@denirafid6548,UCikXRVt6bgNSdbcavcYfuUg,2025-10-20T13:28:12Z,2025-10-20T13:28:12Z,0,false,true,true
youtube,Magang Berdampak,Magang_Berdampak_awal,Magang Berdampak,Magang Berdampak,2025-06-16T00:00:00Z,2026-06-23T23:59:59Z,o6X8dbOiIZE,https://www.youtube.com/watch?v=o6X8dbOiIZE,"Kabar Gembira, Ini Syarat & cara Daftar Magang Nasional, Dapat Uang Saku | tvOne","Kabar Petang, https://www.tvOnenews.com - Kabar Gembira, Ini Syarat & cara Daftar Magang Nasional, Dapat Uang Saku | Kabar Petang tvOne

Kementerian Ketenagakerjaan (Kemnaker) resmi membuka pendaftaran program magang pemerintah 2025 mulai Selasa (7/10/2025) kemarin. Pendaftaran bisa diakses melalui situs maganghub.kemnaker.go.id yang menjadi pintu utama pelaksanaan program ini.
Program Pemagangan Nasional 2025 merupakan salah satu bentuk stimulus ekonomi pemerintah untuk memperluas kesempatan kerja bagi 20.000 lulusan baru (fresh graduate). Masa magang berlangsung selama 6 bulan, dan setiap peserta akan menerima insentif sebesar Rp3,3 juta per bulan. #tvOne #tvOnenews #beritaterkini #beritatvone 

KARPET01

MSP01
GUS01

Saksikan live streaming tvOne hanya di https://www.tvonenews.com/live
Dan jangan lupa untuk follow akun-Akun Sosial Media tvOnenews untuk mendapatkan beragam informasi terkini dan update dari kami:

Facebook - https://www.facebook.com/tvOnenews
Instagram - https://www.instagram.com/tvOnenews
Twitter - https://twitter.com/tvOnenews
TikTok - https://www.tiktok.com/@tvOnenews
Website - https://tvOnenews.com .
=========
Music by Declan DP
https://www.youtube.com/@declandpmusic",UCER4rvDnRBPr_ncYW4UCZjg,tvOneNews ,2025-10-13T10:41:40Z,12028,98,57,Ugy54d2qtZBlJmaAkyp4AaABAg,Bagaimana dengan yg sudah lulus sejak 5 tahun yang lalu apakah tidak ada lagi kesempatan?,@denirafid6548,UCikXRVt6bgNSdbcavcYfuUg,2025-10-20T13:25:49Z,2025-10-20T13:25:49Z,0,false,true,true
youtube,Magang Berdampak,Magang_Berdampak_awal,Magang Berdampak,Magang Berdampak,2025-06-16T00:00:00Z,2026-06-23T23:59:59Z,o6X8dbOiIZE,https://www.youtube.com/watch?v=o6X8dbOiIZE,"Kabar Gembira, Ini Syarat & cara Daftar Magang Nasional, Dapat Uang Saku | tvOne","Kabar Petang, https://www.tvOnenews.com - Kabar Gembira, Ini Syarat & cara Daftar Magang Nasional, Dapat Uang Saku | Kabar Petang tvOne

Kementerian Ketenagakerjaan (Kemnaker) resmi membuka pendaftaran program magang pemerintah 2025 mulai Selasa (7/10/2025) kemarin. Pendaftaran bisa diakses melalui situs maganghub.kemnaker.go.id yang menjadi pintu utama pelaksanaan program ini.
Program Pemagangan Nasional 2025 merupakan salah satu bentuk stimulus ekonomi pemerintah untuk memperluas kesempatan kerja bagi 20.000 lulusan baru (fresh graduate). Masa magang berlangsung selama 6 bulan, dan setiap peserta akan menerima insentif sebesar Rp3,3 juta per bulan. #tvOne #tvOnenews #beritaterkini #beritatvone 

KARPET01

MSP01
GUS01

Saksikan live streaming tvOne hanya di https://www.tvonenews.com/live
Dan jangan lupa untuk follow akun-Akun Sosial Media tvOnenews untuk mendapatkan beragam informasi terkini dan update dari kami:

Facebook - https://www.facebook.com/tvOnenews
Instagram - https://www.instagram.com/tvOnenews
Twitter - https://twitter.com/tvOnenews
TikTok - https://www.tiktok.com/@tvOnenews
Website - https://tvOnenews.com .
=========
Music by Declan DP
https://www.youtube.com/@declandpmusic",UCER4rvDnRBPr_ncYW4UCZjg,tvOneNews ,2025-10-13T10:41:40Z,12028,98,57,UgyWzoTj6k3tQ-_zrd14AaABAg,Ga pada belajar dr proyek infrastruktur y yg vendor2nya aja pada bangkrut gara2 ga dibayar smpe2 bumn nya kolaps n disuntik mati supaya bisa lepas tangan dr tanggung jawab yg udh bikin sengsara org hadehhhhh. Inget n liat noh produsen alat pertanian yg udh dikibukin mukidi ampe bangkrut????,@sari6464,UCo5D-h4O84gkhtHbo6LuK2w,2025-10-19T12:53:15Z,2025-10-19T12:53:15Z,0,false,true,true
youtube,Magang Berdampak,Magang_Berdampak_awal,Magang Berdampak,Magang Berdampak,2025-06-16T00:00:00Z,2026-06-23T23:59:59Z,o6X8dbOiIZE,https://www.youtube.com/watch?v=o6X8dbOiIZE,"Kabar Gembira, Ini Syarat & cara Daftar Magang Nasional, Dapat Uang Saku | tvOne","Kabar Petang, https://www.tvOnenews.com - Kabar Gembira, Ini Syarat & cara Daftar Magang Nasional, Dapat Uang Saku | Kabar Petang tvOne

Kementerian Ketenagakerjaan (Kemnaker) resmi membuka pendaftaran program magang pemerintah 2025 mulai Selasa (7/10/2025) kemarin. Pendaftaran bisa diakses melalui situs maganghub.kemnaker.go.id yang menjadi pintu utama pelaksanaan program ini.
Program Pemagangan Nasional 2025 merupakan salah satu bentuk stimulus ekonomi pemerintah untuk memperluas kesempatan kerja bagi 20.000 lulusan baru (fresh graduate). Masa magang berlangsung selama 6 bulan, dan setiap peserta akan menerima insentif sebesar Rp3,3 juta per bulan. #tvOne #tvOnenews #beritaterkini #beritatvone 

KARPET01

MSP01
GUS01

Saksikan live streaming tvOne hanya di https://www.tvonenews.com/live
Dan jangan lupa untuk follow akun-Akun Sosial Media tvOnenews untuk mendapatkan beragam informasi terkini dan update dari kami:

Facebook - https://www.facebook.com/tvOnenews
Instagram - https://www.instagram.com/tvOnenews
Twitter - https://twitter.com/tvOnenews
TikTok - https://www.tiktok.com/@tvOnenews
Website - https://tvOnenews.com .
=========
Music by Declan DP
https://www.youtube.com/@declandpmusic",UCER4rvDnRBPr_ncYW4UCZjg,tvOneNews ,2025-10-13T10:41:40Z,12028,98,57,UgxIm-ZzhAL86O4nzSt4AaABAg,"Rp.3,3juta klo yg magang suru keliling cari nasabah sama jg boong. Klo cm duduk dikantor ketak ketik ngarsip2 ya uang segitu aman jd take home pay. Lah klo ongkos kesana kemari cari nasabah ya habis dong wat ongkos n makan di jalan",@sari6464,UCo5D-h4O84gkhtHbo6LuK2w,2025-10-19T12:49:15Z,2025-10-19T12:49:15Z,0,false,true,true
youtube,Magang Berdampak,Magang_Berdampak_awal,Magang Berdampak,Magang Berdampak,2025-06-16T00:00:00Z,2026-06-23T23:59:59Z,o6X8dbOiIZE,https://www.youtube.com/watch?v=o6X8dbOiIZE,"Kabar Gembira, Ini Syarat & cara Daftar Magang Nasional, Dapat Uang Saku | tvOne","Kabar Petang, https://www.tvOnenews.com - Kabar Gembira, Ini Syarat & cara Daftar Magang Nasional, Dapat Uang Saku | Kabar Petang tvOne

Kementerian Ketenagakerjaan (Kemnaker) resmi membuka pendaftaran program magang pemerintah 2025 mulai Selasa (7/10/2025) kemarin. Pendaftaran bisa diakses melalui situs maganghub.kemnaker.go.id yang menjadi pintu utama pelaksanaan program ini.
Program Pemagangan Nasional 2025 merupakan salah satu bentuk stimulus ekonomi pemerintah untuk memperluas kesempatan kerja bagi 20.000 lulusan baru (fresh graduate). Masa magang berlangsung selama 6 bulan, dan setiap peserta akan menerima insentif sebesar Rp3,3 juta per bulan. #tvOne #tvOnenews #beritaterkini #beritatvone 

KARPET01

MSP01
GUS01

Saksikan live streaming tvOne hanya di https://www.tvonenews.com/live
Dan jangan lupa untuk follow akun-Akun Sosial Media tvOnenews untuk mendapatkan beragam informasi terkini dan update dari kami:

Facebook - https://www.facebook.com/tvOnenews
Instagram - https://www.instagram.com/tvOnenews
Twitter - https://twitter.com/tvOnenews
TikTok - https://www.tiktok.com/@tvOnenews
Website - https://tvOnenews.com .
=========
Music by Declan DP
https://www.youtube.com/@declandpmusic",UCER4rvDnRBPr_ncYW4UCZjg,tvOneNews ,2025-10-13T10:41:40Z,12028,98,57,UgzGkPQ_b3nygggy2mN4AaABAg,KIRAIN YANG SMK BISA😢😢😢,@nanarukana9494,UC4yPtmiUejs5VXlbAMuAaEg,2025-10-18T20:12:20Z,2025-10-18T20:16:03Z,1,false,true,true
youtube,Magang Berdampak,Magang_Berdampak_awal,Magang Berdampak,Magang Berdampak,2025-06-16T00:00:00Z,2026-06-23T23:59:59Z,o6X8dbOiIZE,https://www.youtube.com/watch?v=o6X8dbOiIZE,"Kabar Gembira, Ini Syarat & cara Daftar Magang Nasional, Dapat Uang Saku | tvOne","Kabar Petang, https://www.tvOnenews.com - Kabar Gembira, Ini Syarat & cara Daftar Magang Nasional, Dapat Uang Saku | Kabar Petang tvOne

Kementerian Ketenagakerjaan (Kemnaker) resmi membuka pendaftaran program magang pemerintah 2025 mulai Selasa (7/10/2025) kemarin. Pendaftaran bisa diakses melalui situs maganghub.kemnaker.go.id yang menjadi pintu utama pelaksanaan program ini.
Program Pemagangan Nasional 2025 merupakan salah satu bentuk stimulus ekonomi pemerintah untuk memperluas kesempatan kerja bagi 20.000 lulusan baru (fresh graduate). Masa magang berlangsung selama 6 bulan, dan setiap peserta akan menerima insentif sebesar Rp3,3 juta per bulan. #tvOne #tvOnenews #beritaterkini #beritatvone 

KARPET01

MSP01
GUS01

Saksikan live streaming tvOne hanya di https://www.tvonenews.com/live
Dan jangan lupa untuk follow akun-Akun Sosial Media tvOnenews untuk mendapatkan beragam informasi terkini dan update dari kami:

Facebook - https://www.facebook.com/tvOnenews
Instagram - https://www.instagram.com/tvOnenews
Twitter - https://twitter.com/tvOnenews
TikTok - https://www.tiktok.com/@tvOnenews
Website - https://tvOnenews.com .
=========
Music by Declan DP
https://www.youtube.com/@declandpmusic",UCER4rvDnRBPr_ncYW4UCZjg,tvOneNews ,2025-10-13T10:41:40Z,12028,98,57,UgwCVnVoK5Bsre9jb_p4AaABAg,"MAGANG NASIONAL 2025 MOHON PADA PAK PRABOWO SEBAGAI PRESIDEN YG MENGEPALAI SEMUA INSTITUSI/ LEMBAGA NEGARA JUGA BERTANGGUNG JAWAB 
PADA SELURUH RAKYAT KHUSUSNYA SARJANA LULUSAN 2025 KEBAWAH MEMBAWA SIFAT DISKRIMINASI PADA LULUSAN DIBAWAH THN 2025 LULUSAN SARJANA S.1 DIANAK TIRIKAN PADAHAL SARJANA LULUSAN DIBAWAH THN. 2025 JUMLAHNYA BANYAK SEKALI YG MASIH NGANGGUR BLM DAPAT KERJAAN, SEHARUSNYA BERSIKAP BIJAK,  SARJANA YG LULUSAN DIBAWAH THN 2025 DULU DIREKRUT , AGAR TDK LAMA- LAMA NGANGGUR, KASIHAN......",@abdullahsos9611,UCz0xKKokql7MsVeAp4vduFQ,2025-10-18T09:28:15Z,2025-10-18T09:30:23Z,1,false,true,true
youtube,Magang Berdampak,Magang_Berdampak_awal,Magang Berdampak,Magang Berdampak,2025-06-16T00:00:00Z,2026-06-23T23:59:59Z,o6X8dbOiIZE,https://www.youtube.com/watch?v=o6X8dbOiIZE,"Kabar Gembira, Ini Syarat & cara Daftar Magang Nasional, Dapat Uang Saku | tvOne","Kabar Petang, https://www.tvOnenews.com - Kabar Gembira, Ini Syarat & cara Daftar Magang Nasional, Dapat Uang Saku | Kabar Petang tvOne

Kementerian Ketenagakerjaan (Kemnaker) resmi membuka pendaftaran program magang pemerintah 2025 mulai Selasa (7/10/2025) kemarin. Pendaftaran bisa diakses melalui situs maganghub.kemnaker.go.id yang menjadi pintu utama pelaksanaan program ini.
Program Pemagangan Nasional 2025 merupakan salah satu bentuk stimulus ekonomi pemerintah untuk memperluas kesempatan kerja bagi 20.000 lulusan baru (fresh graduate). Masa magang berlangsung selama 6 bulan, dan setiap peserta akan menerima insentif sebesar Rp3,3 juta per bulan. #tvOne #tvOnenews #beritaterkini #beritatvone 

KARPET01

MSP01
GUS01

Saksikan live streaming tvOne hanya di https://www.tvonenews.com/live
Dan jangan lupa untuk follow akun-Akun Sosial Media tvOnenews untuk mendapatkan beragam informasi terkini dan update dari kami:

Facebook - https://www.facebook.com/tvOnenews
Instagram - https://www.instagram.com/tvOnenews
Twitter - https://twitter.com/tvOnenews
TikTok - https://www.tiktok.com/@tvOnenews
Website - https://tvOnenews.com .
=========
Music by Declan DP
https://www.youtube.com/@declandpmusic",UCER4rvDnRBPr_ncYW4UCZjg,tvOneNews ,2025-10-13T10:41:40Z,12028,98,57,UgwDLW9j8QgacByz04B4AaABAg,Program bagus  inii,@RUSNIADI-zp7z,UCShKgOgefIpSbYGQJ3053xA,2025-10-18T08:00:48Z,2025-10-18T08:00:48Z,0,false,true,true
youtube,Magang Berdampak,Magang_Berdampak_awal,Magang Berdampak,Magang Berdampak,2025-06-16T00:00:00Z,2026-06-23T23:59:59Z,o6X8dbOiIZE,https://www.youtube.com/watch?v=o6X8dbOiIZE,"Kabar Gembira, Ini Syarat & cara Daftar Magang Nasional, Dapat Uang Saku | tvOne","Kabar Petang, https://www.tvOnenews.com - Kabar Gembira, Ini Syarat & cara Daftar Magang Nasional, Dapat Uang Saku | Kabar Petang tvOne

Kementerian Ketenagakerjaan (Kemnaker) resmi membuka pendaftaran program magang pemerintah 2025 mulai Selasa (7/10/2025) kemarin. Pendaftaran bisa diakses melalui situs maganghub.kemnaker.go.id yang menjadi pintu utama pelaksanaan program ini.
Program Pemagangan Nasional 2025 merupakan salah satu bentuk stimulus ekonomi pemerintah untuk memperluas kesempatan kerja bagi 20.000 lulusan baru (fresh graduate). Masa magang berlangsung selama 6 bulan, dan setiap peserta akan menerima insentif sebesar Rp3,3 juta per bulan. #tvOne #tvOnenews #beritaterkini #beritatvone 

KARPET01

MSP01
GUS01

Saksikan live streaming tvOne hanya di https://www.tvonenews.com/live
Dan jangan lupa untuk follow akun-Akun Sosial Media tvOnenews untuk mendapatkan beragam informasi terkini dan update dari kami:

Facebook - https://www.facebook.com/tvOnenews
Instagram - https://www.instagram.com/tvOnenews
Twitter - https://twitter.com/tvOnenews
TikTok - https://www.tiktok.com/@tvOnenews
Website - https://tvOnenews.com .
=========
Music by Declan DP
https://www.youtube.com/@declandpmusic",UCER4rvDnRBPr_ncYW4UCZjg,tvOneNews ,2025-10-13T10:41:40Z,12028,98,57,Ugz7IbdA43Wgq6M_Qu14AaABAg,Ya Allah anak saya secepatnya mendpt pekerjaan,@Isnani-p7r,UCR3-W19KBnXWWeuZbsN29GQ,2025-10-16T15:05:51Z,2025-10-16T15:05:51Z,0,false,true,true
youtube,Magang Berdampak,Magang_Berdampak_awal,Magang Berdampak,Magang Berdampak,2025-06-16T00:00:00Z,2026-06-23T23:59:59Z,o6X8dbOiIZE,https://www.youtube.com/watch?v=o6X8dbOiIZE,"Kabar Gembira, Ini Syarat & cara Daftar Magang Nasional, Dapat Uang Saku | tvOne","Kabar Petang, https://www.tvOnenews.com - Kabar Gembira, Ini Syarat & cara Daftar Magang Nasional, Dapat Uang Saku | Kabar Petang tvOne

Kementerian Ketenagakerjaan (Kemnaker) resmi membuka pendaftaran program magang pemerintah 2025 mulai Selasa (7/10/2025) kemarin. Pendaftaran bisa diakses melalui situs maganghub.kemnaker.go.id yang menjadi pintu utama pelaksanaan program ini.
Program Pemagangan Nasional 2025 merupakan salah satu bentuk stimulus ekonomi pemerintah untuk memperluas kesempatan kerja bagi 20.000 lulusan baru (fresh graduate). Masa magang berlangsung selama 6 bulan, dan setiap peserta akan menerima insentif sebesar Rp3,3 juta per bulan. #tvOne #tvOnenews #beritaterkini #beritatvone 

KARPET01

MSP01
GUS01

Saksikan live streaming tvOne hanya di https://www.tvonenews.com/live
Dan jangan lupa untuk follow akun-Akun Sosial Media tvOnenews untuk mendapatkan beragam informasi terkini dan update dari kami:

Facebook - https://www.facebook.com/tvOnenews
Instagram - https://www.instagram.com/tvOnenews
Twitter - https://twitter.com/tvOnenews
TikTok - https://www.tiktok.com/@tvOnenews
Website - https://tvOnenews.com .
=========
Music by Declan DP
https://www.youtube.com/@declandpmusic",UCER4rvDnRBPr_ncYW4UCZjg,tvOneNews ,2025-10-13T10:41:40Z,12028,98,57,UgxLkGlexRPns-jilFl4AaABAg,"Tolong dong 
Untuk yg udh 2 tahun lulus S1 atau lebih  
Butuh kerja juga 
Udah banyak di usahakan lamar sana sini 
Belom dapat juga",@tiawa7690,UCAJKUNVLT2OP40gN0fkysPA,2025-10-15T13:56:17Z,2025-10-15T13:56:17Z,0,false,true,true
youtube,Magang Berdampak,Magang_Berdampak_awal,Magang Berdampak,Magang Berdampak,2025-06-16T00:00:00Z,2026-06-23T23:59:59Z,o6X8dbOiIZE,https://www.youtube.com/watch?v=o6X8dbOiIZE,"Kabar Gembira, Ini Syarat & cara Daftar Magang Nasional, Dapat Uang Saku | tvOne","Kabar Petang, https://www.tvOnenews.com - Kabar Gembira, Ini Syarat & cara Daftar Magang Nasional, Dapat Uang Saku | Kabar Petang tvOne

Kementerian Ketenagakerjaan (Kemnaker) resmi membuka pendaftaran program magang pemerintah 2025 mulai Selasa (7/10/2025) kemarin. Pendaftaran bisa diakses melalui situs maganghub.kemnaker.go.id yang menjadi pintu utama pelaksanaan program ini.
Program Pemagangan Nasional 2025 merupakan salah satu bentuk stimulus ekonomi pemerintah untuk memperluas kesempatan kerja bagi 20.000 lulusan baru (fresh graduate). Masa magang berlangsung selama 6 bulan, dan setiap peserta akan menerima insentif sebesar Rp3,3 juta per bulan. #tvOne #tvOnenews #beritaterkini #beritatvone 

KARPET01

MSP01
GUS01

Saksikan live streaming tvOne hanya di https://www.tvonenews.com/live
Dan jangan lupa untuk follow akun-Akun Sosial Media tvOnenews untuk mendapatkan beragam informasi terkini dan update dari kami:

Facebook - https://www.facebook.com/tvOnenews
Instagram - https://www.instagram.com/tvOnenews
Twitter - https://twitter.com/tvOnenews
TikTok - https://www.tiktok.com/@tvOnenews
Website - https://tvOnenews.com .
=========
Music by Declan DP
https://www.youtube.com/@declandpmusic",UCER4rvDnRBPr_ncYW4UCZjg,tvOneNews ,2025-10-13T10:41:40Z,12028,98,57,Ugw6TbPYgqfpAdfAZ154AaABAg,Yg usia 40 an gmn ini yg masih produktif...gk ada kah inpo nya,@sanny5979,UCC5RMRJ7ezdnKqqemMM9jNw,2025-10-15T10:56:24Z,2025-10-15T10:56:24Z,0,false,true,true
youtube,Magang Berdampak,Magang_Berdampak_awal,Magang Berdampak,Magang Berdampak,2025-06-16T00:00:00Z,2026-06-23T23:59:59Z,o6X8dbOiIZE,https://www.youtube.com/watch?v=o6X8dbOiIZE,"Kabar Gembira, Ini Syarat & cara Daftar Magang Nasional, Dapat Uang Saku | tvOne","Kabar Petang, https://www.tvOnenews.com - Kabar Gembira, Ini Syarat & cara Daftar Magang Nasional, Dapat Uang Saku | Kabar Petang tvOne

Kementerian Ketenagakerjaan (Kemnaker) resmi membuka pendaftaran program magang pemerintah 2025 mulai Selasa (7/10/2025) kemarin. Pendaftaran bisa diakses melalui situs maganghub.kemnaker.go.id yang menjadi pintu utama pelaksanaan program ini.
Program Pemagangan Nasional 2025 merupakan salah satu bentuk stimulus ekonomi pemerintah untuk memperluas kesempatan kerja bagi 20.000 lulusan baru (fresh graduate). Masa magang berlangsung selama 6 bulan, dan setiap peserta akan menerima insentif sebesar Rp3,3 juta per bulan. #tvOne #tvOnenews #beritaterkini #beritatvone 

KARPET01

MSP01
GUS01

Saksikan live streaming tvOne hanya di https://www.tvonenews.com/live
Dan jangan lupa untuk follow akun-Akun Sosial Media tvOnenews untuk mendapatkan beragam informasi terkini dan update dari kami:

Facebook - https://www.facebook.com/tvOnenews
Instagram - https://www.instagram.com/tvOnenews
Twitter - https://twitter.com/tvOnenews
TikTok - https://www.tiktok.com/@tvOnenews
Website - https://tvOnenews.com .
=========
Music by Declan DP
https://www.youtube.com/@declandpmusic",UCER4rvDnRBPr_ncYW4UCZjg,tvOneNews ,2025-10-13T10:41:40Z,12028,98,57,UgyB-Tt0bEhG-5BzXbF4AaABAg,"Ngak adil,yang lulus lebih 1 tahun keatas gimana apakah ada solusinya",@syamsuardibuya5371,UCUxHv1IS-2od2sDADRQ6a_Q,2025-10-15T10:46:13Z,2025-10-15T10:46:13Z,0,false,true,true
youtube,Magang Berdampak,Magang_Berdampak_awal,Magang Berdampak,Magang Berdampak,2025-06-16T00:00:00Z,2026-06-23T23:59:59Z,o6X8dbOiIZE,https://www.youtube.com/watch?v=o6X8dbOiIZE,"Kabar Gembira, Ini Syarat & cara Daftar Magang Nasional, Dapat Uang Saku | tvOne","Kabar Petang, https://www.tvOnenews.com - Kabar Gembira, Ini Syarat & cara Daftar Magang Nasional, Dapat Uang Saku | Kabar Petang tvOne

Kementerian Ketenagakerjaan (Kemnaker) resmi membuka pendaftaran program magang pemerintah 2025 mulai Selasa (7/10/2025) kemarin. Pendaftaran bisa diakses melalui situs maganghub.kemnaker.go.id yang menjadi pintu utama pelaksanaan program ini.
Program Pemagangan Nasional 2025 merupakan salah satu bentuk stimulus ekonomi pemerintah untuk memperluas kesempatan kerja bagi 20.000 lulusan baru (fresh graduate). Masa magang berlangsung selama 6 bulan, dan setiap peserta akan menerima insentif sebesar Rp3,3 juta per bulan. #tvOne #tvOnenews #beritaterkini #beritatvone 

KARPET01

MSP01
GUS01

Saksikan live streaming tvOne hanya di https://www.tvonenews.com/live
Dan jangan lupa untuk follow akun-Akun Sosial Media tvOnenews untuk mendapatkan beragam informasi terkini dan update dari kami:

Facebook - https://www.facebook.com/tvOnenews
Instagram - https://www.instagram.com/tvOnenews
Twitter - https://twitter.com/tvOnenews
TikTok - https://www.tiktok.com/@tvOnenews
Website - https://tvOnenews.com .
=========
Music by Declan DP
https://www.youtube.com/@declandpmusic",UCER4rvDnRBPr_ncYW4UCZjg,tvOneNews ,2025-10-13T10:41:40Z,12028,98,57,UgwcokghMNq6W8ToT0l4AaABAg,"Buat gebrakan pak seperti pak Purbaya. Anda sama2 alumni ITB, menteri ketenagakerjaan  kok melempem.",@NurRohmawati-pb7ft,UCbAV1FdpMvu0DV6Qwsal7zQ,2025-10-15T06:07:03Z,2025-10-15T06:07:03Z,0,false,true,true
youtube,Magang Berdampak,Magang_Berdampak_awal,Magang Berdampak,Magang Berdampak,2025-06-16T00:00:00Z,2026-06-23T23:59:59Z,o6X8dbOiIZE,https://www.youtube.com/watch?v=o6X8dbOiIZE,"Kabar Gembira, Ini Syarat & cara Daftar Magang Nasional, Dapat Uang Saku | tvOne","Kabar Petang, https://www.tvOnenews.com - Kabar Gembira, Ini Syarat & cara Daftar Magang Nasional, Dapat Uang Saku | Kabar Petang tvOne

Kementerian Ketenagakerjaan (Kemnaker) resmi membuka pendaftaran program magang pemerintah 2025 mulai Selasa (7/10/2025) kemarin. Pendaftaran bisa diakses melalui situs maganghub.kemnaker.go.id yang menjadi pintu utama pelaksanaan program ini.
Program Pemagangan Nasional 2025 merupakan salah satu bentuk stimulus ekonomi pemerintah untuk memperluas kesempatan kerja bagi 20.000 lulusan baru (fresh graduate). Masa magang berlangsung selama 6 bulan, dan setiap peserta akan menerima insentif sebesar Rp3,3 juta per bulan. #tvOne #tvOnenews #beritaterkini #beritatvone 

KARPET01

MSP01
GUS01

Saksikan live streaming tvOne hanya di https://www.tvonenews.com/live
Dan jangan lupa untuk follow akun-Akun Sosial Media tvOnenews untuk mendapatkan beragam informasi terkini dan update dari kami:

Facebook - https://www.facebook.com/tvOnenews
Instagram - https://www.instagram.com/tvOnenews
Twitter - https://twitter.com/tvOnenews
TikTok - https://www.tiktok.com/@tvOnenews
Website - https://tvOnenews.com .
=========
Music by Declan DP
https://www.youtube.com/@declandpmusic",UCER4rvDnRBPr_ncYW4UCZjg,tvOneNews ,2025-10-13T10:41:40Z,12028,98,57,Ugwa-hx9_ubhaJrndMB4AaABAg,Sangat disayangkan serjana yg sudah lima empat th  masih banyak yg masih ngangur pak kasihan mareka sudah punya istri tapi blum kerja peraturan pamarintah harusnya yg sudah lama di beri kesempati jugo.,@misliabulian1874,UCSQJ_rOnWWTiRVWo_84fs9A,2025-10-15T02:55:25Z,2025-10-15T02:55:25Z,0,false,true,true
youtube,Magang Berdampak,Magang_Berdampak_awal,Magang Berdampak,Magang Berdampak,2025-06-16T00:00:00Z,2026-06-23T23:59:59Z,o6X8dbOiIZE,https://www.youtube.com/watch?v=o6X8dbOiIZE,"Kabar Gembira, Ini Syarat & cara Daftar Magang Nasional, Dapat Uang Saku | tvOne","Kabar Petang, https://www.tvOnenews.com - Kabar Gembira, Ini Syarat & cara Daftar Magang Nasional, Dapat Uang Saku | Kabar Petang tvOne

Kementerian Ketenagakerjaan (Kemnaker) resmi membuka pendaftaran program magang pemerintah 2025 mulai Selasa (7/10/2025) kemarin. Pendaftaran bisa diakses melalui situs maganghub.kemnaker.go.id yang menjadi pintu utama pelaksanaan program ini.
Program Pemagangan Nasional 2025 merupakan salah satu bentuk stimulus ekonomi pemerintah untuk memperluas kesempatan kerja bagi 20.000 lulusan baru (fresh graduate). Masa magang berlangsung selama 6 bulan, dan setiap peserta akan menerima insentif sebesar Rp3,3 juta per bulan. #tvOne #tvOnenews #beritaterkini #beritatvone 

KARPET01

MSP01
GUS01

Saksikan live streaming tvOne hanya di https://www.tvonenews.com/live
Dan jangan lupa untuk follow akun-Akun Sosial Media tvOnenews untuk mendapatkan beragam informasi terkini dan update dari kami:

Facebook - https://www.facebook.com/tvOnenews
Instagram - https://www.instagram.com/tvOnenews
Twitter - https://twitter.com/tvOnenews
TikTok - https://www.tiktok.com/@tvOnenews
Website - https://tvOnenews.com .
=========
Music by Declan DP
https://www.youtube.com/@declandpmusic",UCER4rvDnRBPr_ncYW4UCZjg,tvOneNews ,2025-10-13T10:41:40Z,12028,98,57,UgwQd-sYXOQ3_sR6mvx4AaABAg,"Bohong, katanya terakhir 15 Oktober ternyata tidak bisa daftar nya.",@SaletukGroup,UCzFvQYM23wS88T8W7TYWhHg,2025-10-15T00:29:02Z,2025-10-15T00:29:02Z,1,false,true,true
youtube,Magang Berdampak,Magang_Berdampak_awal,Magang Berdampak,Magang Berdampak,2025-06-16T00:00:00Z,2026-06-23T23:59:59Z,o6X8dbOiIZE,https://www.youtube.com/watch?v=o6X8dbOiIZE,"Kabar Gembira, Ini Syarat & cara Daftar Magang Nasional, Dapat Uang Saku | tvOne","Kabar Petang, https://www.tvOnenews.com - Kabar Gembira, Ini Syarat & cara Daftar Magang Nasional, Dapat Uang Saku | Kabar Petang tvOne

Kementerian Ketenagakerjaan (Kemnaker) resmi membuka pendaftaran program magang pemerintah 2025 mulai Selasa (7/10/2025) kemarin. Pendaftaran bisa diakses melalui situs maganghub.kemnaker.go.id yang menjadi pintu utama pelaksanaan program ini.
Program Pemagangan Nasional 2025 merupakan salah satu bentuk stimulus ekonomi pemerintah untuk memperluas kesempatan kerja bagi 20.000 lulusan baru (fresh graduate). Masa magang berlangsung selama 6 bulan, dan setiap peserta akan menerima insentif sebesar Rp3,3 juta per bulan. #tvOne #tvOnenews #beritaterkini #beritatvone 

KARPET01

MSP01
GUS01

Saksikan live streaming tvOne hanya di https://www.tvonenews.com/live
Dan jangan lupa untuk follow akun-Akun Sosial Media tvOnenews untuk mendapatkan beragam informasi terkini dan update dari kami:

Facebook - https://www.facebook.com/tvOnenews
Instagram - https://www.instagram.com/tvOnenews
Twitter - https://twitter.com/tvOnenews
TikTok - https://www.tiktok.com/@tvOnenews
Website - https://tvOnenews.com .
=========
Music by Declan DP
https://www.youtube.com/@declandpmusic",UCER4rvDnRBPr_ncYW4UCZjg,tvOneNews ,2025-10-13T10:41:40Z,12028,98,57,Ugz3iPiyUQlOefHljM14AaABAg,"Jangan hanya yg baru lulus aja pak, katanya no syarat usia",@kurokiojisan,UClkGomXQISANRizdqKle1GA,2025-10-14T15:06:10Z,2025-10-14T15:06:10Z,0,false,true,true
youtube,Magang Berdampak,Magang_Berdampak_awal,Magang Berdampak,Magang Berdampak,2025-06-16T00:00:00Z,2026-06-23T23:59:59Z,o6X8dbOiIZE,https://www.youtube.com/watch?v=o6X8dbOiIZE,"Kabar Gembira, Ini Syarat & cara Daftar Magang Nasional, Dapat Uang Saku | tvOne","Kabar Petang, https://www.tvOnenews.com - Kabar Gembira, Ini Syarat & cara Daftar Magang Nasional, Dapat Uang Saku | Kabar Petang tvOne

Kementerian Ketenagakerjaan (Kemnaker) resmi membuka pendaftaran program magang pemerintah 2025 mulai Selasa (7/10/2025) kemarin. Pendaftaran bisa diakses melalui situs maganghub.kemnaker.go.id yang menjadi pintu utama pelaksanaan program ini.
Program Pemagangan Nasional 2025 merupakan salah satu bentuk stimulus ekonomi pemerintah untuk memperluas kesempatan kerja bagi 20.000 lulusan baru (fresh graduate). Masa magang berlangsung selama 6 bulan, dan setiap peserta akan menerima insentif sebesar Rp3,3 juta per bulan. #tvOne #tvOnenews #beritaterkini #beritatvone 

KARPET01

MSP01
GUS01

Saksikan live streaming tvOne hanya di https://www.tvonenews.com/live
Dan jangan lupa untuk follow akun-Akun Sosial Media tvOnenews untuk mendapatkan beragam informasi terkini dan update dari kami:

Facebook - https://www.facebook.com/tvOnenews
Instagram - https://www.instagram.com/tvOnenews
Twitter - https://twitter.com/tvOnenews
TikTok - https://www.tiktok.com/@tvOnenews
Website - https://tvOnenews.com .
=========
Music by Declan DP
https://www.youtube.com/@declandpmusic",UCER4rvDnRBPr_ncYW4UCZjg,tvOneNews ,2025-10-13T10:41:40Z,12028,98,57,UgxJ1oT4xZs7yZHsjMp4AaABAg,Pak kasian yang lulusan lama juga butuh pekerjaan harus adil kebutuhan itu penting buat bayar pajak bayar cicikan motor cicilan rumah cicikan yang lainnya mantaap rakyat sejahtera,@LBORO-g8v,UCmQzTK5OXEgn3UJF7uT24mQ,2025-10-14T13:22:34Z,2025-10-14T13:22:34Z,2,false,true,true
youtube,Magang Berdampak,Magang_Berdampak_awal,Magang Berdampak,Magang Berdampak,2025-06-16T00:00:00Z,2026-06-23T23:59:59Z,o6X8dbOiIZE,https://www.youtube.com/watch?v=o6X8dbOiIZE,"Kabar Gembira, Ini Syarat & cara Daftar Magang Nasional, Dapat Uang Saku | tvOne","Kabar Petang, https://www.tvOnenews.com - Kabar Gembira, Ini Syarat & cara Daftar Magang Nasional, Dapat Uang Saku | Kabar Petang tvOne

Kementerian Ketenagakerjaan (Kemnaker) resmi membuka pendaftaran program magang pemerintah 2025 mulai Selasa (7/10/2025) kemarin. Pendaftaran bisa diakses melalui situs maganghub.kemnaker.go.id yang menjadi pintu utama pelaksanaan program ini.
Program Pemagangan Nasional 2025 merupakan salah satu bentuk stimulus ekonomi pemerintah untuk memperluas kesempatan kerja bagi 20.000 lulusan baru (fresh graduate). Masa magang berlangsung selama 6 bulan, dan setiap peserta akan menerima insentif sebesar Rp3,3 juta per bulan. #tvOne #tvOnenews #beritaterkini #beritatvone 

KARPET01

MSP01
GUS01

Saksikan live streaming tvOne hanya di https://www.tvonenews.com/live
Dan jangan lupa untuk follow akun-Akun Sosial Media tvOnenews untuk mendapatkan beragam informasi terkini dan update dari kami:

Facebook - https://www.facebook.com/tvOnenews
Instagram - https://www.instagram.com/tvOnenews
Twitter - https://twitter.com/tvOnenews
TikTok - https://www.tiktok.com/@tvOnenews
Website - https://tvOnenews.com .
=========
Music by Declan DP
https://www.youtube.com/@declandpmusic",UCER4rvDnRBPr_ncYW4UCZjg,tvOneNews ,2025-10-13T10:41:40Z,12028,98,57,UgzzaEGozwrib630nQh4AaABAg,Lalu apakabar yang hanya lulusan smp,@cahlaut9590,UCfOpbota6i_uadCQ9pNLu8g,2025-10-14T12:35:00Z,2025-10-14T12:35:31Z,0,false,true,true
youtube,Magang Berdampak,Magang_Berdampak_awal,Magang Berdampak,Magang Berdampak,2025-06-16T00:00:00Z,2026-06-23T23:59:59Z,o6X8dbOiIZE,https://www.youtube.com/watch?v=o6X8dbOiIZE,"Kabar Gembira, Ini Syarat & cara Daftar Magang Nasional, Dapat Uang Saku | tvOne","Kabar Petang, https://www.tvOnenews.com - Kabar Gembira, Ini Syarat & cara Daftar Magang Nasional, Dapat Uang Saku | Kabar Petang tvOne

Kementerian Ketenagakerjaan (Kemnaker) resmi membuka pendaftaran program magang pemerintah 2025 mulai Selasa (7/10/2025) kemarin. Pendaftaran bisa diakses melalui situs maganghub.kemnaker.go.id yang menjadi pintu utama pelaksanaan program ini.
Program Pemagangan Nasional 2025 merupakan salah satu bentuk stimulus ekonomi pemerintah untuk memperluas kesempatan kerja bagi 20.000 lulusan baru (fresh graduate). Masa magang berlangsung selama 6 bulan, dan setiap peserta akan menerima insentif sebesar Rp3,3 juta per bulan. #tvOne #tvOnenews #beritaterkini #beritatvone 

KARPET01

MSP01
GUS01

Saksikan live streaming tvOne hanya di https://www.tvonenews.com/live
Dan jangan lupa untuk follow akun-Akun Sosial Media tvOnenews untuk mendapatkan beragam informasi terkini dan update dari kami:

Facebook - https://www.facebook.com/tvOnenews
Instagram - https://www.instagram.com/tvOnenews
Twitter - https://twitter.com/tvOnenews
TikTok - https://www.tiktok.com/@tvOnenews
Website - https://tvOnenews.com .
=========
Music by Declan DP
https://www.youtube.com/@declandpmusic",UCER4rvDnRBPr_ncYW4UCZjg,tvOneNews ,2025-10-13T10:41:40Z,12028,98,57,UgwrvUC4VOFo68BtPbh4AaABAg,"Jangan untuk yg baru lulus saja, yg sdh lama lulus juga banyak jadi  pengangguran",@ayuastuti3612,UCSQBJeEog-RyTQrPUSDMHFQ,2025-10-14T10:52:08Z,2025-10-14T10:52:08Z,1,false,true,true
youtube,Magang Berdampak,Magang_Berdampak_awal,Magang Berdampak,Magang Berdampak,2025-06-16T00:00:00Z,2026-06-23T23:59:59Z,o6X8dbOiIZE,https://www.youtube.com/watch?v=o6X8dbOiIZE,"Kabar Gembira, Ini Syarat & cara Daftar Magang Nasional, Dapat Uang Saku | tvOne","Kabar Petang, https://www.tvOnenews.com - Kabar Gembira, Ini Syarat & cara Daftar Magang Nasional, Dapat Uang Saku | Kabar Petang tvOne

Kementerian Ketenagakerjaan (Kemnaker) resmi membuka pendaftaran program magang pemerintah 2025 mulai Selasa (7/10/2025) kemarin. Pendaftaran bisa diakses melalui situs maganghub.kemnaker.go.id yang menjadi pintu utama pelaksanaan program ini.
Program Pemagangan Nasional 2025 merupakan salah satu bentuk stimulus ekonomi pemerintah untuk memperluas kesempatan kerja bagi 20.000 lulusan baru (fresh graduate). Masa magang berlangsung selama 6 bulan, dan setiap peserta akan menerima insentif sebesar Rp3,3 juta per bulan. #tvOne #tvOnenews #beritaterkini #beritatvone 

KARPET01

MSP01
GUS01

Saksikan live streaming tvOne hanya di https://www.tvonenews.com/live
Dan jangan lupa untuk follow akun-Akun Sosial Media tvOnenews untuk mendapatkan beragam informasi terkini dan update dari kami:

Facebook - https://www.facebook.com/tvOnenews
Instagram - https://www.instagram.com/tvOnenews
Twitter - https://twitter.com/tvOnenews
TikTok - https://www.tiktok.com/@tvOnenews
Website - https://tvOnenews.com .
=========
Music by Declan DP
https://www.youtube.com/@declandpmusic",UCER4rvDnRBPr_ncYW4UCZjg,tvOneNews ,2025-10-13T10:41:40Z,12028,98,57,UgzDJtRsJ3Pbo_zAVjd4AaABAg,Mending kerjo ke luar negeri aja gk ribet gaji besar contoh saya cuma lulusan SMP bis kerja ke Polandia dengn gaji 20 JT perbulan .di sini paling gaji umr,@ahmadsubki2505,UCGxpTSixTMh1BPbflhX-21A,2025-10-14T07:40:15Z,2025-10-14T07:40:15Z,1,false,true,true
youtube,Magang Berdampak,Magang_Berdampak_awal,Magang Berdampak,Magang Berdampak,2025-06-16T00:00:00Z,2026-06-23T23:59:59Z,o6X8dbOiIZE,https://www.youtube.com/watch?v=o6X8dbOiIZE,"Kabar Gembira, Ini Syarat & cara Daftar Magang Nasional, Dapat Uang Saku | tvOne","Kabar Petang, https://www.tvOnenews.com - Kabar Gembira, Ini Syarat & cara Daftar Magang Nasional, Dapat Uang Saku | Kabar Petang tvOne

Kementerian Ketenagakerjaan (Kemnaker) resmi membuka pendaftaran program magang pemerintah 2025 mulai Selasa (7/10/2025) kemarin. Pendaftaran bisa diakses melalui situs maganghub.kemnaker.go.id yang menjadi pintu utama pelaksanaan program ini.
Program Pemagangan Nasional 2025 merupakan salah satu bentuk stimulus ekonomi pemerintah untuk memperluas kesempatan kerja bagi 20.000 lulusan baru (fresh graduate). Masa magang berlangsung selama 6 bulan, dan setiap peserta akan menerima insentif sebesar Rp3,3 juta per bulan. #tvOne #tvOnenews #beritaterkini #beritatvone 

KARPET01

MSP01
GUS01

Saksikan live streaming tvOne hanya di https://www.tvonenews.com/live
Dan jangan lupa untuk follow akun-Akun Sosial Media tvOnenews untuk mendapatkan beragam informasi terkini dan update dari kami:

Facebook - https://www.facebook.com/tvOnenews
Instagram - https://www.instagram.com/tvOnenews
Twitter - https://twitter.com/tvOnenews
TikTok - https://www.tiktok.com/@tvOnenews
Website - https://tvOnenews.com .
=========
Music by Declan DP
https://www.youtube.com/@declandpmusic",UCER4rvDnRBPr_ncYW4UCZjg,tvOneNews ,2025-10-13T10:41:40Z,12028,98,57,UgzcUCN4HQf8Q2ws_aJ4AaABAg,Lubang kKN sperti Prakerja yg TDK tpt sasaran.,@WarsiAdi-iy5cv,UCqrn_DO3ivkMlONOK71pLrw,2025-10-14T06:33:54Z,2025-10-14T06:33:54Z,0,false,true,true
youtube,Magang Berdampak,Magang_Berdampak_awal,Magang Berdampak,Magang Berdampak,2025-06-16T00:00:00Z,2026-06-23T23:59:59Z,o6X8dbOiIZE,https://www.youtube.com/watch?v=o6X8dbOiIZE,"Kabar Gembira, Ini Syarat & cara Daftar Magang Nasional, Dapat Uang Saku | tvOne","Kabar Petang, https://www.tvOnenews.com - Kabar Gembira, Ini Syarat & cara Daftar Magang Nasional, Dapat Uang Saku | Kabar Petang tvOne

Kementerian Ketenagakerjaan (Kemnaker) resmi membuka pendaftaran program magang pemerintah 2025 mulai Selasa (7/10/2025) kemarin. Pendaftaran bisa diakses melalui situs maganghub.kemnaker.go.id yang menjadi pintu utama pelaksanaan program ini.
Program Pemagangan Nasional 2025 merupakan salah satu bentuk stimulus ekonomi pemerintah untuk memperluas kesempatan kerja bagi 20.000 lulusan baru (fresh graduate). Masa magang berlangsung selama 6 bulan, dan setiap peserta akan menerima insentif sebesar Rp3,3 juta per bulan. #tvOne #tvOnenews #beritaterkini #beritatvone 

KARPET01

MSP01
GUS01

Saksikan live streaming tvOne hanya di https://www.tvonenews.com/live
Dan jangan lupa untuk follow akun-Akun Sosial Media tvOnenews untuk mendapatkan beragam informasi terkini dan update dari kami:

Facebook - https://www.facebook.com/tvOnenews
Instagram - https://www.instagram.com/tvOnenews
Twitter - https://twitter.com/tvOnenews
TikTok - https://www.tiktok.com/@tvOnenews
Website - https://tvOnenews.com .
=========
Music by Declan DP
https://www.youtube.com/@declandpmusic",UCER4rvDnRBPr_ncYW4UCZjg,tvOneNews ,2025-10-13T10:41:40Z,12028,98,57,UgxQl_imThAfFSQ26CB4AaABAg,"ini buat mahasiswa aja, sementara   sma..smk nya mau kemana",@cenicenia,UCSQYh_9ArpqZJiJWinD2WKg,2025-10-14T04:44:32Z,2025-10-14T04:44:32Z,1,false,true,true
youtube,Magang Berdampak,Magang_Berdampak_awal,Magang Berdampak,Magang Berdampak,2025-06-16T00:00:00Z,2026-06-23T23:59:59Z,o6X8dbOiIZE,https://www.youtube.com/watch?v=o6X8dbOiIZE,"Kabar Gembira, Ini Syarat & cara Daftar Magang Nasional, Dapat Uang Saku | tvOne","Kabar Petang, https://www.tvOnenews.com - Kabar Gembira, Ini Syarat & cara Daftar Magang Nasional, Dapat Uang Saku | Kabar Petang tvOne

Kementerian Ketenagakerjaan (Kemnaker) resmi membuka pendaftaran program magang pemerintah 2025 mulai Selasa (7/10/2025) kemarin. Pendaftaran bisa diakses melalui situs maganghub.kemnaker.go.id yang menjadi pintu utama pelaksanaan program ini.
Program Pemagangan Nasional 2025 merupakan salah satu bentuk stimulus ekonomi pemerintah untuk memperluas kesempatan kerja bagi 20.000 lulusan baru (fresh graduate). Masa magang berlangsung selama 6 bulan, dan setiap peserta akan menerima insentif sebesar Rp3,3 juta per bulan. #tvOne #tvOnenews #beritaterkini #beritatvone 

KARPET01

MSP01
GUS01

Saksikan live streaming tvOne hanya di https://www.tvonenews.com/live
Dan jangan lupa untuk follow akun-Akun Sosial Media tvOnenews untuk mendapatkan beragam informasi terkini dan update dari kami:

Facebook - https://www.facebook.com/tvOnenews
Instagram - https://www.instagram.com/tvOnenews
Twitter - https://twitter.com/tvOnenews
TikTok - https://www.tiktok.com/@tvOnenews
Website - https://tvOnenews.com .
=========
Music by Declan DP
https://www.youtube.com/@declandpmusic",UCER4rvDnRBPr_ncYW4UCZjg,tvOneNews ,2025-10-13T10:41:40Z,12028,98,57,UgyYi7MXP2oSROu_m294AaABAg,magang hanya untuk mahasiswa aja,@cenicenia,UCSQYh_9ArpqZJiJWinD2WKg,2025-10-14T04:39:38Z,2025-10-14T04:39:38Z,0,false,true,true
youtube,Magang Berdampak,Magang_Berdampak_awal,Magang Berdampak,Magang Berdampak,2025-06-16T00:00:00Z,2026-06-23T23:59:59Z,o6X8dbOiIZE,https://www.youtube.com/watch?v=o6X8dbOiIZE,"Kabar Gembira, Ini Syarat & cara Daftar Magang Nasional, Dapat Uang Saku | tvOne","Kabar Petang, https://www.tvOnenews.com - Kabar Gembira, Ini Syarat & cara Daftar Magang Nasional, Dapat Uang Saku | Kabar Petang tvOne

Kementerian Ketenagakerjaan (Kemnaker) resmi membuka pendaftaran program magang pemerintah 2025 mulai Selasa (7/10/2025) kemarin. Pendaftaran bisa diakses melalui situs maganghub.kemnaker.go.id yang menjadi pintu utama pelaksanaan program ini.
Program Pemagangan Nasional 2025 merupakan salah satu bentuk stimulus ekonomi pemerintah untuk memperluas kesempatan kerja bagi 20.000 lulusan baru (fresh graduate). Masa magang berlangsung selama 6 bulan, dan setiap peserta akan menerima insentif sebesar Rp3,3 juta per bulan. #tvOne #tvOnenews #beritaterkini #beritatvone 

KARPET01

MSP01
GUS01

Saksikan live streaming tvOne hanya di https://www.tvonenews.com/live
Dan jangan lupa untuk follow akun-Akun Sosial Media tvOnenews untuk mendapatkan beragam informasi terkini dan update dari kami:

Facebook - https://www.facebook.com/tvOnenews
Instagram - https://www.instagram.com/tvOnenews
Twitter - https://twitter.com/tvOnenews
TikTok - https://www.tiktok.com/@tvOnenews
Website - https://tvOnenews.com .
=========
Music by Declan DP
https://www.youtube.com/@declandpmusic",UCER4rvDnRBPr_ncYW4UCZjg,tvOneNews ,2025-10-13T10:41:40Z,12028,98,57,UgwShsrXKX6PkUpnW6B4AaABAg,Bayar org dalam nya 10jt hahahha,@anakkampung4556,UCsuze1njwmydTU9X2h8qKQw,2025-10-14T00:03:04Z,2025-10-14T00:03:04Z,1,false,true,true
youtube,Magang Berdampak,Magang_Berdampak_awal,Magang Berdampak,Magang Berdampak,2025-06-16T00:00:00Z,2026-06-23T23:59:59Z,o6X8dbOiIZE,https://www.youtube.com/watch?v=o6X8dbOiIZE,"Kabar Gembira, Ini Syarat & cara Daftar Magang Nasional, Dapat Uang Saku | tvOne","Kabar Petang, https://www.tvOnenews.com - Kabar Gembira, Ini Syarat & cara Daftar Magang Nasional, Dapat Uang Saku | Kabar Petang tvOne

Kementerian Ketenagakerjaan (Kemnaker) resmi membuka pendaftaran program magang pemerintah 2025 mulai Selasa (7/10/2025) kemarin. Pendaftaran bisa diakses melalui situs maganghub.kemnaker.go.id yang menjadi pintu utama pelaksanaan program ini.
Program Pemagangan Nasional 2025 merupakan salah satu bentuk stimulus ekonomi pemerintah untuk memperluas kesempatan kerja bagi 20.000 lulusan baru (fresh graduate). Masa magang berlangsung selama 6 bulan, dan setiap peserta akan menerima insentif sebesar Rp3,3 juta per bulan. #tvOne #tvOnenews #beritaterkini #beritatvone 

KARPET01

MSP01
GUS01

Saksikan live streaming tvOne hanya di https://www.tvonenews.com/live
Dan jangan lupa untuk follow akun-Akun Sosial Media tvOnenews untuk mendapatkan beragam informasi terkini dan update dari kami:

Facebook - https://www.facebook.com/tvOnenews
Instagram - https://www.instagram.com/tvOnenews
Twitter - https://twitter.com/tvOnenews
TikTok - https://www.tiktok.com/@tvOnenews
Website - https://tvOnenews.com .
=========
Music by Declan DP
https://www.youtube.com/@declandpmusic",UCER4rvDnRBPr_ncYW4UCZjg,tvOneNews ,2025-10-13T10:41:40Z,12028,98,57,UgyYwsCpObpbPLI7qvl4AaABAg,Kartu prakerja kemarin buat ap ya?,@AcilSari-m5y,UCr7f98pQZkoqnXubRL7ECdA,2025-10-13T23:54:52Z,2025-10-13T23:54:52Z,0,false,true,true
youtube,Magang Berdampak,Magang_Berdampak_awal,Magang Berdampak,Magang Berdampak,2025-06-16T00:00:00Z,2026-06-23T23:59:59Z,o6X8dbOiIZE,https://www.youtube.com/watch?v=o6X8dbOiIZE,"Kabar Gembira, Ini Syarat & cara Daftar Magang Nasional, Dapat Uang Saku | tvOne","Kabar Petang, https://www.tvOnenews.com - Kabar Gembira, Ini Syarat & cara Daftar Magang Nasional, Dapat Uang Saku | Kabar Petang tvOne

Kementerian Ketenagakerjaan (Kemnaker) resmi membuka pendaftaran program magang pemerintah 2025 mulai Selasa (7/10/2025) kemarin. Pendaftaran bisa diakses melalui situs maganghub.kemnaker.go.id yang menjadi pintu utama pelaksanaan program ini.
Program Pemagangan Nasional 2025 merupakan salah satu bentuk stimulus ekonomi pemerintah untuk memperluas kesempatan kerja bagi 20.000 lulusan baru (fresh graduate). Masa magang berlangsung selama 6 bulan, dan setiap peserta akan menerima insentif sebesar Rp3,3 juta per bulan. #tvOne #tvOnenews #beritaterkini #beritatvone 

KARPET01

MSP01
GUS01

Saksikan live streaming tvOne hanya di https://www.tvonenews.com/live
Dan jangan lupa untuk follow akun-Akun Sosial Media tvOnenews untuk mendapatkan beragam informasi terkini dan update dari kami:

Facebook - https://www.facebook.com/tvOnenews
Instagram - https://www.instagram.com/tvOnenews
Twitter - https://twitter.com/tvOnenews
TikTok - https://www.tiktok.com/@tvOnenews
Website - https://tvOnenews.com .
=========
Music by Declan DP
https://www.youtube.com/@declandpmusic",UCER4rvDnRBPr_ncYW4UCZjg,tvOneNews ,2025-10-13T10:41:40Z,12028,98,57,UgxNWKi8yZE-ySOV4At4AaABAg,"Ladang baru untuk pebisnis yang......?
Tetep lah pesimis jika anda tidak punya kolega.
Saya sudah 50 tahun sudah melewati program yang di janjikan oleh pemimpin negeri ini. Hasilnya.....😁..
Lebih baik cari rejeki semampunya.",@sumbito4936,UCNOx6W0rn-C6mSRNf4lIpOQ,2025-10-13T23:39:38Z,2025-10-13T23:39:38Z,0,false,true,true
youtube,Magang Berdampak,Magang_Berdampak_awal,Magang Berdampak,Magang Berdampak,2025-06-16T00:00:00Z,2026-06-23T23:59:59Z,o6X8dbOiIZE,https://www.youtube.com/watch?v=o6X8dbOiIZE,"Kabar Gembira, Ini Syarat & cara Daftar Magang Nasional, Dapat Uang Saku | tvOne","Kabar Petang, https://www.tvOnenews.com - Kabar Gembira, Ini Syarat & cara Daftar Magang Nasional, Dapat Uang Saku | Kabar Petang tvOne

Kementerian Ketenagakerjaan (Kemnaker) resmi membuka pendaftaran program magang pemerintah 2025 mulai Selasa (7/10/2025) kemarin. Pendaftaran bisa diakses melalui situs maganghub.kemnaker.go.id yang menjadi pintu utama pelaksanaan program ini.
Program Pemagangan Nasional 2025 merupakan salah satu bentuk stimulus ekonomi pemerintah untuk memperluas kesempatan kerja bagi 20.000 lulusan baru (fresh graduate). Masa magang berlangsung selama 6 bulan, dan setiap peserta akan menerima insentif sebesar Rp3,3 juta per bulan. #tvOne #tvOnenews #beritaterkini #beritatvone 

KARPET01

MSP01
GUS01

Saksikan live streaming tvOne hanya di https://www.tvonenews.com/live
Dan jangan lupa untuk follow akun-Akun Sosial Media tvOnenews untuk mendapatkan beragam informasi terkini dan update dari kami:

Facebook - https://www.facebook.com/tvOnenews
Instagram - https://www.instagram.com/tvOnenews
Twitter - https://twitter.com/tvOnenews
TikTok - https://www.tiktok.com/@tvOnenews
Website - https://tvOnenews.com .
=========
Music by Declan DP
https://www.youtube.com/@declandpmusic",UCER4rvDnRBPr_ncYW4UCZjg,tvOneNews ,2025-10-13T10:41:40Z,12028,98,57,Ugz6BjWgMkjJmOg-WX54AaABAg,Yg honorer nyata2 udh bisa bkerja dn berpengalaman gajinya ngg sampe UMK/UMP...lah Magang bru lulus dan belum pernah merskan pengalaman Dunia Kerja digaji sebesar itu...??? baru Durasinya cuma 6 Bulan..?? emang anak2 muda hidupnya cuma 6 Bulan ya...sediakan lapangn pekerjaan itu yg lebih utama agar Rakyat hidupnya lbih jls lagi..Jgn smpe Pkerjaan Pokok dgn menyediakan lapangan pkerjaan dilupakan malah pkerjaan sampingan yg Magang yg smentara ini di fokuskan.,@herunding861,UCYvIZTcFnqTjfelyHvqglGA,2025-10-13T14:37:14Z,2025-10-13T14:37:14Z,2,false,true,true
youtube,Magang Berdampak,Magang_Berdampak_awal,Magang Berdampak,Magang Berdampak,2025-06-16T00:00:00Z,2026-06-23T23:59:59Z,o6X8dbOiIZE,https://www.youtube.com/watch?v=o6X8dbOiIZE,"Kabar Gembira, Ini Syarat & cara Daftar Magang Nasional, Dapat Uang Saku | tvOne","Kabar Petang, https://www.tvOnenews.com - Kabar Gembira, Ini Syarat & cara Daftar Magang Nasional, Dapat Uang Saku | Kabar Petang tvOne

Kementerian Ketenagakerjaan (Kemnaker) resmi membuka pendaftaran program magang pemerintah 2025 mulai Selasa (7/10/2025) kemarin. Pendaftaran bisa diakses melalui situs maganghub.kemnaker.go.id yang menjadi pintu utama pelaksanaan program ini.
Program Pemagangan Nasional 2025 merupakan salah satu bentuk stimulus ekonomi pemerintah untuk memperluas kesempatan kerja bagi 20.000 lulusan baru (fresh graduate). Masa magang berlangsung selama 6 bulan, dan setiap peserta akan menerima insentif sebesar Rp3,3 juta per bulan. #tvOne #tvOnenews #beritaterkini #beritatvone 

KARPET01

MSP01
GUS01

Saksikan live streaming tvOne hanya di https://www.tvonenews.com/live
Dan jangan lupa untuk follow akun-Akun Sosial Media tvOnenews untuk mendapatkan beragam informasi terkini dan update dari kami:

Facebook - https://www.facebook.com/tvOnenews
Instagram - https://www.instagram.com/tvOnenews
Twitter - https://twitter.com/tvOnenews
TikTok - https://www.tiktok.com/@tvOnenews
Website - https://tvOnenews.com .
=========
Music by Declan DP
https://www.youtube.com/@declandpmusic",UCER4rvDnRBPr_ncYW4UCZjg,tvOneNews ,2025-10-13T10:41:40Z,12028,98,57,UgzSLXbjvct9vHEeJCt4AaABAg,Lulusan SMK kljnutan nya gmna,@PutriCemani,UC_30j9vCsJOtDNSfKUk-wlA,2025-10-13T14:16:38Z,2025-10-13T14:16:38Z,2,false,true,true
youtube,Magang Berdampak,Magang_Berdampak_awal,Magang Berdampak,Magang Berdampak,2025-06-16T00:00:00Z,2026-06-23T23:59:59Z,o6X8dbOiIZE,https://www.youtube.com/watch?v=o6X8dbOiIZE,"Kabar Gembira, Ini Syarat & cara Daftar Magang Nasional, Dapat Uang Saku | tvOne","Kabar Petang, https://www.tvOnenews.com - Kabar Gembira, Ini Syarat & cara Daftar Magang Nasional, Dapat Uang Saku | Kabar Petang tvOne

Kementerian Ketenagakerjaan (Kemnaker) resmi membuka pendaftaran program magang pemerintah 2025 mulai Selasa (7/10/2025) kemarin. Pendaftaran bisa diakses melalui situs maganghub.kemnaker.go.id yang menjadi pintu utama pelaksanaan program ini.
Program Pemagangan Nasional 2025 merupakan salah satu bentuk stimulus ekonomi pemerintah untuk memperluas kesempatan kerja bagi 20.000 lulusan baru (fresh graduate). Masa magang berlangsung selama 6 bulan, dan setiap peserta akan menerima insentif sebesar Rp3,3 juta per bulan. #tvOne #tvOnenews #beritaterkini #beritatvone 

KARPET01

MSP01
GUS01

Saksikan live streaming tvOne hanya di https://www.tvonenews.com/live
Dan jangan lupa untuk follow akun-Akun Sosial Media tvOnenews untuk mendapatkan beragam informasi terkini dan update dari kami:

Facebook - https://www.facebook.com/tvOnenews
Instagram - https://www.instagram.com/tvOnenews
Twitter - https://twitter.com/tvOnenews
TikTok - https://www.tiktok.com/@tvOnenews
Website - https://tvOnenews.com .
=========
Music by Declan DP
https://www.youtube.com/@declandpmusic",UCER4rvDnRBPr_ncYW4UCZjg,tvOneNews ,2025-10-13T10:41:40Z,12028,98,57,UgwM3H1wE7CFkQoclUd4AaABAg,Kalau udah kerja tpi cuma kontrak bagaimana kljnutan nya,@PutriCemani,UC_30j9vCsJOtDNSfKUk-wlA,2025-10-13T14:15:40Z,2025-10-13T14:15:40Z,1,false,true,true
youtube,Magang Berdampak,Magang_Berdampak_awal,Magang Berdampak,Magang Berdampak,2025-06-16T00:00:00Z,2026-06-23T23:59:59Z,o6X8dbOiIZE,https://www.youtube.com/watch?v=o6X8dbOiIZE,"Kabar Gembira, Ini Syarat & cara Daftar Magang Nasional, Dapat Uang Saku | tvOne","Kabar Petang, https://www.tvOnenews.com - Kabar Gembira, Ini Syarat & cara Daftar Magang Nasional, Dapat Uang Saku | Kabar Petang tvOne

Kementerian Ketenagakerjaan (Kemnaker) resmi membuka pendaftaran program magang pemerintah 2025 mulai Selasa (7/10/2025) kemarin. Pendaftaran bisa diakses melalui situs maganghub.kemnaker.go.id yang menjadi pintu utama pelaksanaan program ini.
Program Pemagangan Nasional 2025 merupakan salah satu bentuk stimulus ekonomi pemerintah untuk memperluas kesempatan kerja bagi 20.000 lulusan baru (fresh graduate). Masa magang berlangsung selama 6 bulan, dan setiap peserta akan menerima insentif sebesar Rp3,3 juta per bulan. #tvOne #tvOnenews #beritaterkini #beritatvone 

KARPET01

MSP01
GUS01

Saksikan live streaming tvOne hanya di https://www.tvonenews.com/live
Dan jangan lupa untuk follow akun-Akun Sosial Media tvOnenews untuk mendapatkan beragam informasi terkini dan update dari kami:

Facebook - https://www.facebook.com/tvOnenews
Instagram - https://www.instagram.com/tvOnenews
Twitter - https://twitter.com/tvOnenews
TikTok - https://www.tiktok.com/@tvOnenews
Website - https://tvOnenews.com .
=========
Music by Declan DP
https://www.youtube.com/@declandpmusic",UCER4rvDnRBPr_ncYW4UCZjg,tvOneNews ,2025-10-13T10:41:40Z,12028,98,57,UgyIdMlMhamb5eDPBix4AaABAg,Jangan buka magang gak penting coba lah chek perusahan perusahaan yang prospek di desa dan perusahaan tersebut kekurangan biaya dan tidak bisa keluar produksinya maka bnyak PHK masal,@anakanak-p2c,UCV4eLinWNyyEWyBziIYCCAg,2025-10-13T14:12:41Z,2025-10-13T14:12:41Z,3,false,true,true
youtube,Magang Berdampak,Magang_Berdampak_awal,Magang Berdampak,Magang Berdampak,2025-06-16T00:00:00Z,2026-06-23T23:59:59Z,o6X8dbOiIZE,https://www.youtube.com/watch?v=o6X8dbOiIZE,"Kabar Gembira, Ini Syarat & cara Daftar Magang Nasional, Dapat Uang Saku | tvOne","Kabar Petang, https://www.tvOnenews.com - Kabar Gembira, Ini Syarat & cara Daftar Magang Nasional, Dapat Uang Saku | Kabar Petang tvOne

Kementerian Ketenagakerjaan (Kemnaker) resmi membuka pendaftaran program magang pemerintah 2025 mulai Selasa (7/10/2025) kemarin. Pendaftaran bisa diakses melalui situs maganghub.kemnaker.go.id yang menjadi pintu utama pelaksanaan program ini.
Program Pemagangan Nasional 2025 merupakan salah satu bentuk stimulus ekonomi pemerintah untuk memperluas kesempatan kerja bagi 20.000 lulusan baru (fresh graduate). Masa magang berlangsung selama 6 bulan, dan setiap peserta akan menerima insentif sebesar Rp3,3 juta per bulan. #tvOne #tvOnenews #beritaterkini #beritatvone 

KARPET01

MSP01
GUS01

Saksikan live streaming tvOne hanya di https://www.tvonenews.com/live
Dan jangan lupa untuk follow akun-Akun Sosial Media tvOnenews untuk mendapatkan beragam informasi terkini dan update dari kami:

Facebook - https://www.facebook.com/tvOnenews
Instagram - https://www.instagram.com/tvOnenews
Twitter - https://twitter.com/tvOnenews
TikTok - https://www.tiktok.com/@tvOnenews
Website - https://tvOnenews.com .
=========
Music by Declan DP
https://www.youtube.com/@declandpmusic",UCER4rvDnRBPr_ncYW4UCZjg,tvOneNews ,2025-10-13T10:41:40Z,12028,98,57,Ugxt330QZx2aBnyS3cB4AaABAg,Br lulus yg udh lama lulus g butuh duit 😅.. justru yg lulus lama nganggur beri kesempatan jg,@Layla-f8x9m,UC_Asx76ppMKWFHBIyuGdpZA,2025-10-13T14:10:38Z,2025-10-13T14:10:38Z,4,false,true,true
youtube,Magang Berdampak,Magang_Berdampak_awal,Magang Berdampak,Magang Berdampak,2025-06-16T00:00:00Z,2026-06-23T23:59:59Z,o6X8dbOiIZE,https://www.youtube.com/watch?v=o6X8dbOiIZE,"Kabar Gembira, Ini Syarat & cara Daftar Magang Nasional, Dapat Uang Saku | tvOne","Kabar Petang, https://www.tvOnenews.com - Kabar Gembira, Ini Syarat & cara Daftar Magang Nasional, Dapat Uang Saku | Kabar Petang tvOne

Kementerian Ketenagakerjaan (Kemnaker) resmi membuka pendaftaran program magang pemerintah 2025 mulai Selasa (7/10/2025) kemarin. Pendaftaran bisa diakses melalui situs maganghub.kemnaker.go.id yang menjadi pintu utama pelaksanaan program ini.
Program Pemagangan Nasional 2025 merupakan salah satu bentuk stimulus ekonomi pemerintah untuk memperluas kesempatan kerja bagi 20.000 lulusan baru (fresh graduate). Masa magang berlangsung selama 6 bulan, dan setiap peserta akan menerima insentif sebesar Rp3,3 juta per bulan. #tvOne #tvOnenews #beritaterkini #beritatvone 

KARPET01

MSP01
GUS01

Saksikan live streaming tvOne hanya di https://www.tvonenews.com/live
Dan jangan lupa untuk follow akun-Akun Sosial Media tvOnenews untuk mendapatkan beragam informasi terkini dan update dari kami:

Facebook - https://www.facebook.com/tvOnenews
Instagram - https://www.instagram.com/tvOnenews
Twitter - https://twitter.com/tvOnenews
TikTok - https://www.tiktok.com/@tvOnenews
Website - https://tvOnenews.com .
=========
Music by Declan DP
https://www.youtube.com/@declandpmusic",UCER4rvDnRBPr_ncYW4UCZjg,tvOneNews ,2025-10-13T10:41:40Z,12028,98,57,Ugw-yqv7LW5AIeGCgIF4AaABAg,program apalagi nih.pensiunan semakin menderita,@nanilaliasa1,UCo5OlRtJ5nXl1eGCGcv5CDQ,2025-10-13T13:49:18Z,2025-10-13T13:49:18Z,1,false,true,true
youtube,Magang Berdampak,Magang_Berdampak_awal,Magang Berdampak,Magang Berdampak,2025-06-16T00:00:00Z,2026-06-23T23:59:59Z,o6X8dbOiIZE,https://www.youtube.com/watch?v=o6X8dbOiIZE,"Kabar Gembira, Ini Syarat & cara Daftar Magang Nasional, Dapat Uang Saku | tvOne","Kabar Petang, https://www.tvOnenews.com - Kabar Gembira, Ini Syarat & cara Daftar Magang Nasional, Dapat Uang Saku | Kabar Petang tvOne

Kementerian Ketenagakerjaan (Kemnaker) resmi membuka pendaftaran program magang pemerintah 2025 mulai Selasa (7/10/2025) kemarin. Pendaftaran bisa diakses melalui situs maganghub.kemnaker.go.id yang menjadi pintu utama pelaksanaan program ini.
Program Pemagangan Nasional 2025 merupakan salah satu bentuk stimulus ekonomi pemerintah untuk memperluas kesempatan kerja bagi 20.000 lulusan baru (fresh graduate). Masa magang berlangsung selama 6 bulan, dan setiap peserta akan menerima insentif sebesar Rp3,3 juta per bulan. #tvOne #tvOnenews #beritaterkini #beritatvone 

KARPET01

MSP01
GUS01

Saksikan live streaming tvOne hanya di https://www.tvonenews.com/live
Dan jangan lupa untuk follow akun-Akun Sosial Media tvOnenews untuk mendapatkan beragam informasi terkini dan update dari kami:

Facebook - https://www.facebook.com/tvOnenews
Instagram - https://www.instagram.com/tvOnenews
Twitter - https://twitter.com/tvOnenews
TikTok - https://www.tiktok.com/@tvOnenews
Website - https://tvOnenews.com .
=========
Music by Declan DP
https://www.youtube.com/@declandpmusic",UCER4rvDnRBPr_ncYW4UCZjg,tvOneNews ,2025-10-13T10:41:40Z,12028,98,57,UgxN7h2kcZb5DMOvHO54AaABAg,Yang SMA dan SMK bagaimana,@awan7698,UCXwr98OSn87bLI7v6f7BfQA,2025-10-13T13:30:54Z,2025-10-13T13:30:54Z,4,false,true,true
youtube,Magang Berdampak,Magang_Berdampak_awal,Magang Berdampak,Magang Berdampak,2025-06-16T00:00:00Z,2026-06-23T23:59:59Z,o6X8dbOiIZE,https://www.youtube.com/watch?v=o6X8dbOiIZE,"Kabar Gembira, Ini Syarat & cara Daftar Magang Nasional, Dapat Uang Saku | tvOne","Kabar Petang, https://www.tvOnenews.com - Kabar Gembira, Ini Syarat & cara Daftar Magang Nasional, Dapat Uang Saku | Kabar Petang tvOne

Kementerian Ketenagakerjaan (Kemnaker) resmi membuka pendaftaran program magang pemerintah 2025 mulai Selasa (7/10/2025) kemarin. Pendaftaran bisa diakses melalui situs maganghub.kemnaker.go.id yang menjadi pintu utama pelaksanaan program ini.
Program Pemagangan Nasional 2025 merupakan salah satu bentuk stimulus ekonomi pemerintah untuk memperluas kesempatan kerja bagi 20.000 lulusan baru (fresh graduate). Masa magang berlangsung selama 6 bulan, dan setiap peserta akan menerima insentif sebesar Rp3,3 juta per bulan. #tvOne #tvOnenews #beritaterkini #beritatvone 

KARPET01

MSP01
GUS01

Saksikan live streaming tvOne hanya di https://www.tvonenews.com/live
Dan jangan lupa untuk follow akun-Akun Sosial Media tvOnenews untuk mendapatkan beragam informasi terkini dan update dari kami:

Facebook - https://www.facebook.com/tvOnenews
Instagram - https://www.instagram.com/tvOnenews
Twitter - https://twitter.com/tvOnenews
TikTok - https://www.tiktok.com/@tvOnenews
Website - https://tvOnenews.com .
=========
Music by Declan DP
https://www.youtube.com/@declandpmusic",UCER4rvDnRBPr_ncYW4UCZjg,tvOneNews ,2025-10-13T10:41:40Z,12028,98,57,Ugwx89diRJd7yVjNIzR4AaABAg,Semoga anak saya bisa mendapat magang,@tilikhatitelaumbanua6453,UCZOvpVvHMcqI0BukQZukOlw,2025-10-13T12:17:39Z,2025-10-13T12:17:39Z,1,false,true,true
youtube,Magang Berdampak,Magang_Berdampak_awal,Magang Berdampak,Magang Berdampak,2025-06-16T00:00:00Z,2026-06-23T23:59:59Z,o6X8dbOiIZE,https://www.youtube.com/watch?v=o6X8dbOiIZE,"Kabar Gembira, Ini Syarat & cara Daftar Magang Nasional, Dapat Uang Saku | tvOne","Kabar Petang, https://www.tvOnenews.com - Kabar Gembira, Ini Syarat & cara Daftar Magang Nasional, Dapat Uang Saku | Kabar Petang tvOne

Kementerian Ketenagakerjaan (Kemnaker) resmi membuka pendaftaran program magang pemerintah 2025 mulai Selasa (7/10/2025) kemarin. Pendaftaran bisa diakses melalui situs maganghub.kemnaker.go.id yang menjadi pintu utama pelaksanaan program ini.
Program Pemagangan Nasional 2025 merupakan salah satu bentuk stimulus ekonomi pemerintah untuk memperluas kesempatan kerja bagi 20.000 lulusan baru (fresh graduate). Masa magang berlangsung selama 6 bulan, dan setiap peserta akan menerima insentif sebesar Rp3,3 juta per bulan. #tvOne #tvOnenews #beritaterkini #beritatvone 

KARPET01

MSP01
GUS01

Saksikan live streaming tvOne hanya di https://www.tvonenews.com/live
Dan jangan lupa untuk follow akun-Akun Sosial Media tvOnenews untuk mendapatkan beragam informasi terkini dan update dari kami:

Facebook - https://www.facebook.com/tvOnenews
Instagram - https://www.instagram.com/tvOnenews
Twitter - https://twitter.com/tvOnenews
TikTok - https://www.tiktok.com/@tvOnenews
Website - https://tvOnenews.com .
=========
Music by Declan DP
https://www.youtube.com/@declandpmusic",UCER4rvDnRBPr_ncYW4UCZjg,tvOneNews ,2025-10-13T10:41:40Z,12028,98,57,UgwudvgGPrTqesu_CGh4AaABAg,Smk kaga bisa y😢,@lola_lolipoppp,UCh5_dvpU31FA32IBLPdDI5g,2025-10-13T11:32:11Z,2025-10-13T11:32:11Z,1,false,true,true
youtube,Magang Berdampak,Magang_Berdampak_awal,Magang Berdampak,Magang Berdampak,2025-06-16T00:00:00Z,2026-06-23T23:59:59Z,o6X8dbOiIZE,https://www.youtube.com/watch?v=o6X8dbOiIZE,"Kabar Gembira, Ini Syarat & cara Daftar Magang Nasional, Dapat Uang Saku | tvOne","Kabar Petang, https://www.tvOnenews.com - Kabar Gembira, Ini Syarat & cara Daftar Magang Nasional, Dapat Uang Saku | Kabar Petang tvOne

Kementerian Ketenagakerjaan (Kemnaker) resmi membuka pendaftaran program magang pemerintah 2025 mulai Selasa (7/10/2025) kemarin. Pendaftaran bisa diakses melalui situs maganghub.kemnaker.go.id yang menjadi pintu utama pelaksanaan program ini.
Program Pemagangan Nasional 2025 merupakan salah satu bentuk stimulus ekonomi pemerintah untuk memperluas kesempatan kerja bagi 20.000 lulusan baru (fresh graduate). Masa magang berlangsung selama 6 bulan, dan setiap peserta akan menerima insentif sebesar Rp3,3 juta per bulan. #tvOne #tvOnenews #beritaterkini #beritatvone 

KARPET01

MSP01
GUS01

Saksikan live streaming tvOne hanya di https://www.tvonenews.com/live
Dan jangan lupa untuk follow akun-Akun Sosial Media tvOnenews untuk mendapatkan beragam informasi terkini dan update dari kami:

Facebook - https://www.facebook.com/tvOnenews
Instagram - https://www.instagram.com/tvOnenews
Twitter - https://twitter.com/tvOnenews
TikTok - https://www.tiktok.com/@tvOnenews
Website - https://tvOnenews.com .
=========
Music by Declan DP
https://www.youtube.com/@declandpmusic",UCER4rvDnRBPr_ncYW4UCZjg,tvOneNews ,2025-10-13T10:41:40Z,12028,98,57,UgyN_S0otKkzaUeXdJ94AaABAg,Pemerintah harus buka pelamaran penerimaan CPNS,@sarbinhoreb5685,UCcfb-y5s-MFXpatwoHvSRNg,2025-10-13T11:08:33Z,2025-10-13T11:08:33Z,5,false,true,true
youtube,Magang Berdampak,Magang_Berdampak_awal,Magang Berdampak,Magang Berdampak,2025-06-16T00:00:00Z,2026-06-23T23:59:59Z,o6X8dbOiIZE,https://www.youtube.com/watch?v=o6X8dbOiIZE,"Kabar Gembira, Ini Syarat & cara Daftar Magang Nasional, Dapat Uang Saku | tvOne","Kabar Petang, https://www.tvOnenews.com - Kabar Gembira, Ini Syarat & cara Daftar Magang Nasional, Dapat Uang Saku | Kabar Petang tvOne

Kementerian Ketenagakerjaan (Kemnaker) resmi membuka pendaftaran program magang pemerintah 2025 mulai Selasa (7/10/2025) kemarin. Pendaftaran bisa diakses melalui situs maganghub.kemnaker.go.id yang menjadi pintu utama pelaksanaan program ini.
Program Pemagangan Nasional 2025 merupakan salah satu bentuk stimulus ekonomi pemerintah untuk memperluas kesempatan kerja bagi 20.000 lulusan baru (fresh graduate). Masa magang berlangsung selama 6 bulan, dan setiap peserta akan menerima insentif sebesar Rp3,3 juta per bulan. #tvOne #tvOnenews #beritaterkini #beritatvone 

KARPET01

MSP01
GUS01

Saksikan live streaming tvOne hanya di https://www.tvonenews.com/live
Dan jangan lupa untuk follow akun-Akun Sosial Media tvOnenews untuk mendapatkan beragam informasi terkini dan update dari kami:

Facebook - https://www.facebook.com/tvOnenews
Instagram - https://www.instagram.com/tvOnenews
Twitter - https://twitter.com/tvOnenews
TikTok - https://www.tiktok.com/@tvOnenews
Website - https://tvOnenews.com .
=========
Music by Declan DP
https://www.youtube.com/@declandpmusic",UCER4rvDnRBPr_ncYW4UCZjg,tvOneNews ,2025-10-13T10:41:40Z,12028,98,57,Ugyqmz5DgcURfQIoFDZ4AaABAg,"bagi lulusan SMA seperti saya pengen ikut tapi ga bisa, karena program ini hanya untuk lulusan perguruan tinggi",@ryukendo4489,UCyAot_WRnipgFzf2X1C0X9A,2025-10-13T11:01:40Z,2025-10-13T11:02:12Z,3,false,true,true
youtube,Magang Berdampak,Magang_Berdampak_awal,Magang Berdampak,Magang Berdampak,2025-06-16T00:00:00Z,2026-06-23T23:59:59Z,EQvske34_78,https://www.youtube.com/watch?v=EQvske34_78,Peluncuran Program Magang Berdampak,,UCGo_6l_6kp8H8OHcKcSIeDw,"Kementerian Pendidikan Tinggi, Sains dan Teknologi",2025-06-16T20:10:23Z,87210,2332,83,UgzSWXkGYSm28VvTBVV4AaABAg,Katanya dapet uang saku? Setiap tgl brp?,@Mamansuratman121,UCR96wmZ-HT5Hd1IAiUKudgw,2025-09-16T05:46:56Z,2025-09-16T05:46:56Z,0,false,true,true
youtube,Magang Berdampak,Magang_Berdampak_awal,Magang Berdampak,Magang Berdampak,2025-06-16T00:00:00Z,2026-06-23T23:59:59Z,EQvske34_78,https://www.youtube.com/watch?v=EQvske34_78,Peluncuran Program Magang Berdampak,,UCGo_6l_6kp8H8OHcKcSIeDw,"Kementerian Pendidikan Tinggi, Sains dan Teknologi",2025-06-16T20:10:23Z,87210,2332,83,UgwxKmbiM-H816n2Gxl4AaABAg,gonta ganti program terus ah,@jonathanbyers7249,UCKHpAA2rfaS1P-3zcoB8M9Q,2025-08-05T13:02:33Z,2025-08-05T13:02:33Z,0,false,true,true
youtube,Magang Berdampak,Magang_Berdampak_awal,Magang Berdampak,Magang Berdampak,2025-06-16T00:00:00Z,2026-06-23T23:59:59Z,EQvske34_78,https://www.youtube.com/watch?v=EQvske34_78,Peluncuran Program Magang Berdampak,,UCGo_6l_6kp8H8OHcKcSIeDw,"Kementerian Pendidikan Tinggi, Sains dan Teknologi",2025-06-16T20:10:23Z,87210,2332,83,UgwykpLjshyONG6E9r14AaABAg,"Pertanyaan besar saya adalah apakah dana sudah cair pada sudah sampai ke lokasi?

Atau mahasiswa yang mendahului dulu uang biaya hidup nya?

Bjirr lah tolong di jawab",@Kript0n-jqz,UCDvp03QPpzTPqhxENP-c3fQ,2025-07-11T18:19:03Z,2025-07-11T18:19:03Z,1,false,true,true
youtube,Magang Berdampak,Magang_Berdampak_awal,Magang Berdampak,Magang Berdampak,2025-06-16T00:00:00Z,2026-06-23T23:59:59Z,EQvske34_78,https://www.youtube.com/watch?v=EQvske34_78,Peluncuran Program Magang Berdampak,,UCGo_6l_6kp8H8OHcKcSIeDw,"Kementerian Pendidikan Tinggi, Sains dan Teknologi",2025-06-16T20:10:23Z,87210,2332,83,UgyWvFOrIarHSdzsCht4AaABAg,Mantab,@garamayannews6793,UCy1dBinmVXCYCaF88Jc13WQ,2025-07-11T02:39:59Z,2025-07-11T02:39:59Z,1,false,true,true
youtube,Magang Berdampak,Magang_Berdampak_awal,Magang Berdampak,Magang Berdampak,2025-06-16T00:00:00Z,2026-06-23T23:59:59Z,EQvske34_78,https://www.youtube.com/watch?v=EQvske34_78,Peluncuran Program Magang Berdampak,,UCGo_6l_6kp8H8OHcKcSIeDw,"Kementerian Pendidikan Tinggi, Sains dan Teknologi",2025-06-16T20:10:23Z,87210,2332,83,UgwVj9IFrFSaUzXrXol4AaABAg,"Kok sistem nya gini ya ?layanan pengaduan nya gak ada respon ?mana wa pengaduan nya berasa chat no pribadi orang bukan seharusnya kek layanan profesional gitu , mending program MSIB aja kalok gitu ,gak ada bagus nya juga meluncurkan sistem selalu mendadak ,ganti Mentri ganti aturan , membingungkan para pelajar Indonesia, tolong dong di perbaiki lagi",@IsroSayogi,UC34t6ob99K5DlHu0nBJ6evw,2025-07-08T15:15:53Z,2025-07-08T15:15:53Z,0,false,true,true
youtube,Magang Berdampak,Magang_Berdampak_awal,Magang Berdampak,Magang Berdampak,2025-06-16T00:00:00Z,2026-06-23T23:59:59Z,EQvske34_78,https://www.youtube.com/watch?v=EQvske34_78,Peluncuran Program Magang Berdampak,,UCGo_6l_6kp8H8OHcKcSIeDw,"Kementerian Pendidikan Tinggi, Sains dan Teknologi",2025-06-16T20:10:23Z,87210,2332,83,Ugx8r8kucLKneBWR4kV4AaABAg,Pada saat saya melamar lowongan di mitra tidak ada berkas KTP nya apakah akan berpengaruh pada penerimaan ya? Ataukah memang website nya sedang eror? Karena ketika setelah saya klik lamar berkas yg diunggah hanya CV saja,@anandasitiardila9284,UCJbM3xu5qOpZFANvN0OOBYg,2025-07-08T07:18:56Z,2025-07-08T07:22:05Z,0,false,true,true
youtube,Magang Berdampak,Magang_Berdampak_awal,Magang Berdampak,Magang Berdampak,2025-06-16T00:00:00Z,2026-06-23T23:59:59Z,EQvske34_78,https://www.youtube.com/watch?v=EQvske34_78,Peluncuran Program Magang Berdampak,,UCGo_6l_6kp8H8OHcKcSIeDw,"Kementerian Pendidikan Tinggi, Sains dan Teknologi",2025-06-16T20:10:23Z,87210,2332,83,UgwqplFFHqjksLaq0Cp4AaABAg,"Ini buat jurusan teknik mesin kenapa gk ada sih? 
Masa bagian teknik cuma tersedia buat sipil sama arsitektur",@mukhamadfariz3504,UCKNpg6qEYFoi8CaA2V9_lFg,2025-07-07T13:15:06Z,2025-07-07T13:15:06Z,0,false,true,true
youtube,Magang Berdampak,Magang_Berdampak_awal,Magang Berdampak,Magang Berdampak,2025-06-16T00:00:00Z,2026-06-23T23:59:59Z,EQvske34_78,https://www.youtube.com/watch?v=EQvske34_78,Peluncuran Program Magang Berdampak,,UCGo_6l_6kp8H8OHcKcSIeDw,"Kementerian Pendidikan Tinggi, Sains dan Teknologi",2025-06-16T20:10:23Z,87210,2332,83,UgyRfkYXOzOscuT6ebd4AaABAg,Untuk jurusan pendidikan ada kah min?,@icanikkitasitepu4246,UCY59y3ZADiHGIpFLl6Miz-w,2025-07-07T12:33:20Z,2025-07-07T12:33:20Z,0,false,true,true
youtube,Magang Berdampak,Magang_Berdampak_awal,Magang Berdampak,Magang Berdampak,2025-06-16T00:00:00Z,2026-06-23T23:59:59Z,EQvske34_78,https://www.youtube.com/watch?v=EQvske34_78,Peluncuran Program Magang Berdampak,,UCGo_6l_6kp8H8OHcKcSIeDw,"Kementerian Pendidikan Tinggi, Sains dan Teknologi",2025-06-16T20:10:23Z,87210,2332,83,UgwlaFUvsxmfd6sWw5J4AaABAg,"Biaya hidup BRP ya kira2 itu, untuk mahasiswa mobilisasi seperti saya",@an1c_novarhamadana258,UCHo_GTCclYlrnpjFUDrPsTQ,2025-07-07T10:46:45Z,2025-07-07T10:46:45Z,0,false,true,true
youtube,Magang Berdampak,Magang_Berdampak_awal,Magang Berdampak,Magang Berdampak,2025-06-16T00:00:00Z,2026-06-23T23:59:59Z,EQvske34_78,https://www.youtube.com/watch?v=EQvske34_78,Peluncuran Program Magang Berdampak,,UCGo_6l_6kp8H8OHcKcSIeDw,"Kementerian Pendidikan Tinggi, Sains dan Teknologi",2025-06-16T20:10:23Z,87210,2332,83,Ugz0bYqtH-9o42vuwlJ4AaABAg,apakah selain akun operator ada akun lain yaitu akun pimpinan?,@muslihinahmad7131,UCsL7f1Uj_Thoi2kSdFJN_3w,2025-07-07T04:14:59Z,2025-07-07T04:14:59Z,0,false,true,true
youtube,Magang Berdampak,Magang_Berdampak_awal,Magang Berdampak,Magang Berdampak,2025-06-16T00:00:00Z,2026-06-23T23:59:59Z,EQvske34_78,https://www.youtube.com/watch?v=EQvske34_78,Peluncuran Program Magang Berdampak,,UCGo_6l_6kp8H8OHcKcSIeDw,"Kementerian Pendidikan Tinggi, Sains dan Teknologi",2025-06-16T20:10:23Z,87210,2332,83,UgyzPGdROGa2nWAMOBB4AaABAg,udh daftar tapi kok blm menerima email yaa?🙏,@MirnaWardaini_17,UCILcpA7WPTmAJ_QWLBkcqUA,2025-07-05T15:04:32Z,2025-07-05T15:04:32Z,0,false,true,true
youtube,Magang Berdampak,Magang_Berdampak_awal,Magang Berdampak,Magang Berdampak,2025-06-16T00:00:00Z,2026-06-23T23:59:59Z,EQvske34_78,https://www.youtube.com/watch?v=EQvske34_78,Peluncuran Program Magang Berdampak,,UCGo_6l_6kp8H8OHcKcSIeDw,"Kementerian Pendidikan Tinggi, Sains dan Teknologi",2025-06-16T20:10:23Z,87210,2332,83,UgwAGs3aWuvy8tGy9hl4AaABAg,"1:08:25 Lini Masa
1:14:27 Persayaratan, Kegiatan, & Seleksi Mahasiswa 
1:26:29 Persayaratan, Kegiatan, & Seleksi Dosen Pembimbing Program (DPP)
1:29:40 Komponen Pendanaan
1:33:37 Panduan Aplikasi Berdampak
1:36:06 Pencarian Lowongan
1:53:15 Pengajuan Akun Mahasiswa
2:00:59 Akun Ka. Prodi 
2:02:28 Pendaftaran Akun DPP",@dikatondo.darmajaya,UChln3qRjZOszTb7vz9adbRg,2025-07-04T10:52:04Z,2025-07-04T10:52:04Z,25,false,true,true
youtube,Magang Berdampak,Magang_Berdampak_awal,Magang Berdampak,Magang Berdampak,2025-06-16T00:00:00Z,2026-06-23T23:59:59Z,EQvske34_78,https://www.youtube.com/watch?v=EQvske34_78,Peluncuran Program Magang Berdampak,,UCGo_6l_6kp8H8OHcKcSIeDw,"Kementerian Pendidikan Tinggi, Sains dan Teknologi",2025-06-16T20:10:23Z,87210,2332,83,Ugyr2wfAPVOp6HD_qzJ4AaABAg,"mohon bantuanx,,
adakah yang mengalami validasi kaprodi telah disetujui tapi pada akun mahasiswa menunjukkan tidak distujui?",@AKzainuddin,UCN_qugTJ2z2wa1lAXHtR7-g,2025-07-04T05:20:16Z,2025-07-04T05:20:16Z,1,false,true,true
youtube,Magang Berdampak,Magang_Berdampak_awal,Magang Berdampak,Magang Berdampak,2025-06-16T00:00:00Z,2026-06-23T23:59:59Z,EQvske34_78,https://www.youtube.com/watch?v=EQvske34_78,Peluncuran Program Magang Berdampak,,UCGo_6l_6kp8H8OHcKcSIeDw,"Kementerian Pendidikan Tinggi, Sains dan Teknologi",2025-06-16T20:10:23Z,87210,2332,83,UgzxIF8mlSiUUlYn6EJ4AaABAg,"Mau nanya dong ,utk DPP nya kita milih atau gimana?",@AnnisaSalsabila2,UCQE0ZJuwBh_pC9NA60SHQCQ,2025-07-03T15:25:48Z,2025-07-03T15:25:48Z,0,false,true,true
youtube,Magang Berdampak,Magang_Berdampak_awal,Magang Berdampak,Magang Berdampak,2025-06-16T00:00:00Z,2026-06-23T23:59:59Z,EQvske34_78,https://www.youtube.com/watch?v=EQvske34_78,Peluncuran Program Magang Berdampak,,UCGo_6l_6kp8H8OHcKcSIeDw,"Kementerian Pendidikan Tinggi, Sains dan Teknologi",2025-06-16T20:10:23Z,87210,2332,83,UgybfHYW2y3HS0NYC7x4AaABAg,"Saya lupa masukin nomor HP, gimana ya solusinya tp udh keluar usernamenya sm sandinya dr kampus",@SeltyOctavia,UCR7OKoBweqEvPbjgUZpvHSA,2025-07-03T14:08:33Z,2025-07-03T14:08:33Z,0,false,true,true
youtube,Magang Berdampak,Magang_Berdampak_awal,Magang Berdampak,Magang Berdampak,2025-06-16T00:00:00Z,2026-06-23T23:59:59Z,EQvske34_78,https://www.youtube.com/watch?v=EQvske34_78,Peluncuran Program Magang Berdampak,,UCGo_6l_6kp8H8OHcKcSIeDw,"Kementerian Pendidikan Tinggi, Sains dan Teknologi",2025-06-16T20:10:23Z,87210,2332,83,UgwDnrupG0DZNfSPBZJ4AaABAg,"selain mitra yang sudah terdaftar, lewat jalur kerja sama antara mitra dan PT apakah bisa seperti program MBKM?",@taufiqhidayat5676,UCX7u2mtcegnybm84QztEXmw,2025-07-01T10:08:39Z,2025-07-01T10:08:39Z,1,false,true,true
youtube,Magang Berdampak,Magang_Berdampak_awal,Magang Berdampak,Magang Berdampak,2025-06-16T00:00:00Z,2026-06-23T23:59:59Z,EQvske34_78,https://www.youtube.com/watch?v=EQvske34_78,Peluncuran Program Magang Berdampak,,UCGo_6l_6kp8H8OHcKcSIeDw,"Kementerian Pendidikan Tinggi, Sains dan Teknologi",2025-06-16T20:10:23Z,87210,2332,83,UgyOrLfgNVwf5LDzC0l4AaABAg,Jurusan Pendidikan Nangis di Pojokan,@wongkalahan77,UCXE3B10s8rr6VSqJtNnlrZw,2025-07-01T05:08:54Z,2025-07-01T05:08:54Z,0,false,true,true
youtube,Magang Berdampak,Magang_Berdampak_awal,Magang Berdampak,Magang Berdampak,2025-06-16T00:00:00Z,2026-06-23T23:59:59Z,EQvske34_78,https://www.youtube.com/watch?v=EQvske34_78,Peluncuran Program Magang Berdampak,,UCGo_6l_6kp8H8OHcKcSIeDw,"Kementerian Pendidikan Tinggi, Sains dan Teknologi",2025-06-16T20:10:23Z,87210,2332,83,Ugx2vxJDS6GGTqE_VG94AaABAg,Anak geografi gak dapat magang di sini😂,@Etheldreda19,UCZc7wzbeIuzx7B84--nv3SQ,2025-06-30T18:39:52Z,2025-06-30T18:39:52Z,0,false,true,true
youtube,Magang Berdampak,Magang_Berdampak_awal,Magang Berdampak,Magang Berdampak,2025-06-16T00:00:00Z,2026-06-23T23:59:59Z,EQvske34_78,https://www.youtube.com/watch?v=EQvske34_78,Peluncuran Program Magang Berdampak,,UCGo_6l_6kp8H8OHcKcSIeDw,"Kementerian Pendidikan Tinggi, Sains dan Teknologi",2025-06-16T20:10:23Z,87210,2332,83,Ugw-FoTeuCgT9VrvVMF4AaABAg,Server nya kok eror trs sih ga bisa daftar akun,@mellyndaofficial6813,UCm7VtXjoS71fzDajl18ofZQ,2025-06-29T23:30:39Z,2025-06-29T23:30:39Z,0,false,true,true
youtube,Magang Berdampak,Magang_Berdampak_awal,Magang Berdampak,Magang Berdampak,2025-06-16T00:00:00Z,2026-06-23T23:59:59Z,EQvske34_78,https://www.youtube.com/watch?v=EQvske34_78,Peluncuran Program Magang Berdampak,,UCGo_6l_6kp8H8OHcKcSIeDw,"Kementerian Pendidikan Tinggi, Sains dan Teknologi",2025-06-16T20:10:23Z,87210,2332,83,UgxaIL84e_Hdlp0ulTh4AaABAg,"temen-temen, ada yang tau cara lihat username dan passwordnya selain dari email ga ya?",@rsmtiii1044,UClxBYjAG8GeLq1ZdRhWnlNw,2025-06-28T07:14:20Z,2025-06-28T07:14:20Z,1,false,true,true
youtube,Magang Berdampak,Magang_Berdampak_awal,Magang Berdampak,Magang Berdampak,2025-06-16T00:00:00Z,2026-06-23T23:59:59Z,EQvske34_78,https://www.youtube.com/watch?v=EQvske34_78,Peluncuran Program Magang Berdampak,,UCGo_6l_6kp8H8OHcKcSIeDw,"Kementerian Pendidikan Tinggi, Sains dan Teknologi",2025-06-16T20:10:23Z,87210,2332,83,UgxyFvS1yBeCo-6QMsR4AaABAg,"Mohon maaf bapak/ibu, perusahaan mitra sepertinya kurang lengkap ya. Mahasiswa pertanian kesulitan mencari perusahaan yang relevan",@KhairilAnwarTanjung-p7t,UC6uW3YEm0yBAMqWkgVf-Skw,2025-06-28T02:29:58Z,2025-06-28T02:29:58Z,15,false,true,true
youtube,Magang Berdampak,Magang_Berdampak_awal,Magang Berdampak,Magang Berdampak,2025-06-16T00:00:00Z,2026-06-23T23:59:59Z,EQvske34_78,https://www.youtube.com/watch?v=EQvske34_78,Peluncuran Program Magang Berdampak,,UCGo_6l_6kp8H8OHcKcSIeDw,"Kementerian Pendidikan Tinggi, Sains dan Teknologi",2025-06-16T20:10:23Z,87210,2332,83,UgyTEYJPYrYH83PKIwR4AaABAg,Ini yang smester dua bisa ga ?,@AmirulBtn,UCBsnc6JAEoi8vhUFc6hBXxg,2025-06-27T12:53:23Z,2025-06-27T12:53:23Z,0,false,true,true
youtube,Magang Berdampak,Magang_Berdampak_awal,Magang Berdampak,Magang Berdampak,2025-06-16T00:00:00Z,2026-06-23T23:59:59Z,EQvske34_78,https://www.youtube.com/watch?v=EQvske34_78,Peluncuran Program Magang Berdampak,,UCGo_6l_6kp8H8OHcKcSIeDw,"Kementerian Pendidikan Tinggi, Sains dan Teknologi",2025-06-16T20:10:23Z,87210,2332,83,UgyLoAhZ7rQj9kZAPsF4AaABAg,Kenapa untuk mahasiswa D3 hanya bisa minimal semester 4 ya? Bapak Ibu,@lazaruslaisnima658,UC4gnk9RY-iOHecj3A-Brtdg,2025-06-27T12:49:46Z,2025-06-27T12:49:46Z,0,false,true,true
youtube,Magang Berdampak,Magang_Berdampak_awal,Magang Berdampak,Magang Berdampak,2025-06-16T00:00:00Z,2026-06-23T23:59:59Z,EQvske34_78,https://www.youtube.com/watch?v=EQvske34_78,Peluncuran Program Magang Berdampak,,UCGo_6l_6kp8H8OHcKcSIeDw,"Kementerian Pendidikan Tinggi, Sains dan Teknologi",2025-06-16T20:10:23Z,87210,2332,83,Ugx2mNXFFeH5kQAaPgR4AaABAg,maaf Pak/bu ini webnya tidak bisa di akses,@ridhoalfosyahri5422,UCHlQzqk1XeX2OuV5w95qg7g,2025-06-27T11:20:10Z,2025-06-27T11:20:10Z,0,false,true,true
youtube,Magang Berdampak,Magang_Berdampak_awal,Magang Berdampak,Magang Berdampak,2025-06-16T00:00:00Z,2026-06-23T23:59:59Z,EQvske34_78,https://www.youtube.com/watch?v=EQvske34_78,Peluncuran Program Magang Berdampak,,UCGo_6l_6kp8H8OHcKcSIeDw,"Kementerian Pendidikan Tinggi, Sains dan Teknologi",2025-06-16T20:10:23Z,87210,2332,83,UgxK8JpH_cj7AnxcEzB4AaABAg,"Maaf bertanya
Sy sudah mendaftar ternyata saya salah memasukan email
Sehingga akun tdk bs terkirim 
Bagaimana cara memperbaiki email saya?",@roniekhanz,UCz-kOHtj8KIGmmC779PrvmA,2025-06-27T07:53:19Z,2025-06-27T07:53:19Z,0,false,true,true
youtube,Magang Berdampak,Magang_Berdampak_awal,Magang Berdampak,Magang Berdampak,2025-06-16T00:00:00Z,2026-06-23T23:59:59Z,EQvske34_78,https://www.youtube.com/watch?v=EQvske34_78,Peluncuran Program Magang Berdampak,,UCGo_6l_6kp8H8OHcKcSIeDw,"Kementerian Pendidikan Tinggi, Sains dan Teknologi",2025-06-16T20:10:23Z,87210,2332,83,UgygM5_dPPPw4xfLm5d4AaABAg,sem 6 bentrok kkn :),@desilfarosta573,UC0eHpeQnVSkK0W0Y79ftYqA,2025-06-26T07:12:39Z,2025-06-26T07:12:39Z,2,false,true,true
youtube,Magang Berdampak,Magang_Berdampak_awal,Magang Berdampak,Magang Berdampak,2025-06-16T00:00:00Z,2026-06-23T23:59:59Z,EQvske34_78,https://www.youtube.com/watch?v=EQvske34_78,Peluncuran Program Magang Berdampak,,UCGo_6l_6kp8H8OHcKcSIeDw,"Kementerian Pendidikan Tinggi, Sains dan Teknologi",2025-06-16T20:10:23Z,87210,2332,83,UgwEJDjKBys4mOCKefN4AaABAg,Jurusan pendidikan😢,@yusrilbae0290,UCwAa72fQp-dgcQeVKSy19tA,2025-06-26T06:42:29Z,2025-06-26T06:42:29Z,2,false,true,true
youtube,Magang Berdampak,Magang_Berdampak_awal,Magang Berdampak,Magang Berdampak,2025-06-16T00:00:00Z,2026-06-23T23:59:59Z,EQvske34_78,https://www.youtube.com/watch?v=EQvske34_78,Peluncuran Program Magang Berdampak,,UCGo_6l_6kp8H8OHcKcSIeDw,"Kementerian Pendidikan Tinggi, Sains dan Teknologi",2025-06-16T20:10:23Z,87210,2332,83,UgySPuPvxP8F7cNtqxl4AaABAg,"Tempat magang kurang merata, tidak tersebar seluruh Indonesia",@agengpamungkas2489,UC610eVhBYXkwzJNFGhLIfQg,2025-06-26T03:03:42Z,2025-06-26T03:03:42Z,29,false,true,true
youtube,Magang Berdampak,Magang_Berdampak_awal,Magang Berdampak,Magang Berdampak,2025-06-16T00:00:00Z,2026-06-23T23:59:59Z,EQvske34_78,https://www.youtube.com/watch?v=EQvske34_78,Peluncuran Program Magang Berdampak,,UCGo_6l_6kp8H8OHcKcSIeDw,"Kementerian Pendidikan Tinggi, Sains dan Teknologi",2025-06-16T20:10:23Z,87210,2332,83,Ugx4v0chBMGALbD3pfh4AaABAg,Berarti PT diluar Kemendikbud tidak bisa ya.,@trisnaampriani3113,UCbKuf-11t_RrT5NnngxJRqg,2025-06-24T21:56:40Z,2025-06-24T21:56:40Z,0,false,true,true
youtube,Magang Berdampak,Magang_Berdampak_awal,Magang Berdampak,Magang Berdampak,2025-06-16T00:00:00Z,2026-06-23T23:59:59Z,EQvske34_78,https://www.youtube.com/watch?v=EQvske34_78,Peluncuran Program Magang Berdampak,,UCGo_6l_6kp8H8OHcKcSIeDw,"Kementerian Pendidikan Tinggi, Sains dan Teknologi",2025-06-16T20:10:23Z,87210,2332,83,UgxohgAQle4XfPK7ZMR4AaABAg,Berarti biaya tempat tinggal ditanggung sendiri ya?,@sekellasekie,UCM4_wCwzFFpfKONJxe98Fiw,2025-06-24T14:51:53Z,2025-06-24T14:51:53Z,0,false,true,true
youtube,Magang Berdampak,Magang_Berdampak_awal,Magang Berdampak,Magang Berdampak,2025-06-16T00:00:00Z,2026-06-23T23:59:59Z,EQvske34_78,https://www.youtube.com/watch?v=EQvske34_78,Peluncuran Program Magang Berdampak,,UCGo_6l_6kp8H8OHcKcSIeDw,"Kementerian Pendidikan Tinggi, Sains dan Teknologi",2025-06-16T20:10:23Z,87210,2332,83,UgzYRU97-JZAMjpNKlJ4AaABAg,"Ini bagaimana sudah 5 hari error mulu web nya?? Bukannya buat link alternatif untuk tiap univ malah cuma buat satu, ya pasti error diserbu 1 indonesia. Kayak tidak ada persiapan untuk penjalanan program ini",@Moh-onih8153,UC9YdSkF20fVQZBbqhfhKUyA,2025-06-24T14:40:08Z,2025-06-24T14:40:08Z,5,false,true,true
youtube,Magang Berdampak,Magang_Berdampak_awal,Magang Berdampak,Magang Berdampak,2025-06-16T00:00:00Z,2026-06-23T23:59:59Z,EQvske34_78,https://www.youtube.com/watch?v=EQvske34_78,Peluncuran Program Magang Berdampak,,UCGo_6l_6kp8H8OHcKcSIeDw,"Kementerian Pendidikan Tinggi, Sains dan Teknologi",2025-06-16T20:10:23Z,87210,2332,83,UgzX-wn5490_R0lYSE54AaABAg,"Link web nya tidak bisa diakses Bapak/Ibu, bagaimana itu? Terima kasih",@adenapandi6060,UC2AWNTX2GRXfDkkSkIDAGLw,2025-06-24T11:33:55Z,2025-06-24T11:33:55Z,0,false,true,true
youtube,Magang Berdampak,Magang_Berdampak_awal,Magang Berdampak,Magang Berdampak,2025-06-16T00:00:00Z,2026-06-23T23:59:59Z,EQvske34_78,https://www.youtube.com/watch?v=EQvske34_78,Peluncuran Program Magang Berdampak,,UCGo_6l_6kp8H8OHcKcSIeDw,"Kementerian Pendidikan Tinggi, Sains dan Teknologi",2025-06-16T20:10:23Z,87210,2332,83,UgxYrrlXAHs0f1HsFHN4AaABAg,tolong untuk webnya gak bisa dibuka,@mudjijantoswd2684,UCnAS6-QzDBT00LPrrFvXHjQ,2025-06-24T11:15:20Z,2025-06-24T11:15:20Z,0,false,true,true
youtube,Magang Berdampak,Magang_Berdampak_awal,Magang Berdampak,Magang Berdampak,2025-06-16T00:00:00Z,2026-06-23T23:59:59Z,EQvske34_78,https://www.youtube.com/watch?v=EQvske34_78,Peluncuran Program Magang Berdampak,,UCGo_6l_6kp8H8OHcKcSIeDw,"Kementerian Pendidikan Tinggi, Sains dan Teknologi",2025-06-16T20:10:23Z,87210,2332,83,UgxZJzAl-n-karuhLmR4AaABAg,link buat daftarkan PTnya dimana ya kak ?,@pang7917,UC0__Z86PG2XoBDG_0EF0mwQ,2025-06-24T01:59:27Z,2025-06-24T01:59:27Z,0,false,true,true
youtube,Magang Berdampak,Magang_Berdampak_awal,Magang Berdampak,Magang Berdampak,2025-06-16T00:00:00Z,2026-06-23T23:59:59Z,EQvske34_78,https://www.youtube.com/watch?v=EQvske34_78,Peluncuran Program Magang Berdampak,,UCGo_6l_6kp8H8OHcKcSIeDw,"Kementerian Pendidikan Tinggi, Sains dan Teknologi",2025-06-16T20:10:23Z,87210,2332,83,Ugz5wyn1w1yqMiKaRm54AaABAg,Masih gabisa ya webnya,@Ngemuzzik,UCe6ENr8M96J67JtcMgx-yTg,2025-06-23T18:28:02Z,2025-06-23T18:28:02Z,0,false,true,true
youtube,Magang Berdampak,Magang_Berdampak_awal,Magang Berdampak,Magang Berdampak,2025-06-16T00:00:00Z,2026-06-23T23:59:59Z,EQvske34_78,https://www.youtube.com/watch?v=EQvske34_78,Peluncuran Program Magang Berdampak,,UCGo_6l_6kp8H8OHcKcSIeDw,"Kementerian Pendidikan Tinggi, Sains dan Teknologi",2025-06-16T20:10:23Z,87210,2332,83,UgwKh1YOXw1GHuloI8t4AaABAg,website nya kok eror yaaaa,@asmanajwi1575,UCGqYSPlELjscw5eTDXqEq4g,2025-06-23T11:59:06Z,2025-06-23T11:59:06Z,3,false,true,true
youtube,Magang Berdampak,Magang_Berdampak_awal,Magang Berdampak,Magang Berdampak,2025-06-16T00:00:00Z,2026-06-23T23:59:59Z,EQvske34_78,https://www.youtube.com/watch?v=EQvske34_78,Peluncuran Program Magang Berdampak,,UCGo_6l_6kp8H8OHcKcSIeDw,"Kementerian Pendidikan Tinggi, Sains dan Teknologi",2025-06-16T20:10:23Z,87210,2332,83,UgxMMIJNQTKrpcEDQBd4AaABAg,websitenya kenapa error ya,@BagusCiptaPratama,UCro1_MgdrreRO1qYbaOdueA,2025-06-23T10:01:18Z,2025-06-23T10:01:18Z,0,false,true,true
youtube,Magang Berdampak,Magang_Berdampak_awal,Magang Berdampak,Magang Berdampak,2025-06-16T00:00:00Z,2026-06-23T23:59:59Z,EQvske34_78,https://www.youtube.com/watch?v=EQvske34_78,Peluncuran Program Magang Berdampak,,UCGo_6l_6kp8H8OHcKcSIeDw,"Kementerian Pendidikan Tinggi, Sains dan Teknologi",2025-06-16T20:10:23Z,87210,2332,83,Ugx2k37t6ShPXwXMs6J4AaABAg,Link nya ga bisa ya,@Prabuyusufperdana,UCcgKJ1CMydc64vpocjVL9KQ,2025-06-22T17:05:09Z,2025-06-22T17:05:09Z,0,false,true,true
youtube,Magang Berdampak,Magang_Berdampak_awal,Magang Berdampak,Magang Berdampak,2025-06-16T00:00:00Z,2026-06-23T23:59:59Z,EQvske34_78,https://www.youtube.com/watch?v=EQvske34_78,Peluncuran Program Magang Berdampak,,UCGo_6l_6kp8H8OHcKcSIeDw,"Kementerian Pendidikan Tinggi, Sains dan Teknologi",2025-06-16T20:10:23Z,87210,2332,83,Ugz_PE6Y-afiD0BXqSl4AaABAg,web nya gabisa dibuka,@repostonly111,UCDLsqDwzUaFB_db50Tercgg,2025-06-21T14:21:58Z,2025-06-21T14:21:58Z,6,false,true,true
youtube,Magang Berdampak,Magang_Berdampak_awal,Magang Berdampak,Magang Berdampak,2025-06-16T00:00:00Z,2026-06-23T23:59:59Z,EQvske34_78,https://www.youtube.com/watch?v=EQvske34_78,Peluncuran Program Magang Berdampak,,UCGo_6l_6kp8H8OHcKcSIeDw,"Kementerian Pendidikan Tinggi, Sains dan Teknologi",2025-06-16T20:10:23Z,87210,2332,83,UgyUxN_B5gENTr0zhHt4AaABAg,link nya not found yang kemdiktisaintek magangnya,@reisyaseptriana2919,UCjWS6riTkH67XVl_5OjLsGw,2025-06-21T07:06:03Z,2025-06-21T07:06:03Z,2,false,true,true
youtube,Magang Berdampak,Magang_Berdampak_awal,Magang Berdampak,Magang Berdampak,2025-06-16T00:00:00Z,2026-06-23T23:59:59Z,EQvske34_78,https://www.youtube.com/watch?v=EQvske34_78,Peluncuran Program Magang Berdampak,,UCGo_6l_6kp8H8OHcKcSIeDw,"Kementerian Pendidikan Tinggi, Sains dan Teknologi",2025-06-16T20:10:23Z,87210,2332,83,UgwQ8jNL30kyFZRLE2F4AaABAg,Min untuk jurusn s.pd susah diterima perusahaan pengalaman msib dulu,@dilahgaming5128,UCTO9PUIChWK93yllOzZ7GNw,2025-06-21T04:29:13Z,2025-06-21T04:29:33Z,2,false,true,true
youtube,Magang Berdampak,Magang_Berdampak_awal,Magang Berdampak,Magang Berdampak,2025-06-16T00:00:00Z,2026-06-23T23:59:59Z,EQvske34_78,https://www.youtube.com/watch?v=EQvske34_78,Peluncuran Program Magang Berdampak,,UCGo_6l_6kp8H8OHcKcSIeDw,"Kementerian Pendidikan Tinggi, Sains dan Teknologi",2025-06-16T20:10:23Z,87210,2332,83,Ugw0yPJBdc6wSN8Dx514AaABAg,mahasiswa penerima KIP-K biasa ikut magang berdampak ini ngga ya?? tolong dijawab ya 🙏🏻,@byunbaekhyun2283,UCyY5co_QOWj8zrKXpVH4m1Q,2025-06-19T09:13:00Z,2025-06-19T09:13:00Z,0,false,true,true
youtube,Magang Berdampak,Magang_Berdampak_awal,Magang Berdampak,Magang Berdampak,2025-06-16T00:00:00Z,2026-06-23T23:59:59Z,EQvske34_78,https://www.youtube.com/watch?v=EQvske34_78,Peluncuran Program Magang Berdampak,,UCGo_6l_6kp8H8OHcKcSIeDw,"Kementerian Pendidikan Tinggi, Sains dan Teknologi",2025-06-16T20:10:23Z,87210,2332,83,Ugx2XvDMsEdAQ_MFGGt4AaABAg,"Ini anak Beasiswa boleh ikut gak,terutama KIPK?",@AisindriSune,UC0YKddbaHlSspbzHIqWBq5g,2025-06-19T01:23:47Z,2025-06-19T01:23:47Z,12,false,true,true
youtube,Magang Berdampak,Magang_Berdampak_awal,Magang Berdampak,Magang Berdampak,2025-06-16T00:00:00Z,2026-06-23T23:59:59Z,EQvske34_78,https://www.youtube.com/watch?v=EQvske34_78,Peluncuran Program Magang Berdampak,,UCGo_6l_6kp8H8OHcKcSIeDw,"Kementerian Pendidikan Tinggi, Sains dan Teknologi",2025-06-16T20:10:23Z,87210,2332,83,UgxltMdtmMTPaA4h2X94AaABAg,KEMBALIKAN PROGRAM MSIB!,@rizqifauzan_12,UCFX7BZSOq0v9EV-9BFKSOKg,2025-06-18T07:06:44Z,2025-06-18T07:06:44Z,41,false,true,true
youtube,Magang Berdampak,Magang_Berdampak_awal,Magang Berdampak,Magang Berdampak,2025-06-16T00:00:00Z,2026-06-23T23:59:59Z,EQvske34_78,https://www.youtube.com/watch?v=EQvske34_78,Peluncuran Program Magang Berdampak,,UCGo_6l_6kp8H8OHcKcSIeDw,"Kementerian Pendidikan Tinggi, Sains dan Teknologi",2025-06-16T20:10:23Z,87210,2332,83,UgznMdGJFFzncEz4S394AaABAg,Mitranya cuman 17 doang,@ARIELKUSMA,UC3h6sUtkSRLmjZ5pGZaFvXg,2025-06-18T02:29:41Z,2025-06-18T02:29:41Z,2,false,true,true
youtube,Magang Berdampak,Magang_Berdampak_awal,Magang Berdampak,Magang Berdampak,2025-06-16T00:00:00Z,2026-06-23T23:59:59Z,EQvske34_78,https://www.youtube.com/watch?v=EQvske34_78,Peluncuran Program Magang Berdampak,,UCGo_6l_6kp8H8OHcKcSIeDw,"Kementerian Pendidikan Tinggi, Sains dan Teknologi",2025-06-16T20:10:23Z,87210,2332,83,UgySLRmJRABI_F643md4AaABAg,"kenapa nama programnya ""MAGANG BERDAMPAK"" min? udh paling benar ""Merdeka Belajar Kampus Merdeka (MBKM)""",@Student-lh3hx,UCqHoQ34a6AAp1cx_pFdCAoA,2025-06-17T16:26:59Z,2025-06-17T16:26:59Z,11,false,true,true
youtube,Magang Berdampak,Magang_Berdampak_awal,Magang Berdampak,Magang Berdampak,2025-06-16T00:00:00Z,2026-06-23T23:59:59Z,EQvske34_78,https://www.youtube.com/watch?v=EQvske34_78,Peluncuran Program Magang Berdampak,,UCGo_6l_6kp8H8OHcKcSIeDw,"Kementerian Pendidikan Tinggi, Sains dan Teknologi",2025-06-16T20:10:23Z,87210,2332,83,Ugz8zJDYWYaSsBewZSh4AaABAg,Kak...info link pendaftaran nya . bagaimana,@finafa4754,UCitqwIaKbfoW84_oJTmxCoA,2025-06-17T10:30:38Z,2025-06-17T10:30:38Z,0,false,true,true
youtube,Magang Berdampak,Magang_Berdampak_awal,Magang Berdampak,Magang Berdampak,2025-06-16T00:00:00Z,2026-06-23T23:59:59Z,EQvske34_78,https://www.youtube.com/watch?v=EQvske34_78,Peluncuran Program Magang Berdampak,,UCGo_6l_6kp8H8OHcKcSIeDw,"Kementerian Pendidikan Tinggi, Sains dan Teknologi",2025-06-16T20:10:23Z,87210,2332,83,UgzmY0WLYyurG6z6c_54AaABAg,Info Link pendaftaran,@kurniatnk1127,UCnr8wgy63HjI4F7CCIDDLpg,2025-06-17T07:00:05Z,2025-06-17T07:00:05Z,10,false,true,true
youtube,Magang Berdampak,Magang_Berdampak_awal,Magang Berdampak,Magang Berdampak,2025-06-16T00:00:00Z,2026-06-23T23:59:59Z,EQvske34_78,https://www.youtube.com/watch?v=EQvske34_78,Peluncuran Program Magang Berdampak,,UCGo_6l_6kp8H8OHcKcSIeDw,"Kementerian Pendidikan Tinggi, Sains dan Teknologi",2025-06-16T20:10:23Z,87210,2332,83,UgzdwnzhICAn5DGbN2l4AaABAg,khusus jawa aja ya😁,@ddettaaaa,UC5NdGriAp_CpTUYlPHDbc7A,2025-06-17T03:48:14Z,2025-06-17T03:48:14Z,1,false,true,true
youtube,Magang Berdampak,Magang_Berdampak_awal,Magang Berdampak,Magang Berdampak,2025-06-16T00:00:00Z,2026-06-23T23:59:59Z,EQvske34_78,https://www.youtube.com/watch?v=EQvske34_78,Peluncuran Program Magang Berdampak,,UCGo_6l_6kp8H8OHcKcSIeDw,"Kementerian Pendidikan Tinggi, Sains dan Teknologi",2025-06-16T20:10:23Z,87210,2332,83,UgxmmXguI-Zo9HgWL7B4AaABAg,Minta group magang dong,@FerdinandFerdi-lg7dh,UCmRnNKdvQLW74DaNeTgnB6w,2025-06-17T03:11:07Z,2025-06-17T03:11:07Z,12,false,true,true
youtube,Magang Berdampak,Magang_Berdampak_awal,Magang Berdampak,Magang Berdampak,2025-06-16T00:00:00Z,2026-06-23T23:59:59Z,EQvske34_78,https://www.youtube.com/watch?v=EQvske34_78,Peluncuran Program Magang Berdampak,,UCGo_6l_6kp8H8OHcKcSIeDw,"Kementerian Pendidikan Tinggi, Sains dan Teknologi",2025-06-16T20:10:23Z,87210,2332,83,UgxrzTZE3AnKjgpLv0x4AaABAg,Min ko bidang peternakn nggk ada😢,@azurazura9170,UCb3lDNK27LGEJaqRN93mIGQ,2025-06-17T01:16:27Z,2025-06-17T01:16:27Z,7,false,true,true
youtube,Magang Berdampak,Magang_Berdampak_awal,Magang Berdampak,Magang Berdampak,2025-06-16T00:00:00Z,2026-06-23T23:59:59Z,EQvske34_78,https://www.youtube.com/watch?v=EQvske34_78,Peluncuran Program Magang Berdampak,,UCGo_6l_6kp8H8OHcKcSIeDw,"Kementerian Pendidikan Tinggi, Sains dan Teknologi",2025-06-16T20:10:23Z,87210,2332,83,UgwR75JJprqoLu1yJWx4AaABAg,"jadwal pendaftaran 1:08:25
persyaratan mahasiswa 1:15:22
paduan 1:35:46
benefit 1:29:56",@wakandagaming5763,UCG_mzgqLACUxE9I60RDBcpA,2025-06-16T15:21:01Z,2025-06-16T15:31:33Z,144,false,true,true
youtube,Magang Berdampak,Magang_Berdampak_awal,Magang Berdampak,Magang Berdampak,2025-06-16T00:00:00Z,2026-06-23T23:59:59Z,EQvske34_78,https://www.youtube.com/watch?v=EQvske34_78,Peluncuran Program Magang Berdampak,,UCGo_6l_6kp8H8OHcKcSIeDw,"Kementerian Pendidikan Tinggi, Sains dan Teknologi",2025-06-16T20:10:23Z,87210,2332,83,UgwS6CX2nFZdU_FKDPh4AaABAg,"magang tanpa seleksi, bisa pengajuan konversi max 20sks di VINIX7",@VINIX7-IDN,UCW51qiBFSAkatGIDqYiwilQ,2025-06-16T13:47:19Z,2025-06-16T13:47:19Z,2,false,true,true
youtube,Magang Berdampak,Magang_Berdampak_awal,Magang Berdampak,Magang Berdampak,2025-06-16T00:00:00Z,2026-06-23T23:59:59Z,EQvske34_78,https://www.youtube.com/watch?v=EQvske34_78,Peluncuran Program Magang Berdampak,,UCGo_6l_6kp8H8OHcKcSIeDw,"Kementerian Pendidikan Tinggi, Sains dan Teknologi",2025-06-16T20:10:23Z,87210,2332,83,Ugw85dBbB1Evqyn5VY54AaABAg,grup dicussion & info magang berdampak @magangberdampakgas,@Muslim-wrld,UC9PIDdIlUoLhKfct0AeDArg,2025-06-16T13:45:34Z,2025-06-16T13:45:34Z,8,false,true,true
youtube,Magang Berdampak,Magang_Berdampak_awal,Magang Berdampak,Magang Berdampak,2025-06-16T00:00:00Z,2026-06-23T23:59:59Z,EQvske34_78,https://www.youtube.com/watch?v=EQvske34_78,Peluncuran Program Magang Berdampak,,UCGo_6l_6kp8H8OHcKcSIeDw,"Kementerian Pendidikan Tinggi, Sains dan Teknologi",2025-06-16T20:10:23Z,87210,2332,83,Ugw9RzyrUab--kifbal4AaABAg,Panduan 1:35:46,@eloooyhm832,UCwLZbF9dBHq8LZLVGtC_UUg,2025-06-16T13:21:23Z,2025-06-16T13:21:23Z,11,false,true,true
youtube,Magang Berdampak,Magang_Berdampak_awal,Magang Berdampak,Magang Berdampak,2025-06-16T00:00:00Z,2026-06-23T23:59:59Z,EQvske34_78,https://www.youtube.com/watch?v=EQvske34_78,Peluncuran Program Magang Berdampak,,UCGo_6l_6kp8H8OHcKcSIeDw,"Kementerian Pendidikan Tinggi, Sains dan Teknologi",2025-06-16T20:10:23Z,87210,2332,83,UgwcCEeTvuS18xFg4tN4AaABAg,halo,@has6ii578,UCdb9mJxv6Ei7ytDw9tnypUA,2025-06-16T13:20:38Z,2025-06-16T13:20:38Z,0,false,true,true
youtube,Magang Berdampak,Magang_Berdampak_awal,Magang Berdampak,Magang Berdampak,2025-06-16T00:00:00Z,2026-06-23T23:59:59Z,AKYCLzSIlic,https://www.youtube.com/watch?v=AKYCLzSIlic,Magang Berdampak 2025: Apa aja yang Harus Disiapin Biar Lolos?,"Halo kalau ada yang mau tau tentang gw atau mau tanya - tanya lebih lanjut bisa kepoiin gw di
Instagram : https://www.instagram.com/aryoosn/
Linkedin : https://www.linkedin.com/in/aryosenoaji/

KEMENDIKTI Magang Berdampak : https://www.youtube.com/watch?v=EQvske34_78&t=4982s
Website Magang Berdampak : https://simbelmawa.kemdikbud.go.id/magang/landing-page

🎧 Background music credit:
♪ stream cafe - sweet cafe
https://www.youtube.com/watch?v=K7nu8X34Hko",UC8_CdQE_-fJZ6YPbNsxuY7A,Aryo Senoaji,2025-06-25T14:51:02Z,3086,100,48,Ugz5JVDRFJ8ObpTUtWx4AaABAg,"Hallo kak, bisa lebih jelaskan ""dapatin surat rekomendasi dari kampus"" tata cara dari awal sampai akhir bagaimana ya? Apakah harus menemui kaprodi dll?",@KukiesBoom,UCoownyRTgjULDtYIUCnYKmQ,2025-09-28T04:44:42Z,2025-09-28T04:44:42Z,0,false,true,true
youtube,Magang Berdampak,Magang_Berdampak_awal,Magang Berdampak,Magang Berdampak,2025-06-16T00:00:00Z,2026-06-23T23:59:59Z,AKYCLzSIlic,https://www.youtube.com/watch?v=AKYCLzSIlic,Magang Berdampak 2025: Apa aja yang Harus Disiapin Biar Lolos?,"Halo kalau ada yang mau tau tentang gw atau mau tanya - tanya lebih lanjut bisa kepoiin gw di
Instagram : https://www.instagram.com/aryoosn/
Linkedin : https://www.linkedin.com/in/aryosenoaji/

KEMENDIKTI Magang Berdampak : https://www.youtube.com/watch?v=EQvske34_78&t=4982s
Website Magang Berdampak : https://simbelmawa.kemdikbud.go.id/magang/landing-page

🎧 Background music credit:
♪ stream cafe - sweet cafe
https://www.youtube.com/watch?v=K7nu8X34Hko",UC8_CdQE_-fJZ6YPbNsxuY7A,Aryo Senoaji,2025-06-25T14:51:02Z,3086,100,48,UgxTc4i1qAGvhmSQp9F4AaABAg,Kelanjutan MSIB dan Internship kompetisi Kampus merdeka untuk mahasiswa yng lulus seleksi.,@rapiuddinthahir1873,UCNQwy-1N9n-f76keO1fo0CQ,2025-09-20T23:49:07Z,2025-09-20T23:49:07Z,0,false,true,true
youtube,Magang Berdampak,Magang_Berdampak_awal,Magang Berdampak,Magang Berdampak,2025-06-16T00:00:00Z,2026-06-23T23:59:59Z,AKYCLzSIlic,https://www.youtube.com/watch?v=AKYCLzSIlic,Magang Berdampak 2025: Apa aja yang Harus Disiapin Biar Lolos?,"Halo kalau ada yang mau tau tentang gw atau mau tanya - tanya lebih lanjut bisa kepoiin gw di
Instagram : https://www.instagram.com/aryoosn/
Linkedin : https://www.linkedin.com/in/aryosenoaji/

KEMENDIKTI Magang Berdampak : https://www.youtube.com/watch?v=EQvske34_78&t=4982s
Website Magang Berdampak : https://simbelmawa.kemdikbud.go.id/magang/landing-page

🎧 Background music credit:
♪ stream cafe - sweet cafe
https://www.youtube.com/watch?v=K7nu8X34Hko",UC8_CdQE_-fJZ6YPbNsxuY7A,Aryo Senoaji,2025-06-25T14:51:02Z,3086,100,48,UgzbIlfCZQxfTD3VAYx4AaABAg,"Bang gua mahasiswa sem 2 nih
Tapi buat persiapan th depan mau join magang berdampak 

Mau tanya nih, kalo kriterianya mahasiswanya psikologi, atau management. Semisal gua dari jurusan lain memungkinkan apply nggak yaa",@arumatheaphy,UCGI6uJkxRkOdiiiBeug7YZQ,2025-07-20T23:30:48Z,2025-07-20T23:30:48Z,0,false,true,true
youtube,Magang Berdampak,Magang_Berdampak_awal,Magang Berdampak,Magang Berdampak,2025-06-16T00:00:00Z,2026-06-23T23:59:59Z,AKYCLzSIlic,https://www.youtube.com/watch?v=AKYCLzSIlic,Magang Berdampak 2025: Apa aja yang Harus Disiapin Biar Lolos?,"Halo kalau ada yang mau tau tentang gw atau mau tanya - tanya lebih lanjut bisa kepoiin gw di
Instagram : https://www.instagram.com/aryoosn/
Linkedin : https://www.linkedin.com/in/aryosenoaji/

KEMENDIKTI Magang Berdampak : https://www.youtube.com/watch?v=EQvske34_78&t=4982s
Website Magang Berdampak : https://simbelmawa.kemdikbud.go.id/magang/landing-page

🎧 Background music credit:
♪ stream cafe - sweet cafe
https://www.youtube.com/watch?v=K7nu8X34Hko",UC8_CdQE_-fJZ6YPbNsxuY7A,Aryo Senoaji,2025-06-25T14:51:02Z,3086,100,48,UgxCmne4tKMbM0OYdtZ4AaABAg,"Bg izin nnya saya kn barusan mau daftar magang berdampak tp pas ini data mahasiswa nya trs klik selanjutnya,malah ada tulisannya masa pendaftaran sudah selesai,tolong bantuannya 🙏",@ValentinoSitanggang-b6k,UCAXod-xc5dLUOI5YkNeBhpQ,2025-07-18T03:46:12Z,2025-07-18T03:46:12Z,0,false,true,true
youtube,Magang Berdampak,Magang_Berdampak_awal,Magang Berdampak,Magang Berdampak,2025-06-16T00:00:00Z,2026-06-23T23:59:59Z,AKYCLzSIlic,https://www.youtube.com/watch?v=AKYCLzSIlic,Magang Berdampak 2025: Apa aja yang Harus Disiapin Biar Lolos?,"Halo kalau ada yang mau tau tentang gw atau mau tanya - tanya lebih lanjut bisa kepoiin gw di
Instagram : https://www.instagram.com/aryoosn/
Linkedin : https://www.linkedin.com/in/aryosenoaji/

KEMENDIKTI Magang Berdampak : https://www.youtube.com/watch?v=EQvske34_78&t=4982s
Website Magang Berdampak : https://simbelmawa.kemdikbud.go.id/magang/landing-page

🎧 Background music credit:
♪ stream cafe - sweet cafe
https://www.youtube.com/watch?v=K7nu8X34Hko",UC8_CdQE_-fJZ6YPbNsxuY7A,Aryo Senoaji,2025-06-25T14:51:02Z,3086,100,48,UgxeF22T0jCSH5jYXT54AaABAg,mas lagi error yak web nya? dari kemarin gak bisa di buka,@mitok-yc2vc,UCOD2awaip2Yj9aAcOK1CxQw,2025-07-18T00:56:29Z,2025-07-18T00:56:29Z,0,false,true,true
youtube,Magang Berdampak,Magang_Berdampak_awal,Magang Berdampak,Magang Berdampak,2025-06-16T00:00:00Z,2026-06-23T23:59:59Z,AKYCLzSIlic,https://www.youtube.com/watch?v=AKYCLzSIlic,Magang Berdampak 2025: Apa aja yang Harus Disiapin Biar Lolos?,"Halo kalau ada yang mau tau tentang gw atau mau tanya - tanya lebih lanjut bisa kepoiin gw di
Instagram : https://www.instagram.com/aryoosn/
Linkedin : https://www.linkedin.com/in/aryosenoaji/

KEMENDIKTI Magang Berdampak : https://www.youtube.com/watch?v=EQvske34_78&t=4982s
Website Magang Berdampak : https://simbelmawa.kemdikbud.go.id/magang/landing-page

🎧 Background music credit:
♪ stream cafe - sweet cafe
https://www.youtube.com/watch?v=K7nu8X34Hko",UC8_CdQE_-fJZ6YPbNsxuY7A,Aryo Senoaji,2025-06-25T14:51:02Z,3086,100,48,UgwxIbXF95M_WYKNof94AaABAg,"Bang, mau nanya. Kalau kita sudah daftar Magang Berdampak ke 5 mitra, nanti pengumuman lolos nya itu dari satu mitra saja, atau bisa saja kita lolos di beberapa mitra sekaligus? Terus, setelah pengumuman lolos, apakah langsung ada sesi wawancara atau ada tahapan lain dulu?",@YUNIYUNI-du6gk,UCFj6bu-iAoYXLWrKk63p0pg,2025-07-15T14:52:38Z,2025-07-15T14:52:38Z,0,false,true,true
youtube,Magang Berdampak,Magang_Berdampak_awal,Magang Berdampak,Magang Berdampak,2025-06-16T00:00:00Z,2026-06-23T23:59:59Z,AKYCLzSIlic,https://www.youtube.com/watch?v=AKYCLzSIlic,Magang Berdampak 2025: Apa aja yang Harus Disiapin Biar Lolos?,"Halo kalau ada yang mau tau tentang gw atau mau tanya - tanya lebih lanjut bisa kepoiin gw di
Instagram : https://www.instagram.com/aryoosn/
Linkedin : https://www.linkedin.com/in/aryosenoaji/

KEMENDIKTI Magang Berdampak : https://www.youtube.com/watch?v=EQvske34_78&t=4982s
Website Magang Berdampak : https://simbelmawa.kemdikbud.go.id/magang/landing-page

🎧 Background music credit:
♪ stream cafe - sweet cafe
https://www.youtube.com/watch?v=K7nu8X34Hko",UC8_CdQE_-fJZ6YPbNsxuY7A,Aryo Senoaji,2025-06-25T14:51:02Z,3086,100,48,Ugy9f6DI_zoCQycfwHJ4AaABAg,"Bang izin tanya, kan aku agroteknologi ya tapi kok ngak ada mitra dari pertanian, terus saumpama pilih yang ngak pertanian itu SKSnya bakal ngak masuk ya?",@mahaputradewadewa3552,UCa29f0i0rs0zaypTx_GhbUw,2025-07-11T11:16:22Z,2025-07-11T11:16:22Z,0,false,true,true
youtube,Magang Berdampak,Magang_Berdampak_awal,Magang Berdampak,Magang Berdampak,2025-06-16T00:00:00Z,2026-06-23T23:59:59Z,AKYCLzSIlic,https://www.youtube.com/watch?v=AKYCLzSIlic,Magang Berdampak 2025: Apa aja yang Harus Disiapin Biar Lolos?,"Halo kalau ada yang mau tau tentang gw atau mau tanya - tanya lebih lanjut bisa kepoiin gw di
Instagram : https://www.instagram.com/aryoosn/
Linkedin : https://www.linkedin.com/in/aryosenoaji/

KEMENDIKTI Magang Berdampak : https://www.youtube.com/watch?v=EQvske34_78&t=4982s
Website Magang Berdampak : https://simbelmawa.kemdikbud.go.id/magang/landing-page

🎧 Background music credit:
♪ stream cafe - sweet cafe
https://www.youtube.com/watch?v=K7nu8X34Hko",UC8_CdQE_-fJZ6YPbNsxuY7A,Aryo Senoaji,2025-06-25T14:51:02Z,3086,100,48,Ugx86ge42DVxtc4-wGN4AaABAg,wah makasih banyak bang penjelasannya,@Mija03,UCLSLxZkMYshuo3uhA6_FtDg,2025-07-10T11:39:39Z,2025-07-10T11:39:39Z,1,false,true,true
youtube,Magang Berdampak,Magang_Berdampak_awal,Magang Berdampak,Magang Berdampak,2025-06-16T00:00:00Z,2026-06-23T23:59:59Z,AKYCLzSIlic,https://www.youtube.com/watch?v=AKYCLzSIlic,Magang Berdampak 2025: Apa aja yang Harus Disiapin Biar Lolos?,"Halo kalau ada yang mau tau tentang gw atau mau tanya - tanya lebih lanjut bisa kepoiin gw di
Instagram : https://www.instagram.com/aryoosn/
Linkedin : https://www.linkedin.com/in/aryosenoaji/

KEMENDIKTI Magang Berdampak : https://www.youtube.com/watch?v=EQvske34_78&t=4982s
Website Magang Berdampak : https://simbelmawa.kemdikbud.go.id/magang/landing-page

🎧 Background music credit:
♪ stream cafe - sweet cafe
https://www.youtube.com/watch?v=K7nu8X34Hko",UC8_CdQE_-fJZ6YPbNsxuY7A,Aryo Senoaji,2025-06-25T14:51:02Z,3086,100,48,Ugx7gi-n1DV7e8X-h8B4AaABAg,"kak izin tanya, kalo misal konversi sks itu apakah nilai tiap sks yg diberikan dari pihak mitra nya?",@32.sabrinamaharani76,UC9HtAqmsnlcVqVnzvwZ5wuQ,2025-07-10T00:23:31Z,2025-07-10T00:23:31Z,0,false,true,true
youtube,Magang Berdampak,Magang_Berdampak_awal,Magang Berdampak,Magang Berdampak,2025-06-16T00:00:00Z,2026-06-23T23:59:59Z,AKYCLzSIlic,https://www.youtube.com/watch?v=AKYCLzSIlic,Magang Berdampak 2025: Apa aja yang Harus Disiapin Biar Lolos?,"Halo kalau ada yang mau tau tentang gw atau mau tanya - tanya lebih lanjut bisa kepoiin gw di
Instagram : https://www.instagram.com/aryoosn/
Linkedin : https://www.linkedin.com/in/aryosenoaji/

KEMENDIKTI Magang Berdampak : https://www.youtube.com/watch?v=EQvske34_78&t=4982s
Website Magang Berdampak : https://simbelmawa.kemdikbud.go.id/magang/landing-page

🎧 Background music credit:
♪ stream cafe - sweet cafe
https://www.youtube.com/watch?v=K7nu8X34Hko",UC8_CdQE_-fJZ6YPbNsxuY7A,Aryo Senoaji,2025-06-25T14:51:02Z,3086,100,48,Ugw7SudgQaPrITwzV4F4AaABAg,Thanks bang berguna banget 👍,@arisopiandi8924,UC2S4unc4vP9F28513ESwxVg,2025-07-08T10:35:44Z,2025-07-08T10:35:44Z,1,false,true,true
youtube,Magang Berdampak,Magang_Berdampak_awal,Magang Berdampak,Magang Berdampak,2025-06-16T00:00:00Z,2026-06-23T23:59:59Z,AKYCLzSIlic,https://www.youtube.com/watch?v=AKYCLzSIlic,Magang Berdampak 2025: Apa aja yang Harus Disiapin Biar Lolos?,"Halo kalau ada yang mau tau tentang gw atau mau tanya - tanya lebih lanjut bisa kepoiin gw di
Instagram : https://www.instagram.com/aryoosn/
Linkedin : https://www.linkedin.com/in/aryosenoaji/

KEMENDIKTI Magang Berdampak : https://www.youtube.com/watch?v=EQvske34_78&t=4982s
Website Magang Berdampak : https://simbelmawa.kemdikbud.go.id/magang/landing-page

🎧 Background music credit:
♪ stream cafe - sweet cafe
https://www.youtube.com/watch?v=K7nu8X34Hko",UC8_CdQE_-fJZ6YPbNsxuY7A,Aryo Senoaji,2025-06-25T14:51:02Z,3086,100,48,UgwRAT1jxbLADhnqTyl4AaABAg,Bang kalau kaprodi (tidak setuju) itu gak bisa melamar kita?,@athafadillahtasrim3403,UCHp3ZkLh8laQkpI3pNL67bg,2025-07-08T04:33:07Z,2025-07-08T04:33:07Z,0,false,true,true
youtube,Magang Berdampak,Magang_Berdampak_awal,Magang Berdampak,Magang Berdampak,2025-06-16T00:00:00Z,2026-06-23T23:59:59Z,AKYCLzSIlic,https://www.youtube.com/watch?v=AKYCLzSIlic,Magang Berdampak 2025: Apa aja yang Harus Disiapin Biar Lolos?,"Halo kalau ada yang mau tau tentang gw atau mau tanya - tanya lebih lanjut bisa kepoiin gw di
Instagram : https://www.instagram.com/aryoosn/
Linkedin : https://www.linkedin.com/in/aryosenoaji/

KEMENDIKTI Magang Berdampak : https://www.youtube.com/watch?v=EQvske34_78&t=4982s
Website Magang Berdampak : https://simbelmawa.kemdikbud.go.id/magang/landing-page

🎧 Background music credit:
♪ stream cafe - sweet cafe
https://www.youtube.com/watch?v=K7nu8X34Hko",UC8_CdQE_-fJZ6YPbNsxuY7A,Aryo Senoaji,2025-06-25T14:51:02Z,3086,100,48,UgxPoHBejSC5mVbF8aB4AaABAg,bang kalau studi independen sama magang berdampak itu beda kah? terus bagusnya pilih yang mana dulu untuk mahasiswa yang masih kurang pengalaman?,@reyhandany1441,UCzFFBUOyKBI9VDx342NSpVQ,2025-07-04T00:28:41Z,2025-07-04T00:28:41Z,0,false,true,true
youtube,Magang Berdampak,Magang_Berdampak_awal,Magang Berdampak,Magang Berdampak,2025-06-16T00:00:00Z,2026-06-23T23:59:59Z,AKYCLzSIlic,https://www.youtube.com/watch?v=AKYCLzSIlic,Magang Berdampak 2025: Apa aja yang Harus Disiapin Biar Lolos?,"Halo kalau ada yang mau tau tentang gw atau mau tanya - tanya lebih lanjut bisa kepoiin gw di
Instagram : https://www.instagram.com/aryoosn/
Linkedin : https://www.linkedin.com/in/aryosenoaji/

KEMENDIKTI Magang Berdampak : https://www.youtube.com/watch?v=EQvske34_78&t=4982s
Website Magang Berdampak : https://simbelmawa.kemdikbud.go.id/magang/landing-page

🎧 Background music credit:
♪ stream cafe - sweet cafe
https://www.youtube.com/watch?v=K7nu8X34Hko",UC8_CdQE_-fJZ6YPbNsxuY7A,Aryo Senoaji,2025-06-25T14:51:02Z,3086,100,48,UgweLWhPaDdfXBpkuy94AaABAg,"Bang, kalo lamar posisi A dengan CV A , tapi ane juga daftar ke posisi B dengan CV B juga. apakah CV A akan berubah mengikuti CV B?",@muhammadzaki259,UCaOFFfIM5CNF7-7e06roElQ,2025-07-02T13:25:24Z,2025-07-02T13:25:24Z,1,false,true,true
youtube,Magang Berdampak,Magang_Berdampak_awal,Magang Berdampak,Magang Berdampak,2025-06-16T00:00:00Z,2026-06-23T23:59:59Z,AKYCLzSIlic,https://www.youtube.com/watch?v=AKYCLzSIlic,Magang Berdampak 2025: Apa aja yang Harus Disiapin Biar Lolos?,"Halo kalau ada yang mau tau tentang gw atau mau tanya - tanya lebih lanjut bisa kepoiin gw di
Instagram : https://www.instagram.com/aryoosn/
Linkedin : https://www.linkedin.com/in/aryosenoaji/

KEMENDIKTI Magang Berdampak : https://www.youtube.com/watch?v=EQvske34_78&t=4982s
Website Magang Berdampak : https://simbelmawa.kemdikbud.go.id/magang/landing-page

🎧 Background music credit:
♪ stream cafe - sweet cafe
https://www.youtube.com/watch?v=K7nu8X34Hko",UC8_CdQE_-fJZ6YPbNsxuY7A,Aryo Senoaji,2025-06-25T14:51:02Z,3086,100,48,UgyW3sDqlnju-vMGSbt4AaABAg,Bisa daftar lebih dari satu instansi ya?,@Mgschannel11,UCa-Xhl28QgBJH0R4lE29UGw,2025-06-29T02:05:09Z,2025-06-29T02:05:09Z,0,false,true,true
youtube,Magang Berdampak,Magang_Berdampak_awal,Magang Berdampak,Magang Berdampak,2025-06-16T00:00:00Z,2026-06-23T23:59:59Z,AKYCLzSIlic,https://www.youtube.com/watch?v=AKYCLzSIlic,Magang Berdampak 2025: Apa aja yang Harus Disiapin Biar Lolos?,"Halo kalau ada yang mau tau tentang gw atau mau tanya - tanya lebih lanjut bisa kepoiin gw di
Instagram : https://www.instagram.com/aryoosn/
Linkedin : https://www.linkedin.com/in/aryosenoaji/

KEMENDIKTI Magang Berdampak : https://www.youtube.com/watch?v=EQvske34_78&t=4982s
Website Magang Berdampak : https://simbelmawa.kemdikbud.go.id/magang/landing-page

🎧 Background music credit:
♪ stream cafe - sweet cafe
https://www.youtube.com/watch?v=K7nu8X34Hko",UC8_CdQE_-fJZ6YPbNsxuY7A,Aryo Senoaji,2025-06-25T14:51:02Z,3086,100,48,Ugws1NVku2iPIUNMTud4AaABAg,"Bang mau nanya, misal thn ini sdh pernah ikut magang berdampak apakah thn depan bole ikut lagi?",@Mgschannel11,UCa-Xhl28QgBJH0R4lE29UGw,2025-06-29T02:04:08Z,2025-06-29T02:04:08Z,0,false,true,true
youtube,Magang Berdampak,Magang_Berdampak_awal,Magang Berdampak,Magang Berdampak,2025-06-16T00:00:00Z,2026-06-23T23:59:59Z,AKYCLzSIlic,https://www.youtube.com/watch?v=AKYCLzSIlic,Magang Berdampak 2025: Apa aja yang Harus Disiapin Biar Lolos?,"Halo kalau ada yang mau tau tentang gw atau mau tanya - tanya lebih lanjut bisa kepoiin gw di
Instagram : https://www.instagram.com/aryoosn/
Linkedin : https://www.linkedin.com/in/aryosenoaji/

KEMENDIKTI Magang Berdampak : https://www.youtube.com/watch?v=EQvske34_78&t=4982s
Website Magang Berdampak : https://simbelmawa.kemdikbud.go.id/magang/landing-page

🎧 Background music credit:
♪ stream cafe - sweet cafe
https://www.youtube.com/watch?v=K7nu8X34Hko",UC8_CdQE_-fJZ6YPbNsxuY7A,Aryo Senoaji,2025-06-25T14:51:02Z,3086,100,48,Ugz2akwgREu09sYrpRB4AaABAg,Bang ada template CV gak?,@sekellasekie,UCM4_wCwzFFpfKONJxe98Fiw,2025-06-28T00:54:33Z,2025-06-28T00:54:33Z,0,false,true,true
youtube,Magang Berdampak,Magang_Berdampak_awal,Magang Berdampak,Magang Berdampak,2025-06-16T00:00:00Z,2026-06-23T23:59:59Z,AKYCLzSIlic,https://www.youtube.com/watch?v=AKYCLzSIlic,Magang Berdampak 2025: Apa aja yang Harus Disiapin Biar Lolos?,"Halo kalau ada yang mau tau tentang gw atau mau tanya - tanya lebih lanjut bisa kepoiin gw di
Instagram : https://www.instagram.com/aryoosn/
Linkedin : https://www.linkedin.com/in/aryosenoaji/

KEMENDIKTI Magang Berdampak : https://www.youtube.com/watch?v=EQvske34_78&t=4982s
Website Magang Berdampak : https://simbelmawa.kemdikbud.go.id/magang/landing-page

🎧 Background music credit:
♪ stream cafe - sweet cafe
https://www.youtube.com/watch?v=K7nu8X34Hko",UC8_CdQE_-fJZ6YPbNsxuY7A,Aryo Senoaji,2025-06-25T14:51:02Z,3086,100,48,UgzWgRDs9qR3RBaHVFF4AaABAg,Makasih penjelssannya bang,@sekellasekie,UCM4_wCwzFFpfKONJxe98Fiw,2025-06-28T00:44:41Z,2025-06-28T00:44:41Z,0,false,true,true
youtube,Magang Berdampak,Magang_Berdampak_awal,Magang Berdampak,Magang Berdampak,2025-06-16T00:00:00Z,2026-06-23T23:59:59Z,AKYCLzSIlic,https://www.youtube.com/watch?v=AKYCLzSIlic,Magang Berdampak 2025: Apa aja yang Harus Disiapin Biar Lolos?,"Halo kalau ada yang mau tau tentang gw atau mau tanya - tanya lebih lanjut bisa kepoiin gw di
Instagram : https://www.instagram.com/aryoosn/
Linkedin : https://www.linkedin.com/in/aryosenoaji/

KEMENDIKTI Magang Berdampak : https://www.youtube.com/watch?v=EQvske34_78&t=4982s
Website Magang Berdampak : https://simbelmawa.kemdikbud.go.id/magang/landing-page

🎧 Background music credit:
♪ stream cafe - sweet cafe
https://www.youtube.com/watch?v=K7nu8X34Hko",UC8_CdQE_-fJZ6YPbNsxuY7A,Aryo Senoaji,2025-06-25T14:51:02Z,3086,100,48,UgxXtX8OjPWHA4G3xBZ4AaABAg,"Tanya bang
Saya sudah daftar
Ternyata saya salah masukan email
Sehingga tdk dapat balasan email untuk akun dan Pw
Solusinya gimana bang?
Makasih",@roniekhanz,UCz-kOHtj8KIGmmC779PrvmA,2025-06-27T07:43:32Z,2025-06-27T07:43:32Z,0,false,true,true
youtube,Magang Berdampak,Magang_Berdampak_awal,Magang Berdampak,Magang Berdampak,2025-06-16T00:00:00Z,2026-06-23T23:59:59Z,AKYCLzSIlic,https://www.youtube.com/watch?v=AKYCLzSIlic,Magang Berdampak 2025: Apa aja yang Harus Disiapin Biar Lolos?,"Halo kalau ada yang mau tau tentang gw atau mau tanya - tanya lebih lanjut bisa kepoiin gw di
Instagram : https://www.instagram.com/aryoosn/
Linkedin : https://www.linkedin.com/in/aryosenoaji/

KEMENDIKTI Magang Berdampak : https://www.youtube.com/watch?v=EQvske34_78&t=4982s
Website Magang Berdampak : https://simbelmawa.kemdikbud.go.id/magang/landing-page

🎧 Background music credit:
♪ stream cafe - sweet cafe
https://www.youtube.com/watch?v=K7nu8X34Hko",UC8_CdQE_-fJZ6YPbNsxuY7A,Aryo Senoaji,2025-06-25T14:51:02Z,3086,100,48,Ugy23WAVCEE5D4qJGA14AaABAg,"bang ijin tanya buat lowongan itu kira"" dari yang kita daftar itu bisa jadi gak kita cuman berhendi di pendaftaran atau di administrasi aja",@dutakonstrable9064,UC0e1YHNmsoSmpwDL46izkjA,2025-06-26T14:19:27Z,2025-06-26T14:19:27Z,0,false,true,true
youtube,Magang Berdampak,Magang_Berdampak_awal,Magang Berdampak,Magang Berdampak,2025-06-16T00:00:00Z,2026-06-23T23:59:59Z,AKYCLzSIlic,https://www.youtube.com/watch?v=AKYCLzSIlic,Magang Berdampak 2025: Apa aja yang Harus Disiapin Biar Lolos?,"Halo kalau ada yang mau tau tentang gw atau mau tanya - tanya lebih lanjut bisa kepoiin gw di
Instagram : https://www.instagram.com/aryoosn/
Linkedin : https://www.linkedin.com/in/aryosenoaji/

KEMENDIKTI Magang Berdampak : https://www.youtube.com/watch?v=EQvske34_78&t=4982s
Website Magang Berdampak : https://simbelmawa.kemdikbud.go.id/magang/landing-page

🎧 Background music credit:
♪ stream cafe - sweet cafe
https://www.youtube.com/watch?v=K7nu8X34Hko",UC8_CdQE_-fJZ6YPbNsxuY7A,Aryo Senoaji,2025-06-25T14:51:02Z,3086,100,48,UgzfX_30HDSJr3MxBb14AaABAg,"Bang ijin tanya bang, untuk CV atasnya apakah wajib d cantum linkedin nya ?, bantu saran kak soalnya mahasiswa angkatan 23 niih,mau coba ikut magang berdampak 🙏",@N4ksNajar,UCRWGnjmDKQiUo3YsnqP9qTg,2025-06-26T07:48:50Z,2025-06-26T07:48:50Z,0,false,true,true
youtube,Magang Berdampak,Magang_Berdampak_awal,Magang Berdampak,Magang Berdampak,2025-06-16T00:00:00Z,2026-06-23T23:59:59Z,cz-69y1lv-c,https://www.youtube.com/watch?v=cz-69y1lv-c,Cara Mendaftar Magang Berdampak dari Awal Hingga Akhir,"Cara dan syarat untuk dapat melakukan proses pendaftaran dalam program Magang Berdampak tentu saja menjadi salah satu informasi yang banyak dibutuhkan bagi teman-teman sekalian. Alasannya karena program Magang Berdampak ini sendiri diluncurkan oleh Kemdiktisaintek RI lho ya.

Maka atas dasar itulah dalam kesempatan kali ini @zonalampung akan secara lengkap membagikan tutorial ataupun langkah dan proses dalam melakukan proses pendaftaran dalam program Kemdiktisaintek Berdampak ataupun Program Magang Berdampak bagi mahasiswa ya. Semoga berguna teman-teman semuanya. #magangberdampak #kemdiktisaintekberdampak #daftarmagangberdampak #magangmahasiswa",UCXdQTEyfpGPdueKVrjSbQKA,Zona Lampung,2025-06-26T12:01:08Z,5082,53,53,UgyBTit6O8In9AyqJ5x4AaABAg,"Kk mau nnya kok saya pas mau daftar tulisannya masa pendaftaran sudah selesai ya,tolong bntuan nya kk🙏",@ValentinoSitanggang-b6k,UCAXod-xc5dLUOI5YkNeBhpQ,2025-07-18T03:43:13Z,2025-07-18T03:43:13Z,1,false,true,true
youtube,Magang Berdampak,Magang_Berdampak_awal,Magang Berdampak,Magang Berdampak,2025-06-16T00:00:00Z,2026-06-23T23:59:59Z,cz-69y1lv-c,https://www.youtube.com/watch?v=cz-69y1lv-c,Cara Mendaftar Magang Berdampak dari Awal Hingga Akhir,"Cara dan syarat untuk dapat melakukan proses pendaftaran dalam program Magang Berdampak tentu saja menjadi salah satu informasi yang banyak dibutuhkan bagi teman-teman sekalian. Alasannya karena program Magang Berdampak ini sendiri diluncurkan oleh Kemdiktisaintek RI lho ya.

Maka atas dasar itulah dalam kesempatan kali ini @zonalampung akan secara lengkap membagikan tutorial ataupun langkah dan proses dalam melakukan proses pendaftaran dalam program Kemdiktisaintek Berdampak ataupun Program Magang Berdampak bagi mahasiswa ya. Semoga berguna teman-teman semuanya. #magangberdampak #kemdiktisaintekberdampak #daftarmagangberdampak #magangmahasiswa",UCXdQTEyfpGPdueKVrjSbQKA,Zona Lampung,2025-06-26T12:01:08Z,5082,53,53,Ugyy2PTOfPGAgVBGmWF4AaABAg,"kan pas saya bikin akun,kok setelahnya ga ada email lagi yaa? udah saya tunggu 4 hari belum ada akun yg dikirim di email untuk login. gimana ya solusinya",@equinoxss233,UCrRY9j-pffX014r575s-8Sw,2025-07-14T15:42:09Z,2025-07-14T15:42:09Z,0,false,true,true
youtube,Magang Berdampak,Magang_Berdampak_awal,Magang Berdampak,Magang Berdampak,2025-06-16T00:00:00Z,2026-06-23T23:59:59Z,cz-69y1lv-c,https://www.youtube.com/watch?v=cz-69y1lv-c,Cara Mendaftar Magang Berdampak dari Awal Hingga Akhir,"Cara dan syarat untuk dapat melakukan proses pendaftaran dalam program Magang Berdampak tentu saja menjadi salah satu informasi yang banyak dibutuhkan bagi teman-teman sekalian. Alasannya karena program Magang Berdampak ini sendiri diluncurkan oleh Kemdiktisaintek RI lho ya.

Maka atas dasar itulah dalam kesempatan kali ini @zonalampung akan secara lengkap membagikan tutorial ataupun langkah dan proses dalam melakukan proses pendaftaran dalam program Kemdiktisaintek Berdampak ataupun Program Magang Berdampak bagi mahasiswa ya. Semoga berguna teman-teman semuanya. #magangberdampak #kemdiktisaintekberdampak #daftarmagangberdampak #magangmahasiswa",UCXdQTEyfpGPdueKVrjSbQKA,Zona Lampung,2025-06-26T12:01:08Z,5082,53,53,Ugwb6vbCYfxKojZiwjR4AaABAg,kk di akun ku knp gk muncul sptjm nya ya,@annisatakiya-l4b,UCtOFL6tV7GOhQOueemFxm8w,2025-07-11T06:12:18Z,2025-07-11T06:12:18Z,1,false,true,true
youtube,Magang Berdampak,Magang_Berdampak_awal,Magang Berdampak,Magang Berdampak,2025-06-16T00:00:00Z,2026-06-23T23:59:59Z,cz-69y1lv-c,https://www.youtube.com/watch?v=cz-69y1lv-c,Cara Mendaftar Magang Berdampak dari Awal Hingga Akhir,"Cara dan syarat untuk dapat melakukan proses pendaftaran dalam program Magang Berdampak tentu saja menjadi salah satu informasi yang banyak dibutuhkan bagi teman-teman sekalian. Alasannya karena program Magang Berdampak ini sendiri diluncurkan oleh Kemdiktisaintek RI lho ya.

Maka atas dasar itulah dalam kesempatan kali ini @zonalampung akan secara lengkap membagikan tutorial ataupun langkah dan proses dalam melakukan proses pendaftaran dalam program Kemdiktisaintek Berdampak ataupun Program Magang Berdampak bagi mahasiswa ya. Semoga berguna teman-teman semuanya. #magangberdampak #kemdiktisaintekberdampak #daftarmagangberdampak #magangmahasiswa",UCXdQTEyfpGPdueKVrjSbQKA,Zona Lampung,2025-06-26T12:01:08Z,5082,53,53,Ugxfe3skPafmCnvUFFd4AaABAg,Kak apa ada cara untuk membatalkan lamaran?,@putriantiadidasalsabila9993,UCJG-JfGaWxRVNIW9QmJpo2A,2025-07-08T05:34:21Z,2025-07-08T05:34:21Z,3,false,true,true
youtube,Magang Berdampak,Magang_Berdampak_awal,Magang Berdampak,Magang Berdampak,2025-06-16T00:00:00Z,2026-06-23T23:59:59Z,cz-69y1lv-c,https://www.youtube.com/watch?v=cz-69y1lv-c,Cara Mendaftar Magang Berdampak dari Awal Hingga Akhir,"Cara dan syarat untuk dapat melakukan proses pendaftaran dalam program Magang Berdampak tentu saja menjadi salah satu informasi yang banyak dibutuhkan bagi teman-teman sekalian. Alasannya karena program Magang Berdampak ini sendiri diluncurkan oleh Kemdiktisaintek RI lho ya.

Maka atas dasar itulah dalam kesempatan kali ini @zonalampung akan secara lengkap membagikan tutorial ataupun langkah dan proses dalam melakukan proses pendaftaran dalam program Kemdiktisaintek Berdampak ataupun Program Magang Berdampak bagi mahasiswa ya. Semoga berguna teman-teman semuanya. #magangberdampak #kemdiktisaintekberdampak #daftarmagangberdampak #magangmahasiswa",UCXdQTEyfpGPdueKVrjSbQKA,Zona Lampung,2025-06-26T12:01:08Z,5082,53,53,Ugz9Qebs5Z7wXNCV7r54AaABAg,kak izin tanya kalo saya salah masukan nomor hp itu solusinya gimana ya kak,@rian.rahmatullah,UC7cQTastAU0epNlj1KeLKTg,2025-07-05T12:21:22Z,2025-07-05T12:21:22Z,0,false,true,true
youtube,Magang Berdampak,Magang_Berdampak_awal,Magang Berdampak,Magang Berdampak,2025-06-16T00:00:00Z,2026-06-23T23:59:59Z,cz-69y1lv-c,https://www.youtube.com/watch?v=cz-69y1lv-c,Cara Mendaftar Magang Berdampak dari Awal Hingga Akhir,"Cara dan syarat untuk dapat melakukan proses pendaftaran dalam program Magang Berdampak tentu saja menjadi salah satu informasi yang banyak dibutuhkan bagi teman-teman sekalian. Alasannya karena program Magang Berdampak ini sendiri diluncurkan oleh Kemdiktisaintek RI lho ya.

Maka atas dasar itulah dalam kesempatan kali ini @zonalampung akan secara lengkap membagikan tutorial ataupun langkah dan proses dalam melakukan proses pendaftaran dalam program Kemdiktisaintek Berdampak ataupun Program Magang Berdampak bagi mahasiswa ya. Semoga berguna teman-teman semuanya. #magangberdampak #kemdiktisaintekberdampak #daftarmagangberdampak #magangmahasiswa",UCXdQTEyfpGPdueKVrjSbQKA,Zona Lampung,2025-06-26T12:01:08Z,5082,53,53,Ugx_9V1Xv4fbInpVN9t4AaABAg,"Kakak maaf izin bertanya, jika sudaj mengisi sptjm apa yg harus dilakukan? Perlu di up ulang atau gmn ya kak?",@ruthharll,UCjesURJg5U6DD0svojdswlg,2025-07-04T17:28:18Z,2025-07-04T17:28:18Z,0,false,true,true
youtube,Magang Berdampak,Magang_Berdampak_awal,Magang Berdampak,Magang Berdampak,2025-06-16T00:00:00Z,2026-06-23T23:59:59Z,cz-69y1lv-c,https://www.youtube.com/watch?v=cz-69y1lv-c,Cara Mendaftar Magang Berdampak dari Awal Hingga Akhir,"Cara dan syarat untuk dapat melakukan proses pendaftaran dalam program Magang Berdampak tentu saja menjadi salah satu informasi yang banyak dibutuhkan bagi teman-teman sekalian. Alasannya karena program Magang Berdampak ini sendiri diluncurkan oleh Kemdiktisaintek RI lho ya.

Maka atas dasar itulah dalam kesempatan kali ini @zonalampung akan secara lengkap membagikan tutorial ataupun langkah dan proses dalam melakukan proses pendaftaran dalam program Kemdiktisaintek Berdampak ataupun Program Magang Berdampak bagi mahasiswa ya. Semoga berguna teman-teman semuanya. #magangberdampak #kemdiktisaintekberdampak #daftarmagangberdampak #magangmahasiswa",UCXdQTEyfpGPdueKVrjSbQKA,Zona Lampung,2025-06-26T12:01:08Z,5082,53,53,Ugya74UBaX5-EabG37R4AaABAg,Kak kalau salah masukkin email jadi verifikasi username dan password ga masuk gimana ya kak?,@syarahSahalis,UCuGbAnRHzzW2NSoc2_3hR0w,2025-07-04T16:13:35Z,2025-07-04T16:13:35Z,0,false,true,true
youtube,Magang Berdampak,Magang_Berdampak_awal,Magang Berdampak,Magang Berdampak,2025-06-16T00:00:00Z,2026-06-23T23:59:59Z,cz-69y1lv-c,https://www.youtube.com/watch?v=cz-69y1lv-c,Cara Mendaftar Magang Berdampak dari Awal Hingga Akhir,"Cara dan syarat untuk dapat melakukan proses pendaftaran dalam program Magang Berdampak tentu saja menjadi salah satu informasi yang banyak dibutuhkan bagi teman-teman sekalian. Alasannya karena program Magang Berdampak ini sendiri diluncurkan oleh Kemdiktisaintek RI lho ya.

Maka atas dasar itulah dalam kesempatan kali ini @zonalampung akan secara lengkap membagikan tutorial ataupun langkah dan proses dalam melakukan proses pendaftaran dalam program Kemdiktisaintek Berdampak ataupun Program Magang Berdampak bagi mahasiswa ya. Semoga berguna teman-teman semuanya. #magangberdampak #kemdiktisaintekberdampak #daftarmagangberdampak #magangmahasiswa",UCXdQTEyfpGPdueKVrjSbQKA,Zona Lampung,2025-06-26T12:01:08Z,5082,53,53,UgzO5dc-Fq56Z72aMnt4AaABAg,ka misalnya mengikuti magang ini berarti kita ga ikut kuliah selama 1 semester itu atau gimana ya ka,@boaspandiangan6974,UC7MbTWCTvAxfM2zWVkzcn1g,2025-07-04T07:39:20Z,2025-07-04T07:39:20Z,0,false,true,true
youtube,Magang Berdampak,Magang_Berdampak_awal,Magang Berdampak,Magang Berdampak,2025-06-16T00:00:00Z,2026-06-23T23:59:59Z,cz-69y1lv-c,https://www.youtube.com/watch?v=cz-69y1lv-c,Cara Mendaftar Magang Berdampak dari Awal Hingga Akhir,"Cara dan syarat untuk dapat melakukan proses pendaftaran dalam program Magang Berdampak tentu saja menjadi salah satu informasi yang banyak dibutuhkan bagi teman-teman sekalian. Alasannya karena program Magang Berdampak ini sendiri diluncurkan oleh Kemdiktisaintek RI lho ya.

Maka atas dasar itulah dalam kesempatan kali ini @zonalampung akan secara lengkap membagikan tutorial ataupun langkah dan proses dalam melakukan proses pendaftaran dalam program Kemdiktisaintek Berdampak ataupun Program Magang Berdampak bagi mahasiswa ya. Semoga berguna teman-teman semuanya. #magangberdampak #kemdiktisaintekberdampak #daftarmagangberdampak #magangmahasiswa",UCXdQTEyfpGPdueKVrjSbQKA,Zona Lampung,2025-06-26T12:01:08Z,5082,53,53,Ugwxzlu4l4uYPuFQwad4AaABAg,"Kak saya salah semester, saya pikir semester yang telah ditempuh itu 4 jadi saya isi 4 padahal saya mengajukan magang semester 5",@murnycahnia8074,UCg6r5kO8a1Umllvm1UN3Q1A,2025-07-03T04:41:40Z,2025-07-03T04:41:40Z,0,false,true,true
youtube,Magang Berdampak,Magang_Berdampak_awal,Magang Berdampak,Magang Berdampak,2025-06-16T00:00:00Z,2026-06-23T23:59:59Z,cz-69y1lv-c,https://www.youtube.com/watch?v=cz-69y1lv-c,Cara Mendaftar Magang Berdampak dari Awal Hingga Akhir,"Cara dan syarat untuk dapat melakukan proses pendaftaran dalam program Magang Berdampak tentu saja menjadi salah satu informasi yang banyak dibutuhkan bagi teman-teman sekalian. Alasannya karena program Magang Berdampak ini sendiri diluncurkan oleh Kemdiktisaintek RI lho ya.

Maka atas dasar itulah dalam kesempatan kali ini @zonalampung akan secara lengkap membagikan tutorial ataupun langkah dan proses dalam melakukan proses pendaftaran dalam program Kemdiktisaintek Berdampak ataupun Program Magang Berdampak bagi mahasiswa ya. Semoga berguna teman-teman semuanya. #magangberdampak #kemdiktisaintekberdampak #daftarmagangberdampak #magangmahasiswa",UCXdQTEyfpGPdueKVrjSbQKA,Zona Lampung,2025-06-26T12:01:08Z,5082,53,53,Ugya1AfaKBgnJO2aAmp4AaABAg,Kak sptjm itu diupload atau nggak? Gaada opsi upload soalny,@mutiaramaharani1414,UCSo060-SKsWUxabCdHkB4dQ,2025-07-02T12:38:27Z,2025-07-02T12:38:27Z,0,false,true,true
youtube,Magang Berdampak,Magang_Berdampak_awal,Magang Berdampak,Magang Berdampak,2025-06-16T00:00:00Z,2026-06-23T23:59:59Z,cz-69y1lv-c,https://www.youtube.com/watch?v=cz-69y1lv-c,Cara Mendaftar Magang Berdampak dari Awal Hingga Akhir,"Cara dan syarat untuk dapat melakukan proses pendaftaran dalam program Magang Berdampak tentu saja menjadi salah satu informasi yang banyak dibutuhkan bagi teman-teman sekalian. Alasannya karena program Magang Berdampak ini sendiri diluncurkan oleh Kemdiktisaintek RI lho ya.

Maka atas dasar itulah dalam kesempatan kali ini @zonalampung akan secara lengkap membagikan tutorial ataupun langkah dan proses dalam melakukan proses pendaftaran dalam program Kemdiktisaintek Berdampak ataupun Program Magang Berdampak bagi mahasiswa ya. Semoga berguna teman-teman semuanya. #magangberdampak #kemdiktisaintekberdampak #daftarmagangberdampak #magangmahasiswa",UCXdQTEyfpGPdueKVrjSbQKA,Zona Lampung,2025-06-26T12:01:08Z,5082,53,53,UgzRvt9M2ZaaJWeA5qd4AaABAg,"kak izin bertanya, saya akan melakukan magang di smt 5
untuk kolom nomor 8 yaitu bagian ""semester yang sudah ditempuh"" itu diisi smt 4 atau smt 5?
terima kasih sebelumnya",@gitamaulidiya9395,UCrJ1pKjhgKGPF3FivAmLcfQ,2025-07-02T07:54:29Z,2025-07-02T07:54:52Z,0,false,true,true
youtube,Magang Berdampak,Magang_Berdampak_awal,Magang Berdampak,Magang Berdampak,2025-06-16T00:00:00Z,2026-06-23T23:59:59Z,cz-69y1lv-c,https://www.youtube.com/watch?v=cz-69y1lv-c,Cara Mendaftar Magang Berdampak dari Awal Hingga Akhir,"Cara dan syarat untuk dapat melakukan proses pendaftaran dalam program Magang Berdampak tentu saja menjadi salah satu informasi yang banyak dibutuhkan bagi teman-teman sekalian. Alasannya karena program Magang Berdampak ini sendiri diluncurkan oleh Kemdiktisaintek RI lho ya.

Maka atas dasar itulah dalam kesempatan kali ini @zonalampung akan secara lengkap membagikan tutorial ataupun langkah dan proses dalam melakukan proses pendaftaran dalam program Kemdiktisaintek Berdampak ataupun Program Magang Berdampak bagi mahasiswa ya. Semoga berguna teman-teman semuanya. #magangberdampak #kemdiktisaintekberdampak #daftarmagangberdampak #magangmahasiswa",UCXdQTEyfpGPdueKVrjSbQKA,Zona Lampung,2025-06-26T12:01:08Z,5082,53,53,UgzEOPKL-Q8LK-leiyd4AaABAg,"Ka pnya ku tertulis tidak disetujui, sm kaprodi maupun pimpinana gmna nih ka?",@IntannMusaa,UCLICxbArH7sGACbIq4jB1Rg,2025-07-02T03:16:24Z,2025-07-02T03:16:24Z,0,false,true,true
youtube,Magang Berdampak,Magang_Berdampak_awal,Magang Berdampak,Magang Berdampak,2025-06-16T00:00:00Z,2026-06-23T23:59:59Z,cz-69y1lv-c,https://www.youtube.com/watch?v=cz-69y1lv-c,Cara Mendaftar Magang Berdampak dari Awal Hingga Akhir,"Cara dan syarat untuk dapat melakukan proses pendaftaran dalam program Magang Berdampak tentu saja menjadi salah satu informasi yang banyak dibutuhkan bagi teman-teman sekalian. Alasannya karena program Magang Berdampak ini sendiri diluncurkan oleh Kemdiktisaintek RI lho ya.

Maka atas dasar itulah dalam kesempatan kali ini @zonalampung akan secara lengkap membagikan tutorial ataupun langkah dan proses dalam melakukan proses pendaftaran dalam program Kemdiktisaintek Berdampak ataupun Program Magang Berdampak bagi mahasiswa ya. Semoga berguna teman-teman semuanya. #magangberdampak #kemdiktisaintekberdampak #daftarmagangberdampak #magangmahasiswa",UCXdQTEyfpGPdueKVrjSbQKA,Zona Lampung,2025-06-26T12:01:08Z,5082,53,53,Ugzi8aUk5_rqyEAHci54AaABAg,Kak rekomendasi perubahan atau lowongan untuk jurusan keperawatan/kesehatan nyari nyari gk ketemu yg cocok gimna ya cara nyarinya,@dewiprasti5012,UCdl4vzq_hQ3NqDNFPay5htg,2025-07-01T06:43:13Z,2025-07-01T06:43:13Z,1,false,true,true
youtube,Magang Berdampak,Magang_Berdampak_awal,Magang Berdampak,Magang Berdampak,2025-06-16T00:00:00Z,2026-06-23T23:59:59Z,cz-69y1lv-c,https://www.youtube.com/watch?v=cz-69y1lv-c,Cara Mendaftar Magang Berdampak dari Awal Hingga Akhir,"Cara dan syarat untuk dapat melakukan proses pendaftaran dalam program Magang Berdampak tentu saja menjadi salah satu informasi yang banyak dibutuhkan bagi teman-teman sekalian. Alasannya karena program Magang Berdampak ini sendiri diluncurkan oleh Kemdiktisaintek RI lho ya.

Maka atas dasar itulah dalam kesempatan kali ini @zonalampung akan secara lengkap membagikan tutorial ataupun langkah dan proses dalam melakukan proses pendaftaran dalam program Kemdiktisaintek Berdampak ataupun Program Magang Berdampak bagi mahasiswa ya. Semoga berguna teman-teman semuanya. #magangberdampak #kemdiktisaintekberdampak #daftarmagangberdampak #magangmahasiswa",UCXdQTEyfpGPdueKVrjSbQKA,Zona Lampung,2025-06-26T12:01:08Z,5082,53,53,Ugzq4diB6Juo56Ro77l4AaABAg,"bagaiman cara ubah data diri?,  saya salah masukkan semesternya",@iikbql0461,UC5uMdWm17X9Js74UIUWkdaw,2025-07-01T03:09:51Z,2025-07-01T03:09:51Z,0,false,true,true
youtube,Magang Berdampak,Magang_Berdampak_awal,Magang Berdampak,Magang Berdampak,2025-06-16T00:00:00Z,2026-06-23T23:59:59Z,cz-69y1lv-c,https://www.youtube.com/watch?v=cz-69y1lv-c,Cara Mendaftar Magang Berdampak dari Awal Hingga Akhir,"Cara dan syarat untuk dapat melakukan proses pendaftaran dalam program Magang Berdampak tentu saja menjadi salah satu informasi yang banyak dibutuhkan bagi teman-teman sekalian. Alasannya karena program Magang Berdampak ini sendiri diluncurkan oleh Kemdiktisaintek RI lho ya.

Maka atas dasar itulah dalam kesempatan kali ini @zonalampung akan secara lengkap membagikan tutorial ataupun langkah dan proses dalam melakukan proses pendaftaran dalam program Kemdiktisaintek Berdampak ataupun Program Magang Berdampak bagi mahasiswa ya. Semoga berguna teman-teman semuanya. #magangberdampak #kemdiktisaintekberdampak #daftarmagangberdampak #magangmahasiswa",UCXdQTEyfpGPdueKVrjSbQKA,Zona Lampung,2025-06-26T12:01:08Z,5082,53,53,UgxlOsv4stwTZxJOXIZ4AaABAg,"Maaf kak, mau bertanya. Aku saat ini sudah selesai UAS semester 4 dan ketika agustus besok sudah keluar nilai dan berstatus semester 5 jika aku melanjutkan registrasi. Apakah aku bisa daftar saat ini atau perlu menunggu dulu di semester berikutnya?",@muhammadriansaputra6001,UC40oeNFDRDJ8jW2JH6L7Ljw,2025-06-29T14:57:06Z,2025-06-29T14:57:06Z,0,false,true,true
youtube,Magang Berdampak,Magang_Berdampak_awal,Magang Berdampak,Magang Berdampak,2025-06-16T00:00:00Z,2026-06-23T23:59:59Z,cz-69y1lv-c,https://www.youtube.com/watch?v=cz-69y1lv-c,Cara Mendaftar Magang Berdampak dari Awal Hingga Akhir,"Cara dan syarat untuk dapat melakukan proses pendaftaran dalam program Magang Berdampak tentu saja menjadi salah satu informasi yang banyak dibutuhkan bagi teman-teman sekalian. Alasannya karena program Magang Berdampak ini sendiri diluncurkan oleh Kemdiktisaintek RI lho ya.

Maka atas dasar itulah dalam kesempatan kali ini @zonalampung akan secara lengkap membagikan tutorial ataupun langkah dan proses dalam melakukan proses pendaftaran dalam program Kemdiktisaintek Berdampak ataupun Program Magang Berdampak bagi mahasiswa ya. Semoga berguna teman-teman semuanya. #magangberdampak #kemdiktisaintekberdampak #daftarmagangberdampak #magangmahasiswa",UCXdQTEyfpGPdueKVrjSbQKA,Zona Lampung,2025-06-26T12:01:08Z,5082,53,53,Ugw_Xb-_AHo0DUIlXqN4AaABAg,Servernya bermasalah kk,@agusmuhammadalam4917,UCzcanquqzmcztqZPb_f4kpA,2025-06-28T12:27:53Z,2025-06-28T12:27:53Z,3,false,true,true
youtube,Magang Berdampak,Magang_Berdampak_awal,Magang Berdampak,Magang Berdampak,2025-06-16T00:00:00Z,2026-06-23T23:59:59Z,cz-69y1lv-c,https://www.youtube.com/watch?v=cz-69y1lv-c,Cara Mendaftar Magang Berdampak dari Awal Hingga Akhir,"Cara dan syarat untuk dapat melakukan proses pendaftaran dalam program Magang Berdampak tentu saja menjadi salah satu informasi yang banyak dibutuhkan bagi teman-teman sekalian. Alasannya karena program Magang Berdampak ini sendiri diluncurkan oleh Kemdiktisaintek RI lho ya.

Maka atas dasar itulah dalam kesempatan kali ini @zonalampung akan secara lengkap membagikan tutorial ataupun langkah dan proses dalam melakukan proses pendaftaran dalam program Kemdiktisaintek Berdampak ataupun Program Magang Berdampak bagi mahasiswa ya. Semoga berguna teman-teman semuanya. #magangberdampak #kemdiktisaintekberdampak #daftarmagangberdampak #magangmahasiswa",UCXdQTEyfpGPdueKVrjSbQKA,Zona Lampung,2025-06-26T12:01:08Z,5082,53,53,Ugy9qpVndOXpzXq1e9F4AaABAg,Kak alsan kenapankok bisa ngga di setujui oleh pt sama kaprodi,@hilyaainus,UC_8UeDagzkWj3QwVAl-D6Lw,2025-06-28T07:16:31Z,2025-06-28T07:16:31Z,0,false,true,true
youtube,Magang Berdampak,Magang_Berdampak_awal,Magang Berdampak,Magang Berdampak,2025-06-16T00:00:00Z,2026-06-23T23:59:59Z,cz-69y1lv-c,https://www.youtube.com/watch?v=cz-69y1lv-c,Cara Mendaftar Magang Berdampak dari Awal Hingga Akhir,"Cara dan syarat untuk dapat melakukan proses pendaftaran dalam program Magang Berdampak tentu saja menjadi salah satu informasi yang banyak dibutuhkan bagi teman-teman sekalian. Alasannya karena program Magang Berdampak ini sendiri diluncurkan oleh Kemdiktisaintek RI lho ya.

Maka atas dasar itulah dalam kesempatan kali ini @zonalampung akan secara lengkap membagikan tutorial ataupun langkah dan proses dalam melakukan proses pendaftaran dalam program Kemdiktisaintek Berdampak ataupun Program Magang Berdampak bagi mahasiswa ya. Semoga berguna teman-teman semuanya. #magangberdampak #kemdiktisaintekberdampak #daftarmagangberdampak #magangmahasiswa",UCXdQTEyfpGPdueKVrjSbQKA,Zona Lampung,2025-06-26T12:01:08Z,5082,53,53,UgxPvQPwWoVBvH8Ut-14AaABAg,kak konfirmasi ke pt koordinator prodi itu kitatunggu aja kah?,@webarebears4748,UCpPFTdVSnLqHLG7dw9Ezb9Q,2025-06-28T04:43:20Z,2025-06-28T04:43:20Z,1,false,true,true
youtube,Magang Berdampak,Magang_Berdampak_awal,Magang Berdampak,Magang Berdampak,2025-06-16T00:00:00Z,2026-06-23T23:59:59Z,cz-69y1lv-c,https://www.youtube.com/watch?v=cz-69y1lv-c,Cara Mendaftar Magang Berdampak dari Awal Hingga Akhir,"Cara dan syarat untuk dapat melakukan proses pendaftaran dalam program Magang Berdampak tentu saja menjadi salah satu informasi yang banyak dibutuhkan bagi teman-teman sekalian. Alasannya karena program Magang Berdampak ini sendiri diluncurkan oleh Kemdiktisaintek RI lho ya.

Maka atas dasar itulah dalam kesempatan kali ini @zonalampung akan secara lengkap membagikan tutorial ataupun langkah dan proses dalam melakukan proses pendaftaran dalam program Kemdiktisaintek Berdampak ataupun Program Magang Berdampak bagi mahasiswa ya. Semoga berguna teman-teman semuanya. #magangberdampak #kemdiktisaintekberdampak #daftarmagangberdampak #magangmahasiswa",UCXdQTEyfpGPdueKVrjSbQKA,Zona Lampung,2025-06-26T12:01:08Z,5082,53,53,Ugxhdt6_jADOqD5Ylvd4AaABAg,"Kaa untuk emailnya, menggunakan email pribadi atau email dari kampus ya?",@Srifajriati_7,UCyhfzSPi7A2vSnUOibMpvAQ,2025-06-27T13:45:46Z,2025-06-27T13:45:46Z,0,false,true,true
youtube,Magang Berdampak,Magang_Berdampak_awal,Magang Berdampak,Magang Berdampak,2025-06-16T00:00:00Z,2026-06-23T23:59:59Z,cz-69y1lv-c,https://www.youtube.com/watch?v=cz-69y1lv-c,Cara Mendaftar Magang Berdampak dari Awal Hingga Akhir,"Cara dan syarat untuk dapat melakukan proses pendaftaran dalam program Magang Berdampak tentu saja menjadi salah satu informasi yang banyak dibutuhkan bagi teman-teman sekalian. Alasannya karena program Magang Berdampak ini sendiri diluncurkan oleh Kemdiktisaintek RI lho ya.

Maka atas dasar itulah dalam kesempatan kali ini @zonalampung akan secara lengkap membagikan tutorial ataupun langkah dan proses dalam melakukan proses pendaftaran dalam program Kemdiktisaintek Berdampak ataupun Program Magang Berdampak bagi mahasiswa ya. Semoga berguna teman-teman semuanya. #magangberdampak #kemdiktisaintekberdampak #daftarmagangberdampak #magangmahasiswa",UCXdQTEyfpGPdueKVrjSbQKA,Zona Lampung,2025-06-26T12:01:08Z,5082,53,53,UgzxBKFLKF__VnYngel4AaABAg,Cara lamar magang nya bagaimana ya bg akun nya sudah ada tapi saat saya klik lamar sekarang tidak bisa,@kucapalot4138,UCUyR1aSTDwdFHms_CLq4F6Q,2025-06-27T09:02:27Z,2025-06-27T09:02:27Z,2,false,true,true
youtube,Magang Berdampak,Magang_Berdampak_awal,Magang Berdampak,Magang Berdampak,2025-06-16T00:00:00Z,2026-06-23T23:59:59Z,cz-69y1lv-c,https://www.youtube.com/watch?v=cz-69y1lv-c,Cara Mendaftar Magang Berdampak dari Awal Hingga Akhir,"Cara dan syarat untuk dapat melakukan proses pendaftaran dalam program Magang Berdampak tentu saja menjadi salah satu informasi yang banyak dibutuhkan bagi teman-teman sekalian. Alasannya karena program Magang Berdampak ini sendiri diluncurkan oleh Kemdiktisaintek RI lho ya.

Maka atas dasar itulah dalam kesempatan kali ini @zonalampung akan secara lengkap membagikan tutorial ataupun langkah dan proses dalam melakukan proses pendaftaran dalam program Kemdiktisaintek Berdampak ataupun Program Magang Berdampak bagi mahasiswa ya. Semoga berguna teman-teman semuanya. #magangberdampak #kemdiktisaintekberdampak #daftarmagangberdampak #magangmahasiswa",UCXdQTEyfpGPdueKVrjSbQKA,Zona Lampung,2025-06-26T12:01:08Z,5082,53,53,UgwlwBs2cj1QjXZHFgt4AaABAg,username nya email?,@leerael5665,UCpHM3Fs6Y1liFPpJlaZsTnA,2025-06-27T07:25:11Z,2025-06-27T07:25:11Z,0,false,true,true
youtube,Magang Berdampak,Magang_Berdampak_awal,Magang Berdampak,Magang Berdampak,2025-06-16T00:00:00Z,2026-06-23T23:59:59Z,cz-69y1lv-c,https://www.youtube.com/watch?v=cz-69y1lv-c,Cara Mendaftar Magang Berdampak dari Awal Hingga Akhir,"Cara dan syarat untuk dapat melakukan proses pendaftaran dalam program Magang Berdampak tentu saja menjadi salah satu informasi yang banyak dibutuhkan bagi teman-teman sekalian. Alasannya karena program Magang Berdampak ini sendiri diluncurkan oleh Kemdiktisaintek RI lho ya.

Maka atas dasar itulah dalam kesempatan kali ini @zonalampung akan secara lengkap membagikan tutorial ataupun langkah dan proses dalam melakukan proses pendaftaran dalam program Kemdiktisaintek Berdampak ataupun Program Magang Berdampak bagi mahasiswa ya. Semoga berguna teman-teman semuanya. #magangberdampak #kemdiktisaintekberdampak #daftarmagangberdampak #magangmahasiswa",UCXdQTEyfpGPdueKVrjSbQKA,Zona Lampung,2025-06-26T12:01:08Z,5082,53,53,UgzaUgdzg9nOfJlc35d4AaABAg,"Kak bagaimana yang program magangnya di semester 6, apakah harus tunggu di semester 6 atau bisa buat akun saja terlebih dahulu?",@alfiqaryt7028,UC0NhpJ0EqviS6oWwZAq0Rog,2025-06-27T06:42:44Z,2025-06-27T06:42:44Z,2,false,true,true
youtube,Magang Berdampak,Magang_Berdampak_awal,Magang Berdampak,Magang Berdampak,2025-06-16T00:00:00Z,2026-06-23T23:59:59Z,cz-69y1lv-c,https://www.youtube.com/watch?v=cz-69y1lv-c,Cara Mendaftar Magang Berdampak dari Awal Hingga Akhir,"Cara dan syarat untuk dapat melakukan proses pendaftaran dalam program Magang Berdampak tentu saja menjadi salah satu informasi yang banyak dibutuhkan bagi teman-teman sekalian. Alasannya karena program Magang Berdampak ini sendiri diluncurkan oleh Kemdiktisaintek RI lho ya.

Maka atas dasar itulah dalam kesempatan kali ini @zonalampung akan secara lengkap membagikan tutorial ataupun langkah dan proses dalam melakukan proses pendaftaran dalam program Kemdiktisaintek Berdampak ataupun Program Magang Berdampak bagi mahasiswa ya. Semoga berguna teman-teman semuanya. #magangberdampak #kemdiktisaintekberdampak #daftarmagangberdampak #magangmahasiswa",UCXdQTEyfpGPdueKVrjSbQKA,Zona Lampung,2025-06-26T12:01:08Z,5082,53,53,Ugzjx4F3OgiM2vS5HH94AaABAg,"kak kalau sudah membuat akun, lalu login nya menggunakan apa ya kak? apakah email? atau menunggu di konfirmasi dari pihak kampus baru akun nya bisa diloginkan? terimakasih.",@muhfebri-wi9qq,UCsagpTJwM4vgRJu1Rv91g5A,2025-06-27T03:07:05Z,2025-06-27T03:07:05Z,1,false,true,true
youtube,Magang Berdampak,Magang_Berdampak_awal,Magang Berdampak,Magang Berdampak,2025-06-16T00:00:00Z,2026-06-23T23:59:59Z,cz-69y1lv-c,https://www.youtube.com/watch?v=cz-69y1lv-c,Cara Mendaftar Magang Berdampak dari Awal Hingga Akhir,"Cara dan syarat untuk dapat melakukan proses pendaftaran dalam program Magang Berdampak tentu saja menjadi salah satu informasi yang banyak dibutuhkan bagi teman-teman sekalian. Alasannya karena program Magang Berdampak ini sendiri diluncurkan oleh Kemdiktisaintek RI lho ya.

Maka atas dasar itulah dalam kesempatan kali ini @zonalampung akan secara lengkap membagikan tutorial ataupun langkah dan proses dalam melakukan proses pendaftaran dalam program Kemdiktisaintek Berdampak ataupun Program Magang Berdampak bagi mahasiswa ya. Semoga berguna teman-teman semuanya. #magangberdampak #kemdiktisaintekberdampak #daftarmagangberdampak #magangmahasiswa",UCXdQTEyfpGPdueKVrjSbQKA,Zona Lampung,2025-06-26T12:01:08Z,5082,53,53,UgypJAP03SP5Ld_L9Yt4AaABAg,"Kak,saya sudah coba mendaftar,awalnya muncul nama saya tapi setelah coba kedua kali langsung keluar ini ""
Kami tidak dapat terhubung ke layanan PDDIKTI. Hal ini mungkin disebabkan server PDDIKTI sedang tidak merespon, atau sedang dalam perawatan."" Itu bagaimana kak? Sudah 2 hari saya coba tetap tidak bisa daftar",@thirstred2975,UCUKbpcWvONhZppC27c8-XmA,2025-06-26T16:46:01Z,2025-06-26T16:46:01Z,4,false,true,true
youtube,Magang Berdampak,Magang_Berdampak_awal,Magang Berdampak,Magang Berdampak,2025-06-16T00:00:00Z,2026-06-23T23:59:59Z,w4FUHUtk-VM,https://www.youtube.com/watch?v=w4FUHUtk-VM,ayo daftar magang berdampak #sipalingketum,,UCVNhR3dmg4dL1vt85OhJkLQ,TrueIvann,2025-06-18T11:52:02Z,2129,9,1,Ugzow5F2t-W6AKZkszF4AaABAg,"Bener banget woi😂
Temenku pas denger dapet 2.5 juta tiba-tiba langsung buat CV",@sekellasekie,UCM4_wCwzFFpfKONJxe98Fiw,2025-06-28T00:56:36Z,2025-06-28T00:56:36Z,0,false,true,true
youtube,Magang Berdampak,Magang_Berdampak_awal,Magang Berdampak,Magang Berdampak,2025-06-16T00:00:00Z,2026-06-23T23:59:59Z,xBQ9mt1Q5Rk,https://www.youtube.com/watch?v=xBQ9mt1Q5Rk,Sosialisasi Program Magang Berdampak Semester Genap T A  2025 2026,"Sosialisasi Pendaftaran Program Magang Berdampak Mandiri
Link Formulir : 
https://drive.google.com/file/d/1VzeJZnLlH3SxhR6iS20AXgeQ1J78NnSf/view?usp=sharing

Link Upload : 
https://forms.gle/9whgNwo4AQGvJ1Wm9

Link Daftar Ulang (SIAKAD IIB Darmajaya) :
https://siakad.darmajaya.ac.id/",UCNbdTHIgESdgxn2SEEmHihA,Kampus Berdampak IIB Darmajaya,2026-02-02T22:44:05Z,387,7,1,UgyfbHZ6cCW-UwRFwvB4AaABAg,18:00,@friedec3622,UCegNaNaYZhWI0PtFABE9mlg,2026-02-05T10:16:05Z,2026-02-05T10:16:05Z,0,false,true,true
youtube,Magang Berdampak,Magang_Berdampak_awal,Magang Berdampak,Magang Berdampak,2025-06-16T00:00:00Z,2026-06-23T23:59:59Z,9eTrFQmgoBc,https://www.youtube.com/watch?v=9eTrFQmgoBc,3 hal penting daftar magang berdampak #mahasiswa #beasiswa #kampusmerdeka #kuliah #magang,,UCPMPom9SU1zMs5KH1mUjQZw,Firgin Sawu,2025-06-26T17:43:56Z,4979,125,3,UgwZ4bwp0-fSyI2Gj5F4AaABAg,selain magang berdampak bisa ikut magang ke mana lagi kak?,@langit4024,UC5jNFH8q9T87MnNeTFTfdCQ,2025-07-16T12:11:19Z,2025-07-16T12:11:19Z,0,false,true,true
youtube,Magang Berdampak,Magang_Berdampak_awal,Magang Berdampak,Magang Berdampak,2025-06-16T00:00:00Z,2026-06-23T23:59:59Z,9eTrFQmgoBc,https://www.youtube.com/watch?v=9eTrFQmgoBc,3 hal penting daftar magang berdampak #mahasiswa #beasiswa #kampusmerdeka #kuliah #magang,,UCPMPom9SU1zMs5KH1mUjQZw,Firgin Sawu,2025-06-26T17:43:56Z,4979,125,3,Ugw6s2I8eLsnymUR6dJ4AaABAg,Klo sudah selesai magang apa yg bs didapat mas eh...,@EndangSadtiyanti,UC47vr5UNsmJCj13o0K2PrAA,2025-07-07T13:03:30Z,2025-07-07T13:03:30Z,1,false,true,true
youtube,Magang Berdampak,Magang_Berdampak_awal,Magang Berdampak,Magang Berdampak,2025-06-16T00:00:00Z,2026-06-23T23:59:59Z,jqcpWpAZZco,https://www.youtube.com/watch?v=jqcpWpAZZco,Tutorial Daftar Magang Pemerintah Fresh Graduate Lewat HP,,UCcYDwbWA-mmL29Cxln80bWA,VKN NEWS,2025-10-04T09:56:21Z,9586,150,21,Ugz9rrh9wG-oHoMI2WJ4AaABAg,trs habis ini gimana kak?,@hestifebiola5204,UCEIvgqGuffQvEuqHU7Ht8ww,2025-12-05T00:48:46Z,2025-12-05T00:48:46Z,0,false,true,true
youtube,Magang Berdampak,Magang_Berdampak_awal,Magang Berdampak,Magang Berdampak,2025-06-16T00:00:00Z,2026-06-23T23:59:59Z,jqcpWpAZZco,https://www.youtube.com/watch?v=jqcpWpAZZco,Tutorial Daftar Magang Pemerintah Fresh Graduate Lewat HP,,UCcYDwbWA-mmL29Cxln80bWA,VKN NEWS,2025-10-04T09:56:21Z,9586,150,21,UgziXScsPsBEzbfsXrN4AaABAg,Lihat pengumumannya dimana yahh ?,@sawaltv5373,UCH6K2acD4jFU0av2pSJyatA,2025-11-11T23:06:02Z,2025-11-11T23:06:02Z,1,false,true,true
youtube,Magang Berdampak,Magang_Berdampak_awal,Magang Berdampak,Magang Berdampak,2025-06-16T00:00:00Z,2026-06-23T23:59:59Z,jqcpWpAZZco,https://www.youtube.com/watch?v=jqcpWpAZZco,Tutorial Daftar Magang Pemerintah Fresh Graduate Lewat HP,,UCcYDwbWA-mmL29Cxln80bWA,VKN NEWS,2025-10-04T09:56:21Z,9586,150,21,Ugwxu-XAaShcNQXrwfV4AaABAg,please 😭tdk memenuhi syarat untuk mendaftar mendaftar sebagai peserta pemegang knpa guys??,@HambaAllah99874,UCYseNTDUZdX3EA4UoCmNeGg,2025-11-09T10:44:02Z,2025-11-09T10:44:02Z,0,false,true,true
youtube,Magang Berdampak,Magang_Berdampak_awal,Magang Berdampak,Magang Berdampak,2025-06-16T00:00:00Z,2026-06-23T23:59:59Z,jqcpWpAZZco,https://www.youtube.com/watch?v=jqcpWpAZZco,Tutorial Daftar Magang Pemerintah Fresh Graduate Lewat HP,,UCcYDwbWA-mmL29Cxln80bWA,VKN NEWS,2025-10-04T09:56:21Z,9586,150,21,UgxFwgfQ5BiwAUCGzPd4AaABAg,"Gk bisa daftar, di nyata kan tidak memenuhi syarat. Gimana itu min? gk ada juga penjelasan nya, syarat apa yang tidak di penuhi. padahal prodi saya ekonomi pembangunan, dan di salah satu perusahaan itu juga ada yang cari prodi ilmu ekonomi. Makin bikin bingung aja. perusahaan nya juga gk bisa bedain jurusan dan prodi. ini yang bikin peserta gk bisa daftar. harus nya, jurusan ilmu ekonomi dan prodi ekonomi pembangunan.",@rikardusjuk5617,UCBc3LySTXBChD4HDL285ZGQ,2025-11-08T10:36:47Z,2025-11-08T10:36:47Z,1,false,true,true
youtube,Magang Berdampak,Magang_Berdampak_awal,Magang Berdampak,Magang Berdampak,2025-06-16T00:00:00Z,2026-06-23T23:59:59Z,jqcpWpAZZco,https://www.youtube.com/watch?v=jqcpWpAZZco,Tutorial Daftar Magang Pemerintah Fresh Graduate Lewat HP,,UCcYDwbWA-mmL29Cxln80bWA,VKN NEWS,2025-10-04T09:56:21Z,9586,150,21,UgwsvepqDAumj457n8V4AaABAg,Kalau ga bisa daftar tulisannya format Nomor KTP yang diberikan salah gimana kak,@aestheticmoments2,UCYm-G3QSbNVHbniSeNluvBA,2025-11-05T05:36:30Z,2025-11-05T05:36:52Z,0,false,true,true
youtube,Magang Berdampak,Magang_Berdampak_awal,Magang Berdampak,Magang Berdampak,2025-06-16T00:00:00Z,2026-06-23T23:59:59Z,jqcpWpAZZco,https://www.youtube.com/watch?v=jqcpWpAZZco,Tutorial Daftar Magang Pemerintah Fresh Graduate Lewat HP,,UCcYDwbWA-mmL29Cxln80bWA,VKN NEWS,2025-10-04T09:56:21Z,9586,150,21,UgzlOZirZbgmOIlSsL54AaABAg,Tidak memenuhi kriteria aneh anjir pdhal lulusan 2025,@jayawiguna4720,UCFS93X1DIoUMH8Dvn9UHOog,2025-10-26T04:47:55Z,2025-10-26T04:47:55Z,2,false,true,true
youtube,Magang Berdampak,Magang_Berdampak_awal,Magang Berdampak,Magang Berdampak,2025-06-16T00:00:00Z,2026-06-23T23:59:59Z,jqcpWpAZZco,https://www.youtube.com/watch?v=jqcpWpAZZco,Tutorial Daftar Magang Pemerintah Fresh Graduate Lewat HP,,UCcYDwbWA-mmL29Cxln80bWA,VKN NEWS,2025-10-04T09:56:21Z,9586,150,21,Ugy-Qc0j-Q1E87k5B0J4AaABAg,Kok saya masih di nyatakan belum memenuhi persyaratan magang yaa kak??,@bocilkematian2823,UCnJ_tuluwOolim4oow0isGQ,2025-10-25T15:56:31Z,2025-10-25T15:56:31Z,6,false,true,true
youtube,Magang Berdampak,Magang_Berdampak_awal,Magang Berdampak,Magang Berdampak,2025-06-16T00:00:00Z,2026-06-23T23:59:59Z,jqcpWpAZZco,https://www.youtube.com/watch?v=jqcpWpAZZco,Tutorial Daftar Magang Pemerintah Fresh Graduate Lewat HP,,UCcYDwbWA-mmL29Cxln80bWA,VKN NEWS,2025-10-04T09:56:21Z,9586,150,21,Ugx7zezS45UVFuGtrfx4AaABAg,Kalau masih kuliah apa bisa?,@KucingGemez-i4w,UCNB7cQ8MsUsxwPJvQYbnNwg,2025-10-23T08:01:10Z,2025-10-23T08:01:10Z,0,false,true,true
youtube,Magang Berdampak,Magang_Berdampak_awal,Magang Berdampak,Magang Berdampak,2025-06-16T00:00:00Z,2026-06-23T23:59:59Z,jqcpWpAZZco,https://www.youtube.com/watch?v=jqcpWpAZZco,Tutorial Daftar Magang Pemerintah Fresh Graduate Lewat HP,,UCcYDwbWA-mmL29Cxln80bWA,VKN NEWS,2025-10-04T09:56:21Z,9586,150,21,UgyJI0csb9eNmRrrUWF4AaABAg,Kalau baru lulus 6 bulan apakah bisa daftar kak?,@KomentarJujur,UCTLOh4Fj4gvubetszB2lgHg,2025-10-15T06:04:19Z,2025-10-15T06:04:19Z,0,false,true,true
youtube,Magang Berdampak,Magang_Berdampak_awal,Magang Berdampak,Magang Berdampak,2025-06-16T00:00:00Z,2026-06-23T23:59:59Z,jqcpWpAZZco,https://www.youtube.com/watch?v=jqcpWpAZZco,Tutorial Daftar Magang Pemerintah Fresh Graduate Lewat HP,,UCcYDwbWA-mmL29Cxln80bWA,VKN NEWS,2025-10-04T09:56:21Z,9586,150,21,UgxGHkRN-4XpsNp9FEx4AaABAg,Ga ad yg lulusan SMk ya ka,@ernynuraeni7844,UC4SUq7ZGzhFyZHrx_tG423Q,2025-10-11T06:51:39Z,2025-10-11T06:51:39Z,0,false,true,true
youtube,Magang Berdampak,Magang_Berdampak_awal,Magang Berdampak,Magang Berdampak,2025-06-16T00:00:00Z,2026-06-23T23:59:59Z,jqcpWpAZZco,https://www.youtube.com/watch?v=jqcpWpAZZco,Tutorial Daftar Magang Pemerintah Fresh Graduate Lewat HP,,UCcYDwbWA-mmL29Cxln80bWA,VKN NEWS,2025-10-04T09:56:21Z,9586,150,21,UgxfIezjsy0ee6z5m9R4AaABAg,Ga bisa milih perusahaan yaa kak?,@PolemicalNews-d8j,UCK14ozLNgA_yhVlDtPv7BAA,2025-10-09T09:12:55Z,2025-10-09T09:12:55Z,0,false,true,true
youtube,Magang Berdampak,Magang_Berdampak_awal,Magang Berdampak,Magang Berdampak,2025-06-16T00:00:00Z,2026-06-23T23:59:59Z,jqcpWpAZZco,https://www.youtube.com/watch?v=jqcpWpAZZco,Tutorial Daftar Magang Pemerintah Fresh Graduate Lewat HP,,UCcYDwbWA-mmL29Cxln80bWA,VKN NEWS,2025-10-04T09:56:21Z,9586,150,21,UgyUFDITx1vfsiChgUd4AaABAg,cara daftar perusahaannya gimana kak?,@hmm0-w,UCnnsoF6GFQ-Pi36lInjE-Kg,2025-10-06T07:25:39Z,2025-10-06T07:25:39Z,0,false,true,true
youtube,Magang Berdampak,Magang_Berdampak_awal,Magang Berdampak,Magang Berdampak,2025-06-16T00:00:00Z,2026-06-23T23:59:59Z,gAARJvyK50Q,https://www.youtube.com/watch?v=gAARJvyK50Q,Magang Dapat SKS & Sertifikat Kompetensi? Kupas Tuntas Program SAPA KAMPUS BERDAMPAK! BPOM 2026,"Halo Sahabat Pompi!

Kembali lagi di Podcast KLUBPOMPI bersama Host Rizan. Di episode kali ini, kita akan membahas program keren kolaborasi Badan POM dan Kampus, yaitu SAPA KAMPUS BERDAMPAK (Mahasiswa Bergerak, UMK Pangan Berdaya, Pangan Aman Untuk Indonesia). 

Ternyata, UMK pangan olahan memegang peran besar dalam ekonomi, tapi masih banyak yang terkendala masalah izin edar, higiene sanitasi, dan keamanan pangan. Nah, lewat program ini, mahasiswa turun tangan langsung mendampingi UMK!

Narasumber Spesial Hari Ini: 🎙️ Bapak Agus Yudi Prayudana (Direktur PMPUPO) – Mengupas tuntas skema program (bisa konversi hingga 20 SKS!), syarat pendaftaran, dan dampak besarnya bagi Indonesia Emas 2045.

Ada Sakhia Mira (Alumni SAPA KAMPUS Batch 5) – Berbagi pengalaman seru dari pelatihan teknis, sertifikasi kompetensi, hingga terjun langsung ke lapangan. Ga ketinggalan juga ada Ibu Marsela (Owner UMK KARU Dessert) – Testimoni nyata bagaimana omzet dan kepercayaan konsumen meningkat setelah didampingi mahasiswa.

Kenapa Mahasiswa Wajib Join?  GRATIS, tidak dipungut biaya. Dapat dikonversi ke SKS (Skema 10 & 20 SKS). Dapat Sertifikat Kompetensi & pengalaman magang riil. Membantu UMK naik kelas dan mendapatkan izin edar.

Siap-siap untuk Batch 8! Dengarkan selengkapnya untuk tips lolos seleksi! 🎧✨

#BPOM #KlubPompi #SapaKampus #MBKM #Mahasiswa #UMKM #KeamananPangan #Magang",UCidFuMwbAZUiJU9AvHqsteg,Klub Pompi BPOM,2025-12-29T08:42:06Z,616,9,1,UgweWV-F--zyA5ZfWTB4AaABAg,apa ada jurusan tertentu yang bisa ikut Program ini?,@bundanurjavierprasetyo,UCjwzvGdkZ_LSg9ffqZ5UgXA,2026-01-26T03:18:33Z,2026-01-26T03:18:33Z,0,false,true,true
youtube,Magang Berdampak,Magang_Berdampak_awal,Magang Berdampak,Magang Berdampak,2025-06-16T00:00:00Z,2026-06-23T23:59:59Z,EUacSU3Xrjw,https://www.youtube.com/watch?v=EUacSU3Xrjw,Apa Itu Magang Berdampak dari Diktisaintek Berdampak I Penjelasan Lengkap,"Apa sih itu magang berdampak dari Diktisaintek Berdampak serta kapan penyelenggarannya. Informasi ini sendiri tentu saja menjadi salah satu bahasan yang penting dikethui oleh teman-teman sekalian.

Alasannya karena magang berdampak akan menjadi salahs atu pilihan bagi setiap mahasiswa untuk ikut serta dalam bersaing di dunia industri khususnya kerja. Agar lebih jelasnya kalian semuanya bisa banget simak penjelasannya #magangberdampak #magangmahasiswa #diktisaintekberdampak",UCXdQTEyfpGPdueKVrjSbQKA,Zona Lampung,2025-06-28T12:00:26Z,762,6,4,UgwS-a14lJYukvxEAzZ4AaABAg,Kak apakah progam magang berdampak ini dapat uang saku?,@lirilestary5606,UCBw_fW612qBLq1mX8kbUVGw,2025-07-09T20:58:51Z,2025-07-09T20:58:51Z,0,false,true,true
youtube,Magang Berdampak,Magang_Berdampak_awal,Magang Berdampak,Magang Berdampak,2025-06-16T00:00:00Z,2026-06-23T23:59:59Z,EUacSU3Xrjw,https://www.youtube.com/watch?v=EUacSU3Xrjw,Apa Itu Magang Berdampak dari Diktisaintek Berdampak I Penjelasan Lengkap,"Apa sih itu magang berdampak dari Diktisaintek Berdampak serta kapan penyelenggarannya. Informasi ini sendiri tentu saja menjadi salah satu bahasan yang penting dikethui oleh teman-teman sekalian.

Alasannya karena magang berdampak akan menjadi salahs atu pilihan bagi setiap mahasiswa untuk ikut serta dalam bersaing di dunia industri khususnya kerja. Agar lebih jelasnya kalian semuanya bisa banget simak penjelasannya #magangberdampak #magangmahasiswa #diktisaintekberdampak",UCXdQTEyfpGPdueKVrjSbQKA,Zona Lampung,2025-06-28T12:00:26Z,762,6,4,UgxAh_Eu4BzIUbp352J4AaABAg,Magang berdampak ini bakalan di oper ke luar provinsi atau enggak ya kak? Dan gimana kalau mahasiswa kipk apakah tetap mendapat uang saku?,@tchuyu_mlbb,UCbB6IYdcKkPLE9-N7vXS0JQ,2025-06-30T10:26:50Z,2025-06-30T10:26:50Z,0,false,true,true
youtube,Magang Berdampak,Magang_Berdampak_awal,Kampus Berdampak,Kampus Berdampak,2025-06-16T00:00:00Z,2026-06-23T23:59:59Z,kcHUwY3yyMQ,https://www.youtube.com/watch?v=kcHUwY3yyMQ,KAMPUS MERDEKA ATAU BERDAMPAK?! Apa Yang Berbeda Sebenarnya? | DEPTH Investigasi,"Kampus Berdampak menjadi salah satu pembaharuan besar-besaran bagi Kementerian Pendidikan Tinggi Sains dan Teknologi. Namun kalau ditarik ulur kebelakang, apa sebenarnya Kampus Berdampak yang sedang digaungkan ini? Apakah ini hanya sekedar rebranding dari Kampus Merdeka atau terdapat pergeseran kebijakan pendidikan tinggi yang akan berdampak pada dosen, mahasiswa, dan perguruan tinggi?

Dalam investigasi DEPTH INVESTIGASI kali ini, kami membahas secara kritis perbedaan Kampus Berdampak dengan Kampus Merdeka, dari sisi indikator kinerja, kebijakan MBKM, kurikulum, hingga beban kerja dosen. Tonton hingga akhir agar Anda memahami potensi risiko, peluang, serta strategi adaptasi menghadapi kebijakan Kampus Berdampak ke depan.

Jangan lupa subscribe DEPTH INVESTIGASI untuk investigasi kebijakan pendidikan tinggi, SERDOS, dan isu aktual dunia dosen lainnya!

KAMPUS MERDEKA ATAU BERDAMPAK?! Apa Yang Berbeda Sebenarnya?

00:23 Chapter 1 - Sebuah Transisi: Apa Yang Melatarinya?
01:30 Chapter 2 - Makna Berdampak: Apa Yang Berbeda Secara Filosofis?
02:29 Chapter 3 - Dari IKU ke IKB: Pergeseran Indikator Penilaian
03:27 Chapter 4 - Ekosistem Kolaborasi: Quadruple Helix Dalam Aksi
04:18 Chapter 5 - Tantangan Di Lapangan: Implementasi Yang Belum Siap


#kampusberdampak #kampusmerdeka #mbkm #pendidikantinggi #indepth #dosenindonesia #kebijakanpendidikan #perguruantinggi #transformasikampus #kebijakandikti #dinamikakampus #indikatorkinerjautama #bebankerjadosen #strategikampus #isupendidikan
===================================== 
Ikuti media sosial Dunia Dosen

Tiktok : https://www.tiktok.com/@duniadosencom
Facebook: https://www.facebook.com/duniadosen
Instagram: https://instagram.com/duniadosencom",UC1ObxejxzM8v4VDHumQZCaw,Dunia Dosen,2025-07-17T11:15:07Z,444,16,4,UgzY2bNfWo7498-_VZB4AaABAg,Perlu sosialisasi dan pendampingan dalam implementasi dan administrasi,@supardius4771,UCEinimTMybFtPAFW0gUEq-w,2025-11-30T05:26:11Z,2025-11-30T05:26:11Z,1,false,true,true
youtube,Magang Berdampak,Magang_Berdampak_awal,Kampus Berdampak,Kampus Berdampak,2025-06-16T00:00:00Z,2026-06-23T23:59:59Z,kcHUwY3yyMQ,https://www.youtube.com/watch?v=kcHUwY3yyMQ,KAMPUS MERDEKA ATAU BERDAMPAK?! Apa Yang Berbeda Sebenarnya? | DEPTH Investigasi,"Kampus Berdampak menjadi salah satu pembaharuan besar-besaran bagi Kementerian Pendidikan Tinggi Sains dan Teknologi. Namun kalau ditarik ulur kebelakang, apa sebenarnya Kampus Berdampak yang sedang digaungkan ini? Apakah ini hanya sekedar rebranding dari Kampus Merdeka atau terdapat pergeseran kebijakan pendidikan tinggi yang akan berdampak pada dosen, mahasiswa, dan perguruan tinggi?

Dalam investigasi DEPTH INVESTIGASI kali ini, kami membahas secara kritis perbedaan Kampus Berdampak dengan Kampus Merdeka, dari sisi indikator kinerja, kebijakan MBKM, kurikulum, hingga beban kerja dosen. Tonton hingga akhir agar Anda memahami potensi risiko, peluang, serta strategi adaptasi menghadapi kebijakan Kampus Berdampak ke depan.

Jangan lupa subscribe DEPTH INVESTIGASI untuk investigasi kebijakan pendidikan tinggi, SERDOS, dan isu aktual dunia dosen lainnya!

KAMPUS MERDEKA ATAU BERDAMPAK?! Apa Yang Berbeda Sebenarnya?

00:23 Chapter 1 - Sebuah Transisi: Apa Yang Melatarinya?
01:30 Chapter 2 - Makna Berdampak: Apa Yang Berbeda Secara Filosofis?
02:29 Chapter 3 - Dari IKU ke IKB: Pergeseran Indikator Penilaian
03:27 Chapter 4 - Ekosistem Kolaborasi: Quadruple Helix Dalam Aksi
04:18 Chapter 5 - Tantangan Di Lapangan: Implementasi Yang Belum Siap


#kampusberdampak #kampusmerdeka #mbkm #pendidikantinggi #indepth #dosenindonesia #kebijakanpendidikan #perguruantinggi #transformasikampus #kebijakandikti #dinamikakampus #indikatorkinerjautama #bebankerjadosen #strategikampus #isupendidikan
===================================== 
Ikuti media sosial Dunia Dosen

Tiktok : https://www.tiktok.com/@duniadosencom
Facebook: https://www.facebook.com/duniadosen
Instagram: https://instagram.com/duniadosencom",UC1ObxejxzM8v4VDHumQZCaw,Dunia Dosen,2025-07-17T11:15:07Z,444,16,4,UgxCI3H1u9z4aVYjupB4AaABAg,Kuliah onlen apa pjj masih ada?,@YanisCahayariyo,UC9cNIESbyMCvCYZeTOPHaNw,2025-09-15T21:43:06Z,2025-09-15T21:43:06Z,1,false,true,true
youtube,Magang Berdampak,Magang_Berdampak_awal,Kampus Berdampak,Kampus Berdampak,2025-06-16T00:00:00Z,2026-06-23T23:59:59Z,jpbwxR8zqgk,https://www.youtube.com/watch?v=jpbwxR8zqgk,Rekonstruk Kurikulum OBE dlm Program Kampus Berdampak || UNMER Malang 2025,"Assalamualaikum, salam sejahtera. Video kalai ini merupakan hasil rekaman saat acara workshop rekonstruksi kurikulum dg pendekatan OBE dalam menjalankan kebijakan Kampus Berdampak. Pembehasan juga menyangkut kurikulum Sarjana (S1), Magister (S2) dan Doktor (S3). selamat menyimak semoga bermanfaat. Salam sehat dan sukses selalu.",UCxV_dFdX0JOUQEmf6ry6I9A,Syamsul Arifin,2025-08-14T02:16:10Z,1070,21,4,UgwcfxGmfrM8W_98Mz14AaABAg,"izin bertanya pak, apakah pembuatan butir cpl itu harus membuat matriks antara ku, kk, dan sikap yang sebelumnya ? dan apakah setiap butir cpl harus ada 3 domain yang sikap, ku, kk ? atau tersebar ke beberapa butir cpl ? terimakasih pak",@rahmalisa,UCJcIVQOZEiXTWggx9LnGCEQ,2026-01-28T02:59:17Z,2026-01-28T02:59:17Z,0,false,true,true
youtube,Magang Berdampak,Magang_Berdampak_awal,Kampus Berdampak,Kampus Berdampak,2025-06-16T00:00:00Z,2026-06-23T23:59:59Z,jpbwxR8zqgk,https://www.youtube.com/watch?v=jpbwxR8zqgk,Rekonstruk Kurikulum OBE dlm Program Kampus Berdampak || UNMER Malang 2025,"Assalamualaikum, salam sejahtera. Video kalai ini merupakan hasil rekaman saat acara workshop rekonstruksi kurikulum dg pendekatan OBE dalam menjalankan kebijakan Kampus Berdampak. Pembehasan juga menyangkut kurikulum Sarjana (S1), Magister (S2) dan Doktor (S3). selamat menyimak semoga bermanfaat. Salam sehat dan sukses selalu.",UCxV_dFdX0JOUQEmf6ry6I9A,Syamsul Arifin,2025-08-14T02:16:10Z,1070,21,4,Ugw3zGwrme8xpxohs0d4AaABAg,"Izin pak, kami sudah diwajibkan mengaplikasikan permen 39 dr akhir Agustus lalu.. Dan sudah diarahkan ke akreditasi internasional.. 😢",@synthiaafner458,UCNL4WZgf5QoTTAXvhZ5h_MQ,2025-10-03T01:59:11Z,2025-10-03T01:59:11Z,0,false,true,true
youtube,Magang Berdampak,Magang_Berdampak_awal,Kampus Berdampak,Kampus Berdampak,2025-06-16T00:00:00Z,2026-06-23T23:59:59Z,jpbwxR8zqgk,https://www.youtube.com/watch?v=jpbwxR8zqgk,Rekonstruk Kurikulum OBE dlm Program Kampus Berdampak || UNMER Malang 2025,"Assalamualaikum, salam sejahtera. Video kalai ini merupakan hasil rekaman saat acara workshop rekonstruksi kurikulum dg pendekatan OBE dalam menjalankan kebijakan Kampus Berdampak. Pembehasan juga menyangkut kurikulum Sarjana (S1), Magister (S2) dan Doktor (S3). selamat menyimak semoga bermanfaat. Salam sehat dan sukses selalu.",UCxV_dFdX0JOUQEmf6ry6I9A,Syamsul Arifin,2025-08-14T02:16:10Z,1070,21,4,Ugy0Q6pUQ3CfnOCMcV94AaABAg,"izin Bertanya Bapak.. dengan kebijakan MBKM kampus Merdeka yang sudah ditutup oleh kementerian sekarang, Bagaimana solusinya dg mahasiswa  dengan kurikulum MBKM apakah matakuliah MBKM nya langsung ditiadakan dan diganti dengan program kampus berdampak? sedangkan biasanya kami memberlakukan kurikulum sesuai angkatannya.",@dr.febrinom.a.2023,UCdqhi4mZzM9XnCeUqqAm5Cw,2025-08-27T15:36:24Z,2025-08-27T15:36:24Z,0,false,true,true
youtube,Magang Berdampak,Magang_Berdampak_awal,Kampus Berdampak,Kampus Berdampak,2025-06-16T00:00:00Z,2026-06-23T23:59:59Z,YcFHjiM75KE,https://www.youtube.com/watch?v=YcFHjiM75KE,KAMPUS BERDAMPAK MANDIRI ASISTENSI MENGAJAR SDN SUKABAKTI,"Video Ini merupakan dokumentasi sekaligus laporan akhir kegiatan magang dalam ragam Asistensi Mengajar Kampus Berdampak Mandiri yang telah kami laksanakan di SDN Sukabakti Curug Kabupaten Tangerang. Semoga video ini dapat menjadi dokumentasi pembelajaran sekaligus refleksi bagi proses pengembangan diri selama menjalani magang￼. Melalui pengalaman ini, kami belajar bahwa menjadi guru tidak hanya menyampaikan materi tetapi juga membimbing membentuk karakter serta menciptakan suasana belajar yang kondusif dan menyenangkan. Terima kasih kepada pihak sekolah Guru Pamong dan Dosen Pembimbing Lapangan yang telah memberikan arahan serta kesempatan berharga dalam kegiatan ini #magang #MBKM #asistensi mengajar #laporanakhir #calon guru #pengalaman mengajar ￼￼
Dosen Pembimbing Lapangan (DPL) = Lisna Hikmawaty S.Pd., M.Pd
Nama Anggota = 
1. Adelia Ananda M Nurdin (20221101023)
2. Andini Nur Aisyah (20221101025)
3. Ananda Eka Wardani (20221101030)
4. Ewina Hestiara (20221101044)
5. Tria Ridayanti (20221101045)",UCMWRG9PjY7aUoE_rm3bQHgw,Adelia Ananda ,2026-02-16T13:19:00Z,345,66,10,UgyVBDSvUDpXTDf6Rnd4AaABAg,Kk aku nangis kk sehat ya jangan ading ya,@Menggemar-mejikxw,UCU_odsCurvthTVY3S1Pe2YA,2026-02-18T06:12:44Z,2026-02-18T06:12:44Z,0,false,true,true
youtube,Magang Berdampak,Magang_Berdampak_awal,Kampus Berdampak,Kampus Berdampak,2025-06-16T00:00:00Z,2026-06-23T23:59:59Z,YcFHjiM75KE,https://www.youtube.com/watch?v=YcFHjiM75KE,KAMPUS BERDAMPAK MANDIRI ASISTENSI MENGAJAR SDN SUKABAKTI,"Video Ini merupakan dokumentasi sekaligus laporan akhir kegiatan magang dalam ragam Asistensi Mengajar Kampus Berdampak Mandiri yang telah kami laksanakan di SDN Sukabakti Curug Kabupaten Tangerang. Semoga video ini dapat menjadi dokumentasi pembelajaran sekaligus refleksi bagi proses pengembangan diri selama menjalani magang￼. Melalui pengalaman ini, kami belajar bahwa menjadi guru tidak hanya menyampaikan materi tetapi juga membimbing membentuk karakter serta menciptakan suasana belajar yang kondusif dan menyenangkan. Terima kasih kepada pihak sekolah Guru Pamong dan Dosen Pembimbing Lapangan yang telah memberikan arahan serta kesempatan berharga dalam kegiatan ini #magang #MBKM #asistensi mengajar #laporanakhir #calon guru #pengalaman mengajar ￼￼
Dosen Pembimbing Lapangan (DPL) = Lisna Hikmawaty S.Pd., M.Pd
Nama Anggota = 
1. Adelia Ananda M Nurdin (20221101023)
2. Andini Nur Aisyah (20221101025)
3. Ananda Eka Wardani (20221101030)
4. Ewina Hestiara (20221101044)
5. Tria Ridayanti (20221101045)",UCMWRG9PjY7aUoE_rm3bQHgw,Adelia Ananda ,2026-02-16T13:19:00Z,345,66,10,Ugyy4Wv4IPfKrgIM95h4AaABAg,Semangat nduk,@lindanda1981,UCz1N1m2kcLvxf2zCO70VFUw,2026-02-18T00:25:13Z,2026-02-18T00:25:13Z,0,false,true,true
youtube,Magang Berdampak,Magang_Berdampak_awal,Kampus Berdampak,Kampus Berdampak,2025-06-16T00:00:00Z,2026-06-23T23:59:59Z,YcFHjiM75KE,https://www.youtube.com/watch?v=YcFHjiM75KE,KAMPUS BERDAMPAK MANDIRI ASISTENSI MENGAJAR SDN SUKABAKTI,"Video Ini merupakan dokumentasi sekaligus laporan akhir kegiatan magang dalam ragam Asistensi Mengajar Kampus Berdampak Mandiri yang telah kami laksanakan di SDN Sukabakti Curug Kabupaten Tangerang. Semoga video ini dapat menjadi dokumentasi pembelajaran sekaligus refleksi bagi proses pengembangan diri selama menjalani magang￼. Melalui pengalaman ini, kami belajar bahwa menjadi guru tidak hanya menyampaikan materi tetapi juga membimbing membentuk karakter serta menciptakan suasana belajar yang kondusif dan menyenangkan. Terima kasih kepada pihak sekolah Guru Pamong dan Dosen Pembimbing Lapangan yang telah memberikan arahan serta kesempatan berharga dalam kegiatan ini #magang #MBKM #asistensi mengajar #laporanakhir #calon guru #pengalaman mengajar ￼￼
Dosen Pembimbing Lapangan (DPL) = Lisna Hikmawaty S.Pd., M.Pd
Nama Anggota = 
1. Adelia Ananda M Nurdin (20221101023)
2. Andini Nur Aisyah (20221101025)
3. Ananda Eka Wardani (20221101030)
4. Ewina Hestiara (20221101044)
5. Tria Ridayanti (20221101045)",UCMWRG9PjY7aUoE_rm3bQHgw,Adelia Ananda ,2026-02-16T13:19:00Z,345,66,10,UgxWTLYeqtammuWCpIR4AaABAg,Semangat mbak nanda ❤,@hananovalita,UCGhV0vrXi1K-ryaTSog9P8A,2026-02-17T11:39:15Z,2026-02-17T11:39:15Z,1,false,true,true
youtube,Magang Berdampak,Magang_Berdampak_awal,Kampus Berdampak,Kampus Berdampak,2025-06-16T00:00:00Z,2026-06-23T23:59:59Z,YcFHjiM75KE,https://www.youtube.com/watch?v=YcFHjiM75KE,KAMPUS BERDAMPAK MANDIRI ASISTENSI MENGAJAR SDN SUKABAKTI,"Video Ini merupakan dokumentasi sekaligus laporan akhir kegiatan magang dalam ragam Asistensi Mengajar Kampus Berdampak Mandiri yang telah kami laksanakan di SDN Sukabakti Curug Kabupaten Tangerang. Semoga video ini dapat menjadi dokumentasi pembelajaran sekaligus refleksi bagi proses pengembangan diri selama menjalani magang￼. Melalui pengalaman ini, kami belajar bahwa menjadi guru tidak hanya menyampaikan materi tetapi juga membimbing membentuk karakter serta menciptakan suasana belajar yang kondusif dan menyenangkan. Terima kasih kepada pihak sekolah Guru Pamong dan Dosen Pembimbing Lapangan yang telah memberikan arahan serta kesempatan berharga dalam kegiatan ini #magang #MBKM #asistensi mengajar #laporanakhir #calon guru #pengalaman mengajar ￼￼
Dosen Pembimbing Lapangan (DPL) = Lisna Hikmawaty S.Pd., M.Pd
Nama Anggota = 
1. Adelia Ananda M Nurdin (20221101023)
2. Andini Nur Aisyah (20221101025)
3. Ananda Eka Wardani (20221101030)
4. Ewina Hestiara (20221101044)
5. Tria Ridayanti (20221101045)",UCMWRG9PjY7aUoE_rm3bQHgw,Adelia Ananda ,2026-02-16T13:19:00Z,345,66,10,UgycgrrS970jxSees854AaABAg,Keren cuy,@hoowieun,UCtcQA8GZlJ6bdl7wdL90cxA,2026-02-17T11:06:30Z,2026-02-17T11:06:30Z,1,false,true,true
youtube,Magang Berdampak,Magang_Berdampak_awal,Kampus Berdampak,Kampus Berdampak,2025-06-16T00:00:00Z,2026-06-23T23:59:59Z,YcFHjiM75KE,https://www.youtube.com/watch?v=YcFHjiM75KE,KAMPUS BERDAMPAK MANDIRI ASISTENSI MENGAJAR SDN SUKABAKTI,"Video Ini merupakan dokumentasi sekaligus laporan akhir kegiatan magang dalam ragam Asistensi Mengajar Kampus Berdampak Mandiri yang telah kami laksanakan di SDN Sukabakti Curug Kabupaten Tangerang. Semoga video ini dapat menjadi dokumentasi pembelajaran sekaligus refleksi bagi proses pengembangan diri selama menjalani magang￼. Melalui pengalaman ini, kami belajar bahwa menjadi guru tidak hanya menyampaikan materi tetapi juga membimbing membentuk karakter serta menciptakan suasana belajar yang kondusif dan menyenangkan. Terima kasih kepada pihak sekolah Guru Pamong dan Dosen Pembimbing Lapangan yang telah memberikan arahan serta kesempatan berharga dalam kegiatan ini #magang #MBKM #asistensi mengajar #laporanakhir #calon guru #pengalaman mengajar ￼￼
Dosen Pembimbing Lapangan (DPL) = Lisna Hikmawaty S.Pd., M.Pd
Nama Anggota = 
1. Adelia Ananda M Nurdin (20221101023)
2. Andini Nur Aisyah (20221101025)
3. Ananda Eka Wardani (20221101030)
4. Ewina Hestiara (20221101044)
5. Tria Ridayanti (20221101045)",UCMWRG9PjY7aUoE_rm3bQHgw,Adelia Ananda ,2026-02-16T13:19:00Z,345,66,10,UgwMpiJoHgFigfTcvwF4AaABAg,"Sukses selalu ya buat semuanya, Aamiin",@bandarsepatudjayasport,UCOa_Yyr5uYc9nLo-IDUaC-w,2026-02-17T10:53:52Z,2026-02-17T10:53:52Z,1,false,true,true
youtube,Magang Berdampak,Magang_Berdampak_awal,Kampus Berdampak,Kampus Berdampak,2025-06-16T00:00:00Z,2026-06-23T23:59:59Z,YcFHjiM75KE,https://www.youtube.com/watch?v=YcFHjiM75KE,KAMPUS BERDAMPAK MANDIRI ASISTENSI MENGAJAR SDN SUKABAKTI,"Video Ini merupakan dokumentasi sekaligus laporan akhir kegiatan magang dalam ragam Asistensi Mengajar Kampus Berdampak Mandiri yang telah kami laksanakan di SDN Sukabakti Curug Kabupaten Tangerang. Semoga video ini dapat menjadi dokumentasi pembelajaran sekaligus refleksi bagi proses pengembangan diri selama menjalani magang￼. Melalui pengalaman ini, kami belajar bahwa menjadi guru tidak hanya menyampaikan materi tetapi juga membimbing membentuk karakter serta menciptakan suasana belajar yang kondusif dan menyenangkan. Terima kasih kepada pihak sekolah Guru Pamong dan Dosen Pembimbing Lapangan yang telah memberikan arahan serta kesempatan berharga dalam kegiatan ini #magang #MBKM #asistensi mengajar #laporanakhir #calon guru #pengalaman mengajar ￼￼
Dosen Pembimbing Lapangan (DPL) = Lisna Hikmawaty S.Pd., M.Pd
Nama Anggota = 
1. Adelia Ananda M Nurdin (20221101023)
2. Andini Nur Aisyah (20221101025)
3. Ananda Eka Wardani (20221101030)
4. Ewina Hestiara (20221101044)
5. Tria Ridayanti (20221101045)",UCMWRG9PjY7aUoE_rm3bQHgw,Adelia Ananda ,2026-02-16T13:19:00Z,345,66,10,UgzpQlY2Ciezz5ylNYZ4AaABAg,"kaa jadi sedih, mau nangis, kangen masa¹ kakak sama kita, kakak kita jangan asing yaa🙁😔☹️",@FajriyatulKamilah,UCy9TcxiIM2EOW3jaPEHn6BQ,2026-02-17T07:20:15Z,2026-02-17T07:20:15Z,0,false,true,true
youtube,Magang Berdampak,Magang_Berdampak_awal,Kampus Berdampak,Kampus Berdampak,2025-06-16T00:00:00Z,2026-06-23T23:59:59Z,YcFHjiM75KE,https://www.youtube.com/watch?v=YcFHjiM75KE,KAMPUS BERDAMPAK MANDIRI ASISTENSI MENGAJAR SDN SUKABAKTI,"Video Ini merupakan dokumentasi sekaligus laporan akhir kegiatan magang dalam ragam Asistensi Mengajar Kampus Berdampak Mandiri yang telah kami laksanakan di SDN Sukabakti Curug Kabupaten Tangerang. Semoga video ini dapat menjadi dokumentasi pembelajaran sekaligus refleksi bagi proses pengembangan diri selama menjalani magang￼. Melalui pengalaman ini, kami belajar bahwa menjadi guru tidak hanya menyampaikan materi tetapi juga membimbing membentuk karakter serta menciptakan suasana belajar yang kondusif dan menyenangkan. Terima kasih kepada pihak sekolah Guru Pamong dan Dosen Pembimbing Lapangan yang telah memberikan arahan serta kesempatan berharga dalam kegiatan ini #magang #MBKM #asistensi mengajar #laporanakhir #calon guru #pengalaman mengajar ￼￼
Dosen Pembimbing Lapangan (DPL) = Lisna Hikmawaty S.Pd., M.Pd
Nama Anggota = 
1. Adelia Ananda M Nurdin (20221101023)
2. Andini Nur Aisyah (20221101025)
3. Ananda Eka Wardani (20221101030)
4. Ewina Hestiara (20221101044)
5. Tria Ridayanti (20221101045)",UCMWRG9PjY7aUoE_rm3bQHgw,Adelia Ananda ,2026-02-16T13:19:00Z,345,66,10,UgyTounccCqvfVnT0vV4AaABAg,"Kak adel kapan ke seni lagiii😢
Kelas 5c",@nunhumairah,UChx7xlrNplKpu5wdi4E1Ifw,2026-02-17T05:16:28Z,2026-02-17T05:16:28Z,0,false,true,true
youtube,Magang Berdampak,Magang_Berdampak_awal,Kampus Berdampak,Kampus Berdampak,2025-06-16T00:00:00Z,2026-06-23T23:59:59Z,YcFHjiM75KE,https://www.youtube.com/watch?v=YcFHjiM75KE,KAMPUS BERDAMPAK MANDIRI ASISTENSI MENGAJAR SDN SUKABAKTI,"Video Ini merupakan dokumentasi sekaligus laporan akhir kegiatan magang dalam ragam Asistensi Mengajar Kampus Berdampak Mandiri yang telah kami laksanakan di SDN Sukabakti Curug Kabupaten Tangerang. Semoga video ini dapat menjadi dokumentasi pembelajaran sekaligus refleksi bagi proses pengembangan diri selama menjalani magang￼. Melalui pengalaman ini, kami belajar bahwa menjadi guru tidak hanya menyampaikan materi tetapi juga membimbing membentuk karakter serta menciptakan suasana belajar yang kondusif dan menyenangkan. Terima kasih kepada pihak sekolah Guru Pamong dan Dosen Pembimbing Lapangan yang telah memberikan arahan serta kesempatan berharga dalam kegiatan ini #magang #MBKM #asistensi mengajar #laporanakhir #calon guru #pengalaman mengajar ￼￼
Dosen Pembimbing Lapangan (DPL) = Lisna Hikmawaty S.Pd., M.Pd
Nama Anggota = 
1. Adelia Ananda M Nurdin (20221101023)
2. Andini Nur Aisyah (20221101025)
3. Ananda Eka Wardani (20221101030)
4. Ewina Hestiara (20221101044)
5. Tria Ridayanti (20221101045)",UCMWRG9PjY7aUoE_rm3bQHgw,Adelia Ananda ,2026-02-16T13:19:00Z,345,66,10,Ugwp5R0G7O98-xICV9t4AaABAg,kak ngajar lagi yuu?,@Anggitalevina,UCxx2gI4wlPTeSKoWbr9_EtA,2026-02-17T04:10:18Z,2026-02-17T04:10:18Z,0,false,true,true
youtube,Magang Berdampak,Magang_Berdampak_awal,Kampus Berdampak,Kampus Berdampak,2025-06-16T00:00:00Z,2026-06-23T23:59:59Z,YcFHjiM75KE,https://www.youtube.com/watch?v=YcFHjiM75KE,KAMPUS BERDAMPAK MANDIRI ASISTENSI MENGAJAR SDN SUKABAKTI,"Video Ini merupakan dokumentasi sekaligus laporan akhir kegiatan magang dalam ragam Asistensi Mengajar Kampus Berdampak Mandiri yang telah kami laksanakan di SDN Sukabakti Curug Kabupaten Tangerang. Semoga video ini dapat menjadi dokumentasi pembelajaran sekaligus refleksi bagi proses pengembangan diri selama menjalani magang￼. Melalui pengalaman ini, kami belajar bahwa menjadi guru tidak hanya menyampaikan materi tetapi juga membimbing membentuk karakter serta menciptakan suasana belajar yang kondusif dan menyenangkan. Terima kasih kepada pihak sekolah Guru Pamong dan Dosen Pembimbing Lapangan yang telah memberikan arahan serta kesempatan berharga dalam kegiatan ini #magang #MBKM #asistensi mengajar #laporanakhir #calon guru #pengalaman mengajar ￼￼
Dosen Pembimbing Lapangan (DPL) = Lisna Hikmawaty S.Pd., M.Pd
Nama Anggota = 
1. Adelia Ananda M Nurdin (20221101023)
2. Andini Nur Aisyah (20221101025)
3. Ananda Eka Wardani (20221101030)
4. Ewina Hestiara (20221101044)
5. Tria Ridayanti (20221101045)",UCMWRG9PjY7aUoE_rm3bQHgw,Adelia Ananda ,2026-02-16T13:19:00Z,345,66,10,UgyQ8rx340fBEWe2rGR4AaABAg,Kak andin aku kangen😢,@AlmeiraQalbinadiva,UCS8b1CuIFpeWin_T08F-bkg,2026-02-17T03:50:01Z,2026-02-17T03:50:01Z,0,false,true,true
youtube,Magang Berdampak,Magang_Berdampak_awal,Kampus Berdampak,Kampus Berdampak,2025-06-16T00:00:00Z,2026-06-23T23:59:59Z,YcFHjiM75KE,https://www.youtube.com/watch?v=YcFHjiM75KE,KAMPUS BERDAMPAK MANDIRI ASISTENSI MENGAJAR SDN SUKABAKTI,"Video Ini merupakan dokumentasi sekaligus laporan akhir kegiatan magang dalam ragam Asistensi Mengajar Kampus Berdampak Mandiri yang telah kami laksanakan di SDN Sukabakti Curug Kabupaten Tangerang. Semoga video ini dapat menjadi dokumentasi pembelajaran sekaligus refleksi bagi proses pengembangan diri selama menjalani magang￼. Melalui pengalaman ini, kami belajar bahwa menjadi guru tidak hanya menyampaikan materi tetapi juga membimbing membentuk karakter serta menciptakan suasana belajar yang kondusif dan menyenangkan. Terima kasih kepada pihak sekolah Guru Pamong dan Dosen Pembimbing Lapangan yang telah memberikan arahan serta kesempatan berharga dalam kegiatan ini #magang #MBKM #asistensi mengajar #laporanakhir #calon guru #pengalaman mengajar ￼￼
Dosen Pembimbing Lapangan (DPL) = Lisna Hikmawaty S.Pd., M.Pd
Nama Anggota = 
1. Adelia Ananda M Nurdin (20221101023)
2. Andini Nur Aisyah (20221101025)
3. Ananda Eka Wardani (20221101030)
4. Ewina Hestiara (20221101044)
5. Tria Ridayanti (20221101045)",UCMWRG9PjY7aUoE_rm3bQHgw,Adelia Ananda ,2026-02-16T13:19:00Z,345,66,10,UgzupoeWODTtJZ5H_Zp4AaABAg,"kak Wina,kak Andin,kak Tria,kak Nanda,kak adel aku kangen kalian, kalian kapan kapan main yak ke sekolah Sukabakti lagi aku kangen masa' kita main game btw ini aku rayna kakk,kakak kakak KKN jangan lupain aku yak aku ga akan lupain kalian aku kangen semoga kita ga asing ya kak?,aku jadi sedih deh kak nonton vidio ini aku sayang kalian maaf ya kak klo aku banyak salah semoga kakak banyak waktu ya biar bisa main ke Sukabakti lagi aku kangen bgtt
(dari rayna)",@RiyanToro-c5l,UCizAUdMci_CXt4_E4e-XjaA,2026-02-17T02:31:09Z,2026-02-17T02:31:09Z,0,false,true,true
youtube,Magang Berdampak,Magang_Berdampak_awal,Kampus Berdampak,Kampus Berdampak,2025-06-16T00:00:00Z,2026-06-23T23:59:59Z,ZOaQpVRDXGc,https://www.youtube.com/watch?v=ZOaQpVRDXGc,Pelepasan Relawan Pendidikan Kampus Berdampak Tahun 2025 ll FAI UMSU @keranjanginspirasi8685 ,"fakultas agama islam Universitas muhammadiyah Sumatera Utara lepas 110 mahasiswa peserta relawan Pendidikan kampus berdampak tahun 2025 yang disebar ke 33 sekolah SMA/SMK yang ada di kota medan. 
#beritaterkini #fakultasagamaislam #umsumedan #kampusberdampak #fypyoutube #jangkauanluas #kementerianpendidikandankebudayaan #ristekdikti 
https://youtu.be/ZOaQpVRDXGc",UC1jnQKZO-AF4vkqnmiBGkNw,Keranjang Inspirasi,2025-12-16T03:44:09Z,88,15,2,UgxNhxEtN4-lOzGi2td4AaABAg,umsu unggul cerdas terpercaya,@srimaidah9968,UCbLWOAixumBpjnvt4UVr0Qg,2025-12-16T04:38:52Z,2025-12-16T04:38:52Z,0,false,true,true
youtube,Magang Berdampak,Magang_Berdampak_awal,Kampus Berdampak,Kampus Berdampak,2025-06-16T00:00:00Z,2026-06-23T23:59:59Z,ZOaQpVRDXGc,https://www.youtube.com/watch?v=ZOaQpVRDXGc,Pelepasan Relawan Pendidikan Kampus Berdampak Tahun 2025 ll FAI UMSU @keranjanginspirasi8685 ,"fakultas agama islam Universitas muhammadiyah Sumatera Utara lepas 110 mahasiswa peserta relawan Pendidikan kampus berdampak tahun 2025 yang disebar ke 33 sekolah SMA/SMK yang ada di kota medan. 
#beritaterkini #fakultasagamaislam #umsumedan #kampusberdampak #fypyoutube #jangkauanluas #kementerianpendidikandankebudayaan #ristekdikti 
https://youtu.be/ZOaQpVRDXGc",UC1jnQKZO-AF4vkqnmiBGkNw,Keranjang Inspirasi,2025-12-16T03:44:09Z,88,15,2,Ugz2gnY7Cq2ek9wJH1Z4AaABAg,Fai umsu selalu terdepan.,@poltakgultom-w7f,UCrcunRoO4EhZmY6aYXtwgKQ,2025-12-16T04:02:08Z,2025-12-16T04:02:08Z,0,false,true,true
youtube,Magang Berdampak,Magang_Berdampak_awal,Kampus Berdampak,Kampus Berdampak,2025-06-16T00:00:00Z,2026-06-23T23:59:59Z,pJ-889-2vKQ,https://www.youtube.com/watch?v=pJ-889-2vKQ,Video Profil UNS Kampus Berdampak (Impactful UNS: a video profile),,UCy-IuqRriMA9hCFoLkI2Ekg,Universitas Sebelas Maret,2025-07-24T03:51:03Z,2980,44,2,UgzG2RDuh4mnC0-OX0h4AaABAg,Admin youtube channel uns solo tolong diupload full video roadshow audition indonesion idol season 14 bersama alumni indonesion idol season 13 kenriz shabrina piche di tunggu yaa,@aufaahsanti3527,UC-d7PRVEqtiTv4lFd46PlOg,2025-09-02T05:50:46Z,2025-09-02T05:50:46Z,1,false,true,true
youtube,Magang Berdampak,Magang_Berdampak_awal,Kampus Berdampak,Kampus Berdampak,2025-06-16T00:00:00Z,2026-06-23T23:59:59Z,pJ-889-2vKQ,https://www.youtube.com/watch?v=pJ-889-2vKQ,Video Profil UNS Kampus Berdampak (Impactful UNS: a video profile),,UCy-IuqRriMA9hCFoLkI2Ekg,Universitas Sebelas Maret,2025-07-24T03:51:03Z,2980,44,2,UgycqEsyl2LylcqZJSN4AaABAg,. ❤,@thejagatru9113,UC8XcfEoOTucjvWb8RBTAJxQ,2025-07-24T07:08:11Z,2025-07-24T07:08:11Z,0,false,true,true
youtube,Magang Berdampak,Magang_Berdampak_awal,Program Magang Berdampak,Program Magang Berdampak,2025-06-16T00:00:00Z,2026-06-23T23:59:59Z,tOoVjO1Zro4,https://www.youtube.com/watch?v=tOoVjO1Zro4,PROGRAM MAGANG BERDAMPAK 2026 UNIVERSITAS MATARAM,"Dokumentasi pengalaman magang di PT Bank Rakyat Indonesia (Persero) Tbk.

Mulai dari tanggal 2 Februari 2026 s/d 31 Mei 2026.",UC6ytAWBJZOAnldR8pocpH2g,macha,2026-06-15T01:25:35Z,9,2,1,Ugz_Mz7P5g5wujo0gh54AaABAg,Proud❤,@amandasoelaiman,UCCK2u5C71vvC-awfmDeeOCg,2026-06-15T04:06:41Z,2026-06-15T04:06:41Z,0,false,true,true
youtube,Magang Berdampak,Magang_Berdampak_awal,Program Magang Berdampak,Program Magang Berdampak,2025-06-16T00:00:00Z,2026-06-23T23:59:59Z,Uz1bnwKgsjE,https://www.youtube.com/watch?v=Uz1bnwKgsjE,Di Balik Riset Indonesia: Perjalanan Magang Berdampak di BBRSEKP,"Di Balik Riset Indonesia: Perjalanan Magang Berdampak di BBRSEKP

Bagaimana rasanya terlibat langsung dalam dunia riset yang berkontribusi bagi pembangunan Indonesia? Melalui program Magang Berdampak di BBRSEKP, para peserta mendapatkan kesempatan untuk belajar, berkolaborasi, dan memahami proses penelitian dari dekat.

Dalam video ini, kami mengajak Anda melihat perjalanan magang yang penuh pengalaman berharga, mulai dari keterlibatan dalam kegiatan riset, pengembangan keterampilan profesional, hingga kontribusi nyata dalam mendukung pengelolaan sumber daya kelautan dan perikanan yang berkelanjutan.

Saksikan cerita inspiratif, tantangan, serta pembelajaran yang diperoleh selama menjalani program magang di BBRSEKP. Temukan bagaimana pengalaman ini menjadi langkah awal dalam membangun kompetensi, memperluas wawasan, dan menciptakan dampak positif bagi masa depan.

📌 Jangan lupa untuk:
👍 Like video ini
💬 Tinggalkan komentar dan pertanyaan Anda
🔔 Subscribe untuk mendapatkan informasi dan konten menarik lainnya

#MagangBerdampak #BBRSEKP #FPIKUB #UB #RisetIndonesia #MagangMahasiswa #KementerianKelautanDanPerikanan #Penelitian #KelautanPerikanan #PengembanganSDM #MerdekaBelajar #GenerasiMudaIndonesia",UCdJKQ0Nn5vDNMQhv_l5yeqw,ancolkiddos,2026-06-18T18:02:37Z,33,5,1,Ugyt1zd7TY3r2Gw67Gh4AaABAg,terimakasih bbrsekp 🩶,@odyduy-x8s,UCi2L8d-52fZNToicvruMlqA,2026-06-19T02:37:18Z,2026-06-19T02:37:18Z,0,false,true,true
youtube,Magang Berdampak,Magang_Berdampak_awal,Magang Berdampak MSIB,Magang Berdampak MSIB,2025-06-16T00:00:00Z,2026-06-23T23:59:59Z,Jz6Qk0pOsvk,https://www.youtube.com/watch?v=Jz6Qk0pOsvk,Menaker Beberkan Syarat & Ketentuan Program Magang Fresh Graduate 2025,"Pemerintah menyampaikan perkembangan program paket kebijakan ekonomi dan insentif 2025 untuk menjaga pertumbuhan ekonomi RI yang meliputi 8 Program Akselerasi Program 2025, 4 Program dilanjutkan di 2026 dan 5 Program Peneyrapan Tenaga Kerja


Terkait program magang fresh graduate yang penfdaftarannya dimulai 15 Oktober 2025, Menaker Yassierli mengatakan bahwa program ini menargetkan lulusan yang baru lulus dalam 1 tahun terakhir. 

Program Magang lulusan sarjana ini dibatasi maksimum 6 bulan yang dapat diakses lewat platform SIAPkerja


Selengkapnya saksikan Breaking News, CNBC Indonesia (Rabu, 01/10/2025)


 Terus ikuti berita ekonomi bisnis dan analisis mendalam hanya di https://www.cnbcindonesia.com/. 

CNBC Indonesia terafiliasi dengan CNBC Internasional dan beroperasi di bawah grup Transmedia dan tergabung bersama Trans TV, Trans7, Detikcom, Transvision, CNN Indonesia dan CNN Indonesia.com. 

CNBC Indonesia dapat dinikmati melalui tayangan Transvision channel 805 atau streaming melalui aplikasi CNBC Indonesia yang dapat di download di playstore atau iOS.

Follow us on social: Twitter: https://twitter.com/cnbcindonesia

Facebook Page: https://www.facebook.com/CNBCIndonesia/

Instagram: https://www.instagram.com/cnbcindonesia/
https://www.instagram.com/cuap_cuan/

Tiktok: https://bit.ly/38BYtJx

Spotify: https://spoti.fi/2BR7KkT",UCGN9JsnkvK05v2lnTI_-uGA,CNBC Indonesia,2025-10-01T06:58:57Z,10938,117,31,UgyzVH9zTZ8SdVajSTF4AaABAg,"Korban kebijakan pemerintah yg ngk mampu menciptakan lapangan kerja terpaksa SMA,SMK,jdi pejuang devisa selanjutnya jaminan hari tua mohon di perbijak kembali untuk anak bangsa",@R2Store-u2f3n,UC0-r3G1r_4t-6-bvMePkbsQ,2026-01-14T05:11:15Z,2026-01-14T05:11:15Z,0,false,true,true
youtube,Magang Berdampak,Magang_Berdampak_awal,Magang Berdampak MSIB,Magang Berdampak MSIB,2025-06-16T00:00:00Z,2026-06-23T23:59:59Z,Jz6Qk0pOsvk,https://www.youtube.com/watch?v=Jz6Qk0pOsvk,Menaker Beberkan Syarat & Ketentuan Program Magang Fresh Graduate 2025,"Pemerintah menyampaikan perkembangan program paket kebijakan ekonomi dan insentif 2025 untuk menjaga pertumbuhan ekonomi RI yang meliputi 8 Program Akselerasi Program 2025, 4 Program dilanjutkan di 2026 dan 5 Program Peneyrapan Tenaga Kerja


Terkait program magang fresh graduate yang penfdaftarannya dimulai 15 Oktober 2025, Menaker Yassierli mengatakan bahwa program ini menargetkan lulusan yang baru lulus dalam 1 tahun terakhir. 

Program Magang lulusan sarjana ini dibatasi maksimum 6 bulan yang dapat diakses lewat platform SIAPkerja


Selengkapnya saksikan Breaking News, CNBC Indonesia (Rabu, 01/10/2025)


 Terus ikuti berita ekonomi bisnis dan analisis mendalam hanya di https://www.cnbcindonesia.com/. 

CNBC Indonesia terafiliasi dengan CNBC Internasional dan beroperasi di bawah grup Transmedia dan tergabung bersama Trans TV, Trans7, Detikcom, Transvision, CNN Indonesia dan CNN Indonesia.com. 

CNBC Indonesia dapat dinikmati melalui tayangan Transvision channel 805 atau streaming melalui aplikasi CNBC Indonesia yang dapat di download di playstore atau iOS.

Follow us on social: Twitter: https://twitter.com/cnbcindonesia

Facebook Page: https://www.facebook.com/CNBCIndonesia/

Instagram: https://www.instagram.com/cnbcindonesia/
https://www.instagram.com/cuap_cuan/

Tiktok: https://bit.ly/38BYtJx

Spotify: https://spoti.fi/2BR7KkT",UCGN9JsnkvK05v2lnTI_-uGA,CNBC Indonesia,2025-10-01T06:58:57Z,10938,117,31,UgxMRqtkIZoCIkUwPCF4AaABAg,"Alhamdulillah.anakku udah sebulan magangnya dan udah dpt gaji sesuai umr dki, terimakasih pak presiden",@agusmulyadi7849,UCaHyVflzuFl4ogsVyPk5qKw,2025-12-27T15:16:44Z,2025-12-27T15:16:44Z,2,false,true,true
youtube,Magang Berdampak,Magang_Berdampak_awal,Magang Berdampak MSIB,Magang Berdampak MSIB,2025-06-16T00:00:00Z,2026-06-23T23:59:59Z,Jz6Qk0pOsvk,https://www.youtube.com/watch?v=Jz6Qk0pOsvk,Menaker Beberkan Syarat & Ketentuan Program Magang Fresh Graduate 2025,"Pemerintah menyampaikan perkembangan program paket kebijakan ekonomi dan insentif 2025 untuk menjaga pertumbuhan ekonomi RI yang meliputi 8 Program Akselerasi Program 2025, 4 Program dilanjutkan di 2026 dan 5 Program Peneyrapan Tenaga Kerja


Terkait program magang fresh graduate yang penfdaftarannya dimulai 15 Oktober 2025, Menaker Yassierli mengatakan bahwa program ini menargetkan lulusan yang baru lulus dalam 1 tahun terakhir. 

Program Magang lulusan sarjana ini dibatasi maksimum 6 bulan yang dapat diakses lewat platform SIAPkerja


Selengkapnya saksikan Breaking News, CNBC Indonesia (Rabu, 01/10/2025)


 Terus ikuti berita ekonomi bisnis dan analisis mendalam hanya di https://www.cnbcindonesia.com/. 

CNBC Indonesia terafiliasi dengan CNBC Internasional dan beroperasi di bawah grup Transmedia dan tergabung bersama Trans TV, Trans7, Detikcom, Transvision, CNN Indonesia dan CNN Indonesia.com. 

CNBC Indonesia dapat dinikmati melalui tayangan Transvision channel 805 atau streaming melalui aplikasi CNBC Indonesia yang dapat di download di playstore atau iOS.

Follow us on social: Twitter: https://twitter.com/cnbcindonesia

Facebook Page: https://www.facebook.com/CNBCIndonesia/

Instagram: https://www.instagram.com/cnbcindonesia/
https://www.instagram.com/cuap_cuan/

Tiktok: https://bit.ly/38BYtJx

Spotify: https://spoti.fi/2BR7KkT",UCGN9JsnkvK05v2lnTI_-uGA,CNBC Indonesia,2025-10-01T06:58:57Z,10938,117,31,Ugz8XVd_rlesHFj_uE94AaABAg,Masalah nya gmna yg lulusan sma sdrajad apakah itu bukan bagian rakyat RI fikiran itu bosss,@Ardana-m3c,UCyOoG7zRMs4mP4GihYUdVxA,2025-11-29T04:33:00Z,2025-11-29T04:33:00Z,0,false,true,true
youtube,Magang Berdampak,Magang_Berdampak_awal,Magang Berdampak MSIB,Magang Berdampak MSIB,2025-06-16T00:00:00Z,2026-06-23T23:59:59Z,Jz6Qk0pOsvk,https://www.youtube.com/watch?v=Jz6Qk0pOsvk,Menaker Beberkan Syarat & Ketentuan Program Magang Fresh Graduate 2025,"Pemerintah menyampaikan perkembangan program paket kebijakan ekonomi dan insentif 2025 untuk menjaga pertumbuhan ekonomi RI yang meliputi 8 Program Akselerasi Program 2025, 4 Program dilanjutkan di 2026 dan 5 Program Peneyrapan Tenaga Kerja


Terkait program magang fresh graduate yang penfdaftarannya dimulai 15 Oktober 2025, Menaker Yassierli mengatakan bahwa program ini menargetkan lulusan yang baru lulus dalam 1 tahun terakhir. 

Program Magang lulusan sarjana ini dibatasi maksimum 6 bulan yang dapat diakses lewat platform SIAPkerja


Selengkapnya saksikan Breaking News, CNBC Indonesia (Rabu, 01/10/2025)


 Terus ikuti berita ekonomi bisnis dan analisis mendalam hanya di https://www.cnbcindonesia.com/. 

CNBC Indonesia terafiliasi dengan CNBC Internasional dan beroperasi di bawah grup Transmedia dan tergabung bersama Trans TV, Trans7, Detikcom, Transvision, CNN Indonesia dan CNN Indonesia.com. 

CNBC Indonesia dapat dinikmati melalui tayangan Transvision channel 805 atau streaming melalui aplikasi CNBC Indonesia yang dapat di download di playstore atau iOS.

Follow us on social: Twitter: https://twitter.com/cnbcindonesia

Facebook Page: https://www.facebook.com/CNBCIndonesia/

Instagram: https://www.instagram.com/cnbcindonesia/
https://www.instagram.com/cuap_cuan/

Tiktok: https://bit.ly/38BYtJx

Spotify: https://spoti.fi/2BR7KkT",UCGN9JsnkvK05v2lnTI_-uGA,CNBC Indonesia,2025-10-01T06:58:57Z,10938,117,31,Ugymf7iCVKvIg_rAbKt4AaABAg,"Dan fakta dilapangan Pointless bagi yang diatas 1 tahun (contoh 1,1 tahun), dilarang daftar melainkan di lantarin: udah ditipu SE menakker, dighosting & ya ditolak berdasarkan rasis-diskriminasi. Omon omon. Kecuali angkatan 2025 yang FG yang beruntung ketimbang 24 & 23.",@RizzM4,UCNHcCYEixKzf6dPV_ISTeTQ,2025-11-15T06:15:51Z,2025-11-15T06:15:51Z,1,false,true,true
youtube,Magang Berdampak,Magang_Berdampak_awal,Magang Berdampak MSIB,Magang Berdampak MSIB,2025-06-16T00:00:00Z,2026-06-23T23:59:59Z,Jz6Qk0pOsvk,https://www.youtube.com/watch?v=Jz6Qk0pOsvk,Menaker Beberkan Syarat & Ketentuan Program Magang Fresh Graduate 2025,"Pemerintah menyampaikan perkembangan program paket kebijakan ekonomi dan insentif 2025 untuk menjaga pertumbuhan ekonomi RI yang meliputi 8 Program Akselerasi Program 2025, 4 Program dilanjutkan di 2026 dan 5 Program Peneyrapan Tenaga Kerja


Terkait program magang fresh graduate yang penfdaftarannya dimulai 15 Oktober 2025, Menaker Yassierli mengatakan bahwa program ini menargetkan lulusan yang baru lulus dalam 1 tahun terakhir. 

Program Magang lulusan sarjana ini dibatasi maksimum 6 bulan yang dapat diakses lewat platform SIAPkerja


Selengkapnya saksikan Breaking News, CNBC Indonesia (Rabu, 01/10/2025)


 Terus ikuti berita ekonomi bisnis dan analisis mendalam hanya di https://www.cnbcindonesia.com/. 

CNBC Indonesia terafiliasi dengan CNBC Internasional dan beroperasi di bawah grup Transmedia dan tergabung bersama Trans TV, Trans7, Detikcom, Transvision, CNN Indonesia dan CNN Indonesia.com. 

CNBC Indonesia dapat dinikmati melalui tayangan Transvision channel 805 atau streaming melalui aplikasi CNBC Indonesia yang dapat di download di playstore atau iOS.

Follow us on social: Twitter: https://twitter.com/cnbcindonesia

Facebook Page: https://www.facebook.com/CNBCIndonesia/

Instagram: https://www.instagram.com/cnbcindonesia/
https://www.instagram.com/cuap_cuan/

Tiktok: https://bit.ly/38BYtJx

Spotify: https://spoti.fi/2BR7KkT",UCGN9JsnkvK05v2lnTI_-uGA,CNBC Indonesia,2025-10-01T06:58:57Z,10938,117,31,UgxnnLn6OKynU8oFr5x4AaABAg,"Udh 1 bulan d masukin lamaran, tp tak kunjung ada panggilan test, apa ini sekedar gimmik?? Atau di utamakan para famili kolega dekat dulu?? Semoga ada sidak thd jalannya pelaksanaan seleksinya agar fair..",@TheSaint71-h5q,UCPqJbP5amoybqg2_VA9AyEw,2025-11-14T02:31:11Z,2025-11-14T02:31:11Z,0,false,true,true
youtube,Magang Berdampak,Magang_Berdampak_awal,Magang Berdampak MSIB,Magang Berdampak MSIB,2025-06-16T00:00:00Z,2026-06-23T23:59:59Z,Jz6Qk0pOsvk,https://www.youtube.com/watch?v=Jz6Qk0pOsvk,Menaker Beberkan Syarat & Ketentuan Program Magang Fresh Graduate 2025,"Pemerintah menyampaikan perkembangan program paket kebijakan ekonomi dan insentif 2025 untuk menjaga pertumbuhan ekonomi RI yang meliputi 8 Program Akselerasi Program 2025, 4 Program dilanjutkan di 2026 dan 5 Program Peneyrapan Tenaga Kerja


Terkait program magang fresh graduate yang penfdaftarannya dimulai 15 Oktober 2025, Menaker Yassierli mengatakan bahwa program ini menargetkan lulusan yang baru lulus dalam 1 tahun terakhir. 

Program Magang lulusan sarjana ini dibatasi maksimum 6 bulan yang dapat diakses lewat platform SIAPkerja


Selengkapnya saksikan Breaking News, CNBC Indonesia (Rabu, 01/10/2025)


 Terus ikuti berita ekonomi bisnis dan analisis mendalam hanya di https://www.cnbcindonesia.com/. 

CNBC Indonesia terafiliasi dengan CNBC Internasional dan beroperasi di bawah grup Transmedia dan tergabung bersama Trans TV, Trans7, Detikcom, Transvision, CNN Indonesia dan CNN Indonesia.com. 

CNBC Indonesia dapat dinikmati melalui tayangan Transvision channel 805 atau streaming melalui aplikasi CNBC Indonesia yang dapat di download di playstore atau iOS.

Follow us on social: Twitter: https://twitter.com/cnbcindonesia

Facebook Page: https://www.facebook.com/CNBCIndonesia/

Instagram: https://www.instagram.com/cnbcindonesia/
https://www.instagram.com/cuap_cuan/

Tiktok: https://bit.ly/38BYtJx

Spotify: https://spoti.fi/2BR7KkT",UCGN9JsnkvK05v2lnTI_-uGA,CNBC Indonesia,2025-10-01T06:58:57Z,10938,117,31,Ugzd0zrHuD-R_BZmg_l4AaABAg,Y sama saja klo utk fresh graduate..satu tahun terakhir setelah kuliah..yg nganggur itu banyak pak,@andikurniawan8365,UCU3eW3uv2cv4zJsOIZKpkEw,2025-11-07T07:50:44Z,2025-11-07T07:50:44Z,0,false,true,true
youtube,Magang Berdampak,Magang_Berdampak_awal,Magang Berdampak MSIB,Magang Berdampak MSIB,2025-06-16T00:00:00Z,2026-06-23T23:59:59Z,Jz6Qk0pOsvk,https://www.youtube.com/watch?v=Jz6Qk0pOsvk,Menaker Beberkan Syarat & Ketentuan Program Magang Fresh Graduate 2025,"Pemerintah menyampaikan perkembangan program paket kebijakan ekonomi dan insentif 2025 untuk menjaga pertumbuhan ekonomi RI yang meliputi 8 Program Akselerasi Program 2025, 4 Program dilanjutkan di 2026 dan 5 Program Peneyrapan Tenaga Kerja


Terkait program magang fresh graduate yang penfdaftarannya dimulai 15 Oktober 2025, Menaker Yassierli mengatakan bahwa program ini menargetkan lulusan yang baru lulus dalam 1 tahun terakhir. 

Program Magang lulusan sarjana ini dibatasi maksimum 6 bulan yang dapat diakses lewat platform SIAPkerja


Selengkapnya saksikan Breaking News, CNBC Indonesia (Rabu, 01/10/2025)


 Terus ikuti berita ekonomi bisnis dan analisis mendalam hanya di https://www.cnbcindonesia.com/. 

CNBC Indonesia terafiliasi dengan CNBC Internasional dan beroperasi di bawah grup Transmedia dan tergabung bersama Trans TV, Trans7, Detikcom, Transvision, CNN Indonesia dan CNN Indonesia.com. 

CNBC Indonesia dapat dinikmati melalui tayangan Transvision channel 805 atau streaming melalui aplikasi CNBC Indonesia yang dapat di download di playstore atau iOS.

Follow us on social: Twitter: https://twitter.com/cnbcindonesia

Facebook Page: https://www.facebook.com/CNBCIndonesia/

Instagram: https://www.instagram.com/cnbcindonesia/
https://www.instagram.com/cuap_cuan/

Tiktok: https://bit.ly/38BYtJx

Spotify: https://spoti.fi/2BR7KkT",UCGN9JsnkvK05v2lnTI_-uGA,CNBC Indonesia,2025-10-01T06:58:57Z,10938,117,31,Ugxv1e_XkaC6p1fU_5p4AaABAg,Cara daftarnya gimana,@WawaWawa-ij5kx,UCmF5CB2K3ZP9U1OJQh2y4kA,2025-10-14T11:22:03Z,2025-10-14T11:22:03Z,1,false,true,true
youtube,Magang Berdampak,Magang_Berdampak_awal,Magang Berdampak MSIB,Magang Berdampak MSIB,2025-06-16T00:00:00Z,2026-06-23T23:59:59Z,Jz6Qk0pOsvk,https://www.youtube.com/watch?v=Jz6Qk0pOsvk,Menaker Beberkan Syarat & Ketentuan Program Magang Fresh Graduate 2025,"Pemerintah menyampaikan perkembangan program paket kebijakan ekonomi dan insentif 2025 untuk menjaga pertumbuhan ekonomi RI yang meliputi 8 Program Akselerasi Program 2025, 4 Program dilanjutkan di 2026 dan 5 Program Peneyrapan Tenaga Kerja


Terkait program magang fresh graduate yang penfdaftarannya dimulai 15 Oktober 2025, Menaker Yassierli mengatakan bahwa program ini menargetkan lulusan yang baru lulus dalam 1 tahun terakhir. 

Program Magang lulusan sarjana ini dibatasi maksimum 6 bulan yang dapat diakses lewat platform SIAPkerja


Selengkapnya saksikan Breaking News, CNBC Indonesia (Rabu, 01/10/2025)


 Terus ikuti berita ekonomi bisnis dan analisis mendalam hanya di https://www.cnbcindonesia.com/. 

CNBC Indonesia terafiliasi dengan CNBC Internasional dan beroperasi di bawah grup Transmedia dan tergabung bersama Trans TV, Trans7, Detikcom, Transvision, CNN Indonesia dan CNN Indonesia.com. 

CNBC Indonesia dapat dinikmati melalui tayangan Transvision channel 805 atau streaming melalui aplikasi CNBC Indonesia yang dapat di download di playstore atau iOS.

Follow us on social: Twitter: https://twitter.com/cnbcindonesia

Facebook Page: https://www.facebook.com/CNBCIndonesia/

Instagram: https://www.instagram.com/cnbcindonesia/
https://www.instagram.com/cuap_cuan/

Tiktok: https://bit.ly/38BYtJx

Spotify: https://spoti.fi/2BR7KkT",UCGN9JsnkvK05v2lnTI_-uGA,CNBC Indonesia,2025-10-01T06:58:57Z,10938,117,31,UgwrTym_sj_hSUMVynt4AaABAg,"Kalau nggak bisa nyiptain lapangan kerja, tidur aja om 🤮🤮🤮🤮🤮🤮",@samboro5473,UC9uqNRYHkEUJne5oglkxuKA,2025-10-14T06:25:44Z,2025-10-14T06:25:44Z,0,false,true,true
youtube,Magang Berdampak,Magang_Berdampak_awal,Magang Berdampak MSIB,Magang Berdampak MSIB,2025-06-16T00:00:00Z,2026-06-23T23:59:59Z,Jz6Qk0pOsvk,https://www.youtube.com/watch?v=Jz6Qk0pOsvk,Menaker Beberkan Syarat & Ketentuan Program Magang Fresh Graduate 2025,"Pemerintah menyampaikan perkembangan program paket kebijakan ekonomi dan insentif 2025 untuk menjaga pertumbuhan ekonomi RI yang meliputi 8 Program Akselerasi Program 2025, 4 Program dilanjutkan di 2026 dan 5 Program Peneyrapan Tenaga Kerja


Terkait program magang fresh graduate yang penfdaftarannya dimulai 15 Oktober 2025, Menaker Yassierli mengatakan bahwa program ini menargetkan lulusan yang baru lulus dalam 1 tahun terakhir. 

Program Magang lulusan sarjana ini dibatasi maksimum 6 bulan yang dapat diakses lewat platform SIAPkerja


Selengkapnya saksikan Breaking News, CNBC Indonesia (Rabu, 01/10/2025)


 Terus ikuti berita ekonomi bisnis dan analisis mendalam hanya di https://www.cnbcindonesia.com/. 

CNBC Indonesia terafiliasi dengan CNBC Internasional dan beroperasi di bawah grup Transmedia dan tergabung bersama Trans TV, Trans7, Detikcom, Transvision, CNN Indonesia dan CNN Indonesia.com. 

CNBC Indonesia dapat dinikmati melalui tayangan Transvision channel 805 atau streaming melalui aplikasi CNBC Indonesia yang dapat di download di playstore atau iOS.

Follow us on social: Twitter: https://twitter.com/cnbcindonesia

Facebook Page: https://www.facebook.com/CNBCIndonesia/

Instagram: https://www.instagram.com/cnbcindonesia/
https://www.instagram.com/cuap_cuan/

Tiktok: https://bit.ly/38BYtJx

Spotify: https://spoti.fi/2BR7KkT",UCGN9JsnkvK05v2lnTI_-uGA,CNBC Indonesia,2025-10-01T06:58:57Z,10938,117,31,UgyCYjH_qyeV1gswAvF4AaABAg,Setelah magang terus bagai mana kalo masih susah cari kerja,@sopyan-9608,UCqFcbZwyhqSE66MkHIfQe0A,2025-10-13T02:00:57Z,2025-10-13T02:00:57Z,0,false,true,true
youtube,Magang Berdampak,Magang_Berdampak_awal,Magang Berdampak MSIB,Magang Berdampak MSIB,2025-06-16T00:00:00Z,2026-06-23T23:59:59Z,Jz6Qk0pOsvk,https://www.youtube.com/watch?v=Jz6Qk0pOsvk,Menaker Beberkan Syarat & Ketentuan Program Magang Fresh Graduate 2025,"Pemerintah menyampaikan perkembangan program paket kebijakan ekonomi dan insentif 2025 untuk menjaga pertumbuhan ekonomi RI yang meliputi 8 Program Akselerasi Program 2025, 4 Program dilanjutkan di 2026 dan 5 Program Peneyrapan Tenaga Kerja


Terkait program magang fresh graduate yang penfdaftarannya dimulai 15 Oktober 2025, Menaker Yassierli mengatakan bahwa program ini menargetkan lulusan yang baru lulus dalam 1 tahun terakhir. 

Program Magang lulusan sarjana ini dibatasi maksimum 6 bulan yang dapat diakses lewat platform SIAPkerja


Selengkapnya saksikan Breaking News, CNBC Indonesia (Rabu, 01/10/2025)


 Terus ikuti berita ekonomi bisnis dan analisis mendalam hanya di https://www.cnbcindonesia.com/. 

CNBC Indonesia terafiliasi dengan CNBC Internasional dan beroperasi di bawah grup Transmedia dan tergabung bersama Trans TV, Trans7, Detikcom, Transvision, CNN Indonesia dan CNN Indonesia.com. 

CNBC Indonesia dapat dinikmati melalui tayangan Transvision channel 805 atau streaming melalui aplikasi CNBC Indonesia yang dapat di download di playstore atau iOS.

Follow us on social: Twitter: https://twitter.com/cnbcindonesia

Facebook Page: https://www.facebook.com/CNBCIndonesia/

Instagram: https://www.instagram.com/cnbcindonesia/
https://www.instagram.com/cuap_cuan/

Tiktok: https://bit.ly/38BYtJx

Spotify: https://spoti.fi/2BR7KkT",UCGN9JsnkvK05v2lnTI_-uGA,CNBC Indonesia,2025-10-01T06:58:57Z,10938,117,31,UgzfQL4ZQpbL6TbKx-R4AaABAg,"Masuk ke wennya error ,kok nggak jelas yA",@sandradwiyana5588,UCg8Yyr2eBbRGejFLj2bUKLA,2025-10-12T14:18:18Z,2025-10-12T14:18:18Z,0,false,true,true
youtube,Magang Berdampak,Magang_Berdampak_awal,Magang Berdampak MSIB,Magang Berdampak MSIB,2025-06-16T00:00:00Z,2026-06-23T23:59:59Z,Jz6Qk0pOsvk,https://www.youtube.com/watch?v=Jz6Qk0pOsvk,Menaker Beberkan Syarat & Ketentuan Program Magang Fresh Graduate 2025,"Pemerintah menyampaikan perkembangan program paket kebijakan ekonomi dan insentif 2025 untuk menjaga pertumbuhan ekonomi RI yang meliputi 8 Program Akselerasi Program 2025, 4 Program dilanjutkan di 2026 dan 5 Program Peneyrapan Tenaga Kerja


Terkait program magang fresh graduate yang penfdaftarannya dimulai 15 Oktober 2025, Menaker Yassierli mengatakan bahwa program ini menargetkan lulusan yang baru lulus dalam 1 tahun terakhir. 

Program Magang lulusan sarjana ini dibatasi maksimum 6 bulan yang dapat diakses lewat platform SIAPkerja


Selengkapnya saksikan Breaking News, CNBC Indonesia (Rabu, 01/10/2025)


 Terus ikuti berita ekonomi bisnis dan analisis mendalam hanya di https://www.cnbcindonesia.com/. 

CNBC Indonesia terafiliasi dengan CNBC Internasional dan beroperasi di bawah grup Transmedia dan tergabung bersama Trans TV, Trans7, Detikcom, Transvision, CNN Indonesia dan CNN Indonesia.com. 

CNBC Indonesia dapat dinikmati melalui tayangan Transvision channel 805 atau streaming melalui aplikasi CNBC Indonesia yang dapat di download di playstore atau iOS.

Follow us on social: Twitter: https://twitter.com/cnbcindonesia

Facebook Page: https://www.facebook.com/CNBCIndonesia/

Instagram: https://www.instagram.com/cnbcindonesia/
https://www.instagram.com/cuap_cuan/

Tiktok: https://bit.ly/38BYtJx

Spotify: https://spoti.fi/2BR7KkT",UCGN9JsnkvK05v2lnTI_-uGA,CNBC Indonesia,2025-10-01T06:58:57Z,10938,117,31,UgxOjU81ZI5xSgusCFZ4AaABAg,Nah gt.. guyur sektor fiskal.. apa program belanja diskon wong duitnya kaga ada di rakyat.. rakyat butuh duit di suruh kerja ya mau lah...,@Analiskampung,UCljSge2YBYDLpcRzhGYaZow,2025-10-12T04:53:49Z,2025-10-12T04:53:49Z,0,false,true,true
youtube,Magang Berdampak,Magang_Berdampak_awal,Magang Berdampak MSIB,Magang Berdampak MSIB,2025-06-16T00:00:00Z,2026-06-23T23:59:59Z,Jz6Qk0pOsvk,https://www.youtube.com/watch?v=Jz6Qk0pOsvk,Menaker Beberkan Syarat & Ketentuan Program Magang Fresh Graduate 2025,"Pemerintah menyampaikan perkembangan program paket kebijakan ekonomi dan insentif 2025 untuk menjaga pertumbuhan ekonomi RI yang meliputi 8 Program Akselerasi Program 2025, 4 Program dilanjutkan di 2026 dan 5 Program Peneyrapan Tenaga Kerja


Terkait program magang fresh graduate yang penfdaftarannya dimulai 15 Oktober 2025, Menaker Yassierli mengatakan bahwa program ini menargetkan lulusan yang baru lulus dalam 1 tahun terakhir. 

Program Magang lulusan sarjana ini dibatasi maksimum 6 bulan yang dapat diakses lewat platform SIAPkerja


Selengkapnya saksikan Breaking News, CNBC Indonesia (Rabu, 01/10/2025)


 Terus ikuti berita ekonomi bisnis dan analisis mendalam hanya di https://www.cnbcindonesia.com/. 

CNBC Indonesia terafiliasi dengan CNBC Internasional dan beroperasi di bawah grup Transmedia dan tergabung bersama Trans TV, Trans7, Detikcom, Transvision, CNN Indonesia dan CNN Indonesia.com. 

CNBC Indonesia dapat dinikmati melalui tayangan Transvision channel 805 atau streaming melalui aplikasi CNBC Indonesia yang dapat di download di playstore atau iOS.

Follow us on social: Twitter: https://twitter.com/cnbcindonesia

Facebook Page: https://www.facebook.com/CNBCIndonesia/

Instagram: https://www.instagram.com/cnbcindonesia/
https://www.instagram.com/cuap_cuan/

Tiktok: https://bit.ly/38BYtJx

Spotify: https://spoti.fi/2BR7KkT",UCGN9JsnkvK05v2lnTI_-uGA,CNBC Indonesia,2025-10-01T06:58:57Z,10938,117,31,UgwOlfKs6NjsN6gY9kd4AaABAg,Sebaiknya Bpk Presiden   magangnya di Pendidikan Non Formal kami sangat membutuhkan utk tenaga guru dan operator. Tolong tolong tolong Bpk presiden.,@HeniJuhaeni-v4t,UCFbMp574xNUNwuF_xgqDfrQ,2025-10-12T00:48:34Z,2025-10-12T00:48:34Z,2,false,true,true
youtube,Magang Berdampak,Magang_Berdampak_awal,Magang Berdampak MSIB,Magang Berdampak MSIB,2025-06-16T00:00:00Z,2026-06-23T23:59:59Z,Jz6Qk0pOsvk,https://www.youtube.com/watch?v=Jz6Qk0pOsvk,Menaker Beberkan Syarat & Ketentuan Program Magang Fresh Graduate 2025,"Pemerintah menyampaikan perkembangan program paket kebijakan ekonomi dan insentif 2025 untuk menjaga pertumbuhan ekonomi RI yang meliputi 8 Program Akselerasi Program 2025, 4 Program dilanjutkan di 2026 dan 5 Program Peneyrapan Tenaga Kerja


Terkait program magang fresh graduate yang penfdaftarannya dimulai 15 Oktober 2025, Menaker Yassierli mengatakan bahwa program ini menargetkan lulusan yang baru lulus dalam 1 tahun terakhir. 

Program Magang lulusan sarjana ini dibatasi maksimum 6 bulan yang dapat diakses lewat platform SIAPkerja


Selengkapnya saksikan Breaking News, CNBC Indonesia (Rabu, 01/10/2025)


 Terus ikuti berita ekonomi bisnis dan analisis mendalam hanya di https://www.cnbcindonesia.com/. 

CNBC Indonesia terafiliasi dengan CNBC Internasional dan beroperasi di bawah grup Transmedia dan tergabung bersama Trans TV, Trans7, Detikcom, Transvision, CNN Indonesia dan CNN Indonesia.com. 

CNBC Indonesia dapat dinikmati melalui tayangan Transvision channel 805 atau streaming melalui aplikasi CNBC Indonesia yang dapat di download di playstore atau iOS.

Follow us on social: Twitter: https://twitter.com/cnbcindonesia

Facebook Page: https://www.facebook.com/CNBCIndonesia/

Instagram: https://www.instagram.com/cnbcindonesia/
https://www.instagram.com/cuap_cuan/

Tiktok: https://bit.ly/38BYtJx

Spotify: https://spoti.fi/2BR7KkT",UCGN9JsnkvK05v2lnTI_-uGA,CNBC Indonesia,2025-10-01T06:58:57Z,10938,117,31,UgylRyC98g5nYcmM2Kh4AaABAg,Kami kekurangan guru pendidikan Non Formal. Pendidikan kesetaraan.,@HeniJuhaeni-v4t,UCFbMp574xNUNwuF_xgqDfrQ,2025-10-12T00:40:46Z,2025-10-12T00:40:46Z,1,false,true,true
youtube,Magang Berdampak,Magang_Berdampak_awal,Magang Berdampak MSIB,Magang Berdampak MSIB,2025-06-16T00:00:00Z,2026-06-23T23:59:59Z,Jz6Qk0pOsvk,https://www.youtube.com/watch?v=Jz6Qk0pOsvk,Menaker Beberkan Syarat & Ketentuan Program Magang Fresh Graduate 2025,"Pemerintah menyampaikan perkembangan program paket kebijakan ekonomi dan insentif 2025 untuk menjaga pertumbuhan ekonomi RI yang meliputi 8 Program Akselerasi Program 2025, 4 Program dilanjutkan di 2026 dan 5 Program Peneyrapan Tenaga Kerja


Terkait program magang fresh graduate yang penfdaftarannya dimulai 15 Oktober 2025, Menaker Yassierli mengatakan bahwa program ini menargetkan lulusan yang baru lulus dalam 1 tahun terakhir. 

Program Magang lulusan sarjana ini dibatasi maksimum 6 bulan yang dapat diakses lewat platform SIAPkerja


Selengkapnya saksikan Breaking News, CNBC Indonesia (Rabu, 01/10/2025)


 Terus ikuti berita ekonomi bisnis dan analisis mendalam hanya di https://www.cnbcindonesia.com/. 

CNBC Indonesia terafiliasi dengan CNBC Internasional dan beroperasi di bawah grup Transmedia dan tergabung bersama Trans TV, Trans7, Detikcom, Transvision, CNN Indonesia dan CNN Indonesia.com. 

CNBC Indonesia dapat dinikmati melalui tayangan Transvision channel 805 atau streaming melalui aplikasi CNBC Indonesia yang dapat di download di playstore atau iOS.

Follow us on social: Twitter: https://twitter.com/cnbcindonesia

Facebook Page: https://www.facebook.com/CNBCIndonesia/

Instagram: https://www.instagram.com/cnbcindonesia/
https://www.instagram.com/cuap_cuan/

Tiktok: https://bit.ly/38BYtJx

Spotify: https://spoti.fi/2BR7KkT",UCGN9JsnkvK05v2lnTI_-uGA,CNBC Indonesia,2025-10-01T06:58:57Z,10938,117,31,Ugy29Djxdpo-OALwdql4AaABAg,Fresh graduate aja ya berarti?,@chintiaalqiftiah,UC9zWfubMbD5AJWUXzoQk2ow,2025-10-10T11:11:58Z,2025-10-10T11:11:58Z,1,false,true,true
youtube,Magang Berdampak,Magang_Berdampak_awal,Magang Berdampak MSIB,Magang Berdampak MSIB,2025-06-16T00:00:00Z,2026-06-23T23:59:59Z,Jz6Qk0pOsvk,https://www.youtube.com/watch?v=Jz6Qk0pOsvk,Menaker Beberkan Syarat & Ketentuan Program Magang Fresh Graduate 2025,"Pemerintah menyampaikan perkembangan program paket kebijakan ekonomi dan insentif 2025 untuk menjaga pertumbuhan ekonomi RI yang meliputi 8 Program Akselerasi Program 2025, 4 Program dilanjutkan di 2026 dan 5 Program Peneyrapan Tenaga Kerja


Terkait program magang fresh graduate yang penfdaftarannya dimulai 15 Oktober 2025, Menaker Yassierli mengatakan bahwa program ini menargetkan lulusan yang baru lulus dalam 1 tahun terakhir. 

Program Magang lulusan sarjana ini dibatasi maksimum 6 bulan yang dapat diakses lewat platform SIAPkerja


Selengkapnya saksikan Breaking News, CNBC Indonesia (Rabu, 01/10/2025)


 Terus ikuti berita ekonomi bisnis dan analisis mendalam hanya di https://www.cnbcindonesia.com/. 

CNBC Indonesia terafiliasi dengan CNBC Internasional dan beroperasi di bawah grup Transmedia dan tergabung bersama Trans TV, Trans7, Detikcom, Transvision, CNN Indonesia dan CNN Indonesia.com. 

CNBC Indonesia dapat dinikmati melalui tayangan Transvision channel 805 atau streaming melalui aplikasi CNBC Indonesia yang dapat di download di playstore atau iOS.

Follow us on social: Twitter: https://twitter.com/cnbcindonesia

Facebook Page: https://www.facebook.com/CNBCIndonesia/

Instagram: https://www.instagram.com/cnbcindonesia/
https://www.instagram.com/cuap_cuan/

Tiktok: https://bit.ly/38BYtJx

Spotify: https://spoti.fi/2BR7KkT",UCGN9JsnkvK05v2lnTI_-uGA,CNBC Indonesia,2025-10-01T06:58:57Z,10938,117,31,UgxG9H9XwaBJHfU8HH14AaABAg,Smg anakq lulus,@WiwikFatmawati-x3u,UCJcw4WZj3zOgQeeaspJuQPg,2025-10-09T05:25:24Z,2025-10-09T05:25:24Z,1,false,true,true
youtube,Magang Berdampak,Magang_Berdampak_awal,Magang Berdampak MSIB,Magang Berdampak MSIB,2025-06-16T00:00:00Z,2026-06-23T23:59:59Z,Jz6Qk0pOsvk,https://www.youtube.com/watch?v=Jz6Qk0pOsvk,Menaker Beberkan Syarat & Ketentuan Program Magang Fresh Graduate 2025,"Pemerintah menyampaikan perkembangan program paket kebijakan ekonomi dan insentif 2025 untuk menjaga pertumbuhan ekonomi RI yang meliputi 8 Program Akselerasi Program 2025, 4 Program dilanjutkan di 2026 dan 5 Program Peneyrapan Tenaga Kerja


Terkait program magang fresh graduate yang penfdaftarannya dimulai 15 Oktober 2025, Menaker Yassierli mengatakan bahwa program ini menargetkan lulusan yang baru lulus dalam 1 tahun terakhir. 

Program Magang lulusan sarjana ini dibatasi maksimum 6 bulan yang dapat diakses lewat platform SIAPkerja


Selengkapnya saksikan Breaking News, CNBC Indonesia (Rabu, 01/10/2025)


 Terus ikuti berita ekonomi bisnis dan analisis mendalam hanya di https://www.cnbcindonesia.com/. 

CNBC Indonesia terafiliasi dengan CNBC Internasional dan beroperasi di bawah grup Transmedia dan tergabung bersama Trans TV, Trans7, Detikcom, Transvision, CNN Indonesia dan CNN Indonesia.com. 

CNBC Indonesia dapat dinikmati melalui tayangan Transvision channel 805 atau streaming melalui aplikasi CNBC Indonesia yang dapat di download di playstore atau iOS.

Follow us on social: Twitter: https://twitter.com/cnbcindonesia

Facebook Page: https://www.facebook.com/CNBCIndonesia/

Instagram: https://www.instagram.com/cnbcindonesia/
https://www.instagram.com/cuap_cuan/

Tiktok: https://bit.ly/38BYtJx

Spotify: https://spoti.fi/2BR7KkT",UCGN9JsnkvK05v2lnTI_-uGA,CNBC Indonesia,2025-10-01T06:58:57Z,10938,117,31,Ugw4MW2Y1PlZoqu_roF4AaABAg,Hanya sayangnya diskriminasi   pendidikan dan usia harusnya  pendidikan sma smk dan maksimal usia  tidak dibatasi semua mendapatkan  kesempatan yg sama😊 kenapa  hnya yg D3dan S1yg bisa melamar sedangkan sma dan smk juga punyg hak yg sama😊 sebagai warga negara indonesia  juga'piye toh pak menteri tenaga kerja? Masih bagus zaman pak harto ad program padat karya  buat yg butuh kerja nganggur langsung di salurkan melalui program itu ' dan buat yg tidak punya pekerjaan bisa makan gratis di warteg  yg bayar waktu itu kementrian sosial yg menjabat waktu itu ibu tutut itu baru bagus  jadi rakyat tidak bingung😊,@denisFathir-y4o,UCDJ5USFMY-ccp4Xw3ctvPLg,2025-10-07T18:38:53Z,2025-10-07T18:48:30Z,0,false,true,true
youtube,Magang Berdampak,Magang_Berdampak_awal,Magang Berdampak MSIB,Magang Berdampak MSIB,2025-06-16T00:00:00Z,2026-06-23T23:59:59Z,Jz6Qk0pOsvk,https://www.youtube.com/watch?v=Jz6Qk0pOsvk,Menaker Beberkan Syarat & Ketentuan Program Magang Fresh Graduate 2025,"Pemerintah menyampaikan perkembangan program paket kebijakan ekonomi dan insentif 2025 untuk menjaga pertumbuhan ekonomi RI yang meliputi 8 Program Akselerasi Program 2025, 4 Program dilanjutkan di 2026 dan 5 Program Peneyrapan Tenaga Kerja


Terkait program magang fresh graduate yang penfdaftarannya dimulai 15 Oktober 2025, Menaker Yassierli mengatakan bahwa program ini menargetkan lulusan yang baru lulus dalam 1 tahun terakhir. 

Program Magang lulusan sarjana ini dibatasi maksimum 6 bulan yang dapat diakses lewat platform SIAPkerja


Selengkapnya saksikan Breaking News, CNBC Indonesia (Rabu, 01/10/2025)


 Terus ikuti berita ekonomi bisnis dan analisis mendalam hanya di https://www.cnbcindonesia.com/. 

CNBC Indonesia terafiliasi dengan CNBC Internasional dan beroperasi di bawah grup Transmedia dan tergabung bersama Trans TV, Trans7, Detikcom, Transvision, CNN Indonesia dan CNN Indonesia.com. 

CNBC Indonesia dapat dinikmati melalui tayangan Transvision channel 805 atau streaming melalui aplikasi CNBC Indonesia yang dapat di download di playstore atau iOS.

Follow us on social: Twitter: https://twitter.com/cnbcindonesia

Facebook Page: https://www.facebook.com/CNBCIndonesia/

Instagram: https://www.instagram.com/cnbcindonesia/
https://www.instagram.com/cuap_cuan/

Tiktok: https://bit.ly/38BYtJx

Spotify: https://spoti.fi/2BR7KkT",UCGN9JsnkvK05v2lnTI_-uGA,CNBC Indonesia,2025-10-01T06:58:57Z,10938,117,31,UgwvhuwdH2fZ-05rF1V4AaABAg,Masiswa bisa ngak?,@NONAME-iu4rv,UCMgk0555raRl-P1_JIG0K-w,2025-10-07T14:59:21Z,2025-10-07T14:59:21Z,0,false,true,true
youtube,Magang Berdampak,Magang_Berdampak_awal,Magang Berdampak MSIB,Magang Berdampak MSIB,2025-06-16T00:00:00Z,2026-06-23T23:59:59Z,Jz6Qk0pOsvk,https://www.youtube.com/watch?v=Jz6Qk0pOsvk,Menaker Beberkan Syarat & Ketentuan Program Magang Fresh Graduate 2025,"Pemerintah menyampaikan perkembangan program paket kebijakan ekonomi dan insentif 2025 untuk menjaga pertumbuhan ekonomi RI yang meliputi 8 Program Akselerasi Program 2025, 4 Program dilanjutkan di 2026 dan 5 Program Peneyrapan Tenaga Kerja


Terkait program magang fresh graduate yang penfdaftarannya dimulai 15 Oktober 2025, Menaker Yassierli mengatakan bahwa program ini menargetkan lulusan yang baru lulus dalam 1 tahun terakhir. 

Program Magang lulusan sarjana ini dibatasi maksimum 6 bulan yang dapat diakses lewat platform SIAPkerja


Selengkapnya saksikan Breaking News, CNBC Indonesia (Rabu, 01/10/2025)


 Terus ikuti berita ekonomi bisnis dan analisis mendalam hanya di https://www.cnbcindonesia.com/. 

CNBC Indonesia terafiliasi dengan CNBC Internasional dan beroperasi di bawah grup Transmedia dan tergabung bersama Trans TV, Trans7, Detikcom, Transvision, CNN Indonesia dan CNN Indonesia.com. 

CNBC Indonesia dapat dinikmati melalui tayangan Transvision channel 805 atau streaming melalui aplikasi CNBC Indonesia yang dapat di download di playstore atau iOS.

Follow us on social: Twitter: https://twitter.com/cnbcindonesia

Facebook Page: https://www.facebook.com/CNBCIndonesia/

Instagram: https://www.instagram.com/cnbcindonesia/
https://www.instagram.com/cuap_cuan/

Tiktok: https://bit.ly/38BYtJx

Spotify: https://spoti.fi/2BR7KkT",UCGN9JsnkvK05v2lnTI_-uGA,CNBC Indonesia,2025-10-01T06:58:57Z,10938,117,31,UgyUw1yZ4-oaEP81tf54AaABAg,Bersyukur dulu ya❤,@riamawatianitasari4699,UCQg2DvodFyu3_TUEpE6ZokA,2025-10-07T10:41:48Z,2025-10-07T10:41:48Z,1,false,true,true
youtube,Magang Berdampak,Magang_Berdampak_awal,Magang Berdampak MSIB,Magang Berdampak MSIB,2025-06-16T00:00:00Z,2026-06-23T23:59:59Z,Jz6Qk0pOsvk,https://www.youtube.com/watch?v=Jz6Qk0pOsvk,Menaker Beberkan Syarat & Ketentuan Program Magang Fresh Graduate 2025,"Pemerintah menyampaikan perkembangan program paket kebijakan ekonomi dan insentif 2025 untuk menjaga pertumbuhan ekonomi RI yang meliputi 8 Program Akselerasi Program 2025, 4 Program dilanjutkan di 2026 dan 5 Program Peneyrapan Tenaga Kerja


Terkait program magang fresh graduate yang penfdaftarannya dimulai 15 Oktober 2025, Menaker Yassierli mengatakan bahwa program ini menargetkan lulusan yang baru lulus dalam 1 tahun terakhir. 

Program Magang lulusan sarjana ini dibatasi maksimum 6 bulan yang dapat diakses lewat platform SIAPkerja


Selengkapnya saksikan Breaking News, CNBC Indonesia (Rabu, 01/10/2025)


 Terus ikuti berita ekonomi bisnis dan analisis mendalam hanya di https://www.cnbcindonesia.com/. 

CNBC Indonesia terafiliasi dengan CNBC Internasional dan beroperasi di bawah grup Transmedia dan tergabung bersama Trans TV, Trans7, Detikcom, Transvision, CNN Indonesia dan CNN Indonesia.com. 

CNBC Indonesia dapat dinikmati melalui tayangan Transvision channel 805 atau streaming melalui aplikasi CNBC Indonesia yang dapat di download di playstore atau iOS.

Follow us on social: Twitter: https://twitter.com/cnbcindonesia

Facebook Page: https://www.facebook.com/CNBCIndonesia/

Instagram: https://www.instagram.com/cnbcindonesia/
https://www.instagram.com/cuap_cuan/

Tiktok: https://bit.ly/38BYtJx

Spotify: https://spoti.fi/2BR7KkT",UCGN9JsnkvK05v2lnTI_-uGA,CNBC Indonesia,2025-10-01T06:58:57Z,10938,117,31,UgxL5pw_6wAkrNabdnl4AaABAg,Semoga tercapai cita-cita anak ku dan anak anak yg lain nya semoga sukses 🤲🤲🤲🤲,@bundahery5261,UCL2MdJTTijb2lhONqJBqEhg,2025-10-07T06:38:00Z,2025-10-07T06:38:00Z,1,false,true,true
youtube,Magang Berdampak,Magang_Berdampak_awal,Magang Berdampak MSIB,Magang Berdampak MSIB,2025-06-16T00:00:00Z,2026-06-23T23:59:59Z,Jz6Qk0pOsvk,https://www.youtube.com/watch?v=Jz6Qk0pOsvk,Menaker Beberkan Syarat & Ketentuan Program Magang Fresh Graduate 2025,"Pemerintah menyampaikan perkembangan program paket kebijakan ekonomi dan insentif 2025 untuk menjaga pertumbuhan ekonomi RI yang meliputi 8 Program Akselerasi Program 2025, 4 Program dilanjutkan di 2026 dan 5 Program Peneyrapan Tenaga Kerja


Terkait program magang fresh graduate yang penfdaftarannya dimulai 15 Oktober 2025, Menaker Yassierli mengatakan bahwa program ini menargetkan lulusan yang baru lulus dalam 1 tahun terakhir. 

Program Magang lulusan sarjana ini dibatasi maksimum 6 bulan yang dapat diakses lewat platform SIAPkerja


Selengkapnya saksikan Breaking News, CNBC Indonesia (Rabu, 01/10/2025)


 Terus ikuti berita ekonomi bisnis dan analisis mendalam hanya di https://www.cnbcindonesia.com/. 

CNBC Indonesia terafiliasi dengan CNBC Internasional dan beroperasi di bawah grup Transmedia dan tergabung bersama Trans TV, Trans7, Detikcom, Transvision, CNN Indonesia dan CNN Indonesia.com. 

CNBC Indonesia dapat dinikmati melalui tayangan Transvision channel 805 atau streaming melalui aplikasi CNBC Indonesia yang dapat di download di playstore atau iOS.

Follow us on social: Twitter: https://twitter.com/cnbcindonesia

Facebook Page: https://www.facebook.com/CNBCIndonesia/

Instagram: https://www.instagram.com/cnbcindonesia/
https://www.instagram.com/cuap_cuan/

Tiktok: https://bit.ly/38BYtJx

Spotify: https://spoti.fi/2BR7KkT",UCGN9JsnkvK05v2lnTI_-uGA,CNBC Indonesia,2025-10-01T06:58:57Z,10938,117,31,UgxoGuTu7AP0SiOZwAF4AaABAg,Alhamdulillah,@NajwaDasmaAshilla,UC0tHi-xpRqLK1LiSkDhTOmg,2025-10-06T23:39:01Z,2025-10-06T23:39:01Z,0,false,true,true
youtube,Magang Berdampak,Magang_Berdampak_awal,Magang Berdampak MSIB,Magang Berdampak MSIB,2025-06-16T00:00:00Z,2026-06-23T23:59:59Z,Jz6Qk0pOsvk,https://www.youtube.com/watch?v=Jz6Qk0pOsvk,Menaker Beberkan Syarat & Ketentuan Program Magang Fresh Graduate 2025,"Pemerintah menyampaikan perkembangan program paket kebijakan ekonomi dan insentif 2025 untuk menjaga pertumbuhan ekonomi RI yang meliputi 8 Program Akselerasi Program 2025, 4 Program dilanjutkan di 2026 dan 5 Program Peneyrapan Tenaga Kerja


Terkait program magang fresh graduate yang penfdaftarannya dimulai 15 Oktober 2025, Menaker Yassierli mengatakan bahwa program ini menargetkan lulusan yang baru lulus dalam 1 tahun terakhir. 

Program Magang lulusan sarjana ini dibatasi maksimum 6 bulan yang dapat diakses lewat platform SIAPkerja


Selengkapnya saksikan Breaking News, CNBC Indonesia (Rabu, 01/10/2025)


 Terus ikuti berita ekonomi bisnis dan analisis mendalam hanya di https://www.cnbcindonesia.com/. 

CNBC Indonesia terafiliasi dengan CNBC Internasional dan beroperasi di bawah grup Transmedia dan tergabung bersama Trans TV, Trans7, Detikcom, Transvision, CNN Indonesia dan CNN Indonesia.com. 

CNBC Indonesia dapat dinikmati melalui tayangan Transvision channel 805 atau streaming melalui aplikasi CNBC Indonesia yang dapat di download di playstore atau iOS.

Follow us on social: Twitter: https://twitter.com/cnbcindonesia

Facebook Page: https://www.facebook.com/CNBCIndonesia/

Instagram: https://www.instagram.com/cnbcindonesia/
https://www.instagram.com/cuap_cuan/

Tiktok: https://bit.ly/38BYtJx

Spotify: https://spoti.fi/2BR7KkT",UCGN9JsnkvK05v2lnTI_-uGA,CNBC Indonesia,2025-10-01T06:58:57Z,10938,117,31,Ugzx_eq3eF5UaRXcq0x4AaABAg,Jurusan apa saja pak?,@nurulastri393,UC8gE5kTkjttJEDTLzmFByyg,2025-10-06T14:52:32Z,2025-10-06T14:52:32Z,0,false,true,true
youtube,Magang Berdampak,Magang_Berdampak_awal,Magang Berdampak MSIB,Magang Berdampak MSIB,2025-06-16T00:00:00Z,2026-06-23T23:59:59Z,Jz6Qk0pOsvk,https://www.youtube.com/watch?v=Jz6Qk0pOsvk,Menaker Beberkan Syarat & Ketentuan Program Magang Fresh Graduate 2025,"Pemerintah menyampaikan perkembangan program paket kebijakan ekonomi dan insentif 2025 untuk menjaga pertumbuhan ekonomi RI yang meliputi 8 Program Akselerasi Program 2025, 4 Program dilanjutkan di 2026 dan 5 Program Peneyrapan Tenaga Kerja


Terkait program magang fresh graduate yang penfdaftarannya dimulai 15 Oktober 2025, Menaker Yassierli mengatakan bahwa program ini menargetkan lulusan yang baru lulus dalam 1 tahun terakhir. 

Program Magang lulusan sarjana ini dibatasi maksimum 6 bulan yang dapat diakses lewat platform SIAPkerja


Selengkapnya saksikan Breaking News, CNBC Indonesia (Rabu, 01/10/2025)


 Terus ikuti berita ekonomi bisnis dan analisis mendalam hanya di https://www.cnbcindonesia.com/. 

CNBC Indonesia terafiliasi dengan CNBC Internasional dan beroperasi di bawah grup Transmedia dan tergabung bersama Trans TV, Trans7, Detikcom, Transvision, CNN Indonesia dan CNN Indonesia.com. 

CNBC Indonesia dapat dinikmati melalui tayangan Transvision channel 805 atau streaming melalui aplikasi CNBC Indonesia yang dapat di download di playstore atau iOS.

Follow us on social: Twitter: https://twitter.com/cnbcindonesia

Facebook Page: https://www.facebook.com/CNBCIndonesia/

Instagram: https://www.instagram.com/cnbcindonesia/
https://www.instagram.com/cuap_cuan/

Tiktok: https://bit.ly/38BYtJx

Spotify: https://spoti.fi/2BR7KkT",UCGN9JsnkvK05v2lnTI_-uGA,CNBC Indonesia,2025-10-01T06:58:57Z,10938,117,31,Ugx3qdWkaw5x6S_NU9N4AaABAg,Kalau masuk lewat orang dalam bayar berapa?,@elektronikachannel9657,UCzCqN5xlVro4bE8rG88sRXQ,2025-10-04T13:52:45Z,2025-10-04T13:52:45Z,0,false,true,true
youtube,Magang Berdampak,Magang_Berdampak_awal,Magang Berdampak MSIB,Magang Berdampak MSIB,2025-06-16T00:00:00Z,2026-06-23T23:59:59Z,Jz6Qk0pOsvk,https://www.youtube.com/watch?v=Jz6Qk0pOsvk,Menaker Beberkan Syarat & Ketentuan Program Magang Fresh Graduate 2025,"Pemerintah menyampaikan perkembangan program paket kebijakan ekonomi dan insentif 2025 untuk menjaga pertumbuhan ekonomi RI yang meliputi 8 Program Akselerasi Program 2025, 4 Program dilanjutkan di 2026 dan 5 Program Peneyrapan Tenaga Kerja


Terkait program magang fresh graduate yang penfdaftarannya dimulai 15 Oktober 2025, Menaker Yassierli mengatakan bahwa program ini menargetkan lulusan yang baru lulus dalam 1 tahun terakhir. 

Program Magang lulusan sarjana ini dibatasi maksimum 6 bulan yang dapat diakses lewat platform SIAPkerja


Selengkapnya saksikan Breaking News, CNBC Indonesia (Rabu, 01/10/2025)


 Terus ikuti berita ekonomi bisnis dan analisis mendalam hanya di https://www.cnbcindonesia.com/. 

CNBC Indonesia terafiliasi dengan CNBC Internasional dan beroperasi di bawah grup Transmedia dan tergabung bersama Trans TV, Trans7, Detikcom, Transvision, CNN Indonesia dan CNN Indonesia.com. 

CNBC Indonesia dapat dinikmati melalui tayangan Transvision channel 805 atau streaming melalui aplikasi CNBC Indonesia yang dapat di download di playstore atau iOS.

Follow us on social: Twitter: https://twitter.com/cnbcindonesia

Facebook Page: https://www.facebook.com/CNBCIndonesia/

Instagram: https://www.instagram.com/cnbcindonesia/
https://www.instagram.com/cuap_cuan/

Tiktok: https://bit.ly/38BYtJx

Spotify: https://spoti.fi/2BR7KkT",UCGN9JsnkvK05v2lnTI_-uGA,CNBC Indonesia,2025-10-01T06:58:57Z,10938,117,31,Ugzw8fVTuKoYF_s2ytx4AaABAg,Buat emak2 gak ada ya? Ini beneran cuma buat freshgraduate?,@RelaSartika,UCZ90qiHigHSujG2vlUXxSvg,2025-10-03T17:39:19Z,2025-10-03T17:39:19Z,0,false,true,true
youtube,Magang Berdampak,Magang_Berdampak_awal,Magang Berdampak MSIB,Magang Berdampak MSIB,2025-06-16T00:00:00Z,2026-06-23T23:59:59Z,Jz6Qk0pOsvk,https://www.youtube.com/watch?v=Jz6Qk0pOsvk,Menaker Beberkan Syarat & Ketentuan Program Magang Fresh Graduate 2025,"Pemerintah menyampaikan perkembangan program paket kebijakan ekonomi dan insentif 2025 untuk menjaga pertumbuhan ekonomi RI yang meliputi 8 Program Akselerasi Program 2025, 4 Program dilanjutkan di 2026 dan 5 Program Peneyrapan Tenaga Kerja


Terkait program magang fresh graduate yang penfdaftarannya dimulai 15 Oktober 2025, Menaker Yassierli mengatakan bahwa program ini menargetkan lulusan yang baru lulus dalam 1 tahun terakhir. 

Program Magang lulusan sarjana ini dibatasi maksimum 6 bulan yang dapat diakses lewat platform SIAPkerja


Selengkapnya saksikan Breaking News, CNBC Indonesia (Rabu, 01/10/2025)


 Terus ikuti berita ekonomi bisnis dan analisis mendalam hanya di https://www.cnbcindonesia.com/. 

CNBC Indonesia terafiliasi dengan CNBC Internasional dan beroperasi di bawah grup Transmedia dan tergabung bersama Trans TV, Trans7, Detikcom, Transvision, CNN Indonesia dan CNN Indonesia.com. 

CNBC Indonesia dapat dinikmati melalui tayangan Transvision channel 805 atau streaming melalui aplikasi CNBC Indonesia yang dapat di download di playstore atau iOS.

Follow us on social: Twitter: https://twitter.com/cnbcindonesia

Facebook Page: https://www.facebook.com/CNBCIndonesia/

Instagram: https://www.instagram.com/cnbcindonesia/
https://www.instagram.com/cuap_cuan/

Tiktok: https://bit.ly/38BYtJx

Spotify: https://spoti.fi/2BR7KkT",UCGN9JsnkvK05v2lnTI_-uGA,CNBC Indonesia,2025-10-01T06:58:57Z,10938,117,31,Ugx9jtBnR465KeOV_hx4AaABAg,"Hahaha...Bagus sih 
Tapi malah kayak penyediaan  tenaga kerja outsourcing.
Dalam proyek tertuang uang saku 3,3 jt/orang tapi nanti riil diterima cuma 2 jt-an 😛",@srifitriwahyuni9187,UCvMavotmJ-51yO200E6O9uA,2025-10-03T02:57:51Z,2025-10-03T02:57:51Z,2,false,true,true
youtube,Magang Berdampak,Magang_Berdampak_awal,Magang Berdampak MSIB,Magang Berdampak MSIB,2025-06-16T00:00:00Z,2026-06-23T23:59:59Z,Jz6Qk0pOsvk,https://www.youtube.com/watch?v=Jz6Qk0pOsvk,Menaker Beberkan Syarat & Ketentuan Program Magang Fresh Graduate 2025,"Pemerintah menyampaikan perkembangan program paket kebijakan ekonomi dan insentif 2025 untuk menjaga pertumbuhan ekonomi RI yang meliputi 8 Program Akselerasi Program 2025, 4 Program dilanjutkan di 2026 dan 5 Program Peneyrapan Tenaga Kerja


Terkait program magang fresh graduate yang penfdaftarannya dimulai 15 Oktober 2025, Menaker Yassierli mengatakan bahwa program ini menargetkan lulusan yang baru lulus dalam 1 tahun terakhir. 

Program Magang lulusan sarjana ini dibatasi maksimum 6 bulan yang dapat diakses lewat platform SIAPkerja


Selengkapnya saksikan Breaking News, CNBC Indonesia (Rabu, 01/10/2025)


 Terus ikuti berita ekonomi bisnis dan analisis mendalam hanya di https://www.cnbcindonesia.com/. 

CNBC Indonesia terafiliasi dengan CNBC Internasional dan beroperasi di bawah grup Transmedia dan tergabung bersama Trans TV, Trans7, Detikcom, Transvision, CNN Indonesia dan CNN Indonesia.com. 

CNBC Indonesia dapat dinikmati melalui tayangan Transvision channel 805 atau streaming melalui aplikasi CNBC Indonesia yang dapat di download di playstore atau iOS.

Follow us on social: Twitter: https://twitter.com/cnbcindonesia

Facebook Page: https://www.facebook.com/CNBCIndonesia/

Instagram: https://www.instagram.com/cnbcindonesia/
https://www.instagram.com/cuap_cuan/

Tiktok: https://bit.ly/38BYtJx

Spotify: https://spoti.fi/2BR7KkT",UCGN9JsnkvK05v2lnTI_-uGA,CNBC Indonesia,2025-10-01T06:58:57Z,10938,117,31,UgxdG9AynaGPdb0PSf94AaABAg,Mantapp,@haminmin8076,UCTZonSRkqT0hivEDdMSTDNA,2025-10-02T13:38:50Z,2025-10-02T13:38:50Z,2,false,true,true
youtube,Magang Berdampak,Magang_Berdampak_awal,Magang Berdampak MSIB,Magang Berdampak MSIB,2025-06-16T00:00:00Z,2026-06-23T23:59:59Z,Jz6Qk0pOsvk,https://www.youtube.com/watch?v=Jz6Qk0pOsvk,Menaker Beberkan Syarat & Ketentuan Program Magang Fresh Graduate 2025,"Pemerintah menyampaikan perkembangan program paket kebijakan ekonomi dan insentif 2025 untuk menjaga pertumbuhan ekonomi RI yang meliputi 8 Program Akselerasi Program 2025, 4 Program dilanjutkan di 2026 dan 5 Program Peneyrapan Tenaga Kerja


Terkait program magang fresh graduate yang penfdaftarannya dimulai 15 Oktober 2025, Menaker Yassierli mengatakan bahwa program ini menargetkan lulusan yang baru lulus dalam 1 tahun terakhir. 

Program Magang lulusan sarjana ini dibatasi maksimum 6 bulan yang dapat diakses lewat platform SIAPkerja


Selengkapnya saksikan Breaking News, CNBC Indonesia (Rabu, 01/10/2025)


 Terus ikuti berita ekonomi bisnis dan analisis mendalam hanya di https://www.cnbcindonesia.com/. 

CNBC Indonesia terafiliasi dengan CNBC Internasional dan beroperasi di bawah grup Transmedia dan tergabung bersama Trans TV, Trans7, Detikcom, Transvision, CNN Indonesia dan CNN Indonesia.com. 

CNBC Indonesia dapat dinikmati melalui tayangan Transvision channel 805 atau streaming melalui aplikasi CNBC Indonesia yang dapat di download di playstore atau iOS.

Follow us on social: Twitter: https://twitter.com/cnbcindonesia

Facebook Page: https://www.facebook.com/CNBCIndonesia/

Instagram: https://www.instagram.com/cnbcindonesia/
https://www.instagram.com/cuap_cuan/

Tiktok: https://bit.ly/38BYtJx

Spotify: https://spoti.fi/2BR7KkT",UCGN9JsnkvK05v2lnTI_-uGA,CNBC Indonesia,2025-10-01T06:58:57Z,10938,117,31,Ugw88RqWDJslqtICwmp4AaABAg,saya mengajar bahasa inggris,@AffifMuhammad,UCQj1kamDWT3HNimThAPnzMw,2025-10-02T03:12:50Z,2025-10-02T03:12:50Z,2,false,true,true
youtube,Magang Berdampak,Magang_Berdampak_awal,Magang Berdampak MSIB,Magang Berdampak MSIB,2025-06-16T00:00:00Z,2026-06-23T23:59:59Z,Jz6Qk0pOsvk,https://www.youtube.com/watch?v=Jz6Qk0pOsvk,Menaker Beberkan Syarat & Ketentuan Program Magang Fresh Graduate 2025,"Pemerintah menyampaikan perkembangan program paket kebijakan ekonomi dan insentif 2025 untuk menjaga pertumbuhan ekonomi RI yang meliputi 8 Program Akselerasi Program 2025, 4 Program dilanjutkan di 2026 dan 5 Program Peneyrapan Tenaga Kerja


Terkait program magang fresh graduate yang penfdaftarannya dimulai 15 Oktober 2025, Menaker Yassierli mengatakan bahwa program ini menargetkan lulusan yang baru lulus dalam 1 tahun terakhir. 

Program Magang lulusan sarjana ini dibatasi maksimum 6 bulan yang dapat diakses lewat platform SIAPkerja


Selengkapnya saksikan Breaking News, CNBC Indonesia (Rabu, 01/10/2025)


 Terus ikuti berita ekonomi bisnis dan analisis mendalam hanya di https://www.cnbcindonesia.com/. 

CNBC Indonesia terafiliasi dengan CNBC Internasional dan beroperasi di bawah grup Transmedia dan tergabung bersama Trans TV, Trans7, Detikcom, Transvision, CNN Indonesia dan CNN Indonesia.com. 

CNBC Indonesia dapat dinikmati melalui tayangan Transvision channel 805 atau streaming melalui aplikasi CNBC Indonesia yang dapat di download di playstore atau iOS.

Follow us on social: Twitter: https://twitter.com/cnbcindonesia

Facebook Page: https://www.facebook.com/CNBCIndonesia/

Instagram: https://www.instagram.com/cnbcindonesia/
https://www.instagram.com/cuap_cuan/

Tiktok: https://bit.ly/38BYtJx

Spotify: https://spoti.fi/2BR7KkT",UCGN9JsnkvK05v2lnTI_-uGA,CNBC Indonesia,2025-10-01T06:58:57Z,10938,117,31,Ugz-aQFk8quZL_9MpCJ4AaABAg,bener ya pak saya magang selama satu tahun di SDN negeri 01 kedukul sanggau kalbar saya tunggu tgl 15,@AffifMuhammad,UCQj1kamDWT3HNimThAPnzMw,2025-10-02T03:11:37Z,2025-10-02T03:11:37Z,3,false,true,true
youtube,Magang Berdampak,Magang_Berdampak_awal,Magang Berdampak MSIB,Magang Berdampak MSIB,2025-06-16T00:00:00Z,2026-06-23T23:59:59Z,MvUpCowVeVA,https://www.youtube.com/watch?v=MvUpCowVeVA,Keterima magang jalur langit !!! GINI CERITANYA #bangsap #maganghub #kemnaker,,UCNzAryuY0-2PIsNVLVupMNQ,Bang Sap,2025-10-22T09:32:23Z,9502,108,1,UgxjcDxgcdfCBO8P4UN4AaABAg,Ya Allah semoga saya dapat diterima juga mas,@_SawakiAlby,UCtBkao9pkoerYlJCmdexjHQ,2025-11-19T06:22:29Z,2025-11-19T06:22:29Z,2,false,true,true
youtube,Magang Berdampak,Magang_Berdampak_awal,Magang Berdampak MSIB,Magang Berdampak MSIB,2025-06-16T00:00:00Z,2026-06-23T23:59:59Z,-ehPwwYuzUo,https://www.youtube.com/watch?v=-ehPwwYuzUo,"CARA DAFTAR PROGRAM MAGANG GAJI 3,3 JUTA DARI PEMERINTAH KEMNAKER // PROGRAM MAGANG FRESH GRADUATE","CARA DAFTAR PROGRAM MAGANG GAJI 3,3 JUTA DARI PEMERINTAH KEMNAKER // PROGRAM MAGANG FRESH GRADUATE.


CARA AGAR BERHASIL IKUTIN VIDIO TERABRU: https://youtu.be/iJErY5k0b_w?si=bVj9muSN7Gvv1Lv_



#caradaftarprogrammagang3,3 juta
#programmaganggaji3,3juta
#programmagangfreshgraduate
#lowongankerja  
#programmagangpemerintah
#programmagangkemnaker
#caradaftarprogrammagangfreshgraduate
#caradaftarmagangfreshgraduategaji3,3daripemerintah
#caradaftarprogrammagangpemerintah
#syaratdaftarprogrammagangpemerintah
#programmagangkemnaker






cara daftar program magang 3,3 juta, program magang gaji 3,3 juta,program magang fresh graduate, program magang pemerintah, program magang kemnaker, cara daftar program magang fresh graduate, cara daftar magang fresh graduate gaji 3,3 dari pemerintah, cara daftar program magang pemerintah, program magang, syarat daftar program magang pemerintah, syarat daftar program magang gaji 3,3 juta, apa saja yang di dapatkan dari program magang gaji 3,3 juta dari pemerintah, cara magang mahasiswa, magang hub kemnaker, cara magang di perusahaan, cara daftar magang di perusahaan, bantuan pemerintah oktober 2025, bantuan pemerintah tahun 2025, bantuan pemerintah yang cair oktober 2025, siap kerja kemnaker, maganghub.kemnaker.go.id, siap kerja kemnaker, magang, lowongan kerja, lowongan kerja fresh graduate,",UCDXDnlwZgzqEisdAl-WyIdQ,Indah Yusni,2025-10-07T04:19:29Z,18732,212,129,UgzAdFHw37gY165qMrd4AaABAg,*CARA BIAR LOLOS DAFTAR MAGANG* https://youtu.be/iJErY5k0b_w?si=pFywmrc-H7Ek7tUZ*,@IndahYusni,UCDXDnlwZgzqEisdAl-WyIdQ,2025-12-03T09:30:07Z,2025-12-03T09:30:07Z,0,false,true,true
youtube,Magang Berdampak,Magang_Berdampak_awal,Magang Berdampak MSIB,Magang Berdampak MSIB,2025-06-16T00:00:00Z,2026-06-23T23:59:59Z,-ehPwwYuzUo,https://www.youtube.com/watch?v=-ehPwwYuzUo,"CARA DAFTAR PROGRAM MAGANG GAJI 3,3 JUTA DARI PEMERINTAH KEMNAKER // PROGRAM MAGANG FRESH GRADUATE","CARA DAFTAR PROGRAM MAGANG GAJI 3,3 JUTA DARI PEMERINTAH KEMNAKER // PROGRAM MAGANG FRESH GRADUATE.


CARA AGAR BERHASIL IKUTIN VIDIO TERABRU: https://youtu.be/iJErY5k0b_w?si=bVj9muSN7Gvv1Lv_



#caradaftarprogrammagang3,3 juta
#programmaganggaji3,3juta
#programmagangfreshgraduate
#lowongankerja  
#programmagangpemerintah
#programmagangkemnaker
#caradaftarprogrammagangfreshgraduate
#caradaftarmagangfreshgraduategaji3,3daripemerintah
#caradaftarprogrammagangpemerintah
#syaratdaftarprogrammagangpemerintah
#programmagangkemnaker






cara daftar program magang 3,3 juta, program magang gaji 3,3 juta,program magang fresh graduate, program magang pemerintah, program magang kemnaker, cara daftar program magang fresh graduate, cara daftar magang fresh graduate gaji 3,3 dari pemerintah, cara daftar program magang pemerintah, program magang, syarat daftar program magang pemerintah, syarat daftar program magang gaji 3,3 juta, apa saja yang di dapatkan dari program magang gaji 3,3 juta dari pemerintah, cara magang mahasiswa, magang hub kemnaker, cara magang di perusahaan, cara daftar magang di perusahaan, bantuan pemerintah oktober 2025, bantuan pemerintah tahun 2025, bantuan pemerintah yang cair oktober 2025, siap kerja kemnaker, maganghub.kemnaker.go.id, siap kerja kemnaker, magang, lowongan kerja, lowongan kerja fresh graduate,",UCDXDnlwZgzqEisdAl-WyIdQ,Indah Yusni,2025-10-07T04:19:29Z,18732,212,129,UgxIMtpAU9-XI5M1q294AaABAg,Kk akun tiktok nya kk,@MAYONIS-2026,UC1veh9XrGl6vcA6vqGP8zXg,2026-05-24T01:40:26Z,2026-05-24T01:40:26Z,0,false,true,true
youtube,Magang Berdampak,Magang_Berdampak_awal,Magang Berdampak MSIB,Magang Berdampak MSIB,2025-06-16T00:00:00Z,2026-06-23T23:59:59Z,-ehPwwYuzUo,https://www.youtube.com/watch?v=-ehPwwYuzUo,"CARA DAFTAR PROGRAM MAGANG GAJI 3,3 JUTA DARI PEMERINTAH KEMNAKER // PROGRAM MAGANG FRESH GRADUATE","CARA DAFTAR PROGRAM MAGANG GAJI 3,3 JUTA DARI PEMERINTAH KEMNAKER // PROGRAM MAGANG FRESH GRADUATE.


CARA AGAR BERHASIL IKUTIN VIDIO TERABRU: https://youtu.be/iJErY5k0b_w?si=bVj9muSN7Gvv1Lv_



#caradaftarprogrammagang3,3 juta
#programmaganggaji3,3juta
#programmagangfreshgraduate
#lowongankerja  
#programmagangpemerintah
#programmagangkemnaker
#caradaftarprogrammagangfreshgraduate
#caradaftarmagangfreshgraduategaji3,3daripemerintah
#caradaftarprogrammagangpemerintah
#syaratdaftarprogrammagangpemerintah
#programmagangkemnaker






cara daftar program magang 3,3 juta, program magang gaji 3,3 juta,program magang fresh graduate, program magang pemerintah, program magang kemnaker, cara daftar program magang fresh graduate, cara daftar magang fresh graduate gaji 3,3 dari pemerintah, cara daftar program magang pemerintah, program magang, syarat daftar program magang pemerintah, syarat daftar program magang gaji 3,3 juta, apa saja yang di dapatkan dari program magang gaji 3,3 juta dari pemerintah, cara magang mahasiswa, magang hub kemnaker, cara magang di perusahaan, cara daftar magang di perusahaan, bantuan pemerintah oktober 2025, bantuan pemerintah tahun 2025, bantuan pemerintah yang cair oktober 2025, siap kerja kemnaker, maganghub.kemnaker.go.id, siap kerja kemnaker, magang, lowongan kerja, lowongan kerja fresh graduate,",UCDXDnlwZgzqEisdAl-WyIdQ,Indah Yusni,2025-10-07T04:19:29Z,18732,212,129,UgydzVpbcchr4yNpwZp4AaABAg,"Halo kak
ini saya sdh daftar magang serta sudah daftar lowongan, awalnya aman sudah di profil saya hijau(memenuhi syarat), tapi pas keesokan harinya saya ada sedikit edit deskripsi profil buat lebih formal karna opsional tertulis, entah kenapa tiba2 warna merah(tidak memenuhi syarat). 
Itu aman aja kah kak?, atau berpengaruh nanti pas seleksi?",@Andriaaaaan,UCz59JDe0wgxmtdQDlfUayWA,2025-12-07T01:51:27Z,2025-12-07T01:51:27Z,0,false,true,true
youtube,Magang Berdampak,Magang_Berdampak_awal,Magang Berdampak MSIB,Magang Berdampak MSIB,2025-06-16T00:00:00Z,2026-06-23T23:59:59Z,-ehPwwYuzUo,https://www.youtube.com/watch?v=-ehPwwYuzUo,"CARA DAFTAR PROGRAM MAGANG GAJI 3,3 JUTA DARI PEMERINTAH KEMNAKER // PROGRAM MAGANG FRESH GRADUATE","CARA DAFTAR PROGRAM MAGANG GAJI 3,3 JUTA DARI PEMERINTAH KEMNAKER // PROGRAM MAGANG FRESH GRADUATE.


CARA AGAR BERHASIL IKUTIN VIDIO TERABRU: https://youtu.be/iJErY5k0b_w?si=bVj9muSN7Gvv1Lv_



#caradaftarprogrammagang3,3 juta
#programmaganggaji3,3juta
#programmagangfreshgraduate
#lowongankerja  
#programmagangpemerintah
#programmagangkemnaker
#caradaftarprogrammagangfreshgraduate
#caradaftarmagangfreshgraduategaji3,3daripemerintah
#caradaftarprogrammagangpemerintah
#syaratdaftarprogrammagangpemerintah
#programmagangkemnaker






cara daftar program magang 3,3 juta, program magang gaji 3,3 juta,program magang fresh graduate, program magang pemerintah, program magang kemnaker, cara daftar program magang fresh graduate, cara daftar magang fresh graduate gaji 3,3 dari pemerintah, cara daftar program magang pemerintah, program magang, syarat daftar program magang pemerintah, syarat daftar program magang gaji 3,3 juta, apa saja yang di dapatkan dari program magang gaji 3,3 juta dari pemerintah, cara magang mahasiswa, magang hub kemnaker, cara magang di perusahaan, cara daftar magang di perusahaan, bantuan pemerintah oktober 2025, bantuan pemerintah tahun 2025, bantuan pemerintah yang cair oktober 2025, siap kerja kemnaker, maganghub.kemnaker.go.id, siap kerja kemnaker, magang, lowongan kerja, lowongan kerja fresh graduate,",UCDXDnlwZgzqEisdAl-WyIdQ,Indah Yusni,2025-10-07T04:19:29Z,18732,212,129,UgwyoU_Wp3evcuy_hA14AaABAg,tetep aja merah ga bisa,@Jun_Emilian,UCV9oYBT9nTOwCXQkFEJ3U9w,2025-12-04T05:49:21Z,2025-12-04T05:49:21Z,1,false,true,true
youtube,Magang Berdampak,Magang_Berdampak_awal,Magang Berdampak MSIB,Magang Berdampak MSIB,2025-06-16T00:00:00Z,2026-06-23T23:59:59Z,-ehPwwYuzUo,https://www.youtube.com/watch?v=-ehPwwYuzUo,"CARA DAFTAR PROGRAM MAGANG GAJI 3,3 JUTA DARI PEMERINTAH KEMNAKER // PROGRAM MAGANG FRESH GRADUATE","CARA DAFTAR PROGRAM MAGANG GAJI 3,3 JUTA DARI PEMERINTAH KEMNAKER // PROGRAM MAGANG FRESH GRADUATE.


CARA AGAR BERHASIL IKUTIN VIDIO TERABRU: https://youtu.be/iJErY5k0b_w?si=bVj9muSN7Gvv1Lv_



#caradaftarprogrammagang3,3 juta
#programmaganggaji3,3juta
#programmagangfreshgraduate
#lowongankerja  
#programmagangpemerintah
#programmagangkemnaker
#caradaftarprogrammagangfreshgraduate
#caradaftarmagangfreshgraduategaji3,3daripemerintah
#caradaftarprogrammagangpemerintah
#syaratdaftarprogrammagangpemerintah
#programmagangkemnaker






cara daftar program magang 3,3 juta, program magang gaji 3,3 juta,program magang fresh graduate, program magang pemerintah, program magang kemnaker, cara daftar program magang fresh graduate, cara daftar magang fresh graduate gaji 3,3 dari pemerintah, cara daftar program magang pemerintah, program magang, syarat daftar program magang pemerintah, syarat daftar program magang gaji 3,3 juta, apa saja yang di dapatkan dari program magang gaji 3,3 juta dari pemerintah, cara magang mahasiswa, magang hub kemnaker, cara magang di perusahaan, cara daftar magang di perusahaan, bantuan pemerintah oktober 2025, bantuan pemerintah tahun 2025, bantuan pemerintah yang cair oktober 2025, siap kerja kemnaker, maganghub.kemnaker.go.id, siap kerja kemnaker, magang, lowongan kerja, lowongan kerja fresh graduate,",UCDXDnlwZgzqEisdAl-WyIdQ,Indah Yusni,2025-10-07T04:19:29Z,18732,212,129,UgxB4tbYMG59yiZqKQZ4AaABAg,Cuma fresh gred? Jadi mhs belum bisa ya,@lah.kokbisa,UCkMGVQd3F8cohVwvbpcBN4w,2025-11-19T15:03:58Z,2025-11-19T15:03:58Z,0,false,true,true
youtube,Magang Berdampak,Magang_Berdampak_awal,Magang Berdampak MSIB,Magang Berdampak MSIB,2025-06-16T00:00:00Z,2026-06-23T23:59:59Z,-ehPwwYuzUo,https://www.youtube.com/watch?v=-ehPwwYuzUo,"CARA DAFTAR PROGRAM MAGANG GAJI 3,3 JUTA DARI PEMERINTAH KEMNAKER // PROGRAM MAGANG FRESH GRADUATE","CARA DAFTAR PROGRAM MAGANG GAJI 3,3 JUTA DARI PEMERINTAH KEMNAKER // PROGRAM MAGANG FRESH GRADUATE.


CARA AGAR BERHASIL IKUTIN VIDIO TERABRU: https://youtu.be/iJErY5k0b_w?si=bVj9muSN7Gvv1Lv_



#caradaftarprogrammagang3,3 juta
#programmaganggaji3,3juta
#programmagangfreshgraduate
#lowongankerja  
#programmagangpemerintah
#programmagangkemnaker
#caradaftarprogrammagangfreshgraduate
#caradaftarmagangfreshgraduategaji3,3daripemerintah
#caradaftarprogrammagangpemerintah
#syaratdaftarprogrammagangpemerintah
#programmagangkemnaker






cara daftar program magang 3,3 juta, program magang gaji 3,3 juta,program magang fresh graduate, program magang pemerintah, program magang kemnaker, cara daftar program magang fresh graduate, cara daftar magang fresh graduate gaji 3,3 dari pemerintah, cara daftar program magang pemerintah, program magang, syarat daftar program magang pemerintah, syarat daftar program magang gaji 3,3 juta, apa saja yang di dapatkan dari program magang gaji 3,3 juta dari pemerintah, cara magang mahasiswa, magang hub kemnaker, cara magang di perusahaan, cara daftar magang di perusahaan, bantuan pemerintah oktober 2025, bantuan pemerintah tahun 2025, bantuan pemerintah yang cair oktober 2025, siap kerja kemnaker, maganghub.kemnaker.go.id, siap kerja kemnaker, magang, lowongan kerja, lowongan kerja fresh graduate,",UCDXDnlwZgzqEisdAl-WyIdQ,Indah Yusni,2025-10-07T04:19:29Z,18732,212,129,UgyKOMYGJ9ExXicGov54AaABAg,Video selanjutnya mana?,@Jakecornellfan,UCnjQHB6lnFfaGZu3R8Oao7A,2025-11-12T03:54:45Z,2025-11-12T03:54:45Z,0,false,true,true
youtube,Magang Berdampak,Magang_Berdampak_awal,Magang Berdampak MSIB,Magang Berdampak MSIB,2025-06-16T00:00:00Z,2026-06-23T23:59:59Z,-ehPwwYuzUo,https://www.youtube.com/watch?v=-ehPwwYuzUo,"CARA DAFTAR PROGRAM MAGANG GAJI 3,3 JUTA DARI PEMERINTAH KEMNAKER // PROGRAM MAGANG FRESH GRADUATE","CARA DAFTAR PROGRAM MAGANG GAJI 3,3 JUTA DARI PEMERINTAH KEMNAKER // PROGRAM MAGANG FRESH GRADUATE.


CARA AGAR BERHASIL IKUTIN VIDIO TERABRU: https://youtu.be/iJErY5k0b_w?si=bVj9muSN7Gvv1Lv_



#caradaftarprogrammagang3,3 juta
#programmaganggaji3,3juta
#programmagangfreshgraduate
#lowongankerja  
#programmagangpemerintah
#programmagangkemnaker
#caradaftarprogrammagangfreshgraduate
#caradaftarmagangfreshgraduategaji3,3daripemerintah
#caradaftarprogrammagangpemerintah
#syaratdaftarprogrammagangpemerintah
#programmagangkemnaker






cara daftar program magang 3,3 juta, program magang gaji 3,3 juta,program magang fresh graduate, program magang pemerintah, program magang kemnaker, cara daftar program magang fresh graduate, cara daftar magang fresh graduate gaji 3,3 dari pemerintah, cara daftar program magang pemerintah, program magang, syarat daftar program magang pemerintah, syarat daftar program magang gaji 3,3 juta, apa saja yang di dapatkan dari program magang gaji 3,3 juta dari pemerintah, cara magang mahasiswa, magang hub kemnaker, cara magang di perusahaan, cara daftar magang di perusahaan, bantuan pemerintah oktober 2025, bantuan pemerintah tahun 2025, bantuan pemerintah yang cair oktober 2025, siap kerja kemnaker, maganghub.kemnaker.go.id, siap kerja kemnaker, magang, lowongan kerja, lowongan kerja fresh graduate,",UCDXDnlwZgzqEisdAl-WyIdQ,Indah Yusni,2025-10-07T04:19:29Z,18732,212,129,UgwD_sdF8Z8G2JcMLyd4AaABAg,"Kemaren memenuhi syarat, skearang merah katanya tidak memenuhi syarat",@alfiyahdiltakharisma8907,UCfbKy6JuB6zOonRNbGEn8Xg,2025-11-09T06:22:46Z,2025-11-09T06:22:46Z,0,false,true,true
youtube,Magang Berdampak,Magang_Berdampak_awal,Magang Berdampak MSIB,Magang Berdampak MSIB,2025-06-16T00:00:00Z,2026-06-23T23:59:59Z,-ehPwwYuzUo,https://www.youtube.com/watch?v=-ehPwwYuzUo,"CARA DAFTAR PROGRAM MAGANG GAJI 3,3 JUTA DARI PEMERINTAH KEMNAKER // PROGRAM MAGANG FRESH GRADUATE","CARA DAFTAR PROGRAM MAGANG GAJI 3,3 JUTA DARI PEMERINTAH KEMNAKER // PROGRAM MAGANG FRESH GRADUATE.


CARA AGAR BERHASIL IKUTIN VIDIO TERABRU: https://youtu.be/iJErY5k0b_w?si=bVj9muSN7Gvv1Lv_



#caradaftarprogrammagang3,3 juta
#programmaganggaji3,3juta
#programmagangfreshgraduate
#lowongankerja  
#programmagangpemerintah
#programmagangkemnaker
#caradaftarprogrammagangfreshgraduate
#caradaftarmagangfreshgraduategaji3,3daripemerintah
#caradaftarprogrammagangpemerintah
#syaratdaftarprogrammagangpemerintah
#programmagangkemnaker






cara daftar program magang 3,3 juta, program magang gaji 3,3 juta,program magang fresh graduate, program magang pemerintah, program magang kemnaker, cara daftar program magang fresh graduate, cara daftar magang fresh graduate gaji 3,3 dari pemerintah, cara daftar program magang pemerintah, program magang, syarat daftar program magang pemerintah, syarat daftar program magang gaji 3,3 juta, apa saja yang di dapatkan dari program magang gaji 3,3 juta dari pemerintah, cara magang mahasiswa, magang hub kemnaker, cara magang di perusahaan, cara daftar magang di perusahaan, bantuan pemerintah oktober 2025, bantuan pemerintah tahun 2025, bantuan pemerintah yang cair oktober 2025, siap kerja kemnaker, maganghub.kemnaker.go.id, siap kerja kemnaker, magang, lowongan kerja, lowongan kerja fresh graduate,",UCDXDnlwZgzqEisdAl-WyIdQ,Indah Yusni,2025-10-07T04:19:29Z,18732,212,129,UgwH44MB2MaxMAJUgeF4AaABAg,kok saya keterangannya tidak memenuhi syarat ya. pdahal semuanya sudah terdata mulai dari pendidikan dl,@LucianaRoslaini,UCGlvxo_7Qwh2A_r8fkjzz4Q,2025-11-09T03:20:51Z,2025-11-09T03:20:51Z,1,false,true,true
youtube,Magang Berdampak,Magang_Berdampak_awal,Magang Berdampak MSIB,Magang Berdampak MSIB,2025-06-16T00:00:00Z,2026-06-23T23:59:59Z,-ehPwwYuzUo,https://www.youtube.com/watch?v=-ehPwwYuzUo,"CARA DAFTAR PROGRAM MAGANG GAJI 3,3 JUTA DARI PEMERINTAH KEMNAKER // PROGRAM MAGANG FRESH GRADUATE","CARA DAFTAR PROGRAM MAGANG GAJI 3,3 JUTA DARI PEMERINTAH KEMNAKER // PROGRAM MAGANG FRESH GRADUATE.


CARA AGAR BERHASIL IKUTIN VIDIO TERABRU: https://youtu.be/iJErY5k0b_w?si=bVj9muSN7Gvv1Lv_



#caradaftarprogrammagang3,3 juta
#programmaganggaji3,3juta
#programmagangfreshgraduate
#lowongankerja  
#programmagangpemerintah
#programmagangkemnaker
#caradaftarprogrammagangfreshgraduate
#caradaftarmagangfreshgraduategaji3,3daripemerintah
#caradaftarprogrammagangpemerintah
#syaratdaftarprogrammagangpemerintah
#programmagangkemnaker






cara daftar program magang 3,3 juta, program magang gaji 3,3 juta,program magang fresh graduate, program magang pemerintah, program magang kemnaker, cara daftar program magang fresh graduate, cara daftar magang fresh graduate gaji 3,3 dari pemerintah, cara daftar program magang pemerintah, program magang, syarat daftar program magang pemerintah, syarat daftar program magang gaji 3,3 juta, apa saja yang di dapatkan dari program magang gaji 3,3 juta dari pemerintah, cara magang mahasiswa, magang hub kemnaker, cara magang di perusahaan, cara daftar magang di perusahaan, bantuan pemerintah oktober 2025, bantuan pemerintah tahun 2025, bantuan pemerintah yang cair oktober 2025, siap kerja kemnaker, maganghub.kemnaker.go.id, siap kerja kemnaker, magang, lowongan kerja, lowongan kerja fresh graduate,",UCDXDnlwZgzqEisdAl-WyIdQ,Indah Yusni,2025-10-07T04:19:29Z,18732,212,129,UgyHeBt9EKNAMdveIcN4AaABAg,Ini baru daftar akun siapkerja tapi di dashboard maganghub udah dinyatakan tidak memenuhi syarat 😢.,@shendypradana9750,UC8Nf4DEb0ZxvjpvusPZUKug,2025-11-08T14:28:52Z,2025-11-08T14:28:52Z,8,false,true,true
youtube,Magang Berdampak,Magang_Berdampak_awal,Magang Berdampak MSIB,Magang Berdampak MSIB,2025-06-16T00:00:00Z,2026-06-23T23:59:59Z,-ehPwwYuzUo,https://www.youtube.com/watch?v=-ehPwwYuzUo,"CARA DAFTAR PROGRAM MAGANG GAJI 3,3 JUTA DARI PEMERINTAH KEMNAKER // PROGRAM MAGANG FRESH GRADUATE","CARA DAFTAR PROGRAM MAGANG GAJI 3,3 JUTA DARI PEMERINTAH KEMNAKER // PROGRAM MAGANG FRESH GRADUATE.


CARA AGAR BERHASIL IKUTIN VIDIO TERABRU: https://youtu.be/iJErY5k0b_w?si=bVj9muSN7Gvv1Lv_



#caradaftarprogrammagang3,3 juta
#programmaganggaji3,3juta
#programmagangfreshgraduate
#lowongankerja  
#programmagangpemerintah
#programmagangkemnaker
#caradaftarprogrammagangfreshgraduate
#caradaftarmagangfreshgraduategaji3,3daripemerintah
#caradaftarprogrammagangpemerintah
#syaratdaftarprogrammagangpemerintah
#programmagangkemnaker






cara daftar program magang 3,3 juta, program magang gaji 3,3 juta,program magang fresh graduate, program magang pemerintah, program magang kemnaker, cara daftar program magang fresh graduate, cara daftar magang fresh graduate gaji 3,3 dari pemerintah, cara daftar program magang pemerintah, program magang, syarat daftar program magang pemerintah, syarat daftar program magang gaji 3,3 juta, apa saja yang di dapatkan dari program magang gaji 3,3 juta dari pemerintah, cara magang mahasiswa, magang hub kemnaker, cara magang di perusahaan, cara daftar magang di perusahaan, bantuan pemerintah oktober 2025, bantuan pemerintah tahun 2025, bantuan pemerintah yang cair oktober 2025, siap kerja kemnaker, maganghub.kemnaker.go.id, siap kerja kemnaker, magang, lowongan kerja, lowongan kerja fresh graduate,",UCDXDnlwZgzqEisdAl-WyIdQ,Indah Yusni,2025-10-07T04:19:29Z,18732,212,129,UgzJ6S48xnChWKkER5d4AaABAg,Ini baru daftar kok langsung gak lulus magang.,@DanySubag,UC2mSt-EgL_Grw6pTrLvstNw,2025-11-05T07:50:03Z,2025-11-05T07:50:03Z,0,false,true,true
youtube,Magang Berdampak,Magang_Berdampak_awal,Magang Berdampak MSIB,Magang Berdampak MSIB,2025-06-16T00:00:00Z,2026-06-23T23:59:59Z,-ehPwwYuzUo,https://www.youtube.com/watch?v=-ehPwwYuzUo,"CARA DAFTAR PROGRAM MAGANG GAJI 3,3 JUTA DARI PEMERINTAH KEMNAKER // PROGRAM MAGANG FRESH GRADUATE","CARA DAFTAR PROGRAM MAGANG GAJI 3,3 JUTA DARI PEMERINTAH KEMNAKER // PROGRAM MAGANG FRESH GRADUATE.


CARA AGAR BERHASIL IKUTIN VIDIO TERABRU: https://youtu.be/iJErY5k0b_w?si=bVj9muSN7Gvv1Lv_



#caradaftarprogrammagang3,3 juta
#programmaganggaji3,3juta
#programmagangfreshgraduate
#lowongankerja  
#programmagangpemerintah
#programmagangkemnaker
#caradaftarprogrammagangfreshgraduate
#caradaftarmagangfreshgraduategaji3,3daripemerintah
#caradaftarprogrammagangpemerintah
#syaratdaftarprogrammagangpemerintah
#programmagangkemnaker






cara daftar program magang 3,3 juta, program magang gaji 3,3 juta,program magang fresh graduate, program magang pemerintah, program magang kemnaker, cara daftar program magang fresh graduate, cara daftar magang fresh graduate gaji 3,3 dari pemerintah, cara daftar program magang pemerintah, program magang, syarat daftar program magang pemerintah, syarat daftar program magang gaji 3,3 juta, apa saja yang di dapatkan dari program magang gaji 3,3 juta dari pemerintah, cara magang mahasiswa, magang hub kemnaker, cara magang di perusahaan, cara daftar magang di perusahaan, bantuan pemerintah oktober 2025, bantuan pemerintah tahun 2025, bantuan pemerintah yang cair oktober 2025, siap kerja kemnaker, maganghub.kemnaker.go.id, siap kerja kemnaker, magang, lowongan kerja, lowongan kerja fresh graduate,",UCDXDnlwZgzqEisdAl-WyIdQ,Indah Yusni,2025-10-07T04:19:29Z,18732,212,129,UgwLZSBjjH4Hak1q-LV4AaABAg,gabisa pake SKL berarti ya kak?,@shabinaelvitria3967,UCt_jTlP0YPZSIJxiBHnLXWg,2025-11-03T15:33:46Z,2025-11-03T15:33:46Z,0,false,true,true
youtube,Magang Berdampak,Magang_Berdampak_awal,Magang Berdampak MSIB,Magang Berdampak MSIB,2025-06-16T00:00:00Z,2026-06-23T23:59:59Z,-ehPwwYuzUo,https://www.youtube.com/watch?v=-ehPwwYuzUo,"CARA DAFTAR PROGRAM MAGANG GAJI 3,3 JUTA DARI PEMERINTAH KEMNAKER // PROGRAM MAGANG FRESH GRADUATE","CARA DAFTAR PROGRAM MAGANG GAJI 3,3 JUTA DARI PEMERINTAH KEMNAKER // PROGRAM MAGANG FRESH GRADUATE.


CARA AGAR BERHASIL IKUTIN VIDIO TERABRU: https://youtu.be/iJErY5k0b_w?si=bVj9muSN7Gvv1Lv_



#caradaftarprogrammagang3,3 juta
#programmaganggaji3,3juta
#programmagangfreshgraduate
#lowongankerja  
#programmagangpemerintah
#programmagangkemnaker
#caradaftarprogrammagangfreshgraduate
#caradaftarmagangfreshgraduategaji3,3daripemerintah
#caradaftarprogrammagangpemerintah
#syaratdaftarprogrammagangpemerintah
#programmagangkemnaker






cara daftar program magang 3,3 juta, program magang gaji 3,3 juta,program magang fresh graduate, program magang pemerintah, program magang kemnaker, cara daftar program magang fresh graduate, cara daftar magang fresh graduate gaji 3,3 dari pemerintah, cara daftar program magang pemerintah, program magang, syarat daftar program magang pemerintah, syarat daftar program magang gaji 3,3 juta, apa saja yang di dapatkan dari program magang gaji 3,3 juta dari pemerintah, cara magang mahasiswa, magang hub kemnaker, cara magang di perusahaan, cara daftar magang di perusahaan, bantuan pemerintah oktober 2025, bantuan pemerintah tahun 2025, bantuan pemerintah yang cair oktober 2025, siap kerja kemnaker, maganghub.kemnaker.go.id, siap kerja kemnaker, magang, lowongan kerja, lowongan kerja fresh graduate,",UCDXDnlwZgzqEisdAl-WyIdQ,Indah Yusni,2025-10-07T04:19:29Z,18732,212,129,UgxKplouv5u416f5IkZ4AaABAg,Ini ngasih toturaial pelit bgt,@muhammadrafi2110,UCxTp2KjCdbux6LzD-FBhC1Q,2025-11-03T13:24:01Z,2025-11-03T13:24:01Z,0,false,true,true
youtube,Magang Berdampak,Magang_Berdampak_awal,Magang Berdampak MSIB,Magang Berdampak MSIB,2025-06-16T00:00:00Z,2026-06-23T23:59:59Z,-ehPwwYuzUo,https://www.youtube.com/watch?v=-ehPwwYuzUo,"CARA DAFTAR PROGRAM MAGANG GAJI 3,3 JUTA DARI PEMERINTAH KEMNAKER // PROGRAM MAGANG FRESH GRADUATE","CARA DAFTAR PROGRAM MAGANG GAJI 3,3 JUTA DARI PEMERINTAH KEMNAKER // PROGRAM MAGANG FRESH GRADUATE.


CARA AGAR BERHASIL IKUTIN VIDIO TERABRU: https://youtu.be/iJErY5k0b_w?si=bVj9muSN7Gvv1Lv_



#caradaftarprogrammagang3,3 juta
#programmaganggaji3,3juta
#programmagangfreshgraduate
#lowongankerja  
#programmagangpemerintah
#programmagangkemnaker
#caradaftarprogrammagangfreshgraduate
#caradaftarmagangfreshgraduategaji3,3daripemerintah
#caradaftarprogrammagangpemerintah
#syaratdaftarprogrammagangpemerintah
#programmagangkemnaker






cara daftar program magang 3,3 juta, program magang gaji 3,3 juta,program magang fresh graduate, program magang pemerintah, program magang kemnaker, cara daftar program magang fresh graduate, cara daftar magang fresh graduate gaji 3,3 dari pemerintah, cara daftar program magang pemerintah, program magang, syarat daftar program magang pemerintah, syarat daftar program magang gaji 3,3 juta, apa saja yang di dapatkan dari program magang gaji 3,3 juta dari pemerintah, cara magang mahasiswa, magang hub kemnaker, cara magang di perusahaan, cara daftar magang di perusahaan, bantuan pemerintah oktober 2025, bantuan pemerintah tahun 2025, bantuan pemerintah yang cair oktober 2025, siap kerja kemnaker, maganghub.kemnaker.go.id, siap kerja kemnaker, magang, lowongan kerja, lowongan kerja fresh graduate,",UCDXDnlwZgzqEisdAl-WyIdQ,Indah Yusni,2025-10-07T04:19:29Z,18732,212,129,UgzUwjN6SRGOuz1Ii8Z4AaABAg,Cara memenuhi syarat gimana bjirrr aku baru lulus bulan 3 masa gabisa...,@__FerdiYudanto,UCa7YRKWHo2a9RCF0KJiaXfA,2025-11-02T13:07:35Z,2025-11-02T13:07:35Z,5,false,true,true
youtube,Magang Berdampak,Magang_Berdampak_awal,Magang Berdampak MSIB,Magang Berdampak MSIB,2025-06-16T00:00:00Z,2026-06-23T23:59:59Z,-ehPwwYuzUo,https://www.youtube.com/watch?v=-ehPwwYuzUo,"CARA DAFTAR PROGRAM MAGANG GAJI 3,3 JUTA DARI PEMERINTAH KEMNAKER // PROGRAM MAGANG FRESH GRADUATE","CARA DAFTAR PROGRAM MAGANG GAJI 3,3 JUTA DARI PEMERINTAH KEMNAKER // PROGRAM MAGANG FRESH GRADUATE.


CARA AGAR BERHASIL IKUTIN VIDIO TERABRU: https://youtu.be/iJErY5k0b_w?si=bVj9muSN7Gvv1Lv_



#caradaftarprogrammagang3,3 juta
#programmaganggaji3,3juta
#programmagangfreshgraduate
#lowongankerja  
#programmagangpemerintah
#programmagangkemnaker
#caradaftarprogrammagangfreshgraduate
#caradaftarmagangfreshgraduategaji3,3daripemerintah
#caradaftarprogrammagangpemerintah
#syaratdaftarprogrammagangpemerintah
#programmagangkemnaker






cara daftar program magang 3,3 juta, program magang gaji 3,3 juta,program magang fresh graduate, program magang pemerintah, program magang kemnaker, cara daftar program magang fresh graduate, cara daftar magang fresh graduate gaji 3,3 dari pemerintah, cara daftar program magang pemerintah, program magang, syarat daftar program magang pemerintah, syarat daftar program magang gaji 3,3 juta, apa saja yang di dapatkan dari program magang gaji 3,3 juta dari pemerintah, cara magang mahasiswa, magang hub kemnaker, cara magang di perusahaan, cara daftar magang di perusahaan, bantuan pemerintah oktober 2025, bantuan pemerintah tahun 2025, bantuan pemerintah yang cair oktober 2025, siap kerja kemnaker, maganghub.kemnaker.go.id, siap kerja kemnaker, magang, lowongan kerja, lowongan kerja fresh graduate,",UCDXDnlwZgzqEisdAl-WyIdQ,Indah Yusni,2025-10-07T04:19:29Z,18732,212,129,UgwX10t_9mbFS16l8nl4AaABAg,Kok saya masih di nyatakan belum memenuhi persyaratan magang yaa kak??,@bocilkematian2823,UCnJ_tuluwOolim4oow0isGQ,2025-10-25T15:58:38Z,2025-10-25T15:58:38Z,0,false,true,true
youtube,Magang Berdampak,Magang_Berdampak_awal,Magang Berdampak MSIB,Magang Berdampak MSIB,2025-06-16T00:00:00Z,2026-06-23T23:59:59Z,-ehPwwYuzUo,https://www.youtube.com/watch?v=-ehPwwYuzUo,"CARA DAFTAR PROGRAM MAGANG GAJI 3,3 JUTA DARI PEMERINTAH KEMNAKER // PROGRAM MAGANG FRESH GRADUATE","CARA DAFTAR PROGRAM MAGANG GAJI 3,3 JUTA DARI PEMERINTAH KEMNAKER // PROGRAM MAGANG FRESH GRADUATE.


CARA AGAR BERHASIL IKUTIN VIDIO TERABRU: https://youtu.be/iJErY5k0b_w?si=bVj9muSN7Gvv1Lv_



#caradaftarprogrammagang3,3 juta
#programmaganggaji3,3juta
#programmagangfreshgraduate
#lowongankerja  
#programmagangpemerintah
#programmagangkemnaker
#caradaftarprogrammagangfreshgraduate
#caradaftarmagangfreshgraduategaji3,3daripemerintah
#caradaftarprogrammagangpemerintah
#syaratdaftarprogrammagangpemerintah
#programmagangkemnaker






cara daftar program magang 3,3 juta, program magang gaji 3,3 juta,program magang fresh graduate, program magang pemerintah, program magang kemnaker, cara daftar program magang fresh graduate, cara daftar magang fresh graduate gaji 3,3 dari pemerintah, cara daftar program magang pemerintah, program magang, syarat daftar program magang pemerintah, syarat daftar program magang gaji 3,3 juta, apa saja yang di dapatkan dari program magang gaji 3,3 juta dari pemerintah, cara magang mahasiswa, magang hub kemnaker, cara magang di perusahaan, cara daftar magang di perusahaan, bantuan pemerintah oktober 2025, bantuan pemerintah tahun 2025, bantuan pemerintah yang cair oktober 2025, siap kerja kemnaker, maganghub.kemnaker.go.id, siap kerja kemnaker, magang, lowongan kerja, lowongan kerja fresh graduate,",UCDXDnlwZgzqEisdAl-WyIdQ,Indah Yusni,2025-10-07T04:19:29Z,18732,212,129,UgzLLGBdWDzMEQmKDq94AaABAg,Lulusan SMK/SMA cmn hanya bisa terdiam🥲🥲,@kuymabar,UCRixqzBTORw37gHkIXeQyRg,2025-10-23T14:00:02Z,2025-10-23T14:00:02Z,0,false,true,true
youtube,Magang Berdampak,Magang_Berdampak_awal,Magang Berdampak MSIB,Magang Berdampak MSIB,2025-06-16T00:00:00Z,2026-06-23T23:59:59Z,-ehPwwYuzUo,https://www.youtube.com/watch?v=-ehPwwYuzUo,"CARA DAFTAR PROGRAM MAGANG GAJI 3,3 JUTA DARI PEMERINTAH KEMNAKER // PROGRAM MAGANG FRESH GRADUATE","CARA DAFTAR PROGRAM MAGANG GAJI 3,3 JUTA DARI PEMERINTAH KEMNAKER // PROGRAM MAGANG FRESH GRADUATE.


CARA AGAR BERHASIL IKUTIN VIDIO TERABRU: https://youtu.be/iJErY5k0b_w?si=bVj9muSN7Gvv1Lv_



#caradaftarprogrammagang3,3 juta
#programmaganggaji3,3juta
#programmagangfreshgraduate
#lowongankerja  
#programmagangpemerintah
#programmagangkemnaker
#caradaftarprogrammagangfreshgraduate
#caradaftarmagangfreshgraduategaji3,3daripemerintah
#caradaftarprogrammagangpemerintah
#syaratdaftarprogrammagangpemerintah
#programmagangkemnaker






cara daftar program magang 3,3 juta, program magang gaji 3,3 juta,program magang fresh graduate, program magang pemerintah, program magang kemnaker, cara daftar program magang fresh graduate, cara daftar magang fresh graduate gaji 3,3 dari pemerintah, cara daftar program magang pemerintah, program magang, syarat daftar program magang pemerintah, syarat daftar program magang gaji 3,3 juta, apa saja yang di dapatkan dari program magang gaji 3,3 juta dari pemerintah, cara magang mahasiswa, magang hub kemnaker, cara magang di perusahaan, cara daftar magang di perusahaan, bantuan pemerintah oktober 2025, bantuan pemerintah tahun 2025, bantuan pemerintah yang cair oktober 2025, siap kerja kemnaker, maganghub.kemnaker.go.id, siap kerja kemnaker, magang, lowongan kerja, lowongan kerja fresh graduate,",UCDXDnlwZgzqEisdAl-WyIdQ,Indah Yusni,2025-10-07T04:19:29Z,18732,212,129,Ugwl32QoM6m-sClriRR4AaABAg,ini  tau ketrimanya gmn ya soalnya tidak ada email masuk ataupun wa untuk seleksi,@masbraychanel765,UCGERp_qVFbY3IqBRrm8Jqtg,2025-10-20T03:53:48Z,2025-10-20T03:53:48Z,0,false,true,true
youtube,Magang Berdampak,Magang_Berdampak_awal,Magang Berdampak MSIB,Magang Berdampak MSIB,2025-06-16T00:00:00Z,2026-06-23T23:59:59Z,-ehPwwYuzUo,https://www.youtube.com/watch?v=-ehPwwYuzUo,"CARA DAFTAR PROGRAM MAGANG GAJI 3,3 JUTA DARI PEMERINTAH KEMNAKER // PROGRAM MAGANG FRESH GRADUATE","CARA DAFTAR PROGRAM MAGANG GAJI 3,3 JUTA DARI PEMERINTAH KEMNAKER // PROGRAM MAGANG FRESH GRADUATE.


CARA AGAR BERHASIL IKUTIN VIDIO TERABRU: https://youtu.be/iJErY5k0b_w?si=bVj9muSN7Gvv1Lv_



#caradaftarprogrammagang3,3 juta
#programmaganggaji3,3juta
#programmagangfreshgraduate
#lowongankerja  
#programmagangpemerintah
#programmagangkemnaker
#caradaftarprogrammagangfreshgraduate
#caradaftarmagangfreshgraduategaji3,3daripemerintah
#caradaftarprogrammagangpemerintah
#syaratdaftarprogrammagangpemerintah
#programmagangkemnaker






cara daftar program magang 3,3 juta, program magang gaji 3,3 juta,program magang fresh graduate, program magang pemerintah, program magang kemnaker, cara daftar program magang fresh graduate, cara daftar magang fresh graduate gaji 3,3 dari pemerintah, cara daftar program magang pemerintah, program magang, syarat daftar program magang pemerintah, syarat daftar program magang gaji 3,3 juta, apa saja yang di dapatkan dari program magang gaji 3,3 juta dari pemerintah, cara magang mahasiswa, magang hub kemnaker, cara magang di perusahaan, cara daftar magang di perusahaan, bantuan pemerintah oktober 2025, bantuan pemerintah tahun 2025, bantuan pemerintah yang cair oktober 2025, siap kerja kemnaker, maganghub.kemnaker.go.id, siap kerja kemnaker, magang, lowongan kerja, lowongan kerja fresh graduate,",UCDXDnlwZgzqEisdAl-WyIdQ,Indah Yusni,2025-10-07T04:19:29Z,18732,212,129,UgwfQ2dkLx9_f_NWzo14AaABAg,Kknya keseringan berkedip jadi geli lihatnya😂😂😂😂😂😂😂😂🎉🎉🎉🎉🎉,@mukarom4720,UCzwteuRJEE9lOusDlN_a7Pw,2025-10-18T11:19:36Z,2025-10-18T11:19:36Z,0,false,true,true
youtube,Magang Berdampak,Magang_Berdampak_awal,Magang Berdampak MSIB,Magang Berdampak MSIB,2025-06-16T00:00:00Z,2026-06-23T23:59:59Z,-ehPwwYuzUo,https://www.youtube.com/watch?v=-ehPwwYuzUo,"CARA DAFTAR PROGRAM MAGANG GAJI 3,3 JUTA DARI PEMERINTAH KEMNAKER // PROGRAM MAGANG FRESH GRADUATE","CARA DAFTAR PROGRAM MAGANG GAJI 3,3 JUTA DARI PEMERINTAH KEMNAKER // PROGRAM MAGANG FRESH GRADUATE.


CARA AGAR BERHASIL IKUTIN VIDIO TERABRU: https://youtu.be/iJErY5k0b_w?si=bVj9muSN7Gvv1Lv_



#caradaftarprogrammagang3,3 juta
#programmaganggaji3,3juta
#programmagangfreshgraduate
#lowongankerja  
#programmagangpemerintah
#programmagangkemnaker
#caradaftarprogrammagangfreshgraduate
#caradaftarmagangfreshgraduategaji3,3daripemerintah
#caradaftarprogrammagangpemerintah
#syaratdaftarprogrammagangpemerintah
#programmagangkemnaker






cara daftar program magang 3,3 juta, program magang gaji 3,3 juta,program magang fresh graduate, program magang pemerintah, program magang kemnaker, cara daftar program magang fresh graduate, cara daftar magang fresh graduate gaji 3,3 dari pemerintah, cara daftar program magang pemerintah, program magang, syarat daftar program magang pemerintah, syarat daftar program magang gaji 3,3 juta, apa saja yang di dapatkan dari program magang gaji 3,3 juta dari pemerintah, cara magang mahasiswa, magang hub kemnaker, cara magang di perusahaan, cara daftar magang di perusahaan, bantuan pemerintah oktober 2025, bantuan pemerintah tahun 2025, bantuan pemerintah yang cair oktober 2025, siap kerja kemnaker, maganghub.kemnaker.go.id, siap kerja kemnaker, magang, lowongan kerja, lowongan kerja fresh graduate,",UCDXDnlwZgzqEisdAl-WyIdQ,Indah Yusni,2025-10-07T04:19:29Z,18732,212,129,UgwrQqhVcm1EvSmWvpR4AaABAg,Manaa kak cara daftar magangnya??,@pelikkupelukmu,UC4JSHCY1gdaKmchcGGFZQmg,2025-10-14T13:29:49Z,2025-10-14T13:29:49Z,0,false,true,true
youtube,Magang Berdampak,Magang_Berdampak_awal,Magang Berdampak MSIB,Magang Berdampak MSIB,2025-06-16T00:00:00Z,2026-06-23T23:59:59Z,-ehPwwYuzUo,https://www.youtube.com/watch?v=-ehPwwYuzUo,"CARA DAFTAR PROGRAM MAGANG GAJI 3,3 JUTA DARI PEMERINTAH KEMNAKER // PROGRAM MAGANG FRESH GRADUATE","CARA DAFTAR PROGRAM MAGANG GAJI 3,3 JUTA DARI PEMERINTAH KEMNAKER // PROGRAM MAGANG FRESH GRADUATE.


CARA AGAR BERHASIL IKUTIN VIDIO TERABRU: https://youtu.be/iJErY5k0b_w?si=bVj9muSN7Gvv1Lv_



#caradaftarprogrammagang3,3 juta
#programmaganggaji3,3juta
#programmagangfreshgraduate
#lowongankerja  
#programmagangpemerintah
#programmagangkemnaker
#caradaftarprogrammagangfreshgraduate
#caradaftarmagangfreshgraduategaji3,3daripemerintah
#caradaftarprogrammagangpemerintah
#syaratdaftarprogrammagangpemerintah
#programmagangkemnaker






cara daftar program magang 3,3 juta, program magang gaji 3,3 juta,program magang fresh graduate, program magang pemerintah, program magang kemnaker, cara daftar program magang fresh graduate, cara daftar magang fresh graduate gaji 3,3 dari pemerintah, cara daftar program magang pemerintah, program magang, syarat daftar program magang pemerintah, syarat daftar program magang gaji 3,3 juta, apa saja yang di dapatkan dari program magang gaji 3,3 juta dari pemerintah, cara magang mahasiswa, magang hub kemnaker, cara magang di perusahaan, cara daftar magang di perusahaan, bantuan pemerintah oktober 2025, bantuan pemerintah tahun 2025, bantuan pemerintah yang cair oktober 2025, siap kerja kemnaker, maganghub.kemnaker.go.id, siap kerja kemnaker, magang, lowongan kerja, lowongan kerja fresh graduate,",UCDXDnlwZgzqEisdAl-WyIdQ,Indah Yusni,2025-10-07T04:19:29Z,18732,212,129,UgwhHbyPXmYo3d2PNcF4AaABAg,Mksudnya lulusan yg dah berpa th kelulusannya???yg dibahas cuma dftarnya,@Badri-zp7us,UCaCu8gTVrtfu_LY2QWuX97g,2025-10-14T11:14:48Z,2025-10-14T11:14:48Z,0,false,true,true
youtube,Magang Berdampak,Magang_Berdampak_awal,Magang Berdampak MSIB,Magang Berdampak MSIB,2025-06-16T00:00:00Z,2026-06-23T23:59:59Z,-ehPwwYuzUo,https://www.youtube.com/watch?v=-ehPwwYuzUo,"CARA DAFTAR PROGRAM MAGANG GAJI 3,3 JUTA DARI PEMERINTAH KEMNAKER // PROGRAM MAGANG FRESH GRADUATE","CARA DAFTAR PROGRAM MAGANG GAJI 3,3 JUTA DARI PEMERINTAH KEMNAKER // PROGRAM MAGANG FRESH GRADUATE.


CARA AGAR BERHASIL IKUTIN VIDIO TERABRU: https://youtu.be/iJErY5k0b_w?si=bVj9muSN7Gvv1Lv_



#caradaftarprogrammagang3,3 juta
#programmaganggaji3,3juta
#programmagangfreshgraduate
#lowongankerja  
#programmagangpemerintah
#programmagangkemnaker
#caradaftarprogrammagangfreshgraduate
#caradaftarmagangfreshgraduategaji3,3daripemerintah
#caradaftarprogrammagangpemerintah
#syaratdaftarprogrammagangpemerintah
#programmagangkemnaker






cara daftar program magang 3,3 juta, program magang gaji 3,3 juta,program magang fresh graduate, program magang pemerintah, program magang kemnaker, cara daftar program magang fresh graduate, cara daftar magang fresh graduate gaji 3,3 dari pemerintah, cara daftar program magang pemerintah, program magang, syarat daftar program magang pemerintah, syarat daftar program magang gaji 3,3 juta, apa saja yang di dapatkan dari program magang gaji 3,3 juta dari pemerintah, cara magang mahasiswa, magang hub kemnaker, cara magang di perusahaan, cara daftar magang di perusahaan, bantuan pemerintah oktober 2025, bantuan pemerintah tahun 2025, bantuan pemerintah yang cair oktober 2025, siap kerja kemnaker, maganghub.kemnaker.go.id, siap kerja kemnaker, magang, lowongan kerja, lowongan kerja fresh graduate,",UCDXDnlwZgzqEisdAl-WyIdQ,Indah Yusni,2025-10-07T04:19:29Z,18732,212,129,Ugxgk1cswUD3bPNV-QN4AaABAg,aku tulisannya tidak memenuhi syarat magang:(,@ahanapip6357,UCLnHqPrFno-tTg-dl1joM2Q,2025-10-13T01:54:18Z,2025-10-13T01:54:18Z,6,false,true,true
youtube,Magang Berdampak,Magang_Berdampak_awal,Magang Berdampak MSIB,Magang Berdampak MSIB,2025-06-16T00:00:00Z,2026-06-23T23:59:59Z,-ehPwwYuzUo,https://www.youtube.com/watch?v=-ehPwwYuzUo,"CARA DAFTAR PROGRAM MAGANG GAJI 3,3 JUTA DARI PEMERINTAH KEMNAKER // PROGRAM MAGANG FRESH GRADUATE","CARA DAFTAR PROGRAM MAGANG GAJI 3,3 JUTA DARI PEMERINTAH KEMNAKER // PROGRAM MAGANG FRESH GRADUATE.


CARA AGAR BERHASIL IKUTIN VIDIO TERABRU: https://youtu.be/iJErY5k0b_w?si=bVj9muSN7Gvv1Lv_



#caradaftarprogrammagang3,3 juta
#programmaganggaji3,3juta
#programmagangfreshgraduate
#lowongankerja  
#programmagangpemerintah
#programmagangkemnaker
#caradaftarprogrammagangfreshgraduate
#caradaftarmagangfreshgraduategaji3,3daripemerintah
#caradaftarprogrammagangpemerintah
#syaratdaftarprogrammagangpemerintah
#programmagangkemnaker






cara daftar program magang 3,3 juta, program magang gaji 3,3 juta,program magang fresh graduate, program magang pemerintah, program magang kemnaker, cara daftar program magang fresh graduate, cara daftar magang fresh graduate gaji 3,3 dari pemerintah, cara daftar program magang pemerintah, program magang, syarat daftar program magang pemerintah, syarat daftar program magang gaji 3,3 juta, apa saja yang di dapatkan dari program magang gaji 3,3 juta dari pemerintah, cara magang mahasiswa, magang hub kemnaker, cara magang di perusahaan, cara daftar magang di perusahaan, bantuan pemerintah oktober 2025, bantuan pemerintah tahun 2025, bantuan pemerintah yang cair oktober 2025, siap kerja kemnaker, maganghub.kemnaker.go.id, siap kerja kemnaker, magang, lowongan kerja, lowongan kerja fresh graduate,",UCDXDnlwZgzqEisdAl-WyIdQ,Indah Yusni,2025-10-07T04:19:29Z,18732,212,129,UgwQVp60mLuFYALnZg54AaABAg,"Cara batalin lamaran magang yang udah kita apply gimana yaa, kemaren ga ada di Provinsi ku sekarang malah muncul jadi kepengen apply sesuai domisili aja, udah apply 3 perusahaan setelah itu ga bisa apply lagi dibatesin cuma 3",@Coeszx,UC91D4Ho6oCsAwWi84bdXjxA,2025-10-12T15:15:07Z,2025-10-12T15:15:07Z,0,false,true,true
youtube,Magang Berdampak,Magang_Berdampak_awal,Magang Berdampak MSIB,Magang Berdampak MSIB,2025-06-16T00:00:00Z,2026-06-23T23:59:59Z,-ehPwwYuzUo,https://www.youtube.com/watch?v=-ehPwwYuzUo,"CARA DAFTAR PROGRAM MAGANG GAJI 3,3 JUTA DARI PEMERINTAH KEMNAKER // PROGRAM MAGANG FRESH GRADUATE","CARA DAFTAR PROGRAM MAGANG GAJI 3,3 JUTA DARI PEMERINTAH KEMNAKER // PROGRAM MAGANG FRESH GRADUATE.


CARA AGAR BERHASIL IKUTIN VIDIO TERABRU: https://youtu.be/iJErY5k0b_w?si=bVj9muSN7Gvv1Lv_



#caradaftarprogrammagang3,3 juta
#programmaganggaji3,3juta
#programmagangfreshgraduate
#lowongankerja  
#programmagangpemerintah
#programmagangkemnaker
#caradaftarprogrammagangfreshgraduate
#caradaftarmagangfreshgraduategaji3,3daripemerintah
#caradaftarprogrammagangpemerintah
#syaratdaftarprogrammagangpemerintah
#programmagangkemnaker






cara daftar program magang 3,3 juta, program magang gaji 3,3 juta,program magang fresh graduate, program magang pemerintah, program magang kemnaker, cara daftar program magang fresh graduate, cara daftar magang fresh graduate gaji 3,3 dari pemerintah, cara daftar program magang pemerintah, program magang, syarat daftar program magang pemerintah, syarat daftar program magang gaji 3,3 juta, apa saja yang di dapatkan dari program magang gaji 3,3 juta dari pemerintah, cara magang mahasiswa, magang hub kemnaker, cara magang di perusahaan, cara daftar magang di perusahaan, bantuan pemerintah oktober 2025, bantuan pemerintah tahun 2025, bantuan pemerintah yang cair oktober 2025, siap kerja kemnaker, maganghub.kemnaker.go.id, siap kerja kemnaker, magang, lowongan kerja, lowongan kerja fresh graduate,",UCDXDnlwZgzqEisdAl-WyIdQ,Indah Yusni,2025-10-07T04:19:29Z,18732,212,129,UgzRWtZWMEFP_wISeMl4AaABAg,apakah bisa mendaftar perusahaan lebih dari 1?,@FAMOUSKID-k8f,UCjJIdHD4oam0S1DndjHeFvQ,2025-10-12T12:08:06Z,2025-10-12T12:08:06Z,0,false,true,true
youtube,Magang Berdampak,Magang_Berdampak_awal,Magang Berdampak MSIB,Magang Berdampak MSIB,2025-06-16T00:00:00Z,2026-06-23T23:59:59Z,-ehPwwYuzUo,https://www.youtube.com/watch?v=-ehPwwYuzUo,"CARA DAFTAR PROGRAM MAGANG GAJI 3,3 JUTA DARI PEMERINTAH KEMNAKER // PROGRAM MAGANG FRESH GRADUATE","CARA DAFTAR PROGRAM MAGANG GAJI 3,3 JUTA DARI PEMERINTAH KEMNAKER // PROGRAM MAGANG FRESH GRADUATE.


CARA AGAR BERHASIL IKUTIN VIDIO TERABRU: https://youtu.be/iJErY5k0b_w?si=bVj9muSN7Gvv1Lv_



#caradaftarprogrammagang3,3 juta
#programmaganggaji3,3juta
#programmagangfreshgraduate
#lowongankerja  
#programmagangpemerintah
#programmagangkemnaker
#caradaftarprogrammagangfreshgraduate
#caradaftarmagangfreshgraduategaji3,3daripemerintah
#caradaftarprogrammagangpemerintah
#syaratdaftarprogrammagangpemerintah
#programmagangkemnaker






cara daftar program magang 3,3 juta, program magang gaji 3,3 juta,program magang fresh graduate, program magang pemerintah, program magang kemnaker, cara daftar program magang fresh graduate, cara daftar magang fresh graduate gaji 3,3 dari pemerintah, cara daftar program magang pemerintah, program magang, syarat daftar program magang pemerintah, syarat daftar program magang gaji 3,3 juta, apa saja yang di dapatkan dari program magang gaji 3,3 juta dari pemerintah, cara magang mahasiswa, magang hub kemnaker, cara magang di perusahaan, cara daftar magang di perusahaan, bantuan pemerintah oktober 2025, bantuan pemerintah tahun 2025, bantuan pemerintah yang cair oktober 2025, siap kerja kemnaker, maganghub.kemnaker.go.id, siap kerja kemnaker, magang, lowongan kerja, lowongan kerja fresh graduate,",UCDXDnlwZgzqEisdAl-WyIdQ,Indah Yusni,2025-10-07T04:19:29Z,18732,212,129,UgyHYcmE-JutQ4MEZD94AaABAg,"Kok saya gak memenuhi syarat ya?
Padahal profil sudah mengisi semua",@hap-hap9183,UCnMtK7nMHLQ7yHTtZEqBknQ,2025-10-11T13:56:26Z,2025-10-11T13:56:26Z,2,false,true,true
youtube,Magang Berdampak,Magang_Berdampak_awal,Magang Berdampak MSIB,Magang Berdampak MSIB,2025-06-16T00:00:00Z,2026-06-23T23:59:59Z,-ehPwwYuzUo,https://www.youtube.com/watch?v=-ehPwwYuzUo,"CARA DAFTAR PROGRAM MAGANG GAJI 3,3 JUTA DARI PEMERINTAH KEMNAKER // PROGRAM MAGANG FRESH GRADUATE","CARA DAFTAR PROGRAM MAGANG GAJI 3,3 JUTA DARI PEMERINTAH KEMNAKER // PROGRAM MAGANG FRESH GRADUATE.


CARA AGAR BERHASIL IKUTIN VIDIO TERABRU: https://youtu.be/iJErY5k0b_w?si=bVj9muSN7Gvv1Lv_



#caradaftarprogrammagang3,3 juta
#programmaganggaji3,3juta
#programmagangfreshgraduate
#lowongankerja  
#programmagangpemerintah
#programmagangkemnaker
#caradaftarprogrammagangfreshgraduate
#caradaftarmagangfreshgraduategaji3,3daripemerintah
#caradaftarprogrammagangpemerintah
#syaratdaftarprogrammagangpemerintah
#programmagangkemnaker






cara daftar program magang 3,3 juta, program magang gaji 3,3 juta,program magang fresh graduate, program magang pemerintah, program magang kemnaker, cara daftar program magang fresh graduate, cara daftar magang fresh graduate gaji 3,3 dari pemerintah, cara daftar program magang pemerintah, program magang, syarat daftar program magang pemerintah, syarat daftar program magang gaji 3,3 juta, apa saja yang di dapatkan dari program magang gaji 3,3 juta dari pemerintah, cara magang mahasiswa, magang hub kemnaker, cara magang di perusahaan, cara daftar magang di perusahaan, bantuan pemerintah oktober 2025, bantuan pemerintah tahun 2025, bantuan pemerintah yang cair oktober 2025, siap kerja kemnaker, maganghub.kemnaker.go.id, siap kerja kemnaker, magang, lowongan kerja, lowongan kerja fresh graduate,",UCDXDnlwZgzqEisdAl-WyIdQ,Indah Yusni,2025-10-07T04:19:29Z,18732,212,129,Ugx9vibaVwrMhyXBkQZ4AaABAg,ini kalau gk memenui syarat gmn kak?,@anakkampung6286,UCSvYqTqkFWaL85E2iBld2sQ,2025-10-11T03:36:57Z,2025-10-11T03:36:57Z,8,false,true,true
youtube,Magang Berdampak,Magang_Berdampak_awal,Magang Berdampak MSIB,Magang Berdampak MSIB,2025-06-16T00:00:00Z,2026-06-23T23:59:59Z,-ehPwwYuzUo,https://www.youtube.com/watch?v=-ehPwwYuzUo,"CARA DAFTAR PROGRAM MAGANG GAJI 3,3 JUTA DARI PEMERINTAH KEMNAKER // PROGRAM MAGANG FRESH GRADUATE","CARA DAFTAR PROGRAM MAGANG GAJI 3,3 JUTA DARI PEMERINTAH KEMNAKER // PROGRAM MAGANG FRESH GRADUATE.


CARA AGAR BERHASIL IKUTIN VIDIO TERABRU: https://youtu.be/iJErY5k0b_w?si=bVj9muSN7Gvv1Lv_



#caradaftarprogrammagang3,3 juta
#programmaganggaji3,3juta
#programmagangfreshgraduate
#lowongankerja  
#programmagangpemerintah
#programmagangkemnaker
#caradaftarprogrammagangfreshgraduate
#caradaftarmagangfreshgraduategaji3,3daripemerintah
#caradaftarprogrammagangpemerintah
#syaratdaftarprogrammagangpemerintah
#programmagangkemnaker






cara daftar program magang 3,3 juta, program magang gaji 3,3 juta,program magang fresh graduate, program magang pemerintah, program magang kemnaker, cara daftar program magang fresh graduate, cara daftar magang fresh graduate gaji 3,3 dari pemerintah, cara daftar program magang pemerintah, program magang, syarat daftar program magang pemerintah, syarat daftar program magang gaji 3,3 juta, apa saja yang di dapatkan dari program magang gaji 3,3 juta dari pemerintah, cara magang mahasiswa, magang hub kemnaker, cara magang di perusahaan, cara daftar magang di perusahaan, bantuan pemerintah oktober 2025, bantuan pemerintah tahun 2025, bantuan pemerintah yang cair oktober 2025, siap kerja kemnaker, maganghub.kemnaker.go.id, siap kerja kemnaker, magang, lowongan kerja, lowongan kerja fresh graduate,",UCDXDnlwZgzqEisdAl-WyIdQ,Indah Yusni,2025-10-07T04:19:29Z,18732,212,129,UgwDgzm7TkPwVh-_umN4AaABAg,Kalau udah pernah ikut prakerja apakah bisa?,@repalbaelah8763,UCxkmQrXgIEHGpno-LabNI1w,2025-10-10T13:30:40Z,2025-10-10T13:30:40Z,1,false,true,true
youtube,Magang Berdampak,Magang_Berdampak_awal,Magang Berdampak MSIB,Magang Berdampak MSIB,2025-06-16T00:00:00Z,2026-06-23T23:59:59Z,-ehPwwYuzUo,https://www.youtube.com/watch?v=-ehPwwYuzUo,"CARA DAFTAR PROGRAM MAGANG GAJI 3,3 JUTA DARI PEMERINTAH KEMNAKER // PROGRAM MAGANG FRESH GRADUATE","CARA DAFTAR PROGRAM MAGANG GAJI 3,3 JUTA DARI PEMERINTAH KEMNAKER // PROGRAM MAGANG FRESH GRADUATE.


CARA AGAR BERHASIL IKUTIN VIDIO TERABRU: https://youtu.be/iJErY5k0b_w?si=bVj9muSN7Gvv1Lv_



#caradaftarprogrammagang3,3 juta
#programmaganggaji3,3juta
#programmagangfreshgraduate
#lowongankerja  
#programmagangpemerintah
#programmagangkemnaker
#caradaftarprogrammagangfreshgraduate
#caradaftarmagangfreshgraduategaji3,3daripemerintah
#caradaftarprogrammagangpemerintah
#syaratdaftarprogrammagangpemerintah
#programmagangkemnaker






cara daftar program magang 3,3 juta, program magang gaji 3,3 juta,program magang fresh graduate, program magang pemerintah, program magang kemnaker, cara daftar program magang fresh graduate, cara daftar magang fresh graduate gaji 3,3 dari pemerintah, cara daftar program magang pemerintah, program magang, syarat daftar program magang pemerintah, syarat daftar program magang gaji 3,3 juta, apa saja yang di dapatkan dari program magang gaji 3,3 juta dari pemerintah, cara magang mahasiswa, magang hub kemnaker, cara magang di perusahaan, cara daftar magang di perusahaan, bantuan pemerintah oktober 2025, bantuan pemerintah tahun 2025, bantuan pemerintah yang cair oktober 2025, siap kerja kemnaker, maganghub.kemnaker.go.id, siap kerja kemnaker, magang, lowongan kerja, lowongan kerja fresh graduate,",UCDXDnlwZgzqEisdAl-WyIdQ,Indah Yusni,2025-10-07T04:19:29Z,18732,212,129,Ugw2L08LFHMxfIA05wd4AaABAg,Sya sudah daftar trima email,@Zakirider527,UCKZ99R3kTxO4A572taUiffg,2025-10-10T13:02:36Z,2025-10-10T13:02:36Z,0,false,true,true
youtube,Magang Berdampak,Magang_Berdampak_awal,Magang Berdampak MSIB,Magang Berdampak MSIB,2025-06-16T00:00:00Z,2026-06-23T23:59:59Z,-ehPwwYuzUo,https://www.youtube.com/watch?v=-ehPwwYuzUo,"CARA DAFTAR PROGRAM MAGANG GAJI 3,3 JUTA DARI PEMERINTAH KEMNAKER // PROGRAM MAGANG FRESH GRADUATE","CARA DAFTAR PROGRAM MAGANG GAJI 3,3 JUTA DARI PEMERINTAH KEMNAKER // PROGRAM MAGANG FRESH GRADUATE.


CARA AGAR BERHASIL IKUTIN VIDIO TERABRU: https://youtu.be/iJErY5k0b_w?si=bVj9muSN7Gvv1Lv_



#caradaftarprogrammagang3,3 juta
#programmaganggaji3,3juta
#programmagangfreshgraduate
#lowongankerja  
#programmagangpemerintah
#programmagangkemnaker
#caradaftarprogrammagangfreshgraduate
#caradaftarmagangfreshgraduategaji3,3daripemerintah
#caradaftarprogrammagangpemerintah
#syaratdaftarprogrammagangpemerintah
#programmagangkemnaker






cara daftar program magang 3,3 juta, program magang gaji 3,3 juta,program magang fresh graduate, program magang pemerintah, program magang kemnaker, cara daftar program magang fresh graduate, cara daftar magang fresh graduate gaji 3,3 dari pemerintah, cara daftar program magang pemerintah, program magang, syarat daftar program magang pemerintah, syarat daftar program magang gaji 3,3 juta, apa saja yang di dapatkan dari program magang gaji 3,3 juta dari pemerintah, cara magang mahasiswa, magang hub kemnaker, cara magang di perusahaan, cara daftar magang di perusahaan, bantuan pemerintah oktober 2025, bantuan pemerintah tahun 2025, bantuan pemerintah yang cair oktober 2025, siap kerja kemnaker, maganghub.kemnaker.go.id, siap kerja kemnaker, magang, lowongan kerja, lowongan kerja fresh graduate,",UCDXDnlwZgzqEisdAl-WyIdQ,Indah Yusni,2025-10-07T04:19:29Z,18732,212,129,Ugymx-nLp9B3Q1zSOHd4AaABAg,boleh daftar ke lebih dari satu perusahaan ngga yaa?,@GrowthHorizon-c6s,UC9oNE8gScmBYqRMDDiqBkXg,2025-10-10T03:25:49Z,2025-10-10T03:25:49Z,0,false,true,true
youtube,Magang Berdampak,Magang_Berdampak_awal,Magang Berdampak MSIB,Magang Berdampak MSIB,2025-06-16T00:00:00Z,2026-06-23T23:59:59Z,-ehPwwYuzUo,https://www.youtube.com/watch?v=-ehPwwYuzUo,"CARA DAFTAR PROGRAM MAGANG GAJI 3,3 JUTA DARI PEMERINTAH KEMNAKER // PROGRAM MAGANG FRESH GRADUATE","CARA DAFTAR PROGRAM MAGANG GAJI 3,3 JUTA DARI PEMERINTAH KEMNAKER // PROGRAM MAGANG FRESH GRADUATE.


CARA AGAR BERHASIL IKUTIN VIDIO TERABRU: https://youtu.be/iJErY5k0b_w?si=bVj9muSN7Gvv1Lv_



#caradaftarprogrammagang3,3 juta
#programmaganggaji3,3juta
#programmagangfreshgraduate
#lowongankerja  
#programmagangpemerintah
#programmagangkemnaker
#caradaftarprogrammagangfreshgraduate
#caradaftarmagangfreshgraduategaji3,3daripemerintah
#caradaftarprogrammagangpemerintah
#syaratdaftarprogrammagangpemerintah
#programmagangkemnaker






cara daftar program magang 3,3 juta, program magang gaji 3,3 juta,program magang fresh graduate, program magang pemerintah, program magang kemnaker, cara daftar program magang fresh graduate, cara daftar magang fresh graduate gaji 3,3 dari pemerintah, cara daftar program magang pemerintah, program magang, syarat daftar program magang pemerintah, syarat daftar program magang gaji 3,3 juta, apa saja yang di dapatkan dari program magang gaji 3,3 juta dari pemerintah, cara magang mahasiswa, magang hub kemnaker, cara magang di perusahaan, cara daftar magang di perusahaan, bantuan pemerintah oktober 2025, bantuan pemerintah tahun 2025, bantuan pemerintah yang cair oktober 2025, siap kerja kemnaker, maganghub.kemnaker.go.id, siap kerja kemnaker, magang, lowongan kerja, lowongan kerja fresh graduate,",UCDXDnlwZgzqEisdAl-WyIdQ,Indah Yusni,2025-10-07T04:19:29Z,18732,212,129,Ugw6VZqt6WoxFS4bMAl4AaABAg,Tamat tahun 2023 bulan mei gk bsa dong kk?,@aulvaovandra5052,UCMMUR6jv3NmM3t6rj-PyO0w,2025-10-10T02:22:26Z,2025-10-10T02:22:26Z,0,false,true,true
youtube,Magang Berdampak,Magang_Berdampak_awal,Magang Berdampak MSIB,Magang Berdampak MSIB,2025-06-16T00:00:00Z,2026-06-23T23:59:59Z,-ehPwwYuzUo,https://www.youtube.com/watch?v=-ehPwwYuzUo,"CARA DAFTAR PROGRAM MAGANG GAJI 3,3 JUTA DARI PEMERINTAH KEMNAKER // PROGRAM MAGANG FRESH GRADUATE","CARA DAFTAR PROGRAM MAGANG GAJI 3,3 JUTA DARI PEMERINTAH KEMNAKER // PROGRAM MAGANG FRESH GRADUATE.


CARA AGAR BERHASIL IKUTIN VIDIO TERABRU: https://youtu.be/iJErY5k0b_w?si=bVj9muSN7Gvv1Lv_



#caradaftarprogrammagang3,3 juta
#programmaganggaji3,3juta
#programmagangfreshgraduate
#lowongankerja  
#programmagangpemerintah
#programmagangkemnaker
#caradaftarprogrammagangfreshgraduate
#caradaftarmagangfreshgraduategaji3,3daripemerintah
#caradaftarprogrammagangpemerintah
#syaratdaftarprogrammagangpemerintah
#programmagangkemnaker






cara daftar program magang 3,3 juta, program magang gaji 3,3 juta,program magang fresh graduate, program magang pemerintah, program magang kemnaker, cara daftar program magang fresh graduate, cara daftar magang fresh graduate gaji 3,3 dari pemerintah, cara daftar program magang pemerintah, program magang, syarat daftar program magang pemerintah, syarat daftar program magang gaji 3,3 juta, apa saja yang di dapatkan dari program magang gaji 3,3 juta dari pemerintah, cara magang mahasiswa, magang hub kemnaker, cara magang di perusahaan, cara daftar magang di perusahaan, bantuan pemerintah oktober 2025, bantuan pemerintah tahun 2025, bantuan pemerintah yang cair oktober 2025, siap kerja kemnaker, maganghub.kemnaker.go.id, siap kerja kemnaker, magang, lowongan kerja, lowongan kerja fresh graduate,",UCDXDnlwZgzqEisdAl-WyIdQ,Indah Yusni,2025-10-07T04:19:29Z,18732,212,129,Ugwbnh2cQu_gRL_rDvZ4AaABAg,itu kenapa bu kalau anda tdk memenuhi syarat?,@magfirahsudirman2058,UCYQrfSxm0SqJ2w9WIWehYYQ,2025-10-09T22:30:03Z,2025-10-09T22:30:03Z,0,false,true,true
youtube,Magang Berdampak,Magang_Berdampak_awal,Magang Berdampak MSIB,Magang Berdampak MSIB,2025-06-16T00:00:00Z,2026-06-23T23:59:59Z,-ehPwwYuzUo,https://www.youtube.com/watch?v=-ehPwwYuzUo,"CARA DAFTAR PROGRAM MAGANG GAJI 3,3 JUTA DARI PEMERINTAH KEMNAKER // PROGRAM MAGANG FRESH GRADUATE","CARA DAFTAR PROGRAM MAGANG GAJI 3,3 JUTA DARI PEMERINTAH KEMNAKER // PROGRAM MAGANG FRESH GRADUATE.


CARA AGAR BERHASIL IKUTIN VIDIO TERABRU: https://youtu.be/iJErY5k0b_w?si=bVj9muSN7Gvv1Lv_



#caradaftarprogrammagang3,3 juta
#programmaganggaji3,3juta
#programmagangfreshgraduate
#lowongankerja  
#programmagangpemerintah
#programmagangkemnaker
#caradaftarprogrammagangfreshgraduate
#caradaftarmagangfreshgraduategaji3,3daripemerintah
#caradaftarprogrammagangpemerintah
#syaratdaftarprogrammagangpemerintah
#programmagangkemnaker






cara daftar program magang 3,3 juta, program magang gaji 3,3 juta,program magang fresh graduate, program magang pemerintah, program magang kemnaker, cara daftar program magang fresh graduate, cara daftar magang fresh graduate gaji 3,3 dari pemerintah, cara daftar program magang pemerintah, program magang, syarat daftar program magang pemerintah, syarat daftar program magang gaji 3,3 juta, apa saja yang di dapatkan dari program magang gaji 3,3 juta dari pemerintah, cara magang mahasiswa, magang hub kemnaker, cara magang di perusahaan, cara daftar magang di perusahaan, bantuan pemerintah oktober 2025, bantuan pemerintah tahun 2025, bantuan pemerintah yang cair oktober 2025, siap kerja kemnaker, maganghub.kemnaker.go.id, siap kerja kemnaker, magang, lowongan kerja, lowongan kerja fresh graduate,",UCDXDnlwZgzqEisdAl-WyIdQ,Indah Yusni,2025-10-07T04:19:29Z,18732,212,129,UgzXXDojKX5V02uxXBl4AaABAg,S2 gak bisa daftar ya?,@StoryKehidupanSK,UCMdjtSPBnzKBchdnGsHJN-g,2025-10-09T15:31:06Z,2025-10-09T15:31:06Z,0,false,true,true
youtube,Magang Berdampak,Magang_Berdampak_awal,Magang Berdampak MSIB,Magang Berdampak MSIB,2025-06-16T00:00:00Z,2026-06-23T23:59:59Z,-ehPwwYuzUo,https://www.youtube.com/watch?v=-ehPwwYuzUo,"CARA DAFTAR PROGRAM MAGANG GAJI 3,3 JUTA DARI PEMERINTAH KEMNAKER // PROGRAM MAGANG FRESH GRADUATE","CARA DAFTAR PROGRAM MAGANG GAJI 3,3 JUTA DARI PEMERINTAH KEMNAKER // PROGRAM MAGANG FRESH GRADUATE.


CARA AGAR BERHASIL IKUTIN VIDIO TERABRU: https://youtu.be/iJErY5k0b_w?si=bVj9muSN7Gvv1Lv_



#caradaftarprogrammagang3,3 juta
#programmaganggaji3,3juta
#programmagangfreshgraduate
#lowongankerja  
#programmagangpemerintah
#programmagangkemnaker
#caradaftarprogrammagangfreshgraduate
#caradaftarmagangfreshgraduategaji3,3daripemerintah
#caradaftarprogrammagangpemerintah
#syaratdaftarprogrammagangpemerintah
#programmagangkemnaker






cara daftar program magang 3,3 juta, program magang gaji 3,3 juta,program magang fresh graduate, program magang pemerintah, program magang kemnaker, cara daftar program magang fresh graduate, cara daftar magang fresh graduate gaji 3,3 dari pemerintah, cara daftar program magang pemerintah, program magang, syarat daftar program magang pemerintah, syarat daftar program magang gaji 3,3 juta, apa saja yang di dapatkan dari program magang gaji 3,3 juta dari pemerintah, cara magang mahasiswa, magang hub kemnaker, cara magang di perusahaan, cara daftar magang di perusahaan, bantuan pemerintah oktober 2025, bantuan pemerintah tahun 2025, bantuan pemerintah yang cair oktober 2025, siap kerja kemnaker, maganghub.kemnaker.go.id, siap kerja kemnaker, magang, lowongan kerja, lowongan kerja fresh graduate,",UCDXDnlwZgzqEisdAl-WyIdQ,Indah Yusni,2025-10-07T04:19:29Z,18732,212,129,UgziQub9zY3u4BJE_kN4AaABAg,Kirain buat Fresh graduate anak SMA taunya 😎😎,@Mba_Pur78,UCdW2EADl1n81X5RnPArjVGw,2025-10-09T12:11:44Z,2025-10-09T12:12:20Z,0,false,true,true
youtube,Magang Berdampak,Magang_Berdampak_awal,Magang Berdampak MSIB,Magang Berdampak MSIB,2025-06-16T00:00:00Z,2026-06-23T23:59:59Z,-ehPwwYuzUo,https://www.youtube.com/watch?v=-ehPwwYuzUo,"CARA DAFTAR PROGRAM MAGANG GAJI 3,3 JUTA DARI PEMERINTAH KEMNAKER // PROGRAM MAGANG FRESH GRADUATE","CARA DAFTAR PROGRAM MAGANG GAJI 3,3 JUTA DARI PEMERINTAH KEMNAKER // PROGRAM MAGANG FRESH GRADUATE.


CARA AGAR BERHASIL IKUTIN VIDIO TERABRU: https://youtu.be/iJErY5k0b_w?si=bVj9muSN7Gvv1Lv_



#caradaftarprogrammagang3,3 juta
#programmaganggaji3,3juta
#programmagangfreshgraduate
#lowongankerja  
#programmagangpemerintah
#programmagangkemnaker
#caradaftarprogrammagangfreshgraduate
#caradaftarmagangfreshgraduategaji3,3daripemerintah
#caradaftarprogrammagangpemerintah
#syaratdaftarprogrammagangpemerintah
#programmagangkemnaker






cara daftar program magang 3,3 juta, program magang gaji 3,3 juta,program magang fresh graduate, program magang pemerintah, program magang kemnaker, cara daftar program magang fresh graduate, cara daftar magang fresh graduate gaji 3,3 dari pemerintah, cara daftar program magang pemerintah, program magang, syarat daftar program magang pemerintah, syarat daftar program magang gaji 3,3 juta, apa saja yang di dapatkan dari program magang gaji 3,3 juta dari pemerintah, cara magang mahasiswa, magang hub kemnaker, cara magang di perusahaan, cara daftar magang di perusahaan, bantuan pemerintah oktober 2025, bantuan pemerintah tahun 2025, bantuan pemerintah yang cair oktober 2025, siap kerja kemnaker, maganghub.kemnaker.go.id, siap kerja kemnaker, magang, lowongan kerja, lowongan kerja fresh graduate,",UCDXDnlwZgzqEisdAl-WyIdQ,Indah Yusni,2025-10-07T04:19:29Z,18732,212,129,UgzaIW2eP_g0kLI-OH54AaABAg,"Ka klo aku yang ijazah nya keluar 15 November 2025 gimn 😢, apa masih bisa daftar 🙏",@rismayanti8274,UCIXfgJTCTBBr1_NDGWW8vgA,2025-10-09T11:05:48Z,2025-10-09T11:06:21Z,0,false,true,true
youtube,Magang Berdampak,Magang_Berdampak_awal,Magang Berdampak MSIB,Magang Berdampak MSIB,2025-06-16T00:00:00Z,2026-06-23T23:59:59Z,-ehPwwYuzUo,https://www.youtube.com/watch?v=-ehPwwYuzUo,"CARA DAFTAR PROGRAM MAGANG GAJI 3,3 JUTA DARI PEMERINTAH KEMNAKER // PROGRAM MAGANG FRESH GRADUATE","CARA DAFTAR PROGRAM MAGANG GAJI 3,3 JUTA DARI PEMERINTAH KEMNAKER // PROGRAM MAGANG FRESH GRADUATE.


CARA AGAR BERHASIL IKUTIN VIDIO TERABRU: https://youtu.be/iJErY5k0b_w?si=bVj9muSN7Gvv1Lv_



#caradaftarprogrammagang3,3 juta
#programmaganggaji3,3juta
#programmagangfreshgraduate
#lowongankerja  
#programmagangpemerintah
#programmagangkemnaker
#caradaftarprogrammagangfreshgraduate
#caradaftarmagangfreshgraduategaji3,3daripemerintah
#caradaftarprogrammagangpemerintah
#syaratdaftarprogrammagangpemerintah
#programmagangkemnaker






cara daftar program magang 3,3 juta, program magang gaji 3,3 juta,program magang fresh graduate, program magang pemerintah, program magang kemnaker, cara daftar program magang fresh graduate, cara daftar magang fresh graduate gaji 3,3 dari pemerintah, cara daftar program magang pemerintah, program magang, syarat daftar program magang pemerintah, syarat daftar program magang gaji 3,3 juta, apa saja yang di dapatkan dari program magang gaji 3,3 juta dari pemerintah, cara magang mahasiswa, magang hub kemnaker, cara magang di perusahaan, cara daftar magang di perusahaan, bantuan pemerintah oktober 2025, bantuan pemerintah tahun 2025, bantuan pemerintah yang cair oktober 2025, siap kerja kemnaker, maganghub.kemnaker.go.id, siap kerja kemnaker, magang, lowongan kerja, lowongan kerja fresh graduate,",UCDXDnlwZgzqEisdAl-WyIdQ,Indah Yusni,2025-10-07T04:19:29Z,18732,212,129,Ugw6QL0CsscUZwsihvx4AaABAg,Cara daftarnya gimna aku udah dinyatakan memenuhi syarat abis itu apa?,@yamyam-f4f,UCeDY8PE0HO-V6FfE9Y_dGig,2025-10-09T09:12:52Z,2025-10-09T09:12:52Z,0,false,true,true
youtube,Magang Berdampak,Magang_Berdampak_awal,Magang Berdampak MSIB,Magang Berdampak MSIB,2025-06-16T00:00:00Z,2026-06-23T23:59:59Z,-ehPwwYuzUo,https://www.youtube.com/watch?v=-ehPwwYuzUo,"CARA DAFTAR PROGRAM MAGANG GAJI 3,3 JUTA DARI PEMERINTAH KEMNAKER // PROGRAM MAGANG FRESH GRADUATE","CARA DAFTAR PROGRAM MAGANG GAJI 3,3 JUTA DARI PEMERINTAH KEMNAKER // PROGRAM MAGANG FRESH GRADUATE.


CARA AGAR BERHASIL IKUTIN VIDIO TERABRU: https://youtu.be/iJErY5k0b_w?si=bVj9muSN7Gvv1Lv_



#caradaftarprogrammagang3,3 juta
#programmaganggaji3,3juta
#programmagangfreshgraduate
#lowongankerja  
#programmagangpemerintah
#programmagangkemnaker
#caradaftarprogrammagangfreshgraduate
#caradaftarmagangfreshgraduategaji3,3daripemerintah
#caradaftarprogrammagangpemerintah
#syaratdaftarprogrammagangpemerintah
#programmagangkemnaker






cara daftar program magang 3,3 juta, program magang gaji 3,3 juta,program magang fresh graduate, program magang pemerintah, program magang kemnaker, cara daftar program magang fresh graduate, cara daftar magang fresh graduate gaji 3,3 dari pemerintah, cara daftar program magang pemerintah, program magang, syarat daftar program magang pemerintah, syarat daftar program magang gaji 3,3 juta, apa saja yang di dapatkan dari program magang gaji 3,3 juta dari pemerintah, cara magang mahasiswa, magang hub kemnaker, cara magang di perusahaan, cara daftar magang di perusahaan, bantuan pemerintah oktober 2025, bantuan pemerintah tahun 2025, bantuan pemerintah yang cair oktober 2025, siap kerja kemnaker, maganghub.kemnaker.go.id, siap kerja kemnaker, magang, lowongan kerja, lowongan kerja fresh graduate,",UCDXDnlwZgzqEisdAl-WyIdQ,Indah Yusni,2025-10-07T04:19:29Z,18732,212,129,Ugx0ipfuVSBlCWzl31J4AaABAg,Kak kita ga bisa milih perusaannya yaa?,@PolemicalNews-d8j,UCK14ozLNgA_yhVlDtPv7BAA,2025-10-09T09:08:10Z,2025-10-09T09:08:10Z,0,false,true,true
youtube,Magang Berdampak,Magang_Berdampak_awal,Magang Berdampak MSIB,Magang Berdampak MSIB,2025-06-16T00:00:00Z,2026-06-23T23:59:59Z,-ehPwwYuzUo,https://www.youtube.com/watch?v=-ehPwwYuzUo,"CARA DAFTAR PROGRAM MAGANG GAJI 3,3 JUTA DARI PEMERINTAH KEMNAKER // PROGRAM MAGANG FRESH GRADUATE","CARA DAFTAR PROGRAM MAGANG GAJI 3,3 JUTA DARI PEMERINTAH KEMNAKER // PROGRAM MAGANG FRESH GRADUATE.


CARA AGAR BERHASIL IKUTIN VIDIO TERABRU: https://youtu.be/iJErY5k0b_w?si=bVj9muSN7Gvv1Lv_



#caradaftarprogrammagang3,3 juta
#programmaganggaji3,3juta
#programmagangfreshgraduate
#lowongankerja  
#programmagangpemerintah
#programmagangkemnaker
#caradaftarprogrammagangfreshgraduate
#caradaftarmagangfreshgraduategaji3,3daripemerintah
#caradaftarprogrammagangpemerintah
#syaratdaftarprogrammagangpemerintah
#programmagangkemnaker






cara daftar program magang 3,3 juta, program magang gaji 3,3 juta,program magang fresh graduate, program magang pemerintah, program magang kemnaker, cara daftar program magang fresh graduate, cara daftar magang fresh graduate gaji 3,3 dari pemerintah, cara daftar program magang pemerintah, program magang, syarat daftar program magang pemerintah, syarat daftar program magang gaji 3,3 juta, apa saja yang di dapatkan dari program magang gaji 3,3 juta dari pemerintah, cara magang mahasiswa, magang hub kemnaker, cara magang di perusahaan, cara daftar magang di perusahaan, bantuan pemerintah oktober 2025, bantuan pemerintah tahun 2025, bantuan pemerintah yang cair oktober 2025, siap kerja kemnaker, maganghub.kemnaker.go.id, siap kerja kemnaker, magang, lowongan kerja, lowongan kerja fresh graduate,",UCDXDnlwZgzqEisdAl-WyIdQ,Indah Yusni,2025-10-07T04:19:29Z,18732,212,129,UgwG_SNvw9FagzWGvU94AaABAg,Video selanjutnya dong kak,@SaniyaWulandari,UC6cwXFL-UTV8W5yZPuxl1nA,2025-10-09T07:32:47Z,2025-10-09T07:32:47Z,1,false,true,true
youtube,Magang Berdampak,Magang_Berdampak_awal,Magang Berdampak MSIB,Magang Berdampak MSIB,2025-06-16T00:00:00Z,2026-06-23T23:59:59Z,-ehPwwYuzUo,https://www.youtube.com/watch?v=-ehPwwYuzUo,"CARA DAFTAR PROGRAM MAGANG GAJI 3,3 JUTA DARI PEMERINTAH KEMNAKER // PROGRAM MAGANG FRESH GRADUATE","CARA DAFTAR PROGRAM MAGANG GAJI 3,3 JUTA DARI PEMERINTAH KEMNAKER // PROGRAM MAGANG FRESH GRADUATE.


CARA AGAR BERHASIL IKUTIN VIDIO TERABRU: https://youtu.be/iJErY5k0b_w?si=bVj9muSN7Gvv1Lv_



#caradaftarprogrammagang3,3 juta
#programmaganggaji3,3juta
#programmagangfreshgraduate
#lowongankerja  
#programmagangpemerintah
#programmagangkemnaker
#caradaftarprogrammagangfreshgraduate
#caradaftarmagangfreshgraduategaji3,3daripemerintah
#caradaftarprogrammagangpemerintah
#syaratdaftarprogrammagangpemerintah
#programmagangkemnaker






cara daftar program magang 3,3 juta, program magang gaji 3,3 juta,program magang fresh graduate, program magang pemerintah, program magang kemnaker, cara daftar program magang fresh graduate, cara daftar magang fresh graduate gaji 3,3 dari pemerintah, cara daftar program magang pemerintah, program magang, syarat daftar program magang pemerintah, syarat daftar program magang gaji 3,3 juta, apa saja yang di dapatkan dari program magang gaji 3,3 juta dari pemerintah, cara magang mahasiswa, magang hub kemnaker, cara magang di perusahaan, cara daftar magang di perusahaan, bantuan pemerintah oktober 2025, bantuan pemerintah tahun 2025, bantuan pemerintah yang cair oktober 2025, siap kerja kemnaker, maganghub.kemnaker.go.id, siap kerja kemnaker, magang, lowongan kerja, lowongan kerja fresh graduate,",UCDXDnlwZgzqEisdAl-WyIdQ,Indah Yusni,2025-10-07T04:19:29Z,18732,212,129,UgyMvX_CZYNHLUOU8Ih4AaABAg,Mana ini lanjutan videonnya?,@TOXICMONEYYII,UCeB3VN3f82B5yrAiTAeIJjA,2025-10-09T05:43:41Z,2025-10-09T05:43:41Z,0,false,true,true
youtube,Magang Berdampak,Magang_Berdampak_awal,Magang Berdampak MSIB,Magang Berdampak MSIB,2025-06-16T00:00:00Z,2026-06-23T23:59:59Z,-ehPwwYuzUo,https://www.youtube.com/watch?v=-ehPwwYuzUo,"CARA DAFTAR PROGRAM MAGANG GAJI 3,3 JUTA DARI PEMERINTAH KEMNAKER // PROGRAM MAGANG FRESH GRADUATE","CARA DAFTAR PROGRAM MAGANG GAJI 3,3 JUTA DARI PEMERINTAH KEMNAKER // PROGRAM MAGANG FRESH GRADUATE.


CARA AGAR BERHASIL IKUTIN VIDIO TERABRU: https://youtu.be/iJErY5k0b_w?si=bVj9muSN7Gvv1Lv_



#caradaftarprogrammagang3,3 juta
#programmaganggaji3,3juta
#programmagangfreshgraduate
#lowongankerja  
#programmagangpemerintah
#programmagangkemnaker
#caradaftarprogrammagangfreshgraduate
#caradaftarmagangfreshgraduategaji3,3daripemerintah
#caradaftarprogrammagangpemerintah
#syaratdaftarprogrammagangpemerintah
#programmagangkemnaker






cara daftar program magang 3,3 juta, program magang gaji 3,3 juta,program magang fresh graduate, program magang pemerintah, program magang kemnaker, cara daftar program magang fresh graduate, cara daftar magang fresh graduate gaji 3,3 dari pemerintah, cara daftar program magang pemerintah, program magang, syarat daftar program magang pemerintah, syarat daftar program magang gaji 3,3 juta, apa saja yang di dapatkan dari program magang gaji 3,3 juta dari pemerintah, cara magang mahasiswa, magang hub kemnaker, cara magang di perusahaan, cara daftar magang di perusahaan, bantuan pemerintah oktober 2025, bantuan pemerintah tahun 2025, bantuan pemerintah yang cair oktober 2025, siap kerja kemnaker, maganghub.kemnaker.go.id, siap kerja kemnaker, magang, lowongan kerja, lowongan kerja fresh graduate,",UCDXDnlwZgzqEisdAl-WyIdQ,Indah Yusni,2025-10-07T04:19:29Z,18732,212,129,UgznpwVIEenenfX4blt4AaABAg,Anak saya fresh graduate semua persyaratan sesuai tapi dinyatakan BELUM MEMENUHI SYARAT ... Gimana Itu,@riptosuripto7957,UCV6tgIAyukQ0OKSMRfCD57w,2025-10-09T03:37:43Z,2025-10-09T03:37:43Z,0,false,true,true
youtube,Magang Berdampak,Magang_Berdampak_awal,Magang Berdampak MSIB,Magang Berdampak MSIB,2025-06-16T00:00:00Z,2026-06-23T23:59:59Z,-ehPwwYuzUo,https://www.youtube.com/watch?v=-ehPwwYuzUo,"CARA DAFTAR PROGRAM MAGANG GAJI 3,3 JUTA DARI PEMERINTAH KEMNAKER // PROGRAM MAGANG FRESH GRADUATE","CARA DAFTAR PROGRAM MAGANG GAJI 3,3 JUTA DARI PEMERINTAH KEMNAKER // PROGRAM MAGANG FRESH GRADUATE.


CARA AGAR BERHASIL IKUTIN VIDIO TERABRU: https://youtu.be/iJErY5k0b_w?si=bVj9muSN7Gvv1Lv_



#caradaftarprogrammagang3,3 juta
#programmaganggaji3,3juta
#programmagangfreshgraduate
#lowongankerja  
#programmagangpemerintah
#programmagangkemnaker
#caradaftarprogrammagangfreshgraduate
#caradaftarmagangfreshgraduategaji3,3daripemerintah
#caradaftarprogrammagangpemerintah
#syaratdaftarprogrammagangpemerintah
#programmagangkemnaker






cara daftar program magang 3,3 juta, program magang gaji 3,3 juta,program magang fresh graduate, program magang pemerintah, program magang kemnaker, cara daftar program magang fresh graduate, cara daftar magang fresh graduate gaji 3,3 dari pemerintah, cara daftar program magang pemerintah, program magang, syarat daftar program magang pemerintah, syarat daftar program magang gaji 3,3 juta, apa saja yang di dapatkan dari program magang gaji 3,3 juta dari pemerintah, cara magang mahasiswa, magang hub kemnaker, cara magang di perusahaan, cara daftar magang di perusahaan, bantuan pemerintah oktober 2025, bantuan pemerintah tahun 2025, bantuan pemerintah yang cair oktober 2025, siap kerja kemnaker, maganghub.kemnaker.go.id, siap kerja kemnaker, magang, lowongan kerja, lowongan kerja fresh graduate,",UCDXDnlwZgzqEisdAl-WyIdQ,Indah Yusni,2025-10-07T04:19:29Z,18732,212,129,UgwjpImvsS-IpvA6Ttl4AaABAg,kalo mahasiswa bole ga dftar,@sarahsalsabilla6922,UCYwSXLENmMH_R-dqq7poEyw,2025-10-09T02:08:02Z,2025-10-09T02:08:02Z,0,false,true,true
youtube,Magang Berdampak,Magang_Berdampak_awal,Magang Berdampak MSIB,Magang Berdampak MSIB,2025-06-16T00:00:00Z,2026-06-23T23:59:59Z,-ehPwwYuzUo,https://www.youtube.com/watch?v=-ehPwwYuzUo,"CARA DAFTAR PROGRAM MAGANG GAJI 3,3 JUTA DARI PEMERINTAH KEMNAKER // PROGRAM MAGANG FRESH GRADUATE","CARA DAFTAR PROGRAM MAGANG GAJI 3,3 JUTA DARI PEMERINTAH KEMNAKER // PROGRAM MAGANG FRESH GRADUATE.


CARA AGAR BERHASIL IKUTIN VIDIO TERABRU: https://youtu.be/iJErY5k0b_w?si=bVj9muSN7Gvv1Lv_



#caradaftarprogrammagang3,3 juta
#programmaganggaji3,3juta
#programmagangfreshgraduate
#lowongankerja  
#programmagangpemerintah
#programmagangkemnaker
#caradaftarprogrammagangfreshgraduate
#caradaftarmagangfreshgraduategaji3,3daripemerintah
#caradaftarprogrammagangpemerintah
#syaratdaftarprogrammagangpemerintah
#programmagangkemnaker






cara daftar program magang 3,3 juta, program magang gaji 3,3 juta,program magang fresh graduate, program magang pemerintah, program magang kemnaker, cara daftar program magang fresh graduate, cara daftar magang fresh graduate gaji 3,3 dari pemerintah, cara daftar program magang pemerintah, program magang, syarat daftar program magang pemerintah, syarat daftar program magang gaji 3,3 juta, apa saja yang di dapatkan dari program magang gaji 3,3 juta dari pemerintah, cara magang mahasiswa, magang hub kemnaker, cara magang di perusahaan, cara daftar magang di perusahaan, bantuan pemerintah oktober 2025, bantuan pemerintah tahun 2025, bantuan pemerintah yang cair oktober 2025, siap kerja kemnaker, maganghub.kemnaker.go.id, siap kerja kemnaker, magang, lowongan kerja, lowongan kerja fresh graduate,",UCDXDnlwZgzqEisdAl-WyIdQ,Indah Yusni,2025-10-07T04:19:29Z,18732,212,129,UgzUZs811V2j709A9p54AaABAg,Kalian elor juga ga 😢 gk Bisa daftar nya,@naaaaa5079,UC9BHwoK9YM0Wa73FvUCgGtg,2025-10-09T01:35:31Z,2025-10-09T01:35:31Z,0,false,true,true
youtube,Magang Berdampak,Magang_Berdampak_awal,Magang Berdampak MSIB,Magang Berdampak MSIB,2025-06-16T00:00:00Z,2026-06-23T23:59:59Z,-ehPwwYuzUo,https://www.youtube.com/watch?v=-ehPwwYuzUo,"CARA DAFTAR PROGRAM MAGANG GAJI 3,3 JUTA DARI PEMERINTAH KEMNAKER // PROGRAM MAGANG FRESH GRADUATE","CARA DAFTAR PROGRAM MAGANG GAJI 3,3 JUTA DARI PEMERINTAH KEMNAKER // PROGRAM MAGANG FRESH GRADUATE.


CARA AGAR BERHASIL IKUTIN VIDIO TERABRU: https://youtu.be/iJErY5k0b_w?si=bVj9muSN7Gvv1Lv_



#caradaftarprogrammagang3,3 juta
#programmaganggaji3,3juta
#programmagangfreshgraduate
#lowongankerja  
#programmagangpemerintah
#programmagangkemnaker
#caradaftarprogrammagangfreshgraduate
#caradaftarmagangfreshgraduategaji3,3daripemerintah
#caradaftarprogrammagangpemerintah
#syaratdaftarprogrammagangpemerintah
#programmagangkemnaker






cara daftar program magang 3,3 juta, program magang gaji 3,3 juta,program magang fresh graduate, program magang pemerintah, program magang kemnaker, cara daftar program magang fresh graduate, cara daftar magang fresh graduate gaji 3,3 dari pemerintah, cara daftar program magang pemerintah, program magang, syarat daftar program magang pemerintah, syarat daftar program magang gaji 3,3 juta, apa saja yang di dapatkan dari program magang gaji 3,3 juta dari pemerintah, cara magang mahasiswa, magang hub kemnaker, cara magang di perusahaan, cara daftar magang di perusahaan, bantuan pemerintah oktober 2025, bantuan pemerintah tahun 2025, bantuan pemerintah yang cair oktober 2025, siap kerja kemnaker, maganghub.kemnaker.go.id, siap kerja kemnaker, magang, lowongan kerja, lowongan kerja fresh graduate,",UCDXDnlwZgzqEisdAl-WyIdQ,Indah Yusni,2025-10-07T04:19:29Z,18732,212,129,UgyLGzKntcBuEz1hgtt4AaABAg,"sampe sekarang masih belum bisa di akses, udh sempet masuk cuma ketika klik bagian magang hub eror",@faisalsalasa1914,UCjA7n0l_UmQD6zJH9Hktq8Q,2025-10-08T17:59:21Z,2025-10-08T17:59:21Z,0,false,true,true
youtube,Magang Berdampak,Magang_Berdampak_awal,Magang Berdampak MSIB,Magang Berdampak MSIB,2025-06-16T00:00:00Z,2026-06-23T23:59:59Z,-ehPwwYuzUo,https://www.youtube.com/watch?v=-ehPwwYuzUo,"CARA DAFTAR PROGRAM MAGANG GAJI 3,3 JUTA DARI PEMERINTAH KEMNAKER // PROGRAM MAGANG FRESH GRADUATE","CARA DAFTAR PROGRAM MAGANG GAJI 3,3 JUTA DARI PEMERINTAH KEMNAKER // PROGRAM MAGANG FRESH GRADUATE.


CARA AGAR BERHASIL IKUTIN VIDIO TERABRU: https://youtu.be/iJErY5k0b_w?si=bVj9muSN7Gvv1Lv_



#caradaftarprogrammagang3,3 juta
#programmaganggaji3,3juta
#programmagangfreshgraduate
#lowongankerja  
#programmagangpemerintah
#programmagangkemnaker
#caradaftarprogrammagangfreshgraduate
#caradaftarmagangfreshgraduategaji3,3daripemerintah
#caradaftarprogrammagangpemerintah
#syaratdaftarprogrammagangpemerintah
#programmagangkemnaker






cara daftar program magang 3,3 juta, program magang gaji 3,3 juta,program magang fresh graduate, program magang pemerintah, program magang kemnaker, cara daftar program magang fresh graduate, cara daftar magang fresh graduate gaji 3,3 dari pemerintah, cara daftar program magang pemerintah, program magang, syarat daftar program magang pemerintah, syarat daftar program magang gaji 3,3 juta, apa saja yang di dapatkan dari program magang gaji 3,3 juta dari pemerintah, cara magang mahasiswa, magang hub kemnaker, cara magang di perusahaan, cara daftar magang di perusahaan, bantuan pemerintah oktober 2025, bantuan pemerintah tahun 2025, bantuan pemerintah yang cair oktober 2025, siap kerja kemnaker, maganghub.kemnaker.go.id, siap kerja kemnaker, magang, lowongan kerja, lowongan kerja fresh graduate,",UCDXDnlwZgzqEisdAl-WyIdQ,Indah Yusni,2025-10-07T04:19:29Z,18732,212,129,Ugy27kQRTiYrHc25osN4AaABAg,"Lalu bagaimana dg yang tamatan SMA ?? 
Gmn kesempatanya ??",@AqellaAlmaira-xc8ll,UCJcIVDGCBVXhZY34n_9Y0Hw,2025-10-08T14:03:39Z,2025-10-08T14:03:39Z,0,false,true,true
youtube,Magang Berdampak,Magang_Berdampak_awal,Magang Berdampak MSIB,Magang Berdampak MSIB,2025-06-16T00:00:00Z,2026-06-23T23:59:59Z,-ehPwwYuzUo,https://www.youtube.com/watch?v=-ehPwwYuzUo,"CARA DAFTAR PROGRAM MAGANG GAJI 3,3 JUTA DARI PEMERINTAH KEMNAKER // PROGRAM MAGANG FRESH GRADUATE","CARA DAFTAR PROGRAM MAGANG GAJI 3,3 JUTA DARI PEMERINTAH KEMNAKER // PROGRAM MAGANG FRESH GRADUATE.


CARA AGAR BERHASIL IKUTIN VIDIO TERABRU: https://youtu.be/iJErY5k0b_w?si=bVj9muSN7Gvv1Lv_



#caradaftarprogrammagang3,3 juta
#programmaganggaji3,3juta
#programmagangfreshgraduate
#lowongankerja  
#programmagangpemerintah
#programmagangkemnaker
#caradaftarprogrammagangfreshgraduate
#caradaftarmagangfreshgraduategaji3,3daripemerintah
#caradaftarprogrammagangpemerintah
#syaratdaftarprogrammagangpemerintah
#programmagangkemnaker






cara daftar program magang 3,3 juta, program magang gaji 3,3 juta,program magang fresh graduate, program magang pemerintah, program magang kemnaker, cara daftar program magang fresh graduate, cara daftar magang fresh graduate gaji 3,3 dari pemerintah, cara daftar program magang pemerintah, program magang, syarat daftar program magang pemerintah, syarat daftar program magang gaji 3,3 juta, apa saja yang di dapatkan dari program magang gaji 3,3 juta dari pemerintah, cara magang mahasiswa, magang hub kemnaker, cara magang di perusahaan, cara daftar magang di perusahaan, bantuan pemerintah oktober 2025, bantuan pemerintah tahun 2025, bantuan pemerintah yang cair oktober 2025, siap kerja kemnaker, maganghub.kemnaker.go.id, siap kerja kemnaker, magang, lowongan kerja, lowongan kerja fresh graduate,",UCDXDnlwZgzqEisdAl-WyIdQ,Indah Yusni,2025-10-07T04:19:29Z,18732,212,129,UgwxSOnlHyFowOkIGdt4AaABAg,Kalau pakek SKL bisa gak kak?,@HaniPandiangan,UCtwlSpEtRCV6olP2F1xtj8w,2025-10-08T11:54:38Z,2025-10-08T11:54:38Z,0,false,true,true
youtube,Magang Berdampak,Magang_Berdampak_awal,Magang Berdampak MSIB,Magang Berdampak MSIB,2025-06-16T00:00:00Z,2026-06-23T23:59:59Z,-ehPwwYuzUo,https://www.youtube.com/watch?v=-ehPwwYuzUo,"CARA DAFTAR PROGRAM MAGANG GAJI 3,3 JUTA DARI PEMERINTAH KEMNAKER // PROGRAM MAGANG FRESH GRADUATE","CARA DAFTAR PROGRAM MAGANG GAJI 3,3 JUTA DARI PEMERINTAH KEMNAKER // PROGRAM MAGANG FRESH GRADUATE.


CARA AGAR BERHASIL IKUTIN VIDIO TERABRU: https://youtu.be/iJErY5k0b_w?si=bVj9muSN7Gvv1Lv_



#caradaftarprogrammagang3,3 juta
#programmaganggaji3,3juta
#programmagangfreshgraduate
#lowongankerja  
#programmagangpemerintah
#programmagangkemnaker
#caradaftarprogrammagangfreshgraduate
#caradaftarmagangfreshgraduategaji3,3daripemerintah
#caradaftarprogrammagangpemerintah
#syaratdaftarprogrammagangpemerintah
#programmagangkemnaker






cara daftar program magang 3,3 juta, program magang gaji 3,3 juta,program magang fresh graduate, program magang pemerintah, program magang kemnaker, cara daftar program magang fresh graduate, cara daftar magang fresh graduate gaji 3,3 dari pemerintah, cara daftar program magang pemerintah, program magang, syarat daftar program magang pemerintah, syarat daftar program magang gaji 3,3 juta, apa saja yang di dapatkan dari program magang gaji 3,3 juta dari pemerintah, cara magang mahasiswa, magang hub kemnaker, cara magang di perusahaan, cara daftar magang di perusahaan, bantuan pemerintah oktober 2025, bantuan pemerintah tahun 2025, bantuan pemerintah yang cair oktober 2025, siap kerja kemnaker, maganghub.kemnaker.go.id, siap kerja kemnaker, magang, lowongan kerja, lowongan kerja fresh graduate,",UCDXDnlwZgzqEisdAl-WyIdQ,Indah Yusni,2025-10-07T04:19:29Z,18732,212,129,Ugz4d_GtuL4VMwkJz3p4AaABAg,Tadi pagi bisa dibuka tapi menjelang siang jadi lemot banget  sekarang lagi maintenance,@atikadewiherawati3005,UCgZxG_osiketmpNdhPuR3Vg,2025-10-08T08:47:58Z,2025-10-08T08:47:58Z,0,false,true,true
youtube,Magang Berdampak,Magang_Berdampak_awal,Magang Berdampak MSIB,Magang Berdampak MSIB,2025-06-16T00:00:00Z,2026-06-23T23:59:59Z,-ehPwwYuzUo,https://www.youtube.com/watch?v=-ehPwwYuzUo,"CARA DAFTAR PROGRAM MAGANG GAJI 3,3 JUTA DARI PEMERINTAH KEMNAKER // PROGRAM MAGANG FRESH GRADUATE","CARA DAFTAR PROGRAM MAGANG GAJI 3,3 JUTA DARI PEMERINTAH KEMNAKER // PROGRAM MAGANG FRESH GRADUATE.


CARA AGAR BERHASIL IKUTIN VIDIO TERABRU: https://youtu.be/iJErY5k0b_w?si=bVj9muSN7Gvv1Lv_



#caradaftarprogrammagang3,3 juta
#programmaganggaji3,3juta
#programmagangfreshgraduate
#lowongankerja  
#programmagangpemerintah
#programmagangkemnaker
#caradaftarprogrammagangfreshgraduate
#caradaftarmagangfreshgraduategaji3,3daripemerintah
#caradaftarprogrammagangpemerintah
#syaratdaftarprogrammagangpemerintah
#programmagangkemnaker






cara daftar program magang 3,3 juta, program magang gaji 3,3 juta,program magang fresh graduate, program magang pemerintah, program magang kemnaker, cara daftar program magang fresh graduate, cara daftar magang fresh graduate gaji 3,3 dari pemerintah, cara daftar program magang pemerintah, program magang, syarat daftar program magang pemerintah, syarat daftar program magang gaji 3,3 juta, apa saja yang di dapatkan dari program magang gaji 3,3 juta dari pemerintah, cara magang mahasiswa, magang hub kemnaker, cara magang di perusahaan, cara daftar magang di perusahaan, bantuan pemerintah oktober 2025, bantuan pemerintah tahun 2025, bantuan pemerintah yang cair oktober 2025, siap kerja kemnaker, maganghub.kemnaker.go.id, siap kerja kemnaker, magang, lowongan kerja, lowongan kerja fresh graduate,",UCDXDnlwZgzqEisdAl-WyIdQ,Indah Yusni,2025-10-07T04:19:29Z,18732,212,129,Ugyu8S3X2ebSlEUfD454AaABAg,kak website nya 404 not found,@raihanaksana3288,UCuBHrJsn9T-kCFQxx1XwJEg,2025-10-08T07:16:10Z,2025-10-08T07:16:10Z,0,false,true,true
youtube,Magang Berdampak,Magang_Berdampak_awal,Magang Berdampak MSIB,Magang Berdampak MSIB,2025-06-16T00:00:00Z,2026-06-23T23:59:59Z,-ehPwwYuzUo,https://www.youtube.com/watch?v=-ehPwwYuzUo,"CARA DAFTAR PROGRAM MAGANG GAJI 3,3 JUTA DARI PEMERINTAH KEMNAKER // PROGRAM MAGANG FRESH GRADUATE","CARA DAFTAR PROGRAM MAGANG GAJI 3,3 JUTA DARI PEMERINTAH KEMNAKER // PROGRAM MAGANG FRESH GRADUATE.


CARA AGAR BERHASIL IKUTIN VIDIO TERABRU: https://youtu.be/iJErY5k0b_w?si=bVj9muSN7Gvv1Lv_



#caradaftarprogrammagang3,3 juta
#programmaganggaji3,3juta
#programmagangfreshgraduate
#lowongankerja  
#programmagangpemerintah
#programmagangkemnaker
#caradaftarprogrammagangfreshgraduate
#caradaftarmagangfreshgraduategaji3,3daripemerintah
#caradaftarprogrammagangpemerintah
#syaratdaftarprogrammagangpemerintah
#programmagangkemnaker






cara daftar program magang 3,3 juta, program magang gaji 3,3 juta,program magang fresh graduate, program magang pemerintah, program magang kemnaker, cara daftar program magang fresh graduate, cara daftar magang fresh graduate gaji 3,3 dari pemerintah, cara daftar program magang pemerintah, program magang, syarat daftar program magang pemerintah, syarat daftar program magang gaji 3,3 juta, apa saja yang di dapatkan dari program magang gaji 3,3 juta dari pemerintah, cara magang mahasiswa, magang hub kemnaker, cara magang di perusahaan, cara daftar magang di perusahaan, bantuan pemerintah oktober 2025, bantuan pemerintah tahun 2025, bantuan pemerintah yang cair oktober 2025, siap kerja kemnaker, maganghub.kemnaker.go.id, siap kerja kemnaker, magang, lowongan kerja, lowongan kerja fresh graduate,",UCDXDnlwZgzqEisdAl-WyIdQ,Indah Yusni,2025-10-07T04:19:29Z,18732,212,129,UgxXM0OI8o88JsTyxs94AaABAg,"Gilak...ini aja udah tgl 8, vidio nya rilis juga udah tgl 7 tuh",@Kang-Mus403,UCvaJdwTd_TNe7LrzLm_FCjQ,2025-10-08T04:18:13Z,2025-10-08T04:18:13Z,1,false,true,true
youtube,Magang Berdampak,Magang_Berdampak_awal,Magang Berdampak MSIB,Magang Berdampak MSIB,2025-06-16T00:00:00Z,2026-06-23T23:59:59Z,-ehPwwYuzUo,https://www.youtube.com/watch?v=-ehPwwYuzUo,"CARA DAFTAR PROGRAM MAGANG GAJI 3,3 JUTA DARI PEMERINTAH KEMNAKER // PROGRAM MAGANG FRESH GRADUATE","CARA DAFTAR PROGRAM MAGANG GAJI 3,3 JUTA DARI PEMERINTAH KEMNAKER // PROGRAM MAGANG FRESH GRADUATE.


CARA AGAR BERHASIL IKUTIN VIDIO TERABRU: https://youtu.be/iJErY5k0b_w?si=bVj9muSN7Gvv1Lv_



#caradaftarprogrammagang3,3 juta
#programmaganggaji3,3juta
#programmagangfreshgraduate
#lowongankerja  
#programmagangpemerintah
#programmagangkemnaker
#caradaftarprogrammagangfreshgraduate
#caradaftarmagangfreshgraduategaji3,3daripemerintah
#caradaftarprogrammagangpemerintah
#syaratdaftarprogrammagangpemerintah
#programmagangkemnaker






cara daftar program magang 3,3 juta, program magang gaji 3,3 juta,program magang fresh graduate, program magang pemerintah, program magang kemnaker, cara daftar program magang fresh graduate, cara daftar magang fresh graduate gaji 3,3 dari pemerintah, cara daftar program magang pemerintah, program magang, syarat daftar program magang pemerintah, syarat daftar program magang gaji 3,3 juta, apa saja yang di dapatkan dari program magang gaji 3,3 juta dari pemerintah, cara magang mahasiswa, magang hub kemnaker, cara magang di perusahaan, cara daftar magang di perusahaan, bantuan pemerintah oktober 2025, bantuan pemerintah tahun 2025, bantuan pemerintah yang cair oktober 2025, siap kerja kemnaker, maganghub.kemnaker.go.id, siap kerja kemnaker, magang, lowongan kerja, lowongan kerja fresh graduate,",UCDXDnlwZgzqEisdAl-WyIdQ,Indah Yusni,2025-10-07T04:19:29Z,18732,212,129,UgxuuQQefmetpal-RDp4AaABAg,"Pas mendaftar Magang Siap Kerja, tetapi NIK ditolak dengan keterangan sudah terdaftar, meskipun belum pernah membuat akun.",@AtriHandayani-x4w2z,UCf6jopuX0cEev4x8wy36sUA,2025-10-08T02:32:09Z,2025-10-08T02:32:09Z,0,false,true,true
youtube,Magang Berdampak,Magang_Berdampak_awal,Magang Berdampak MSIB,Magang Berdampak MSIB,2025-06-16T00:00:00Z,2026-06-23T23:59:59Z,-ehPwwYuzUo,https://www.youtube.com/watch?v=-ehPwwYuzUo,"CARA DAFTAR PROGRAM MAGANG GAJI 3,3 JUTA DARI PEMERINTAH KEMNAKER // PROGRAM MAGANG FRESH GRADUATE","CARA DAFTAR PROGRAM MAGANG GAJI 3,3 JUTA DARI PEMERINTAH KEMNAKER // PROGRAM MAGANG FRESH GRADUATE.


CARA AGAR BERHASIL IKUTIN VIDIO TERABRU: https://youtu.be/iJErY5k0b_w?si=bVj9muSN7Gvv1Lv_



#caradaftarprogrammagang3,3 juta
#programmaganggaji3,3juta
#programmagangfreshgraduate
#lowongankerja  
#programmagangpemerintah
#programmagangkemnaker
#caradaftarprogrammagangfreshgraduate
#caradaftarmagangfreshgraduategaji3,3daripemerintah
#caradaftarprogrammagangpemerintah
#syaratdaftarprogrammagangpemerintah
#programmagangkemnaker






cara daftar program magang 3,3 juta, program magang gaji 3,3 juta,program magang fresh graduate, program magang pemerintah, program magang kemnaker, cara daftar program magang fresh graduate, cara daftar magang fresh graduate gaji 3,3 dari pemerintah, cara daftar program magang pemerintah, program magang, syarat daftar program magang pemerintah, syarat daftar program magang gaji 3,3 juta, apa saja yang di dapatkan dari program magang gaji 3,3 juta dari pemerintah, cara magang mahasiswa, magang hub kemnaker, cara magang di perusahaan, cara daftar magang di perusahaan, bantuan pemerintah oktober 2025, bantuan pemerintah tahun 2025, bantuan pemerintah yang cair oktober 2025, siap kerja kemnaker, maganghub.kemnaker.go.id, siap kerja kemnaker, magang, lowongan kerja, lowongan kerja fresh graduate,",UCDXDnlwZgzqEisdAl-WyIdQ,Indah Yusni,2025-10-07T04:19:29Z,18732,212,129,Ugzjc23LfO19vLp5NZl4AaABAg,Web nya susah bngt d akses 😢,@sadamfauzi1321,UCZAsoAfU58Ts8VWEdzJbhsQ,2025-10-08T01:18:40Z,2025-10-08T01:18:40Z,2,false,true,true
youtube,Magang Berdampak,Magang_Berdampak_awal,Magang Berdampak MSIB,Magang Berdampak MSIB,2025-06-16T00:00:00Z,2026-06-23T23:59:59Z,-ehPwwYuzUo,https://www.youtube.com/watch?v=-ehPwwYuzUo,"CARA DAFTAR PROGRAM MAGANG GAJI 3,3 JUTA DARI PEMERINTAH KEMNAKER // PROGRAM MAGANG FRESH GRADUATE","CARA DAFTAR PROGRAM MAGANG GAJI 3,3 JUTA DARI PEMERINTAH KEMNAKER // PROGRAM MAGANG FRESH GRADUATE.


CARA AGAR BERHASIL IKUTIN VIDIO TERABRU: https://youtu.be/iJErY5k0b_w?si=bVj9muSN7Gvv1Lv_



#caradaftarprogrammagang3,3 juta
#programmaganggaji3,3juta
#programmagangfreshgraduate
#lowongankerja  
#programmagangpemerintah
#programmagangkemnaker
#caradaftarprogrammagangfreshgraduate
#caradaftarmagangfreshgraduategaji3,3daripemerintah
#caradaftarprogrammagangpemerintah
#syaratdaftarprogrammagangpemerintah
#programmagangkemnaker






cara daftar program magang 3,3 juta, program magang gaji 3,3 juta,program magang fresh graduate, program magang pemerintah, program magang kemnaker, cara daftar program magang fresh graduate, cara daftar magang fresh graduate gaji 3,3 dari pemerintah, cara daftar program magang pemerintah, program magang, syarat daftar program magang pemerintah, syarat daftar program magang gaji 3,3 juta, apa saja yang di dapatkan dari program magang gaji 3,3 juta dari pemerintah, cara magang mahasiswa, magang hub kemnaker, cara magang di perusahaan, cara daftar magang di perusahaan, bantuan pemerintah oktober 2025, bantuan pemerintah tahun 2025, bantuan pemerintah yang cair oktober 2025, siap kerja kemnaker, maganghub.kemnaker.go.id, siap kerja kemnaker, magang, lowongan kerja, lowongan kerja fresh graduate,",UCDXDnlwZgzqEisdAl-WyIdQ,Indah Yusni,2025-10-07T04:19:29Z,18732,212,129,UgzrfNLVuxCJFzLHAMV4AaABAg,"riwayat pendidikan nya ga ke isi, gmna solusinya kak?",@DexterClaude-v4e,UCJJF6yTCJzm7UBUQ0Ov3vuw,2025-10-07T21:21:15Z,2025-10-07T21:21:15Z,0,false,true,true
youtube,Magang Berdampak,Magang_Berdampak_awal,Magang Berdampak MSIB,Magang Berdampak MSIB,2025-06-16T00:00:00Z,2026-06-23T23:59:59Z,-ehPwwYuzUo,https://www.youtube.com/watch?v=-ehPwwYuzUo,"CARA DAFTAR PROGRAM MAGANG GAJI 3,3 JUTA DARI PEMERINTAH KEMNAKER // PROGRAM MAGANG FRESH GRADUATE","CARA DAFTAR PROGRAM MAGANG GAJI 3,3 JUTA DARI PEMERINTAH KEMNAKER // PROGRAM MAGANG FRESH GRADUATE.


CARA AGAR BERHASIL IKUTIN VIDIO TERABRU: https://youtu.be/iJErY5k0b_w?si=bVj9muSN7Gvv1Lv_



#caradaftarprogrammagang3,3 juta
#programmaganggaji3,3juta
#programmagangfreshgraduate
#lowongankerja  
#programmagangpemerintah
#programmagangkemnaker
#caradaftarprogrammagangfreshgraduate
#caradaftarmagangfreshgraduategaji3,3daripemerintah
#caradaftarprogrammagangpemerintah
#syaratdaftarprogrammagangpemerintah
#programmagangkemnaker






cara daftar program magang 3,3 juta, program magang gaji 3,3 juta,program magang fresh graduate, program magang pemerintah, program magang kemnaker, cara daftar program magang fresh graduate, cara daftar magang fresh graduate gaji 3,3 dari pemerintah, cara daftar program magang pemerintah, program magang, syarat daftar program magang pemerintah, syarat daftar program magang gaji 3,3 juta, apa saja yang di dapatkan dari program magang gaji 3,3 juta dari pemerintah, cara magang mahasiswa, magang hub kemnaker, cara magang di perusahaan, cara daftar magang di perusahaan, bantuan pemerintah oktober 2025, bantuan pemerintah tahun 2025, bantuan pemerintah yang cair oktober 2025, siap kerja kemnaker, maganghub.kemnaker.go.id, siap kerja kemnaker, magang, lowongan kerja, lowongan kerja fresh graduate,",UCDXDnlwZgzqEisdAl-WyIdQ,Indah Yusni,2025-10-07T04:19:29Z,18732,212,129,UgzePgpmYXC95OkhtHR4AaABAg,magang nasional civernya kaya masuk jalur MANDIRI universitas 😮😮😮😮,@muhammadherry2926,UCqM3xLU9FT91OdwhuRnaygw,2025-10-07T18:04:31Z,2025-10-07T18:04:31Z,0,false,true,true
youtube,Magang Berdampak,Magang_Berdampak_awal,Magang Berdampak MSIB,Magang Berdampak MSIB,2025-06-16T00:00:00Z,2026-06-23T23:59:59Z,-ehPwwYuzUo,https://www.youtube.com/watch?v=-ehPwwYuzUo,"CARA DAFTAR PROGRAM MAGANG GAJI 3,3 JUTA DARI PEMERINTAH KEMNAKER // PROGRAM MAGANG FRESH GRADUATE","CARA DAFTAR PROGRAM MAGANG GAJI 3,3 JUTA DARI PEMERINTAH KEMNAKER // PROGRAM MAGANG FRESH GRADUATE.


CARA AGAR BERHASIL IKUTIN VIDIO TERABRU: https://youtu.be/iJErY5k0b_w?si=bVj9muSN7Gvv1Lv_



#caradaftarprogrammagang3,3 juta
#programmaganggaji3,3juta
#programmagangfreshgraduate
#lowongankerja  
#programmagangpemerintah
#programmagangkemnaker
#caradaftarprogrammagangfreshgraduate
#caradaftarmagangfreshgraduategaji3,3daripemerintah
#caradaftarprogrammagangpemerintah
#syaratdaftarprogrammagangpemerintah
#programmagangkemnaker






cara daftar program magang 3,3 juta, program magang gaji 3,3 juta,program magang fresh graduate, program magang pemerintah, program magang kemnaker, cara daftar program magang fresh graduate, cara daftar magang fresh graduate gaji 3,3 dari pemerintah, cara daftar program magang pemerintah, program magang, syarat daftar program magang pemerintah, syarat daftar program magang gaji 3,3 juta, apa saja yang di dapatkan dari program magang gaji 3,3 juta dari pemerintah, cara magang mahasiswa, magang hub kemnaker, cara magang di perusahaan, cara daftar magang di perusahaan, bantuan pemerintah oktober 2025, bantuan pemerintah tahun 2025, bantuan pemerintah yang cair oktober 2025, siap kerja kemnaker, maganghub.kemnaker.go.id, siap kerja kemnaker, magang, lowongan kerja, lowongan kerja fresh graduate,",UCDXDnlwZgzqEisdAl-WyIdQ,Indah Yusni,2025-10-07T04:19:29Z,18732,212,129,Ugz73g2eEAs4fuW75wJ4AaABAg,Weaglso🤲🤲,@WagisoGiso-g3r,UCUUvCMGIwon3YDQYy8uw29w,2025-10-07T15:53:13Z,2025-10-07T15:53:13Z,1,false,true,true
youtube,Magang Berdampak,Magang_Berdampak_awal,Magang Berdampak MSIB,Magang Berdampak MSIB,2025-06-16T00:00:00Z,2026-06-23T23:59:59Z,-ehPwwYuzUo,https://www.youtube.com/watch?v=-ehPwwYuzUo,"CARA DAFTAR PROGRAM MAGANG GAJI 3,3 JUTA DARI PEMERINTAH KEMNAKER // PROGRAM MAGANG FRESH GRADUATE","CARA DAFTAR PROGRAM MAGANG GAJI 3,3 JUTA DARI PEMERINTAH KEMNAKER // PROGRAM MAGANG FRESH GRADUATE.


CARA AGAR BERHASIL IKUTIN VIDIO TERABRU: https://youtu.be/iJErY5k0b_w?si=bVj9muSN7Gvv1Lv_



#caradaftarprogrammagang3,3 juta
#programmaganggaji3,3juta
#programmagangfreshgraduate
#lowongankerja  
#programmagangpemerintah
#programmagangkemnaker
#caradaftarprogrammagangfreshgraduate
#caradaftarmagangfreshgraduategaji3,3daripemerintah
#caradaftarprogrammagangpemerintah
#syaratdaftarprogrammagangpemerintah
#programmagangkemnaker






cara daftar program magang 3,3 juta, program magang gaji 3,3 juta,program magang fresh graduate, program magang pemerintah, program magang kemnaker, cara daftar program magang fresh graduate, cara daftar magang fresh graduate gaji 3,3 dari pemerintah, cara daftar program magang pemerintah, program magang, syarat daftar program magang pemerintah, syarat daftar program magang gaji 3,3 juta, apa saja yang di dapatkan dari program magang gaji 3,3 juta dari pemerintah, cara magang mahasiswa, magang hub kemnaker, cara magang di perusahaan, cara daftar magang di perusahaan, bantuan pemerintah oktober 2025, bantuan pemerintah tahun 2025, bantuan pemerintah yang cair oktober 2025, siap kerja kemnaker, maganghub.kemnaker.go.id, siap kerja kemnaker, magang, lowongan kerja, lowongan kerja fresh graduate,",UCDXDnlwZgzqEisdAl-WyIdQ,Indah Yusni,2025-10-07T04:19:29Z,18732,212,129,Ugw8Uk57SwkWN_5V6ix4AaABAg,kalau belum ada ijasahnya apakah boleh pakai surat keterangan lulus dulu ?,@Bismillahsukses-u2n,UCu2i-NnWt9t3T6c16LB4pPg,2025-10-07T12:57:11Z,2025-10-07T12:57:11Z,0,false,true,true
youtube,Magang Berdampak,Magang_Berdampak_awal,Magang Berdampak MSIB,Magang Berdampak MSIB,2025-06-16T00:00:00Z,2026-06-23T23:59:59Z,-ehPwwYuzUo,https://www.youtube.com/watch?v=-ehPwwYuzUo,"CARA DAFTAR PROGRAM MAGANG GAJI 3,3 JUTA DARI PEMERINTAH KEMNAKER // PROGRAM MAGANG FRESH GRADUATE","CARA DAFTAR PROGRAM MAGANG GAJI 3,3 JUTA DARI PEMERINTAH KEMNAKER // PROGRAM MAGANG FRESH GRADUATE.


CARA AGAR BERHASIL IKUTIN VIDIO TERABRU: https://youtu.be/iJErY5k0b_w?si=bVj9muSN7Gvv1Lv_



#caradaftarprogrammagang3,3 juta
#programmaganggaji3,3juta
#programmagangfreshgraduate
#lowongankerja  
#programmagangpemerintah
#programmagangkemnaker
#caradaftarprogrammagangfreshgraduate
#caradaftarmagangfreshgraduategaji3,3daripemerintah
#caradaftarprogrammagangpemerintah
#syaratdaftarprogrammagangpemerintah
#programmagangkemnaker






cara daftar program magang 3,3 juta, program magang gaji 3,3 juta,program magang fresh graduate, program magang pemerintah, program magang kemnaker, cara daftar program magang fresh graduate, cara daftar magang fresh graduate gaji 3,3 dari pemerintah, cara daftar program magang pemerintah, program magang, syarat daftar program magang pemerintah, syarat daftar program magang gaji 3,3 juta, apa saja yang di dapatkan dari program magang gaji 3,3 juta dari pemerintah, cara magang mahasiswa, magang hub kemnaker, cara magang di perusahaan, cara daftar magang di perusahaan, bantuan pemerintah oktober 2025, bantuan pemerintah tahun 2025, bantuan pemerintah yang cair oktober 2025, siap kerja kemnaker, maganghub.kemnaker.go.id, siap kerja kemnaker, magang, lowongan kerja, lowongan kerja fresh graduate,",UCDXDnlwZgzqEisdAl-WyIdQ,Indah Yusni,2025-10-07T04:19:29Z,18732,212,129,UgzFSQu7U63vdmirH_d4AaABAg,ada batas usia kaga,@bubblegum87909,UCbd5cuNa2XV4eEMElZlFoMw,2025-10-07T10:06:44Z,2025-10-07T10:06:44Z,0,false,true,true
youtube,Magang Berdampak,Magang_Berdampak_awal,Magang Berdampak MSIB,Magang Berdampak MSIB,2025-06-16T00:00:00Z,2026-06-23T23:59:59Z,-ehPwwYuzUo,https://www.youtube.com/watch?v=-ehPwwYuzUo,"CARA DAFTAR PROGRAM MAGANG GAJI 3,3 JUTA DARI PEMERINTAH KEMNAKER // PROGRAM MAGANG FRESH GRADUATE","CARA DAFTAR PROGRAM MAGANG GAJI 3,3 JUTA DARI PEMERINTAH KEMNAKER // PROGRAM MAGANG FRESH GRADUATE.


CARA AGAR BERHASIL IKUTIN VIDIO TERABRU: https://youtu.be/iJErY5k0b_w?si=bVj9muSN7Gvv1Lv_



#caradaftarprogrammagang3,3 juta
#programmaganggaji3,3juta
#programmagangfreshgraduate
#lowongankerja  
#programmagangpemerintah
#programmagangkemnaker
#caradaftarprogrammagangfreshgraduate
#caradaftarmagangfreshgraduategaji3,3daripemerintah
#caradaftarprogrammagangpemerintah
#syaratdaftarprogrammagangpemerintah
#programmagangkemnaker






cara daftar program magang 3,3 juta, program magang gaji 3,3 juta,program magang fresh graduate, program magang pemerintah, program magang kemnaker, cara daftar program magang fresh graduate, cara daftar magang fresh graduate gaji 3,3 dari pemerintah, cara daftar program magang pemerintah, program magang, syarat daftar program magang pemerintah, syarat daftar program magang gaji 3,3 juta, apa saja yang di dapatkan dari program magang gaji 3,3 juta dari pemerintah, cara magang mahasiswa, magang hub kemnaker, cara magang di perusahaan, cara daftar magang di perusahaan, bantuan pemerintah oktober 2025, bantuan pemerintah tahun 2025, bantuan pemerintah yang cair oktober 2025, siap kerja kemnaker, maganghub.kemnaker.go.id, siap kerja kemnaker, magang, lowongan kerja, lowongan kerja fresh graduate,",UCDXDnlwZgzqEisdAl-WyIdQ,Indah Yusni,2025-10-07T04:19:29Z,18732,212,129,Ugwf6LO2gRK_7yMSfbB4AaABAg,IJAZAH GA KE BACA ITU GIMANA KAK,@rioPutra-j3e,UCiMNyRjpGdDAWQZkZcOK_7g,2025-10-07T07:45:23Z,2025-10-07T07:45:23Z,2,false,true,true
youtube,Magang Berdampak,Magang_Berdampak_awal,Magang Berdampak MSIB,Magang Berdampak MSIB,2025-06-16T00:00:00Z,2026-06-23T23:59:59Z,-ehPwwYuzUo,https://www.youtube.com/watch?v=-ehPwwYuzUo,"CARA DAFTAR PROGRAM MAGANG GAJI 3,3 JUTA DARI PEMERINTAH KEMNAKER // PROGRAM MAGANG FRESH GRADUATE","CARA DAFTAR PROGRAM MAGANG GAJI 3,3 JUTA DARI PEMERINTAH KEMNAKER // PROGRAM MAGANG FRESH GRADUATE.


CARA AGAR BERHASIL IKUTIN VIDIO TERABRU: https://youtu.be/iJErY5k0b_w?si=bVj9muSN7Gvv1Lv_



#caradaftarprogrammagang3,3 juta
#programmaganggaji3,3juta
#programmagangfreshgraduate
#lowongankerja  
#programmagangpemerintah
#programmagangkemnaker
#caradaftarprogrammagangfreshgraduate
#caradaftarmagangfreshgraduategaji3,3daripemerintah
#caradaftarprogrammagangpemerintah
#syaratdaftarprogrammagangpemerintah
#programmagangkemnaker






cara daftar program magang 3,3 juta, program magang gaji 3,3 juta,program magang fresh graduate, program magang pemerintah, program magang kemnaker, cara daftar program magang fresh graduate, cara daftar magang fresh graduate gaji 3,3 dari pemerintah, cara daftar program magang pemerintah, program magang, syarat daftar program magang pemerintah, syarat daftar program magang gaji 3,3 juta, apa saja yang di dapatkan dari program magang gaji 3,3 juta dari pemerintah, cara magang mahasiswa, magang hub kemnaker, cara magang di perusahaan, cara daftar magang di perusahaan, bantuan pemerintah oktober 2025, bantuan pemerintah tahun 2025, bantuan pemerintah yang cair oktober 2025, siap kerja kemnaker, maganghub.kemnaker.go.id, siap kerja kemnaker, magang, lowongan kerja, lowongan kerja fresh graduate,",UCDXDnlwZgzqEisdAl-WyIdQ,Indah Yusni,2025-10-07T04:19:29Z,18732,212,129,Ugx5ZdJNJVxxdWAVVyp4AaABAg,Kok beda sih yg aku bukak😭,@PaudOnline_msAnna,UCpWYy0wEAgLH8gX1Yy9yTGA,2025-10-07T06:46:33Z,2025-10-07T06:46:33Z,0,false,true,true
youtube,Magang Berdampak,Magang_Berdampak_awal,Magang Berdampak MSIB,Magang Berdampak MSIB,2025-06-16T00:00:00Z,2026-06-23T23:59:59Z,-ehPwwYuzUo,https://www.youtube.com/watch?v=-ehPwwYuzUo,"CARA DAFTAR PROGRAM MAGANG GAJI 3,3 JUTA DARI PEMERINTAH KEMNAKER // PROGRAM MAGANG FRESH GRADUATE","CARA DAFTAR PROGRAM MAGANG GAJI 3,3 JUTA DARI PEMERINTAH KEMNAKER // PROGRAM MAGANG FRESH GRADUATE.


CARA AGAR BERHASIL IKUTIN VIDIO TERABRU: https://youtu.be/iJErY5k0b_w?si=bVj9muSN7Gvv1Lv_



#caradaftarprogrammagang3,3 juta
#programmaganggaji3,3juta
#programmagangfreshgraduate
#lowongankerja  
#programmagangpemerintah
#programmagangkemnaker
#caradaftarprogrammagangfreshgraduate
#caradaftarmagangfreshgraduategaji3,3daripemerintah
#caradaftarprogrammagangpemerintah
#syaratdaftarprogrammagangpemerintah
#programmagangkemnaker






cara daftar program magang 3,3 juta, program magang gaji 3,3 juta,program magang fresh graduate, program magang pemerintah, program magang kemnaker, cara daftar program magang fresh graduate, cara daftar magang fresh graduate gaji 3,3 dari pemerintah, cara daftar program magang pemerintah, program magang, syarat daftar program magang pemerintah, syarat daftar program magang gaji 3,3 juta, apa saja yang di dapatkan dari program magang gaji 3,3 juta dari pemerintah, cara magang mahasiswa, magang hub kemnaker, cara magang di perusahaan, cara daftar magang di perusahaan, bantuan pemerintah oktober 2025, bantuan pemerintah tahun 2025, bantuan pemerintah yang cair oktober 2025, siap kerja kemnaker, maganghub.kemnaker.go.id, siap kerja kemnaker, magang, lowongan kerja, lowongan kerja fresh graduate,",UCDXDnlwZgzqEisdAl-WyIdQ,Indah Yusni,2025-10-07T04:19:29Z,18732,212,129,UgxzkHBy2a6aL_Kme9l4AaABAg,Freshgraduate aja kak indah ???,@DiannaMarhanii,UCN9hluJEs-C8_utQ6CSeyPA,2025-10-07T05:25:52Z,2025-10-07T05:25:52Z,0,false,true,true
youtube,Magang Berdampak,Magang_Berdampak_awal,Magang Berdampak MSIB,Magang Berdampak MSIB,2025-06-16T00:00:00Z,2026-06-23T23:59:59Z,-ehPwwYuzUo,https://www.youtube.com/watch?v=-ehPwwYuzUo,"CARA DAFTAR PROGRAM MAGANG GAJI 3,3 JUTA DARI PEMERINTAH KEMNAKER // PROGRAM MAGANG FRESH GRADUATE","CARA DAFTAR PROGRAM MAGANG GAJI 3,3 JUTA DARI PEMERINTAH KEMNAKER // PROGRAM MAGANG FRESH GRADUATE.


CARA AGAR BERHASIL IKUTIN VIDIO TERABRU: https://youtu.be/iJErY5k0b_w?si=bVj9muSN7Gvv1Lv_



#caradaftarprogrammagang3,3 juta
#programmaganggaji3,3juta
#programmagangfreshgraduate
#lowongankerja  
#programmagangpemerintah
#programmagangkemnaker
#caradaftarprogrammagangfreshgraduate
#caradaftarmagangfreshgraduategaji3,3daripemerintah
#caradaftarprogrammagangpemerintah
#syaratdaftarprogrammagangpemerintah
#programmagangkemnaker






cara daftar program magang 3,3 juta, program magang gaji 3,3 juta,program magang fresh graduate, program magang pemerintah, program magang kemnaker, cara daftar program magang fresh graduate, cara daftar magang fresh graduate gaji 3,3 dari pemerintah, cara daftar program magang pemerintah, program magang, syarat daftar program magang pemerintah, syarat daftar program magang gaji 3,3 juta, apa saja yang di dapatkan dari program magang gaji 3,3 juta dari pemerintah, cara magang mahasiswa, magang hub kemnaker, cara magang di perusahaan, cara daftar magang di perusahaan, bantuan pemerintah oktober 2025, bantuan pemerintah tahun 2025, bantuan pemerintah yang cair oktober 2025, siap kerja kemnaker, maganghub.kemnaker.go.id, siap kerja kemnaker, magang, lowongan kerja, lowongan kerja fresh graduate,",UCDXDnlwZgzqEisdAl-WyIdQ,Indah Yusni,2025-10-07T04:19:29Z,18732,212,129,UgyjyvL2xhtR7IBUPSd4AaABAg,udah beberapa kali ngecek hari ini lowngan belum tersedia belum dibuka kah padahal udah tanggal 7,@anandawijaya8975,UC9QqEnEOgS0hs74AiCoUPlA,2025-10-07T05:24:51Z,2025-10-07T05:24:51Z,2,false,true,true
youtube,Magang Berdampak,Magang_Berdampak_awal,Magang Berdampak MSIB,Magang Berdampak MSIB,2025-06-16T00:00:00Z,2026-06-23T23:59:59Z,-ehPwwYuzUo,https://www.youtube.com/watch?v=-ehPwwYuzUo,"CARA DAFTAR PROGRAM MAGANG GAJI 3,3 JUTA DARI PEMERINTAH KEMNAKER // PROGRAM MAGANG FRESH GRADUATE","CARA DAFTAR PROGRAM MAGANG GAJI 3,3 JUTA DARI PEMERINTAH KEMNAKER // PROGRAM MAGANG FRESH GRADUATE.


CARA AGAR BERHASIL IKUTIN VIDIO TERABRU: https://youtu.be/iJErY5k0b_w?si=bVj9muSN7Gvv1Lv_



#caradaftarprogrammagang3,3 juta
#programmaganggaji3,3juta
#programmagangfreshgraduate
#lowongankerja  
#programmagangpemerintah
#programmagangkemnaker
#caradaftarprogrammagangfreshgraduate
#caradaftarmagangfreshgraduategaji3,3daripemerintah
#caradaftarprogrammagangpemerintah
#syaratdaftarprogrammagangpemerintah
#programmagangkemnaker






cara daftar program magang 3,3 juta, program magang gaji 3,3 juta,program magang fresh graduate, program magang pemerintah, program magang kemnaker, cara daftar program magang fresh graduate, cara daftar magang fresh graduate gaji 3,3 dari pemerintah, cara daftar program magang pemerintah, program magang, syarat daftar program magang pemerintah, syarat daftar program magang gaji 3,3 juta, apa saja yang di dapatkan dari program magang gaji 3,3 juta dari pemerintah, cara magang mahasiswa, magang hub kemnaker, cara magang di perusahaan, cara daftar magang di perusahaan, bantuan pemerintah oktober 2025, bantuan pemerintah tahun 2025, bantuan pemerintah yang cair oktober 2025, siap kerja kemnaker, maganghub.kemnaker.go.id, siap kerja kemnaker, magang, lowongan kerja, lowongan kerja fresh graduate,",UCDXDnlwZgzqEisdAl-WyIdQ,Indah Yusni,2025-10-07T04:19:29Z,18732,212,129,Ugwed9tkkt6utozinPB4AaABAg,cara ngisi tempat lahirnya gimna ka?? aku salah terus😭,@Jane-ps3lx,UCr_uOTIgd3gaaUZDpIQsKVw,2025-10-07T04:50:18Z,2025-10-07T04:50:18Z,0,false,true,true
youtube,Magang Berdampak,Magang_Berdampak_awal,Magang Berdampak MSIB,Magang Berdampak MSIB,2025-06-16T00:00:00Z,2026-06-23T23:59:59Z,-ehPwwYuzUo,https://www.youtube.com/watch?v=-ehPwwYuzUo,"CARA DAFTAR PROGRAM MAGANG GAJI 3,3 JUTA DARI PEMERINTAH KEMNAKER // PROGRAM MAGANG FRESH GRADUATE","CARA DAFTAR PROGRAM MAGANG GAJI 3,3 JUTA DARI PEMERINTAH KEMNAKER // PROGRAM MAGANG FRESH GRADUATE.


CARA AGAR BERHASIL IKUTIN VIDIO TERABRU: https://youtu.be/iJErY5k0b_w?si=bVj9muSN7Gvv1Lv_



#caradaftarprogrammagang3,3 juta
#programmaganggaji3,3juta
#programmagangfreshgraduate
#lowongankerja  
#programmagangpemerintah
#programmagangkemnaker
#caradaftarprogrammagangfreshgraduate
#caradaftarmagangfreshgraduategaji3,3daripemerintah
#caradaftarprogrammagangpemerintah
#syaratdaftarprogrammagangpemerintah
#programmagangkemnaker






cara daftar program magang 3,3 juta, program magang gaji 3,3 juta,program magang fresh graduate, program magang pemerintah, program magang kemnaker, cara daftar program magang fresh graduate, cara daftar magang fresh graduate gaji 3,3 dari pemerintah, cara daftar program magang pemerintah, program magang, syarat daftar program magang pemerintah, syarat daftar program magang gaji 3,3 juta, apa saja yang di dapatkan dari program magang gaji 3,3 juta dari pemerintah, cara magang mahasiswa, magang hub kemnaker, cara magang di perusahaan, cara daftar magang di perusahaan, bantuan pemerintah oktober 2025, bantuan pemerintah tahun 2025, bantuan pemerintah yang cair oktober 2025, siap kerja kemnaker, maganghub.kemnaker.go.id, siap kerja kemnaker, magang, lowongan kerja, lowongan kerja fresh graduate,",UCDXDnlwZgzqEisdAl-WyIdQ,Indah Yusni,2025-10-07T04:19:29Z,18732,212,129,UgwxifUGrnzVvb3UPbJ4AaABAg,Berarti tamatan SMA gak bisa ya kak,@ekalubis5860,UCByXWIzqy1KLvDWWntHzc_g,2025-10-07T04:47:49Z,2025-10-07T04:47:49Z,2,false,true,true
youtube,Magang Berdampak,Magang_Berdampak_awal,Magang Berdampak MSIB,Magang Berdampak MSIB,2025-06-16T00:00:00Z,2026-06-23T23:59:59Z,-ehPwwYuzUo,https://www.youtube.com/watch?v=-ehPwwYuzUo,"CARA DAFTAR PROGRAM MAGANG GAJI 3,3 JUTA DARI PEMERINTAH KEMNAKER // PROGRAM MAGANG FRESH GRADUATE","CARA DAFTAR PROGRAM MAGANG GAJI 3,3 JUTA DARI PEMERINTAH KEMNAKER // PROGRAM MAGANG FRESH GRADUATE.


CARA AGAR BERHASIL IKUTIN VIDIO TERABRU: https://youtu.be/iJErY5k0b_w?si=bVj9muSN7Gvv1Lv_



#caradaftarprogrammagang3,3 juta
#programmaganggaji3,3juta
#programmagangfreshgraduate
#lowongankerja  
#programmagangpemerintah
#programmagangkemnaker
#caradaftarprogrammagangfreshgraduate
#caradaftarmagangfreshgraduategaji3,3daripemerintah
#caradaftarprogrammagangpemerintah
#syaratdaftarprogrammagangpemerintah
#programmagangkemnaker






cara daftar program magang 3,3 juta, program magang gaji 3,3 juta,program magang fresh graduate, program magang pemerintah, program magang kemnaker, cara daftar program magang fresh graduate, cara daftar magang fresh graduate gaji 3,3 dari pemerintah, cara daftar program magang pemerintah, program magang, syarat daftar program magang pemerintah, syarat daftar program magang gaji 3,3 juta, apa saja yang di dapatkan dari program magang gaji 3,3 juta dari pemerintah, cara magang mahasiswa, magang hub kemnaker, cara magang di perusahaan, cara daftar magang di perusahaan, bantuan pemerintah oktober 2025, bantuan pemerintah tahun 2025, bantuan pemerintah yang cair oktober 2025, siap kerja kemnaker, maganghub.kemnaker.go.id, siap kerja kemnaker, magang, lowongan kerja, lowongan kerja fresh graduate,",UCDXDnlwZgzqEisdAl-WyIdQ,Indah Yusni,2025-10-07T04:19:29Z,18732,212,129,Ugx9IEp-IuyYzw_rhvp4AaABAg,Ke empat,@arifarsyad5125,UCrHs6O7dM8JG0EpbiyF2f4g,2025-10-07T04:34:01Z,2025-10-07T04:34:01Z,0,false,true,true
youtube,Magang Berdampak,Magang_Berdampak_awal,Magang Berdampak MSIB,Magang Berdampak MSIB,2025-06-16T00:00:00Z,2026-06-23T23:59:59Z,-ehPwwYuzUo,https://www.youtube.com/watch?v=-ehPwwYuzUo,"CARA DAFTAR PROGRAM MAGANG GAJI 3,3 JUTA DARI PEMERINTAH KEMNAKER // PROGRAM MAGANG FRESH GRADUATE","CARA DAFTAR PROGRAM MAGANG GAJI 3,3 JUTA DARI PEMERINTAH KEMNAKER // PROGRAM MAGANG FRESH GRADUATE.


CARA AGAR BERHASIL IKUTIN VIDIO TERABRU: https://youtu.be/iJErY5k0b_w?si=bVj9muSN7Gvv1Lv_



#caradaftarprogrammagang3,3 juta
#programmaganggaji3,3juta
#programmagangfreshgraduate
#lowongankerja  
#programmagangpemerintah
#programmagangkemnaker
#caradaftarprogrammagangfreshgraduate
#caradaftarmagangfreshgraduategaji3,3daripemerintah
#caradaftarprogrammagangpemerintah
#syaratdaftarprogrammagangpemerintah
#programmagangkemnaker






cara daftar program magang 3,3 juta, program magang gaji 3,3 juta,program magang fresh graduate, program magang pemerintah, program magang kemnaker, cara daftar program magang fresh graduate, cara daftar magang fresh graduate gaji 3,3 dari pemerintah, cara daftar program magang pemerintah, program magang, syarat daftar program magang pemerintah, syarat daftar program magang gaji 3,3 juta, apa saja yang di dapatkan dari program magang gaji 3,3 juta dari pemerintah, cara magang mahasiswa, magang hub kemnaker, cara magang di perusahaan, cara daftar magang di perusahaan, bantuan pemerintah oktober 2025, bantuan pemerintah tahun 2025, bantuan pemerintah yang cair oktober 2025, siap kerja kemnaker, maganghub.kemnaker.go.id, siap kerja kemnaker, magang, lowongan kerja, lowongan kerja fresh graduate,",UCDXDnlwZgzqEisdAl-WyIdQ,Indah Yusni,2025-10-07T04:19:29Z,18732,212,129,Ugx5YzX_SyVdgQJaHtV4AaABAg,Ketiga nih,@ritafebriyanti95,UClql0i_8C-DPA61HNq_6A1A,2025-10-07T04:29:10Z,2025-10-07T04:29:10Z,0,false,true,true
youtube,Magang Berdampak,Magang_Berdampak_awal,Magang Berdampak MSIB,Magang Berdampak MSIB,2025-06-16T00:00:00Z,2026-06-23T23:59:59Z,-ehPwwYuzUo,https://www.youtube.com/watch?v=-ehPwwYuzUo,"CARA DAFTAR PROGRAM MAGANG GAJI 3,3 JUTA DARI PEMERINTAH KEMNAKER // PROGRAM MAGANG FRESH GRADUATE","CARA DAFTAR PROGRAM MAGANG GAJI 3,3 JUTA DARI PEMERINTAH KEMNAKER // PROGRAM MAGANG FRESH GRADUATE.


CARA AGAR BERHASIL IKUTIN VIDIO TERABRU: https://youtu.be/iJErY5k0b_w?si=bVj9muSN7Gvv1Lv_



#caradaftarprogrammagang3,3 juta
#programmaganggaji3,3juta
#programmagangfreshgraduate
#lowongankerja  
#programmagangpemerintah
#programmagangkemnaker
#caradaftarprogrammagangfreshgraduate
#caradaftarmagangfreshgraduategaji3,3daripemerintah
#caradaftarprogrammagangpemerintah
#syaratdaftarprogrammagangpemerintah
#programmagangkemnaker






cara daftar program magang 3,3 juta, program magang gaji 3,3 juta,program magang fresh graduate, program magang pemerintah, program magang kemnaker, cara daftar program magang fresh graduate, cara daftar magang fresh graduate gaji 3,3 dari pemerintah, cara daftar program magang pemerintah, program magang, syarat daftar program magang pemerintah, syarat daftar program magang gaji 3,3 juta, apa saja yang di dapatkan dari program magang gaji 3,3 juta dari pemerintah, cara magang mahasiswa, magang hub kemnaker, cara magang di perusahaan, cara daftar magang di perusahaan, bantuan pemerintah oktober 2025, bantuan pemerintah tahun 2025, bantuan pemerintah yang cair oktober 2025, siap kerja kemnaker, maganghub.kemnaker.go.id, siap kerja kemnaker, magang, lowongan kerja, lowongan kerja fresh graduate,",UCDXDnlwZgzqEisdAl-WyIdQ,Indah Yusni,2025-10-07T04:19:29Z,18732,212,129,Ugw1OgEiJoZuOoPO9Xl4AaABAg,Kedua nih. 😊,@farreldimas6407,UChHxXN3E4EGrsktarFoXveQ,2025-10-07T04:27:03Z,2025-10-07T04:27:03Z,0,false,true,true
youtube,Magang Berdampak,Magang_Berdampak_awal,Magang Berdampak MSIB,Magang Berdampak MSIB,2025-06-16T00:00:00Z,2026-06-23T23:59:59Z,-ehPwwYuzUo,https://www.youtube.com/watch?v=-ehPwwYuzUo,"CARA DAFTAR PROGRAM MAGANG GAJI 3,3 JUTA DARI PEMERINTAH KEMNAKER // PROGRAM MAGANG FRESH GRADUATE","CARA DAFTAR PROGRAM MAGANG GAJI 3,3 JUTA DARI PEMERINTAH KEMNAKER // PROGRAM MAGANG FRESH GRADUATE.


CARA AGAR BERHASIL IKUTIN VIDIO TERABRU: https://youtu.be/iJErY5k0b_w?si=bVj9muSN7Gvv1Lv_



#caradaftarprogrammagang3,3 juta
#programmaganggaji3,3juta
#programmagangfreshgraduate
#lowongankerja  
#programmagangpemerintah
#programmagangkemnaker
#caradaftarprogrammagangfreshgraduate
#caradaftarmagangfreshgraduategaji3,3daripemerintah
#caradaftarprogrammagangpemerintah
#syaratdaftarprogrammagangpemerintah
#programmagangkemnaker






cara daftar program magang 3,3 juta, program magang gaji 3,3 juta,program magang fresh graduate, program magang pemerintah, program magang kemnaker, cara daftar program magang fresh graduate, cara daftar magang fresh graduate gaji 3,3 dari pemerintah, cara daftar program magang pemerintah, program magang, syarat daftar program magang pemerintah, syarat daftar program magang gaji 3,3 juta, apa saja yang di dapatkan dari program magang gaji 3,3 juta dari pemerintah, cara magang mahasiswa, magang hub kemnaker, cara magang di perusahaan, cara daftar magang di perusahaan, bantuan pemerintah oktober 2025, bantuan pemerintah tahun 2025, bantuan pemerintah yang cair oktober 2025, siap kerja kemnaker, maganghub.kemnaker.go.id, siap kerja kemnaker, magang, lowongan kerja, lowongan kerja fresh graduate,",UCDXDnlwZgzqEisdAl-WyIdQ,Indah Yusni,2025-10-07T04:19:29Z,18732,212,129,UgyBwxF2TfVljOy7D1l4AaABAg,pertama ni kk,@Akbar.e,UCypkLlxKAH7NpPOTA1G8A8g,2025-10-07T04:25:14Z,2025-10-07T04:25:14Z,1,false,true,true
youtube,Magang Berdampak,Magang_Berdampak_awal,Magang Berdampak MSIB,Magang Berdampak MSIB,2025-06-16T00:00:00Z,2026-06-23T23:59:59Z,TY65_vPlQI4,https://www.youtube.com/watch?v=TY65_vPlQI4,Sosialisasi Program Magang Berdampak,Kemendiktisaintek saat ini menyelenggarakan program Magang Berdampak yang terbuka bagi mahasiswa dan dosen. Program ini merupakan lanjutan program Magang dan Studi Independen Bersertifikat (MSIB).,UCXpEvbWgXXh48WBvd0AA-Kw,e learning unuja,2025-06-23T02:41:30Z,206,1,1,UgwT6v4HyypPOnB39IN4AaABAg,"Maaf mau tanya 
Saya sudah mendaftar dan sudah saya summit
Ternyata saya salah memasukan email
Sehingga tdk dapat balasan diemail ttg akun dn pw nya
Bagaimana solusinya",@roniekhanz,UCz-kOHtj8KIGmmC779PrvmA,2025-06-27T07:49:22Z,2025-06-27T07:49:22Z,0,false,true,true
youtube,Magang Berdampak,Magang_Berdampak_awal,Magang Berdampak MSIB,Magang Berdampak MSIB,2025-06-16T00:00:00Z,2026-06-23T23:59:59Z,zg3iOCPehb4,https://www.youtube.com/watch?v=zg3iOCPehb4,A Glimpse of the Future - Cerita Figri di Magang Berdampak,"Lagi nganggur atau udah masuk fase pingin magang? Mau tau tips and trick, suka duka, dan culture shock magang bedampak? Yuk tonton buat tau ""teh-teh"" apa aja selama magang berdampak! 
#magangberdampak #msib #magang #magangmahasiswa #UASDesainKontenDigital

Tugas Desain Konten Digital - Human Interest
Dosen Pengampu: Yasundari, S.I.Kom., M.I.Kom.

Anggota
41822083 - Rifky Wilian Padoma
41822086 - Diandra Kayla Yogaswara
41822107 - Theodora Claressta Emmanuella
41822108 - Saddam Firman Ramdani
41822113 - Lusyana Rayhan Varesti",UCJIttWUSOCvQxd4vHJ2wADQ,Keluarga Cemara,2026-02-02T11:01:50Z,49,3,2,UgyNo2P8PHj7aDJIXkp4AaABAg,Next nya mau undang cimoy,@diandrakayla8270,UCdQ7NYt4Cr4_yPpapjk-_DQ,2026-02-04T06:44:35Z,2026-02-04T06:44:35Z,0,false,true,true
youtube,Magang Berdampak,Magang_Berdampak_awal,Magang Berdampak MSIB,Magang Berdampak MSIB,2025-06-16T00:00:00Z,2026-06-23T23:59:59Z,zg3iOCPehb4,https://www.youtube.com/watch?v=zg3iOCPehb4,A Glimpse of the Future - Cerita Figri di Magang Berdampak,"Lagi nganggur atau udah masuk fase pingin magang? Mau tau tips and trick, suka duka, dan culture shock magang bedampak? Yuk tonton buat tau ""teh-teh"" apa aja selama magang berdampak! 
#magangberdampak #msib #magang #magangmahasiswa #UASDesainKontenDigital

Tugas Desain Konten Digital - Human Interest
Dosen Pengampu: Yasundari, S.I.Kom., M.I.Kom.

Anggota
41822083 - Rifky Wilian Padoma
41822086 - Diandra Kayla Yogaswara
41822107 - Theodora Claressta Emmanuella
41822108 - Saddam Firman Ramdani
41822113 - Lusyana Rayhan Varesti",UCJIttWUSOCvQxd4vHJ2wADQ,Keluarga Cemara,2026-02-02T11:01:50Z,49,3,2,UgwPthRUwW3QYwrIee14AaABAg,ditunggu next eps nya kakk😍,@TheodoraClaressta-bd1dr,UC0zsttBn1oBYsbzqlzV9epw,2026-02-02T15:27:10Z,2026-02-02T15:27:10Z,0,false,true,true
youtube,Magang Berdampak,Magang_Berdampak_awal,Magang Berdampak MSIB,Magang Berdampak MSIB,2025-06-16T00:00:00Z,2026-06-23T23:59:59Z,Yr-XqyT2rlQ,https://www.youtube.com/watch?v=Yr-XqyT2rlQ,Sosialisasi Program Magang Berdampak 2025,"Sosialisasi Program Magang Berdampak 2025, Program Magang Berdampak tidak hanya bertujuan meningkatkan angka partisipasi mahasiswa dalam dunia kerja, tetapi juga untuk mencetak agen perubahan yang mampu menjawab tantangan masa depan.
@KuliahBSIAja @bsicareercenter4619",UCxnqSDObORjt16b9q2RHOQA,BSI Career Center,2025-06-23T19:48:47Z,4290,127,5,Ugwe1EwkBjFT0paATrJ4AaABAg,1:40:01,@yosingkaeryu,UC7Vxo7SRmv9QytLxjN61l3w,2025-06-26T10:03:51Z,2025-06-26T10:03:51Z,0,false,true,true
youtube,Magang Berdampak,Magang_Berdampak_awal,Magang Berdampak MSIB,Magang Berdampak MSIB,2025-06-16T00:00:00Z,2026-06-23T23:59:59Z,Yr-XqyT2rlQ,https://www.youtube.com/watch?v=Yr-XqyT2rlQ,Sosialisasi Program Magang Berdampak 2025,"Sosialisasi Program Magang Berdampak 2025, Program Magang Berdampak tidak hanya bertujuan meningkatkan angka partisipasi mahasiswa dalam dunia kerja, tetapi juga untuk mencetak agen perubahan yang mampu menjawab tantangan masa depan.
@KuliahBSIAja @bsicareercenter4619",UCxnqSDObORjt16b9q2RHOQA,BSI Career Center,2025-06-23T19:48:47Z,4290,127,5,UgwmMgJEqAvCBPh89TR4AaABAg,Mohon maaf untuk link telegram nya dimana ya,@evieLynn.,UCv4gK4sPFv13T11myh554fg,2025-06-24T05:27:17Z,2025-06-24T05:27:17Z,0,false,true,true
youtube,MSIB,MSIB_awal_setara,MSIB Kampus Merdeka,MSIB Kampus Merdeka,2021-06-22T00:00:00Z,2022-06-29T23:59:59Z,ux-xzjNIAPg,https://www.youtube.com/watch?v=ux-xzjNIAPg,Cara Mendaftar Program Magang Bersertifikat dari Kampus Merdeka (Lengkap dari Awal hingga Akhir),,UCbZAbSTGwGsiu1S1GJ0CaUw,Citacitaku,2021-06-22T12:58:41Z,92114,1511,462,UgwLYLmVGi_B32Atr1h4AaABAg,"maaf kak, kalau pas mau daftar akun, terjadi masalah jaringan padahal lancar kenapa ya?",@wullndr,UCixsd3ppcNUhENAvvgsBxQQ,2025-06-16T13:19:27Z,2025-06-16T13:19:27Z,0,false,true,false
youtube,MSIB,MSIB_awal_setara,MSIB Kampus Merdeka,MSIB Kampus Merdeka,2021-06-22T00:00:00Z,2022-06-29T23:59:59Z,ux-xzjNIAPg,https://www.youtube.com/watch?v=ux-xzjNIAPg,Cara Mendaftar Program Magang Bersertifikat dari Kampus Merdeka (Lengkap dari Awal hingga Akhir),,UCbZAbSTGwGsiu1S1GJ0CaUw,Citacitaku,2021-06-22T12:58:41Z,92114,1511,462,UgxvwklUBj1y5S23tex4AaABAg,"Untuk mitra yg minta syarat semester 5, berarti boleh ya kalo kita daftarnya semester 4?",@desallwa2342,UCDQYY0RKYwKbTGCNcq6_rwg,2024-05-18T02:39:01Z,2024-05-18T02:39:20Z,0,false,true,false
youtube,MSIB,MSIB_awal_setara,MSIB Kampus Merdeka,MSIB Kampus Merdeka,2021-06-22T00:00:00Z,2022-06-29T23:59:59Z,ux-xzjNIAPg,https://www.youtube.com/watch?v=ux-xzjNIAPg,Cara Mendaftar Program Magang Bersertifikat dari Kampus Merdeka (Lengkap dari Awal hingga Akhir),,UCbZAbSTGwGsiu1S1GJ0CaUw,Citacitaku,2021-06-22T12:58:41Z,92114,1511,462,Ugz-EnFZ2oQ6pxB_MaZ4AaABAg,Bismillah Lolos msib batch 7❤,@Annisa.puutri,UC4XxKLnFtXXT20Al0g1EzpQ,2024-05-14T06:08:08Z,2024-05-14T06:08:08Z,1,false,true,false
youtube,MSIB,MSIB_awal_setara,MSIB Kampus Merdeka,MSIB Kampus Merdeka,2021-06-22T00:00:00Z,2022-06-29T23:59:59Z,ux-xzjNIAPg,https://www.youtube.com/watch?v=ux-xzjNIAPg,Cara Mendaftar Program Magang Bersertifikat dari Kampus Merdeka (Lengkap dari Awal hingga Akhir),,UCbZAbSTGwGsiu1S1GJ0CaUw,Citacitaku,2021-06-22T12:58:41Z,92114,1511,462,UgyN3zq7TwIxYjOrYtV4AaABAg,Mau tanya kak kalo semester 4 ikut gak ya?,@gbennnn,UCBj59pZhG2XcEGGIYHSD2Cg,2024-05-02T08:54:01Z,2024-05-02T08:54:01Z,0,false,true,false
youtube,MSIB,MSIB_awal_setara,MSIB Kampus Merdeka,MSIB Kampus Merdeka,2021-06-22T00:00:00Z,2022-06-29T23:59:59Z,ux-xzjNIAPg,https://www.youtube.com/watch?v=ux-xzjNIAPg,Cara Mendaftar Program Magang Bersertifikat dari Kampus Merdeka (Lengkap dari Awal hingga Akhir),,UCbZAbSTGwGsiu1S1GJ0CaUw,Citacitaku,2021-06-22T12:58:41Z,92114,1511,462,UgyYMt2itMpfv4aF1Yt4AaABAg,"Kak mau nanya saya sekaramg masih sekester 4. Semester 5 nanti sekitar bulan Agustus. Apakah saya bisa mengikuti msib 7 yang dimana pendaftaran nya terbuka pada april 2024-juni 2024.
Terimakasih sebelumnya kak",@hehelol3766,UCXB8simqIJ4XnyYaXOlJCrw,2024-04-14T08:04:19Z,2024-04-14T08:04:19Z,0,false,true,false
youtube,MSIB,MSIB_awal_setara,MSIB Kampus Merdeka,MSIB Kampus Merdeka,2021-06-22T00:00:00Z,2022-06-29T23:59:59Z,ux-xzjNIAPg,https://www.youtube.com/watch?v=ux-xzjNIAPg,Cara Mendaftar Program Magang Bersertifikat dari Kampus Merdeka (Lengkap dari Awal hingga Akhir),,UCbZAbSTGwGsiu1S1GJ0CaUw,Citacitaku,2021-06-22T12:58:41Z,92114,1511,462,UgxwLOxj41bfIRoTigx4AaABAg,Mhs s2 gak bisa join ya ka,@AzharudinAdnanFirdaus,UCQ0nywS55RbnovLfHlv9T5g,2024-04-07T03:12:40Z,2024-04-07T03:12:40Z,0,false,true,false
youtube,MSIB,MSIB_awal_setara,MSIB Kampus Merdeka,MSIB Kampus Merdeka,2021-06-22T00:00:00Z,2022-06-29T23:59:59Z,ux-xzjNIAPg,https://www.youtube.com/watch?v=ux-xzjNIAPg,Cara Mendaftar Program Magang Bersertifikat dari Kampus Merdeka (Lengkap dari Awal hingga Akhir),,UCbZAbSTGwGsiu1S1GJ0CaUw,Citacitaku,2021-06-22T12:58:41Z,92114,1511,462,UgzpZAv_JhlV_aYl-zF4AaABAg,Kak kalo enggak punya sertifikat organisasi gimana? Apakah bisa magang di kampus merdeka,@akbaralifalridho9629,UCa6gAiSDn5ZPpEAdJXPdEow,2024-01-12T10:35:57Z,2024-01-12T10:35:57Z,0,false,true,false
youtube,MSIB,MSIB_awal_setara,MSIB Kampus Merdeka,MSIB Kampus Merdeka,2021-06-22T00:00:00Z,2022-06-29T23:59:59Z,ux-xzjNIAPg,https://www.youtube.com/watch?v=ux-xzjNIAPg,Cara Mendaftar Program Magang Bersertifikat dari Kampus Merdeka (Lengkap dari Awal hingga Akhir),,UCbZAbSTGwGsiu1S1GJ0CaUw,Citacitaku,2021-06-22T12:58:41Z,92114,1511,462,UgzD6MU9mm9k1cZvkIp4AaABAg,Kk cara daftar perusahaan yg terdekat dirumah bisa gk,@alfisyahrin5684,UCQm5RSQ8Cq-WMQOo0BF3Nyg,2023-12-12T03:57:07Z,2023-12-12T03:57:07Z,0,false,true,false
youtube,MSIB,MSIB_awal_setara,MSIB Kampus Merdeka,MSIB Kampus Merdeka,2021-06-22T00:00:00Z,2022-06-29T23:59:59Z,ux-xzjNIAPg,https://www.youtube.com/watch?v=ux-xzjNIAPg,Cara Mendaftar Program Magang Bersertifikat dari Kampus Merdeka (Lengkap dari Awal hingga Akhir),,UCbZAbSTGwGsiu1S1GJ0CaUw,Citacitaku,2021-06-22T12:58:41Z,92114,1511,462,UgxmIhBWouBod15vkyt4AaABAg,Dari UIN gak bisa daftar ya?,@muhamadvalery9230,UCqbBAKfaQ_Hlv06HMykBXpA,2023-12-11T12:15:32Z,2023-12-11T12:15:32Z,0,false,true,false
youtube,MSIB,MSIB_awal_setara,MSIB Kampus Merdeka,MSIB Kampus Merdeka,2021-06-22T00:00:00Z,2022-06-29T23:59:59Z,ux-xzjNIAPg,https://www.youtube.com/watch?v=ux-xzjNIAPg,Cara Mendaftar Program Magang Bersertifikat dari Kampus Merdeka (Lengkap dari Awal hingga Akhir),,UCbZAbSTGwGsiu1S1GJ0CaUw,Citacitaku,2021-06-22T12:58:41Z,92114,1511,462,Ugwd0d72y8IAyFCuGZt4AaABAg,"kak tolong dijawab yaa kak😭,aku daftar magang semester depan,tapi aku ketik disitu semester 4,tapi sebenarnya semester 5,,itu gimana kak,mohon dijawab kak🙏",@yunitayunita3939,UCQKGRHlm0lxfCgrCyJD76XA,2023-12-08T10:05:16Z,2023-12-08T10:05:16Z,0,false,true,false
youtube,MSIB,MSIB_awal_setara,MSIB Kampus Merdeka,MSIB Kampus Merdeka,2021-06-22T00:00:00Z,2022-06-29T23:59:59Z,ux-xzjNIAPg,https://www.youtube.com/watch?v=ux-xzjNIAPg,Cara Mendaftar Program Magang Bersertifikat dari Kampus Merdeka (Lengkap dari Awal hingga Akhir),,UCbZAbSTGwGsiu1S1GJ0CaUw,Citacitaku,2021-06-22T12:58:41Z,92114,1511,462,UgxKP6vmw3ZA_i-iMRd4AaABAg,"Izin bertanya kak
Kalau email nya tidak bisa dipakai , apakah bisa di buat ulang ??",@LizaSal-q3m,UCfVBm-k4JVaSvmtCED2YHmg,2023-11-30T11:50:42Z,2023-11-30T11:50:42Z,1,false,true,false
youtube,MSIB,MSIB_awal_setara,MSIB Kampus Merdeka,MSIB Kampus Merdeka,2021-06-22T00:00:00Z,2022-06-29T23:59:59Z,ux-xzjNIAPg,https://www.youtube.com/watch?v=ux-xzjNIAPg,Cara Mendaftar Program Magang Bersertifikat dari Kampus Merdeka (Lengkap dari Awal hingga Akhir),,UCbZAbSTGwGsiu1S1GJ0CaUw,Citacitaku,2021-06-22T12:58:41Z,92114,1511,462,UgxOkGB9BbJhPV44l554AaABAg,Kalau yg udah lulus kuliah ga bisa daftar magang ya ka?,@HirZahiir,UCq1jEF29G1G-rhSrHsnDeoQ,2023-11-29T03:26:13Z,2023-11-29T03:26:13Z,0,false,true,false
youtube,MSIB,MSIB_awal_setara,MSIB Kampus Merdeka,MSIB Kampus Merdeka,2021-06-22T00:00:00Z,2022-06-29T23:59:59Z,ux-xzjNIAPg,https://www.youtube.com/watch?v=ux-xzjNIAPg,Cara Mendaftar Program Magang Bersertifikat dari Kampus Merdeka (Lengkap dari Awal hingga Akhir),,UCbZAbSTGwGsiu1S1GJ0CaUw,Citacitaku,2021-06-22T12:58:41Z,92114,1511,462,UgzUWxQ44SCbufdkchF4AaABAg,Kak boleh kak daftar lebih dari 1 magangnya,@SNChannel-lu3np,UCNaztPotDwr5iAWubWukPtQ,2023-11-29T01:51:51Z,2023-11-29T01:51:51Z,0,false,true,false
youtube,MSIB,MSIB_awal_setara,MSIB Kampus Merdeka,MSIB Kampus Merdeka,2021-06-22T00:00:00Z,2022-06-29T23:59:59Z,ux-xzjNIAPg,https://www.youtube.com/watch?v=ux-xzjNIAPg,Cara Mendaftar Program Magang Bersertifikat dari Kampus Merdeka (Lengkap dari Awal hingga Akhir),,UCbZAbSTGwGsiu1S1GJ0CaUw,Citacitaku,2021-06-22T12:58:41Z,92114,1511,462,Ugx-TBede9nERfNeW494AaABAg,"Kak mau nanya, sertifikat organisasi ini harus organisasi yaa? Gak sertifikat penghargaan gitu?",@SNChannel-lu3np,UCNaztPotDwr5iAWubWukPtQ,2023-11-29T01:50:06Z,2023-11-29T01:50:06Z,2,false,true,false
youtube,MSIB,MSIB_awal_setara,MSIB Kampus Merdeka,MSIB Kampus Merdeka,2021-06-22T00:00:00Z,2022-06-29T23:59:59Z,ux-xzjNIAPg,https://www.youtube.com/watch?v=ux-xzjNIAPg,Cara Mendaftar Program Magang Bersertifikat dari Kampus Merdeka (Lengkap dari Awal hingga Akhir),,UCbZAbSTGwGsiu1S1GJ0CaUw,Citacitaku,2021-06-22T12:58:41Z,92114,1511,462,UgwXyWetos42n3qxTpx4AaABAg,"Kak maaf mau tanya kemaren di proses mendaftar ada pilihan mendapat beasiswa kemendikbudristek  atau tidak dan saya jawab tidak karena saya tidak tahu padahal saya menerima beasiswa kipk, bagaimana cara mengganti pilihan tersebut yaa kak  🙏",@lailatulqomariyyah4605,UCuCl5Y1VNitOdhnH5rt6Wew,2023-11-18T10:37:02Z,2023-11-18T10:37:02Z,0,false,true,false
youtube,MSIB,MSIB_awal_setara,MSIB Kampus Merdeka,MSIB Kampus Merdeka,2021-06-22T00:00:00Z,2022-06-29T23:59:59Z,ux-xzjNIAPg,https://www.youtube.com/watch?v=ux-xzjNIAPg,Cara Mendaftar Program Magang Bersertifikat dari Kampus Merdeka (Lengkap dari Awal hingga Akhir),,UCbZAbSTGwGsiu1S1GJ0CaUw,Citacitaku,2021-06-22T12:58:41Z,92114,1511,462,UgwWKf5Sj3E8XvLIeOx4AaABAg,Kak mengapa menu FAQ tidak tertera di akun mbkm saya ya kak😢,@WarnitaSiahaan-mo4hi,UCkTkk6SXrvx9nUHGo4CI-Wg,2023-11-15T15:23:07Z,2023-11-15T15:23:07Z,0,false,true,false
youtube,MSIB,MSIB_awal_setara,MSIB Kampus Merdeka,MSIB Kampus Merdeka,2021-06-22T00:00:00Z,2022-06-29T23:59:59Z,ux-xzjNIAPg,https://www.youtube.com/watch?v=ux-xzjNIAPg,Cara Mendaftar Program Magang Bersertifikat dari Kampus Merdeka (Lengkap dari Awal hingga Akhir),,UCbZAbSTGwGsiu1S1GJ0CaUw,Citacitaku,2021-06-22T12:58:41Z,92114,1511,462,UgxcGj_4aUDfuYRtgix4AaABAg,Kak mau nanya di menu lengkapi dokumen mengapa tidak tertera menu transkip nilai y kak😢,@WarnitaSiahaan-mo4hi,UCkTkk6SXrvx9nUHGo4CI-Wg,2023-11-15T15:20:19Z,2023-11-15T15:20:19Z,0,false,true,false
youtube,MSIB,MSIB_awal_setara,MSIB Kampus Merdeka,MSIB Kampus Merdeka,2021-06-22T00:00:00Z,2022-06-29T23:59:59Z,ux-xzjNIAPg,https://www.youtube.com/watch?v=ux-xzjNIAPg,Cara Mendaftar Program Magang Bersertifikat dari Kampus Merdeka (Lengkap dari Awal hingga Akhir),,UCbZAbSTGwGsiu1S1GJ0CaUw,Citacitaku,2021-06-22T12:58:41Z,92114,1511,462,UgwYyaKSSOPViytcqWl4AaABAg,Kak kenapa ya kok program magang saya 0 tidak ada,@SuciTriana-h4v,UCt7olggygGeGLaXJRSzE4JQ,2023-11-13T09:33:38Z,2023-11-13T09:33:38Z,0,false,true,false
youtube,MSIB,MSIB_awal_setara,MSIB Kampus Merdeka,MSIB Kampus Merdeka,2021-06-22T00:00:00Z,2022-06-29T23:59:59Z,ux-xzjNIAPg,https://www.youtube.com/watch?v=ux-xzjNIAPg,Cara Mendaftar Program Magang Bersertifikat dari Kampus Merdeka (Lengkap dari Awal hingga Akhir),,UCbZAbSTGwGsiu1S1GJ0CaUw,Citacitaku,2021-06-22T12:58:41Z,92114,1511,462,Ugx0afnrF5nmgu6WOpZ4AaABAg,Ka gimana kalu E sertipikat organisasi nya sudu hilang gimana apakah bisa kita taruh E sertipikat yang lain mohon jawabannya nya ka,@jayadi4952,UCjqd9y5eStvaHNKIE5hN6WQ,2023-10-21T15:24:41Z,2023-10-21T15:24:41Z,0,false,true,false
youtube,MSIB,MSIB_awal_setara,MSIB Kampus Merdeka,MSIB Kampus Merdeka,2021-06-22T00:00:00Z,2022-06-29T23:59:59Z,ux-xzjNIAPg,https://www.youtube.com/watch?v=ux-xzjNIAPg,Cara Mendaftar Program Magang Bersertifikat dari Kampus Merdeka (Lengkap dari Awal hingga Akhir),,UCbZAbSTGwGsiu1S1GJ0CaUw,Citacitaku,2021-06-22T12:58:41Z,92114,1511,462,Ugz5rF_zd-N0De1LiL14AaABAg,Kak saya kan sudah buat akun mbkm msib magang nih tapi belum dapat tempat magang kak jadi kayak mana kak bisa minta totorial kak,@derisetiawan6474,UCLu2d8JB7j1dtEj73c9U89w,2023-10-21T13:49:13Z,2023-10-21T13:49:13Z,1,false,true,false
youtube,MSIB,MSIB_awal_setara,MSIB Kampus Merdeka,MSIB Kampus Merdeka,2021-06-22T00:00:00Z,2022-06-29T23:59:59Z,ux-xzjNIAPg,https://www.youtube.com/watch?v=ux-xzjNIAPg,Cara Mendaftar Program Magang Bersertifikat dari Kampus Merdeka (Lengkap dari Awal hingga Akhir),,UCbZAbSTGwGsiu1S1GJ0CaUw,Citacitaku,2021-06-22T12:58:41Z,92114,1511,462,UgwGh-W1nRr3rCnH38N4AaABAg,Kak saya sudah buat akun msib magang tapi gak keluar tempat magang jadi kayak mana tu kak solusinya kak,@derisetiawan6474,UCLu2d8JB7j1dtEj73c9U89w,2023-10-21T13:30:56Z,2023-10-21T13:30:56Z,0,false,true,false
youtube,MSIB,MSIB_awal_setara,MSIB Kampus Merdeka,MSIB Kampus Merdeka,2021-06-22T00:00:00Z,2022-06-29T23:59:59Z,ux-xzjNIAPg,https://www.youtube.com/watch?v=ux-xzjNIAPg,Cara Mendaftar Program Magang Bersertifikat dari Kampus Merdeka (Lengkap dari Awal hingga Akhir),,UCbZAbSTGwGsiu1S1GJ0CaUw,Citacitaku,2021-06-22T12:58:41Z,92114,1511,462,UgwbpGCFTr0Og3rkjGZ4AaABAg,Kak kok saya nggk muncul programnya?,@selvinasandini9362,UC9jkKqNaYdcgr7jSv0O3dNA,2023-10-21T06:16:23Z,2023-10-21T06:16:23Z,0,false,true,false
youtube,MSIB,MSIB_awal_setara,MSIB Kampus Merdeka,MSIB Kampus Merdeka,2021-06-22T00:00:00Z,2022-06-29T23:59:59Z,ux-xzjNIAPg,https://www.youtube.com/watch?v=ux-xzjNIAPg,Cara Mendaftar Program Magang Bersertifikat dari Kampus Merdeka (Lengkap dari Awal hingga Akhir),,UCbZAbSTGwGsiu1S1GJ0CaUw,Citacitaku,2021-06-22T12:58:41Z,92114,1511,462,UgzEpusF9-FhWJxjRsF4AaABAg,Min semester berapa?,@Ahmad122-y2j,UCemQG2LLvOVpkBhlWg3kZaA,2023-08-12T13:02:49Z,2023-08-12T13:02:49Z,0,false,true,false
youtube,MSIB,MSIB_awal_setara,MSIB Kampus Merdeka,MSIB Kampus Merdeka,2021-06-22T00:00:00Z,2022-06-29T23:59:59Z,ux-xzjNIAPg,https://www.youtube.com/watch?v=ux-xzjNIAPg,Cara Mendaftar Program Magang Bersertifikat dari Kampus Merdeka (Lengkap dari Awal hingga Akhir),,UCbZAbSTGwGsiu1S1GJ0CaUw,Citacitaku,2021-06-22T12:58:41Z,92114,1511,462,UgxdTOLJVELNb5uEejt4AaABAg,magang 1 bulan  bisa ndk kak,@sulistiono-qe2rv,UCePPD6mbAF2s1FXoaRAqBTQ,2023-07-10T18:32:14Z,2023-07-10T18:32:14Z,0,false,true,false
youtube,MSIB,MSIB_awal_setara,MSIB Kampus Merdeka,MSIB Kampus Merdeka,2021-06-22T00:00:00Z,2022-06-29T23:59:59Z,ux-xzjNIAPg,https://www.youtube.com/watch?v=ux-xzjNIAPg,Cara Mendaftar Program Magang Bersertifikat dari Kampus Merdeka (Lengkap dari Awal hingga Akhir),,UCbZAbSTGwGsiu1S1GJ0CaUw,Citacitaku,2021-06-22T12:58:41Z,92114,1511,462,UgwgkPXHZdda0M2kqq14AaABAg,maaaf kak ini emng harus rek bri?:),@fahiranurazizah-6003,UCVNs7ddDMevcqvePYyzNTeQ,2023-06-29T08:10:09Z,2023-06-29T08:10:09Z,0,false,true,false
youtube,MSIB,MSIB_awal_setara,MSIB Kampus Merdeka,MSIB Kampus Merdeka,2021-06-22T00:00:00Z,2022-06-29T23:59:59Z,ux-xzjNIAPg,https://www.youtube.com/watch?v=ux-xzjNIAPg,Cara Mendaftar Program Magang Bersertifikat dari Kampus Merdeka (Lengkap dari Awal hingga Akhir),,UCbZAbSTGwGsiu1S1GJ0CaUw,Citacitaku,2021-06-22T12:58:41Z,92114,1511,462,UgwMQ9aeVMlKcV5zbtd4AaABAg,Saya nyari posisi kok g ada yang muncul ya,@noviasuci14,UCfe8Dp-NE43-cShNGySPwyg,2023-05-20T04:48:53Z,2023-05-20T04:48:53Z,0,false,true,false
youtube,MSIB,MSIB_awal_setara,MSIB Kampus Merdeka,MSIB Kampus Merdeka,2021-06-22T00:00:00Z,2022-06-29T23:59:59Z,ux-xzjNIAPg,https://www.youtube.com/watch?v=ux-xzjNIAPg,Cara Mendaftar Program Magang Bersertifikat dari Kampus Merdeka (Lengkap dari Awal hingga Akhir),,UCbZAbSTGwGsiu1S1GJ0CaUw,Citacitaku,2021-06-22T12:58:41Z,92114,1511,462,Ugxs00krI9gNM-BsG4p4AaABAg,Kak kenapa ya link aktivasi yg di kirim di email itu eror trs gak bisa di bukak padahal sdh sesuai sam jam operasional nya pas akses,@wayudelti3224,UCcARkPWrCxQWEVAh4kT1hYA,2023-05-19T02:26:23Z,2023-05-19T02:26:23Z,0,false,true,false
youtube,MSIB,MSIB_awal_setara,MSIB Kampus Merdeka,MSIB Kampus Merdeka,2021-06-22T00:00:00Z,2022-06-29T23:59:59Z,ux-xzjNIAPg,https://www.youtube.com/watch?v=ux-xzjNIAPg,Cara Mendaftar Program Magang Bersertifikat dari Kampus Merdeka (Lengkap dari Awal hingga Akhir),,UCbZAbSTGwGsiu1S1GJ0CaUw,Citacitaku,2021-06-22T12:58:41Z,92114,1511,462,UgywvotzrtqrI6Yk5hd4AaABAg,Mau tanya kak saya kan udah buat akun terus kenapa gak ada balesan aktivasi ke email aja ya 🙏,@fizki3744,UCynEMtVwGeMXOC-uFLAidFg,2023-01-25T04:08:05Z,2023-01-25T04:08:05Z,0,false,true,false
youtube,MSIB,MSIB_awal_setara,MSIB Kampus Merdeka,MSIB Kampus Merdeka,2021-06-22T00:00:00Z,2022-06-29T23:59:59Z,ux-xzjNIAPg,https://www.youtube.com/watch?v=ux-xzjNIAPg,Cara Mendaftar Program Magang Bersertifikat dari Kampus Merdeka (Lengkap dari Awal hingga Akhir),,UCbZAbSTGwGsiu1S1GJ0CaUw,Citacitaku,2021-06-22T12:58:41Z,92114,1511,462,UgyFI4bGMcLkCHE_TBx4AaABAg,Kak mau tanya kalau udah konversi kenapa harus kerja tugas kuliah lagi?,@fransandreas9724,UCC2eXv2lQyihkkMtrYnopGQ,2023-01-23T02:48:21Z,2023-01-23T02:48:21Z,0,false,true,false
youtube,MSIB,MSIB_awal_setara,MSIB Kampus Merdeka,MSIB Kampus Merdeka,2021-06-22T00:00:00Z,2022-06-29T23:59:59Z,ux-xzjNIAPg,https://www.youtube.com/watch?v=ux-xzjNIAPg,Cara Mendaftar Program Magang Bersertifikat dari Kampus Merdeka (Lengkap dari Awal hingga Akhir),,UCbZAbSTGwGsiu1S1GJ0CaUw,Citacitaku,2021-06-22T12:58:41Z,92114,1511,462,UgxdeZ2YNj0qtwuM2od4AaABAg,"mau tanya kak, itu kalau misal sudah submit dokumen seperti CV, KTP dan lain-lain ke perusahaan yang di apply, lalu data yang di ""Lengkapi Dokumen"" kita ubah, apakah data yang tadi sudah kita submit ke perusahaan akan berubah juga atau tidak ya kak???",@HersendroSulistyo_Official,UCFInv4LWUGiqkWdra5QppWw,2023-01-23T00:55:28Z,2023-01-23T00:55:28Z,5,false,true,false
youtube,MSIB,MSIB_awal_setara,MSIB Kampus Merdeka,MSIB Kampus Merdeka,2021-06-22T00:00:00Z,2022-06-29T23:59:59Z,ux-xzjNIAPg,https://www.youtube.com/watch?v=ux-xzjNIAPg,Cara Mendaftar Program Magang Bersertifikat dari Kampus Merdeka (Lengkap dari Awal hingga Akhir),,UCbZAbSTGwGsiu1S1GJ0CaUw,Citacitaku,2021-06-22T12:58:41Z,92114,1511,462,Ugz32dJ0pJn46DU-vw94AaABAg,"sekarang file yang tersimpan itu udah gabisa dihapus ya? saya ingin daftar posisi yang tidak membutuhkan porto, tapi pada saat daftar posisi tsb saya gabisa hapus porto saya. ada saran ga ya ini harus gmna?",@fiskaprgt,UCoXkP6Xk23gMywxVS8xHPYA,2023-01-19T09:01:14Z,2023-01-19T09:01:14Z,0,false,true,false
youtube,MSIB,MSIB_awal_setara,MSIB Kampus Merdeka,MSIB Kampus Merdeka,2021-06-22T00:00:00Z,2022-06-29T23:59:59Z,ux-xzjNIAPg,https://www.youtube.com/watch?v=ux-xzjNIAPg,Cara Mendaftar Program Magang Bersertifikat dari Kampus Merdeka (Lengkap dari Awal hingga Akhir),,UCbZAbSTGwGsiu1S1GJ0CaUw,Citacitaku,2021-06-22T12:58:41Z,92114,1511,462,UgwMrZeV7Z1liCZi2ql4AaABAg,Kak punyaku kok ada disuruh masukan e-mail pribadi kampus ya kak?,@ranidevika4945,UCokAWpx3oezsw7yoYWA6dhg,2023-01-14T03:40:57Z,2023-01-14T03:40:57Z,0,false,true,false
youtube,MSIB,MSIB_awal_setara,MSIB Kampus Merdeka,MSIB Kampus Merdeka,2021-06-22T00:00:00Z,2022-06-29T23:59:59Z,ux-xzjNIAPg,https://www.youtube.com/watch?v=ux-xzjNIAPg,Cara Mendaftar Program Magang Bersertifikat dari Kampus Merdeka (Lengkap dari Awal hingga Akhir),,UCbZAbSTGwGsiu1S1GJ0CaUw,Citacitaku,2021-06-22T12:58:41Z,92114,1511,462,UgwF9ad9OwQ3HALVWVV4AaABAg,kak di bagian sertifikat knp hanya bisa upload satu aja ya kak,@megaagustin4825,UCtKgOoOftnNjMChjQxEfZYw,2023-01-11T08:53:46Z,2023-01-11T08:53:46Z,0,false,true,false
youtube,MSIB,MSIB_awal_setara,MSIB Kampus Merdeka,MSIB Kampus Merdeka,2021-06-22T00:00:00Z,2022-06-29T23:59:59Z,ux-xzjNIAPg,https://www.youtube.com/watch?v=ux-xzjNIAPg,Cara Mendaftar Program Magang Bersertifikat dari Kampus Merdeka (Lengkap dari Awal hingga Akhir),,UCbZAbSTGwGsiu1S1GJ0CaUw,Citacitaku,2021-06-22T12:58:41Z,92114,1511,462,UgyGOcGxW7hmC0X0kgZ4AaABAg,untuk surat rekomendasi nama koordinator dan nomor msib didapat dari mana kak ?,@parnoaso1301,UCJuZzGwnTc-LSkzQQZXiEqQ,2023-01-09T08:52:41Z,2023-01-09T08:52:41Z,0,false,true,false
youtube,MSIB,MSIB_awal_setara,MSIB Kampus Merdeka,MSIB Kampus Merdeka,2021-06-22T00:00:00Z,2022-06-29T23:59:59Z,ux-xzjNIAPg,https://www.youtube.com/watch?v=ux-xzjNIAPg,Cara Mendaftar Program Magang Bersertifikat dari Kampus Merdeka (Lengkap dari Awal hingga Akhir),,UCbZAbSTGwGsiu1S1GJ0CaUw,Citacitaku,2021-06-22T12:58:41Z,92114,1511,462,UgwZUbOP3c-nBLPOWxB4AaABAg,"Kak kok saya gak bisa daftar ya, keteranganya ""Ada kesalahan dalam sistem"" terus,, mohon bantuannya kak",@wra.karyaa,UCHBdO0qLwmNmro_dd5UKyWQ,2023-01-09T06:31:51Z,2023-01-09T06:31:51Z,0,false,true,false
youtube,MSIB,MSIB_awal_setara,MSIB Kampus Merdeka,MSIB Kampus Merdeka,2021-06-22T00:00:00Z,2022-06-29T23:59:59Z,ux-xzjNIAPg,https://www.youtube.com/watch?v=ux-xzjNIAPg,Cara Mendaftar Program Magang Bersertifikat dari Kampus Merdeka (Lengkap dari Awal hingga Akhir),,UCbZAbSTGwGsiu1S1GJ0CaUw,Citacitaku,2021-06-22T12:58:41Z,92114,1511,462,Ugzrc_Dqr_K-yWXaF9l4AaABAg,"Mau tanya kak, kalo udah lulus, bisa daftar ga yaa?",@vincentjonathan,UCabJhv1Sob1gUgzobDHTTDA,2022-12-30T05:57:32Z,2022-12-30T05:57:32Z,1,false,true,false
youtube,MSIB,MSIB_awal_setara,MSIB Kampus Merdeka,MSIB Kampus Merdeka,2021-06-22T00:00:00Z,2022-06-29T23:59:59Z,ux-xzjNIAPg,https://www.youtube.com/watch?v=ux-xzjNIAPg,Cara Mendaftar Program Magang Bersertifikat dari Kampus Merdeka (Lengkap dari Awal hingga Akhir),,UCbZAbSTGwGsiu1S1GJ0CaUw,Citacitaku,2021-06-22T12:58:41Z,92114,1511,462,Ugw_7rgrylypccRBurp4AaABAg,"Kak saat ini aku menduduki semester 5 sementara mitra magang itu kualifikasinya semester 6 kebanyakkan kak, berarti aku tetap bisa ga ya kak daftar magangnya soalnya semester tahun inikan pada serentak masih semester 5 kak dan otw 6 itu gpp ya kak utk tetap daftar?",@cloudfrstar2944,UCyWGhSb0onxLXDiWFNrw-AA,2022-12-28T03:05:50Z,2022-12-28T03:05:50Z,0,false,true,false
youtube,MSIB,MSIB_awal_setara,MSIB Kampus Merdeka,MSIB Kampus Merdeka,2021-06-22T00:00:00Z,2022-06-29T23:59:59Z,ux-xzjNIAPg,https://www.youtube.com/watch?v=ux-xzjNIAPg,Cara Mendaftar Program Magang Bersertifikat dari Kampus Merdeka (Lengkap dari Awal hingga Akhir),,UCbZAbSTGwGsiu1S1GJ0CaUw,Citacitaku,2021-06-22T12:58:41Z,92114,1511,462,UgwRCGe_hlc5MGDZysZ4AaABAg,"Salam kak 
Apakah magang ini di buka di akhir tahun 2022 ni🙏?",@motivasihidup5756,UCsvy0hCf_EnVh4E0uSlE6Uw,2022-10-13T02:43:46Z,2022-10-13T02:43:46Z,0,false,true,false
youtube,MSIB,MSIB_awal_setara,MSIB Kampus Merdeka,MSIB Kampus Merdeka,2021-06-22T00:00:00Z,2022-06-29T23:59:59Z,ux-xzjNIAPg,https://www.youtube.com/watch?v=ux-xzjNIAPg,Cara Mendaftar Program Magang Bersertifikat dari Kampus Merdeka (Lengkap dari Awal hingga Akhir),,UCbZAbSTGwGsiu1S1GJ0CaUw,Citacitaku,2021-06-22T12:58:41Z,92114,1511,462,Ugzrm9ETYAkEMdEPwc54AaABAg,"Ka mau nanya, itu transkip nilainya dari dari semester 1-5 saja ?",@asyifamustofa9984,UCRlc47OzdwRqxjM0SlZyaEA,2022-09-09T01:55:15Z,2022-09-09T01:55:15Z,1,false,true,false
youtube,MSIB,MSIB_awal_setara,MSIB Kampus Merdeka,MSIB Kampus Merdeka,2021-06-22T00:00:00Z,2022-06-29T23:59:59Z,ux-xzjNIAPg,https://www.youtube.com/watch?v=ux-xzjNIAPg,Cara Mendaftar Program Magang Bersertifikat dari Kampus Merdeka (Lengkap dari Awal hingga Akhir),,UCbZAbSTGwGsiu1S1GJ0CaUw,Citacitaku,2021-06-22T12:58:41Z,92114,1511,462,Ugyg7NGsOKfiHtqg6lp4AaABAg,"Permisi kak, izin bertanya. apakah kita dapat mengikuti magang 2 kali contohnya magang pertama disemester 5 magang ke dua disemester 6 ?",@ruanginfoeducation,UCS2ZqZY3Sll6FcKnm8L_GTA,2022-09-03T02:35:22Z,2022-09-03T02:35:22Z,14,false,true,false
youtube,MSIB,MSIB_awal_setara,MSIB Kampus Merdeka,MSIB Kampus Merdeka,2021-06-22T00:00:00Z,2022-06-29T23:59:59Z,ux-xzjNIAPg,https://www.youtube.com/watch?v=ux-xzjNIAPg,Cara Mendaftar Program Magang Bersertifikat dari Kampus Merdeka (Lengkap dari Awal hingga Akhir),,UCbZAbSTGwGsiu1S1GJ0CaUw,Citacitaku,2021-06-22T12:58:41Z,92114,1511,462,Ugx5u5nKEFjWMQCNYW54AaABAg,Kak mf mau tanya untuk ikut mbkm ini apakah harus bayar kuliah dlu baru bisa ikutan atau bagaimana dan terus misal semester 5 saya itu 24 sks apakah yg di konversikan tetep 20sks dan 4 sks lgi saya harus ikut perkuliahan atau bagaimana kak mohon informasinya terima kasih,@Wan_abud09,UCTNUNadXkxjDyoWceD2ufyg,2022-08-23T09:41:02Z,2022-08-23T09:41:02Z,2,false,true,false
youtube,MSIB,MSIB_awal_setara,MSIB Kampus Merdeka,MSIB Kampus Merdeka,2021-06-22T00:00:00Z,2022-06-29T23:59:59Z,ux-xzjNIAPg,https://www.youtube.com/watch?v=ux-xzjNIAPg,Cara Mendaftar Program Magang Bersertifikat dari Kampus Merdeka (Lengkap dari Awal hingga Akhir),,UCbZAbSTGwGsiu1S1GJ0CaUw,Citacitaku,2021-06-22T12:58:41Z,92114,1511,462,UgyxCHlaCrYpJCey5oB4AaABAg,Kak kalo tanpa surat rekomendasi dari kampus apakah bisa?,@infopromo2757,UCnqLiwZsjf0YZsnJS2LODmA,2022-07-17T09:06:14Z,2022-07-17T09:06:14Z,2,false,true,false
youtube,MSIB,MSIB_awal_setara,MSIB Kampus Merdeka,MSIB Kampus Merdeka,2021-06-22T00:00:00Z,2022-06-29T23:59:59Z,ux-xzjNIAPg,https://www.youtube.com/watch?v=ux-xzjNIAPg,Cara Mendaftar Program Magang Bersertifikat dari Kampus Merdeka (Lengkap dari Awal hingga Akhir),,UCbZAbSTGwGsiu1S1GJ0CaUw,Citacitaku,2021-06-22T12:58:41Z,92114,1511,462,UgxlL4PV73MVl3OGXgR4AaABAg,buat sma ga si,@berrybey2303,UCrTjZr98anY-4imt85lGXrQ,2022-07-15T10:05:08Z,2022-07-15T10:05:08Z,0,false,true,false
youtube,MSIB,MSIB_awal_setara,MSIB Kampus Merdeka,MSIB Kampus Merdeka,2021-06-22T00:00:00Z,2022-06-29T23:59:59Z,ux-xzjNIAPg,https://www.youtube.com/watch?v=ux-xzjNIAPg,Cara Mendaftar Program Magang Bersertifikat dari Kampus Merdeka (Lengkap dari Awal hingga Akhir),,UCbZAbSTGwGsiu1S1GJ0CaUw,Citacitaku,2021-06-22T12:58:41Z,92114,1511,462,UgxlItST_9N1i7suqAh4AaABAg,"Kak, kalo kita lulus di tahap pertama apakah ada wawancara? Dan jika ada wawancara nya online atau offline?",@galaksihati_02,UCe-CQALzRNRnar3pZdC1axw,2022-07-13T08:15:13Z,2022-07-13T08:15:13Z,7,false,true,false
youtube,MSIB,MSIB_awal_setara,MSIB Kampus Merdeka,MSIB Kampus Merdeka,2021-06-22T00:00:00Z,2022-06-29T23:59:59Z,ux-xzjNIAPg,https://www.youtube.com/watch?v=ux-xzjNIAPg,Cara Mendaftar Program Magang Bersertifikat dari Kampus Merdeka (Lengkap dari Awal hingga Akhir),,UCbZAbSTGwGsiu1S1GJ0CaUw,Citacitaku,2021-06-22T12:58:41Z,92114,1511,462,UgwMvvc-z2N8jVbACIF4AaABAg,kak kalau kampus tidak terdaftar bagaimana ya,@najwaismira1804,UCuUW7cPaMU6F_asRBG2Qq4g,2022-07-12T07:47:26Z,2022-07-12T07:47:26Z,0,false,true,false
youtube,MSIB,MSIB_awal_setara,MSIB Kampus Merdeka,MSIB Kampus Merdeka,2021-06-22T00:00:00Z,2022-06-29T23:59:59Z,ux-xzjNIAPg,https://www.youtube.com/watch?v=ux-xzjNIAPg,Cara Mendaftar Program Magang Bersertifikat dari Kampus Merdeka (Lengkap dari Awal hingga Akhir),,UCbZAbSTGwGsiu1S1GJ0CaUw,Citacitaku,2021-06-22T12:58:41Z,92114,1511,462,UgxtYXMzAUJIQyfeN3t4AaABAg,"Untuk mendapatkan surat rekomendasi dari kampus apa saja yang harus kita lampirkan kak? Apakah ada form khusus? Kalo ada, bisa kita cari dari mana ya kak?",@galaksihati_02,UCe-CQALzRNRnar3pZdC1axw,2022-07-10T12:56:28Z,2022-07-10T12:56:28Z,0,false,true,false
youtube,MSIB,MSIB_awal_setara,MSIB Kampus Merdeka,MSIB Kampus Merdeka,2021-06-22T00:00:00Z,2022-06-29T23:59:59Z,ux-xzjNIAPg,https://www.youtube.com/watch?v=ux-xzjNIAPg,Cara Mendaftar Program Magang Bersertifikat dari Kampus Merdeka (Lengkap dari Awal hingga Akhir),,UCbZAbSTGwGsiu1S1GJ0CaUw,Citacitaku,2021-06-22T12:58:41Z,92114,1511,462,UgxfuklEz8PE6caZXYJ4AaABAg,"Kak, kalo daftar dua²nya sekalian magang merdeka sama magang mandiri boleh ga? Tpi kalo lulus dua²nya nanti saya ambilnya magang merdeka, apakah itu akan bermasalah?",@galaksihati_02,UCe-CQALzRNRnar3pZdC1axw,2022-07-10T12:54:45Z,2022-07-10T12:54:45Z,0,false,true,false
youtube,MSIB,MSIB_awal_setara,MSIB Kampus Merdeka,MSIB Kampus Merdeka,2021-06-22T00:00:00Z,2022-06-29T23:59:59Z,ux-xzjNIAPg,https://www.youtube.com/watch?v=ux-xzjNIAPg,Cara Mendaftar Program Magang Bersertifikat dari Kampus Merdeka (Lengkap dari Awal hingga Akhir),,UCbZAbSTGwGsiu1S1GJ0CaUw,Citacitaku,2021-06-22T12:58:41Z,92114,1511,462,Ugw4ZoW7LmPkAA6t_6Z4AaABAg,Magang merdeka sampai semester berapa bisa ikut kak? Apakah sampai semester 8?,@galaksihati_02,UCe-CQALzRNRnar3pZdC1axw,2022-07-08T12:56:19Z,2022-07-08T12:56:19Z,0,false,true,false
youtube,MSIB,MSIB_awal_setara,MSIB Kampus Merdeka,MSIB Kampus Merdeka,2021-06-22T00:00:00Z,2022-06-29T23:59:59Z,ux-xzjNIAPg,https://www.youtube.com/watch?v=ux-xzjNIAPg,Cara Mendaftar Program Magang Bersertifikat dari Kampus Merdeka (Lengkap dari Awal hingga Akhir),,UCbZAbSTGwGsiu1S1GJ0CaUw,Citacitaku,2021-06-22T12:58:41Z,92114,1511,462,UgyoyalVkZSDbTIhonZ4AaABAg,"Izin bertanya kak, kalo saya sudah pernah ikut magang mandiri, tapi disemester selanjutnya saya mendaftar magang merdeka apakah bisa kak?",@galaksihati_02,UCe-CQALzRNRnar3pZdC1axw,2022-07-08T12:55:17Z,2022-07-08T12:55:17Z,0,false,true,false
youtube,MSIB,MSIB_awal_setara,MSIB Kampus Merdeka,MSIB Kampus Merdeka,2021-06-22T00:00:00Z,2022-06-29T23:59:59Z,ux-xzjNIAPg,https://www.youtube.com/watch?v=ux-xzjNIAPg,Cara Mendaftar Program Magang Bersertifikat dari Kampus Merdeka (Lengkap dari Awal hingga Akhir),,UCbZAbSTGwGsiu1S1GJ0CaUw,Citacitaku,2021-06-22T12:58:41Z,92114,1511,462,UgyhnQPnUdPmlZEu8094AaABAg,"Terimakasih banyak yaa kak, sehat selalu!! <3",@nabilaardiany5701,UCEA5zBkP3KSmpgonWQeucCQ,2022-07-04T16:20:18Z,2022-07-04T16:20:18Z,1,false,true,false
youtube,MSIB,MSIB_awal_setara,MSIB Kampus Merdeka,MSIB Kampus Merdeka,2021-06-22T00:00:00Z,2022-06-29T23:59:59Z,ux-xzjNIAPg,https://www.youtube.com/watch?v=ux-xzjNIAPg,Cara Mendaftar Program Magang Bersertifikat dari Kampus Merdeka (Lengkap dari Awal hingga Akhir),,UCbZAbSTGwGsiu1S1GJ0CaUw,Citacitaku,2021-06-22T12:58:41Z,92114,1511,462,Ugy2O6Hz2mBpX-iz1A14AaABAg,"Kak ini kampus saya UIN kok nggak ada yaa di kolom pencarian,,",@cannndraaaaa,UC6O4vJbv4Kae8sRBKxr4V8Q,2022-07-04T06:53:06Z,2022-07-04T06:53:06Z,0,false,true,false
youtube,MSIB,MSIB_awal_setara,MSIB Kampus Merdeka,MSIB Kampus Merdeka,2021-06-22T00:00:00Z,2022-06-29T23:59:59Z,ux-xzjNIAPg,https://www.youtube.com/watch?v=ux-xzjNIAPg,Cara Mendaftar Program Magang Bersertifikat dari Kampus Merdeka (Lengkap dari Awal hingga Akhir),,UCbZAbSTGwGsiu1S1GJ0CaUw,Citacitaku,2021-06-22T12:58:41Z,92114,1511,462,UgxhACUjouZZgzFehwl4AaABAg,ka ko aku gabisa daftar ya?,@naililhikmah268,UCWcht0PWxZz0wwQtlmysDkw,2022-06-23T01:09:10Z,2022-06-23T01:09:10Z,0,false,true,true
youtube,MSIB,MSIB_awal_setara,MSIB Kampus Merdeka,MSIB Kampus Merdeka,2021-06-22T00:00:00Z,2022-06-29T23:59:59Z,ux-xzjNIAPg,https://www.youtube.com/watch?v=ux-xzjNIAPg,Cara Mendaftar Program Magang Bersertifikat dari Kampus Merdeka (Lengkap dari Awal hingga Akhir),,UCbZAbSTGwGsiu1S1GJ0CaUw,Citacitaku,2021-06-22T12:58:41Z,92114,1511,462,UgwQ9zcD3RxAbJ6YL9B4AaABAg,"Kak, kalo gak ada sertifikat pengalaman organisasi bisa gak ya?",@Zoom-ur7lp,UCBSg4fBIm9DjIoFX0j5nmsA,2022-06-21T02:42:11Z,2022-06-21T02:42:11Z,0,false,true,true
youtube,MSIB,MSIB_awal_setara,MSIB Kampus Merdeka,MSIB Kampus Merdeka,2021-06-22T00:00:00Z,2022-06-29T23:59:59Z,ux-xzjNIAPg,https://www.youtube.com/watch?v=ux-xzjNIAPg,Cara Mendaftar Program Magang Bersertifikat dari Kampus Merdeka (Lengkap dari Awal hingga Akhir),,UCbZAbSTGwGsiu1S1GJ0CaUw,Citacitaku,2021-06-22T12:58:41Z,92114,1511,462,UgwclzbmPXwIXSJMtQN4AaABAg,"Kak izin bertanya, kenapa ketika saya mencari perusahaan yang ada di web kampus merdeka ga ada ya? Apakah seluruh dokumen harus dilengkapi terlebih dahulu baru muncul nama2 perusahaannya?",@ummimasyithoh5924,UCMjipjYSHolcG4FtA8MBtzQ,2022-06-19T23:28:18Z,2022-06-19T23:28:18Z,1,false,true,true
youtube,MSIB,MSIB_awal_setara,MSIB Kampus Merdeka,MSIB Kampus Merdeka,2021-06-22T00:00:00Z,2022-06-29T23:59:59Z,ux-xzjNIAPg,https://www.youtube.com/watch?v=ux-xzjNIAPg,Cara Mendaftar Program Magang Bersertifikat dari Kampus Merdeka (Lengkap dari Awal hingga Akhir),,UCbZAbSTGwGsiu1S1GJ0CaUw,Citacitaku,2021-06-22T12:58:41Z,92114,1511,462,UgzGE8hWNa88y-rAjrN4AaABAg,"kak, sertifikat organisasi bisa diganti dengan sertifikat lain seperti kepanitiaan tidak ya?",@isntme4107,UC-HGYZJpwVt_7-Ye1ktk8gA,2022-06-06T03:05:03Z,2022-06-06T03:05:03Z,0,false,true,true
youtube,MSIB,MSIB_awal_setara,MSIB Kampus Merdeka,MSIB Kampus Merdeka,2021-06-22T00:00:00Z,2022-06-29T23:59:59Z,ux-xzjNIAPg,https://www.youtube.com/watch?v=ux-xzjNIAPg,Cara Mendaftar Program Magang Bersertifikat dari Kampus Merdeka (Lengkap dari Awal hingga Akhir),,UCbZAbSTGwGsiu1S1GJ0CaUw,Citacitaku,2021-06-22T12:58:41Z,92114,1511,462,Ugyyn9XhdnCQ5FqNt814AaABAg,Bagaimana cara mendaftar MBKM sebagai Perguruan TInggi ka? terima kasih,@universitasdarmaagung,UCZGA3rQHui47A5gP1aUZ5Ow,2022-05-31T02:37:03Z,2022-05-31T02:37:03Z,0,false,true,true
youtube,MSIB,MSIB_awal_setara,MSIB Kampus Merdeka,MSIB Kampus Merdeka,2021-06-22T00:00:00Z,2022-06-29T23:59:59Z,ux-xzjNIAPg,https://www.youtube.com/watch?v=ux-xzjNIAPg,Cara Mendaftar Program Magang Bersertifikat dari Kampus Merdeka (Lengkap dari Awal hingga Akhir),,UCbZAbSTGwGsiu1S1GJ0CaUw,Citacitaku,2021-06-22T12:58:41Z,92114,1511,462,Ugz7va_Ta8npdZ6fKQ54AaABAg,Kapan Di buka lagi Pendaftaran Magang kak?,@mohsuryaadiputra7769,UC6R7PRBHtfu8oZmEkh5p1vg,2022-05-23T03:37:39Z,2022-05-23T03:37:39Z,0,false,true,true
youtube,MSIB,MSIB_awal_setara,MSIB Kampus Merdeka,MSIB Kampus Merdeka,2021-06-22T00:00:00Z,2022-06-29T23:59:59Z,ux-xzjNIAPg,https://www.youtube.com/watch?v=ux-xzjNIAPg,Cara Mendaftar Program Magang Bersertifikat dari Kampus Merdeka (Lengkap dari Awal hingga Akhir),,UCbZAbSTGwGsiu1S1GJ0CaUw,Citacitaku,2021-06-22T12:58:41Z,92114,1511,462,Ugz38tPkoKfxgx8bp_d4AaABAg,Ka kalau sertifikat organisasi ini boleh pake sertifikat kepanitiaan ga ka ?,@nifsahanifah,UCLZcKW_HdMbCoW6jEcjeaPA,2022-05-15T04:10:54Z,2022-05-15T04:10:54Z,3,false,true,true
youtube,MSIB,MSIB_awal_setara,MSIB Kampus Merdeka,MSIB Kampus Merdeka,2021-06-22T00:00:00Z,2022-06-29T23:59:59Z,ux-xzjNIAPg,https://www.youtube.com/watch?v=ux-xzjNIAPg,Cara Mendaftar Program Magang Bersertifikat dari Kampus Merdeka (Lengkap dari Awal hingga Akhir),,UCbZAbSTGwGsiu1S1GJ0CaUw,Citacitaku,2021-06-22T12:58:41Z,92114,1511,462,UgyB4t92A9v1c1Sggop4AaABAg,Kak kalau untuk magang ada interview nya ga kak?,@iqbalandrian,UCld371z3oOrU9yiwU5sxckw,2022-05-11T04:13:15Z,2022-05-11T04:13:15Z,3,false,true,true
youtube,MSIB,MSIB_awal_setara,MSIB Kampus Merdeka,MSIB Kampus Merdeka,2021-06-22T00:00:00Z,2022-06-29T23:59:59Z,ux-xzjNIAPg,https://www.youtube.com/watch?v=ux-xzjNIAPg,Cara Mendaftar Program Magang Bersertifikat dari Kampus Merdeka (Lengkap dari Awal hingga Akhir),,UCbZAbSTGwGsiu1S1GJ0CaUw,Citacitaku,2021-06-22T12:58:41Z,92114,1511,462,UgxEbtfLJP6W88CRVZF4AaABAg,"Kak mo tanya. Jadi klo disitu ditulis lokasi magangnya di bekasi brarti cuma tersedia di bekasi aja ya? Trs aku ketik kota tmpt aku kuliah sekarang dan munculnya cuma 1 perusahaan, brarti cuma di perusahaan itu doang sy bisa magang?",@desianaisrael7263,UC7Z1Ymo72qEaVeg40CIgG0g,2022-04-23T12:36:55Z,2022-04-23T12:36:55Z,0,false,true,true
youtube,MSIB,MSIB_awal_setara,MSIB Kampus Merdeka,MSIB Kampus Merdeka,2021-06-22T00:00:00Z,2022-06-29T23:59:59Z,ux-xzjNIAPg,https://www.youtube.com/watch?v=ux-xzjNIAPg,Cara Mendaftar Program Magang Bersertifikat dari Kampus Merdeka (Lengkap dari Awal hingga Akhir),,UCbZAbSTGwGsiu1S1GJ0CaUw,Citacitaku,2021-06-22T12:58:41Z,92114,1511,462,UgyG4KuJuGyx9RVkuGB4AaABAg,"Ka, mau tanya kalau mengikuti magang kampus merdeka itu di perkuliahan tetap mengambil matkul apa gimana ka?",@nofa_5555,UCnIgP202xBvuSjyKf2kfFHA,2022-04-21T15:30:11Z,2022-04-21T15:30:11Z,0,false,true,true
youtube,MSIB,MSIB_awal_setara,MSIB Kampus Merdeka,MSIB Kampus Merdeka,2021-06-22T00:00:00Z,2022-06-29T23:59:59Z,ux-xzjNIAPg,https://www.youtube.com/watch?v=ux-xzjNIAPg,Cara Mendaftar Program Magang Bersertifikat dari Kampus Merdeka (Lengkap dari Awal hingga Akhir),,UCbZAbSTGwGsiu1S1GJ0CaUw,Citacitaku,2021-06-22T12:58:41Z,92114,1511,462,UgxTE_uoq0LdyAzHX0l4AaABAg,Kok universitas gw ngk ada,@sahabat-sahabatfransiskusa7110,UCZ-o1gRXWJoDOBqlsQgUc1g,2022-03-11T04:09:44Z,2022-03-11T04:09:44Z,0,false,true,true
youtube,MSIB,MSIB_awal_setara,MSIB Kampus Merdeka,MSIB Kampus Merdeka,2021-06-22T00:00:00Z,2022-06-29T23:59:59Z,ux-xzjNIAPg,https://www.youtube.com/watch?v=ux-xzjNIAPg,Cara Mendaftar Program Magang Bersertifikat dari Kampus Merdeka (Lengkap dari Awal hingga Akhir),,UCbZAbSTGwGsiu1S1GJ0CaUw,Citacitaku,2021-06-22T12:58:41Z,92114,1511,462,Ugx2BM9POmMsUIWH8kx4AaABAg,kak mau tanya. apakah di kampus merdeka setiap bulan nya update buat program magang dan study independent nya ?,@slayerdnk,UCUJCmWwEEFQCDkXeOD4rZWw,2022-02-23T11:48:20Z,2022-02-23T11:48:20Z,3,false,true,true
youtube,MSIB,MSIB_awal_setara,MSIB Kampus Merdeka,MSIB Kampus Merdeka,2021-06-22T00:00:00Z,2022-06-29T23:59:59Z,ux-xzjNIAPg,https://www.youtube.com/watch?v=ux-xzjNIAPg,Cara Mendaftar Program Magang Bersertifikat dari Kampus Merdeka (Lengkap dari Awal hingga Akhir),,UCbZAbSTGwGsiu1S1GJ0CaUw,Citacitaku,2021-06-22T12:58:41Z,92114,1511,462,UgyrV0u2xqE12IF4UXp4AaABAg,Kak anak Diploma boleh ga sih ikut program magang merdeka ini???,@defandaramadhani_0976,UC6LHDWoSKRNXdnICNboqwGA,2022-02-17T01:16:57Z,2022-02-17T01:16:57Z,1,false,true,true
youtube,MSIB,MSIB_awal_setara,MSIB Kampus Merdeka,MSIB Kampus Merdeka,2021-06-22T00:00:00Z,2022-06-29T23:59:59Z,ux-xzjNIAPg,https://www.youtube.com/watch?v=ux-xzjNIAPg,Cara Mendaftar Program Magang Bersertifikat dari Kampus Merdeka (Lengkap dari Awal hingga Akhir),,UCbZAbSTGwGsiu1S1GJ0CaUw,Citacitaku,2021-06-22T12:58:41Z,92114,1511,462,Ugy0_yUxWajatmModHp4AaABAg,Kak sekarang ga bisa daftar magang lagi ya?,@ekoprassetio8090,UCz58dOupacUF9hsSeq6JVvg,2022-02-16T13:50:40Z,2022-02-16T13:50:40Z,0,false,true,true
youtube,MSIB,MSIB_awal_setara,MSIB Kampus Merdeka,MSIB Kampus Merdeka,2021-06-22T00:00:00Z,2022-06-29T23:59:59Z,ux-xzjNIAPg,https://www.youtube.com/watch?v=ux-xzjNIAPg,Cara Mendaftar Program Magang Bersertifikat dari Kampus Merdeka (Lengkap dari Awal hingga Akhir),,UCbZAbSTGwGsiu1S1GJ0CaUw,Citacitaku,2021-06-22T12:58:41Z,92114,1511,462,Ugz1m9fcYP_eqGxghDx4AaABAg,"Izin bertanya kak, di aku bagian kelengkapan dokumen nya ada tertera surat rekomendasi universitas, itu gimana ya kak ? 🙏 Smoga di jwab kak. Butuh bgt soal ny 🙏 trimkasih",@nadiaoktaviani7042,UCISZGhyYioTcXV9WLIb4uYg,2022-02-10T07:13:38Z,2022-02-10T07:13:38Z,0,false,true,true
youtube,MSIB,MSIB_awal_setara,MSIB Kampus Merdeka,MSIB Kampus Merdeka,2021-06-22T00:00:00Z,2022-06-29T23:59:59Z,ux-xzjNIAPg,https://www.youtube.com/watch?v=ux-xzjNIAPg,Cara Mendaftar Program Magang Bersertifikat dari Kampus Merdeka (Lengkap dari Awal hingga Akhir),,UCbZAbSTGwGsiu1S1GJ0CaUw,Citacitaku,2021-06-22T12:58:41Z,92114,1511,462,UgyUWWRoEf8coX8EXZB4AaABAg,"Halo kak saya mau tanya 🙏🏻 tolong jawab ya kak, kebetulan saya kemarin lolos pertukaran mahasiswa, tetapi saya menolaknya karena mata kuliah tidak sesuai dengan jurusan saya. Ada kabar yang saya dengar bahwa, jika saya menolaknya maka saya akan diblaclist dan tidak bisa ikut kembali mendaftar, apakah itu benar kak??",@dahliavhsipayung1349,UCB1f2v4YaU90b-1v-wt82GQ,2022-02-07T09:37:20Z,2022-02-07T09:37:20Z,1,false,true,true
youtube,MSIB,MSIB_awal_setara,MSIB Kampus Merdeka,MSIB Kampus Merdeka,2021-06-22T00:00:00Z,2022-06-29T23:59:59Z,ux-xzjNIAPg,https://www.youtube.com/watch?v=ux-xzjNIAPg,Cara Mendaftar Program Magang Bersertifikat dari Kampus Merdeka (Lengkap dari Awal hingga Akhir),,UCbZAbSTGwGsiu1S1GJ0CaUw,Citacitaku,2021-06-22T12:58:41Z,92114,1511,462,UgxSm_16glqowl5_13B4AaABAg,"izin bertanya kak, saya mahasiswa semester 4, apakah  magang kampus merdeka bisa dilaksanakan pada awal semester 5 yg nantinya baru mau di tempuh?, terus jika saya baru mengikuti organisasi dan sertifikatnya belum keluar nanti untuk pengganti sertifikatnya menggunakan apa ya kak? Terimakasih",@alfalaqabdillah9017,UCXtb7sb4KkoZoCTO7dQYq5g,2022-02-05T15:58:49Z,2022-02-05T15:58:49Z,0,false,true,true
youtube,MSIB,MSIB_awal_setara,MSIB Kampus Merdeka,MSIB Kampus Merdeka,2021-06-22T00:00:00Z,2022-06-29T23:59:59Z,ux-xzjNIAPg,https://www.youtube.com/watch?v=ux-xzjNIAPg,Cara Mendaftar Program Magang Bersertifikat dari Kampus Merdeka (Lengkap dari Awal hingga Akhir),,UCbZAbSTGwGsiu1S1GJ0CaUw,Citacitaku,2021-06-22T12:58:41Z,92114,1511,462,UgwfTBNQGfGcUUkvdFt4AaABAg,Kak kalo hanya ikut 1 organisasi apakah bisa?,@ajengsulistyaningrum6454,UCj-eG3hAv3N9tRJJyrCYC1w,2022-02-01T09:03:49Z,2022-02-01T09:03:49Z,0,false,true,true
youtube,MSIB,MSIB_awal_setara,MSIB Kampus Merdeka,MSIB Kampus Merdeka,2021-06-22T00:00:00Z,2022-06-29T23:59:59Z,ux-xzjNIAPg,https://www.youtube.com/watch?v=ux-xzjNIAPg,Cara Mendaftar Program Magang Bersertifikat dari Kampus Merdeka (Lengkap dari Awal hingga Akhir),,UCbZAbSTGwGsiu1S1GJ0CaUw,Citacitaku,2021-06-22T12:58:41Z,92114,1511,462,UgxadFviGP8a0s1WASZ4AaABAg,"malam kak, untuk surat rekomendasi, apakah wajib? apakah harus ada?",@radenazhar3112,UCAB3OjxM5ALYcZamFolIRFA,2022-01-24T13:55:14Z,2022-01-24T13:55:14Z,0,false,true,true
youtube,MSIB,MSIB_awal_setara,MSIB Kampus Merdeka,MSIB Kampus Merdeka,2021-06-22T00:00:00Z,2022-06-29T23:59:59Z,ux-xzjNIAPg,https://www.youtube.com/watch?v=ux-xzjNIAPg,Cara Mendaftar Program Magang Bersertifikat dari Kampus Merdeka (Lengkap dari Awal hingga Akhir),,UCbZAbSTGwGsiu1S1GJ0CaUw,Citacitaku,2021-06-22T12:58:41Z,92114,1511,462,UgxitlLSJ08O_17Qtyx4AaABAg,Ka apa klo daftar gk selamanya keterima?,@tipani99,UCez8VL7d9e-sAHhyQXp0eMw,2022-01-18T13:21:14Z,2022-01-18T13:21:14Z,0,false,true,true
youtube,MSIB,MSIB_awal_setara,MSIB Kampus Merdeka,MSIB Kampus Merdeka,2021-06-22T00:00:00Z,2022-06-29T23:59:59Z,ux-xzjNIAPg,https://www.youtube.com/watch?v=ux-xzjNIAPg,Cara Mendaftar Program Magang Bersertifikat dari Kampus Merdeka (Lengkap dari Awal hingga Akhir),,UCbZAbSTGwGsiu1S1GJ0CaUw,Citacitaku,2021-06-22T12:58:41Z,92114,1511,462,UgyHvusPYii2Wlar4pZ4AaABAg,"kak mau bertanya, mahasiswa dari jurusan pendidikan kimia, semester 5 mau masuk semester 6 bisa mendaftar magang  di BPOM atau tida bisa.?",@yusman1202,UCY4MSXxXmM2NwQh8beQO5HA,2022-01-18T08:10:08Z,2022-01-18T08:10:08Z,0,false,true,true
youtube,MSIB,MSIB_awal_setara,MSIB Kampus Merdeka,MSIB Kampus Merdeka,2021-06-22T00:00:00Z,2022-06-29T23:59:59Z,ux-xzjNIAPg,https://www.youtube.com/watch?v=ux-xzjNIAPg,Cara Mendaftar Program Magang Bersertifikat dari Kampus Merdeka (Lengkap dari Awal hingga Akhir),,UCbZAbSTGwGsiu1S1GJ0CaUw,Citacitaku,2021-06-22T12:58:41Z,92114,1511,462,UgzehgTrmaFddezZDZZ4AaABAg,Kak aktivasinya ga muncul di gmail gimana ya,@deyalnimarta8940,UCSw-e2e9HsrEZlAGGJgtDLA,2022-01-17T15:35:11Z,2022-01-17T15:35:11Z,0,false,true,true
youtube,MSIB,MSIB_awal_setara,MSIB Kampus Merdeka,MSIB Kampus Merdeka,2021-06-22T00:00:00Z,2022-06-29T23:59:59Z,ux-xzjNIAPg,https://www.youtube.com/watch?v=ux-xzjNIAPg,Cara Mendaftar Program Magang Bersertifikat dari Kampus Merdeka (Lengkap dari Awal hingga Akhir),,UCbZAbSTGwGsiu1S1GJ0CaUw,Citacitaku,2021-06-22T12:58:41Z,92114,1511,462,Ugz63Fi9SUfauIodQ8R4AaABAg,"Kak ingin tanya, kan saya udh daftar nih terus masih dalam seleksi terus.. apa kalo ketolak tulisannya masih dalam seleksi terus atau ada tulisan tidak lolos kak? Terima kasih",@desniarahmadanty914,UCMQ-7kcK-iomtTfBytYl9Xw,2022-01-17T14:05:55Z,2022-01-17T14:05:55Z,1,false,true,true
youtube,MSIB,MSIB_awal_setara,MSIB Kampus Merdeka,MSIB Kampus Merdeka,2021-06-22T00:00:00Z,2022-06-29T23:59:59Z,ux-xzjNIAPg,https://www.youtube.com/watch?v=ux-xzjNIAPg,Cara Mendaftar Program Magang Bersertifikat dari Kampus Merdeka (Lengkap dari Awal hingga Akhir),,UCbZAbSTGwGsiu1S1GJ0CaUw,Citacitaku,2021-06-22T12:58:41Z,92114,1511,462,UgyCwRWbA47CLGcPi0p4AaABAg,"izin bertanya kak, kalau ternyata kita tidak lolos administrasi apakah ada pemberitahuan lewat email jg?",@aqilanurasharai7070,UCC_2f4pO6Z8vZxhtZ2qDk2g,2022-01-15T16:18:25Z,2022-01-15T16:18:25Z,0,false,true,true
youtube,MSIB,MSIB_awal_setara,MSIB Kampus Merdeka,MSIB Kampus Merdeka,2021-06-22T00:00:00Z,2022-06-29T23:59:59Z,ux-xzjNIAPg,https://www.youtube.com/watch?v=ux-xzjNIAPg,Cara Mendaftar Program Magang Bersertifikat dari Kampus Merdeka (Lengkap dari Awal hingga Akhir),,UCbZAbSTGwGsiu1S1GJ0CaUw,Citacitaku,2021-06-22T12:58:41Z,92114,1511,462,UgxkvwOgHO62rI01ort4AaABAg,"Kak mau nanya, untuk melihat ID pendaftaran dimana ya kak ?",@nonyfaizaturrohmania1225,UCULdnXChxdKpWke_I1aMw4A,2022-01-15T07:50:20Z,2022-01-15T07:50:20Z,0,false,true,true
youtube,MSIB,MSIB_awal_setara,MSIB Kampus Merdeka,MSIB Kampus Merdeka,2021-06-22T00:00:00Z,2022-06-29T23:59:59Z,ux-xzjNIAPg,https://www.youtube.com/watch?v=ux-xzjNIAPg,Cara Mendaftar Program Magang Bersertifikat dari Kampus Merdeka (Lengkap dari Awal hingga Akhir),,UCbZAbSTGwGsiu1S1GJ0CaUw,Citacitaku,2021-06-22T12:58:41Z,92114,1511,462,Ugwpr1caReJHHPrjlFN4AaABAg,"kak mau tanya, kalau ikut program magang kampus merdeka, apa harus konsul ke dosen pembimbing dulu?",@elghezzal8536,UCwl48RW3H7p26RU1WBvtKHA,2022-01-14T11:10:15Z,2022-01-14T11:10:15Z,0,false,true,true
youtube,MSIB,MSIB_awal_setara,MSIB Kampus Merdeka,MSIB Kampus Merdeka,2021-06-22T00:00:00Z,2022-06-29T23:59:59Z,ux-xzjNIAPg,https://www.youtube.com/watch?v=ux-xzjNIAPg,Cara Mendaftar Program Magang Bersertifikat dari Kampus Merdeka (Lengkap dari Awal hingga Akhir),,UCbZAbSTGwGsiu1S1GJ0CaUw,Citacitaku,2021-06-22T12:58:41Z,92114,1511,462,UgwuU-n1IklfVKb4HsN4AaABAg,Kak Saya ingin bertanya untuk dokumen persyaratan magang kampus merdeka apakah juga melampirkan surat lamaran bersamaan dengan CV? Soalnya ada kotak khusus untuk mengupload dokumen pendukung lainnya,@muhammadakhdan6505,UCkfsryVgts9sAC6G7lgOthw,2022-01-14T07:00:55Z,2022-01-14T07:00:55Z,0,false,true,true
youtube,MSIB,MSIB_awal_setara,MSIB Kampus Merdeka,MSIB Kampus Merdeka,2021-06-22T00:00:00Z,2022-06-29T23:59:59Z,ux-xzjNIAPg,https://www.youtube.com/watch?v=ux-xzjNIAPg,Cara Mendaftar Program Magang Bersertifikat dari Kampus Merdeka (Lengkap dari Awal hingga Akhir),,UCbZAbSTGwGsiu1S1GJ0CaUw,Citacitaku,2021-06-22T12:58:41Z,92114,1511,462,UgzRD1XQMiRznStSlXd4AaABAg,"Kak mau tanya, kalo sertifikat bisa dikosongkan kak?",@GabrielSamosir,UCI7UYU8o1wDK9Z7b071pzkQ,2022-01-14T03:45:47Z,2022-01-14T03:45:47Z,1,false,true,true
youtube,MSIB,MSIB_awal_setara,MSIB Kampus Merdeka,MSIB Kampus Merdeka,2021-06-22T00:00:00Z,2022-06-29T23:59:59Z,ux-xzjNIAPg,https://www.youtube.com/watch?v=ux-xzjNIAPg,Cara Mendaftar Program Magang Bersertifikat dari Kampus Merdeka (Lengkap dari Awal hingga Akhir),,UCbZAbSTGwGsiu1S1GJ0CaUw,Citacitaku,2021-06-22T12:58:41Z,92114,1511,462,UgzIJrOEA_CcaA-cws14AaABAg,surat rekomendasi nya dibuat sendiri atau ke pihak univ ya kak,@muhamadfauzipermana9223,UCweye_geMRGCuUKkhKfvVOw,2022-01-12T02:57:47Z,2022-01-12T02:57:47Z,0,false,true,true
youtube,MSIB,MSIB_awal_setara,MSIB Kampus Merdeka,MSIB Kampus Merdeka,2021-06-22T00:00:00Z,2022-06-29T23:59:59Z,ux-xzjNIAPg,https://www.youtube.com/watch?v=ux-xzjNIAPg,Cara Mendaftar Program Magang Bersertifikat dari Kampus Merdeka (Lengkap dari Awal hingga Akhir),,UCbZAbSTGwGsiu1S1GJ0CaUw,Citacitaku,2021-06-22T12:58:41Z,92114,1511,462,Ugw3g8mMAlM_CshdX_h4AaABAg,"kak saya mau bertanya, apakah upload CV di profile itu buat semua bidang perusahaan lain lain atau CV bisa menyesuaikan berbeda beda sesuai dengn posisi",@Kakaktua123,UCLV11j1UP1AD7adiXfHv2Lw,2022-01-11T01:22:18Z,2022-01-11T01:22:18Z,0,false,true,true
youtube,MSIB,MSIB_awal_setara,MSIB Kampus Merdeka,MSIB Kampus Merdeka,2021-06-22T00:00:00Z,2022-06-29T23:59:59Z,ux-xzjNIAPg,https://www.youtube.com/watch?v=ux-xzjNIAPg,Cara Mendaftar Program Magang Bersertifikat dari Kampus Merdeka (Lengkap dari Awal hingga Akhir),,UCbZAbSTGwGsiu1S1GJ0CaUw,Citacitaku,2021-06-22T12:58:41Z,92114,1511,462,UgxrREweTa-Yt5NLyb94AaABAg,Kak gabisa klik daftar,@agusnugroho1861,UCDmjcxXxPr2AXjUTYUWRSNA,2022-01-09T11:37:55Z,2022-01-09T11:37:55Z,0,false,true,true
youtube,MSIB,MSIB_awal_setara,MSIB Kampus Merdeka,MSIB Kampus Merdeka,2021-06-22T00:00:00Z,2022-06-29T23:59:59Z,ux-xzjNIAPg,https://www.youtube.com/watch?v=ux-xzjNIAPg,Cara Mendaftar Program Magang Bersertifikat dari Kampus Merdeka (Lengkap dari Awal hingga Akhir),,UCbZAbSTGwGsiu1S1GJ0CaUw,Citacitaku,2021-06-22T12:58:41Z,92114,1511,462,UgwgE8mgf9ggmF1DwB14AaABAg,kak mau nanya untuk cv nya yang bentuk formal (hitam putih) atau bebas (sekreatif mungkin) ? mohon dibalas kak,@akbarprayogi7023,UCVvszmeeSrxFvoltQeuk8Lg,2022-01-08T00:59:45Z,2022-01-08T00:59:45Z,0,false,true,true
youtube,MSIB,MSIB_awal_setara,MSIB Kampus Merdeka,MSIB Kampus Merdeka,2021-06-22T00:00:00Z,2022-06-29T23:59:59Z,ux-xzjNIAPg,https://www.youtube.com/watch?v=ux-xzjNIAPg,Cara Mendaftar Program Magang Bersertifikat dari Kampus Merdeka (Lengkap dari Awal hingga Akhir),,UCbZAbSTGwGsiu1S1GJ0CaUw,Citacitaku,2021-06-22T12:58:41Z,92114,1511,462,UgyNJH1EOdvSpIJmKWN4AaABAg,"kak transkrip nilainya, semua 4 semester sebelumnya, atau semester 4 saja?",@purpletop5513,UC6xmdbynir5XPMNrsFbJhCg,2022-01-06T12:47:54Z,2022-01-06T12:47:54Z,0,false,true,true
youtube,MSIB,MSIB_awal_setara,MSIB Kampus Merdeka,MSIB Kampus Merdeka,2021-06-22T00:00:00Z,2022-06-29T23:59:59Z,ux-xzjNIAPg,https://www.youtube.com/watch?v=ux-xzjNIAPg,Cara Mendaftar Program Magang Bersertifikat dari Kampus Merdeka (Lengkap dari Awal hingga Akhir),,UCbZAbSTGwGsiu1S1GJ0CaUw,Citacitaku,2021-06-22T12:58:41Z,92114,1511,462,UgzEu6WHpDe2QRGXw8Z4AaABAg,Kampus merdeka buat D3 ada gak?,@Rozy-gw,UCPEv3IgwFRlPG0Yu42LzhmA,2022-01-05T03:32:07Z,2022-01-05T03:32:07Z,0,false,true,true
youtube,MSIB,MSIB_awal_setara,MSIB Kampus Merdeka,MSIB Kampus Merdeka,2021-06-22T00:00:00Z,2022-06-29T23:59:59Z,ux-xzjNIAPg,https://www.youtube.com/watch?v=ux-xzjNIAPg,Cara Mendaftar Program Magang Bersertifikat dari Kampus Merdeka (Lengkap dari Awal hingga Akhir),,UCbZAbSTGwGsiu1S1GJ0CaUw,Citacitaku,2021-06-22T12:58:41Z,92114,1511,462,Ugz_7BrO0dvjSub6X3F4AaABAg,Kak apa bisa cari tempat magang secara offline?,@youtubebaru9485,UCK_hH-0T7KOoI5LXLMeZFPQ,2022-01-02T14:59:17Z,2022-01-02T14:59:17Z,1,false,true,true
youtube,MSIB,MSIB_awal_setara,MSIB Kampus Merdeka,MSIB Kampus Merdeka,2021-06-22T00:00:00Z,2022-06-29T23:59:59Z,ux-xzjNIAPg,https://www.youtube.com/watch?v=ux-xzjNIAPg,Cara Mendaftar Program Magang Bersertifikat dari Kampus Merdeka (Lengkap dari Awal hingga Akhir),,UCbZAbSTGwGsiu1S1GJ0CaUw,Citacitaku,2021-06-22T12:58:41Z,92114,1511,462,Ugzc7ubxlDkihI4pxzd4AaABAg,"Kak... Saya ingin bertanya tentang kampus merdeka. Setelah kita mendaftar magang ke mitra IDUKA yang kita tuju, apakah kita bisa memperbarui kelengkapan berkas dan bisa dilihat oleh mitra IDUKA yang telah kita daftar? Terimakasih",@hwangjo11,UCdBtfPaGDls39k8f8geK9MQ,2022-01-01T05:02:30Z,2022-01-01T05:02:30Z,1,false,true,true
youtube,MSIB,MSIB_awal_setara,MSIB Kampus Merdeka,MSIB Kampus Merdeka,2021-06-22T00:00:00Z,2022-06-29T23:59:59Z,ux-xzjNIAPg,https://www.youtube.com/watch?v=ux-xzjNIAPg,Cara Mendaftar Program Magang Bersertifikat dari Kampus Merdeka (Lengkap dari Awal hingga Akhir),,UCbZAbSTGwGsiu1S1GJ0CaUw,Citacitaku,2021-06-22T12:58:41Z,92114,1511,462,UgwIljgf3e6MXqEyY8V4AaABAg,"Mau nanya kak, klo daftar di lebih dari 1 perusahaan apakah bisa? Tapi klo misalkan kita diterima di perusahaan yg lain jg bagaimana ya kak? Apa klo misalkan udh diterima di perusahaan yg salah satu kita daftar ketrima dan yg lainnya otomatis bakal engga ketrima ya?",@rintofuazzidin7148,UCaPKliG5Ud_9HoaT2388BcA,2021-12-31T15:34:45Z,2021-12-31T15:34:45Z,0,false,true,true
youtube,MSIB,MSIB_awal_setara,MSIB Kampus Merdeka,MSIB Kampus Merdeka,2021-06-22T00:00:00Z,2022-06-29T23:59:59Z,ux-xzjNIAPg,https://www.youtube.com/watch?v=ux-xzjNIAPg,Cara Mendaftar Program Magang Bersertifikat dari Kampus Merdeka (Lengkap dari Awal hingga Akhir),,UCbZAbSTGwGsiu1S1GJ0CaUw,Citacitaku,2021-06-22T12:58:41Z,92114,1511,462,UgxvyQyIcw_FxKVt44J4AaABAg,Maksimal berapa perusahaan yg bisa kita daftar min,@muhammadzaini7022,UCKTydoJcKlU3K3FDLmgYKuQ,2021-12-31T07:00:32Z,2021-12-31T07:00:32Z,0,false,true,true
youtube,MSIB,MSIB_awal_setara,MSIB Kampus Merdeka,MSIB Kampus Merdeka,2021-06-22T00:00:00Z,2022-06-29T23:59:59Z,ux-xzjNIAPg,https://www.youtube.com/watch?v=ux-xzjNIAPg,Cara Mendaftar Program Magang Bersertifikat dari Kampus Merdeka (Lengkap dari Awal hingga Akhir),,UCbZAbSTGwGsiu1S1GJ0CaUw,Citacitaku,2021-06-22T12:58:41Z,92114,1511,462,UgyPSoh8bZZOb8PJ1CN4AaABAg,kak kalau tidak dapat email aktivasi akun bagaimana cara mengatasinya ya ?,@heirazkyh,UCj5t6km0Uif9OnXDYh8Yjcw,2021-12-31T06:16:17Z,2021-12-31T06:16:17Z,0,false,true,true
youtube,MSIB,MSIB_awal_setara,MSIB Kampus Merdeka,MSIB Kampus Merdeka,2021-06-22T00:00:00Z,2022-06-29T23:59:59Z,ux-xzjNIAPg,https://www.youtube.com/watch?v=ux-xzjNIAPg,Cara Mendaftar Program Magang Bersertifikat dari Kampus Merdeka (Lengkap dari Awal hingga Akhir),,UCbZAbSTGwGsiu1S1GJ0CaUw,Citacitaku,2021-06-22T12:58:41Z,92114,1511,462,Ugyquzwjpvg53wvLfkx4AaABAg,Kak izin bertanya untuk akun boleh ga make email kampus kan ya kak? Terima kasih,@rindiharlina778,UCxwmwFVFjOPIuLdceDQvMnA,2021-12-30T21:57:12Z,2021-12-30T21:57:12Z,0,false,true,true
youtube,MSIB,MSIB_awal_setara,MSIB Kampus Merdeka,MSIB Kampus Merdeka,2021-06-22T00:00:00Z,2022-06-29T23:59:59Z,ux-xzjNIAPg,https://www.youtube.com/watch?v=ux-xzjNIAPg,Cara Mendaftar Program Magang Bersertifikat dari Kampus Merdeka (Lengkap dari Awal hingga Akhir),,UCbZAbSTGwGsiu1S1GJ0CaUw,Citacitaku,2021-06-22T12:58:41Z,92114,1511,462,UgxrFEoQPk74VQJXRp54AaABAg,"Hai kak, saya mau bertanya saya sudah semester 5 tinggal nunggu UAS, dan sebentar lagi semester 6, dan di semester 6 itu saya akan KKN kak, bisa ngga ya ikut program magang di kampus merdeka ini sambil melaksanakan KKN?",@nurdin3565,UCon-alwiPVTy7aAJOwENLzw,2021-12-29T00:28:52Z,2021-12-29T00:28:52Z,3,false,true,true
youtube,MSIB,MSIB_awal_setara,MSIB Kampus Merdeka,MSIB Kampus Merdeka,2021-06-22T00:00:00Z,2022-06-29T23:59:59Z,ux-xzjNIAPg,https://www.youtube.com/watch?v=ux-xzjNIAPg,Cara Mendaftar Program Magang Bersertifikat dari Kampus Merdeka (Lengkap dari Awal hingga Akhir),,UCbZAbSTGwGsiu1S1GJ0CaUw,Citacitaku,2021-06-22T12:58:41Z,92114,1511,462,Ugy4uN-cfAZEFuxi2cV4AaABAg,"bismillah, semoga masih dijawab. kak, aku mhs smt 5, smt depan smt 6. aku lagi ikut 3 organisasi tapi sertifnya belum turun karena belum lengser kak, apa bisa digantikan SK anggota aktif ga ya kak sertif organisasinya?",@yurara1433,UCmIu9T5Zec4-vI0LmOC6p_Q,2021-12-28T19:36:18Z,2021-12-28T19:36:18Z,2,false,true,true
youtube,MSIB,MSIB_awal_setara,MSIB Kampus Merdeka,MSIB Kampus Merdeka,2021-06-22T00:00:00Z,2022-06-29T23:59:59Z,ux-xzjNIAPg,https://www.youtube.com/watch?v=ux-xzjNIAPg,Cara Mendaftar Program Magang Bersertifikat dari Kampus Merdeka (Lengkap dari Awal hingga Akhir),,UCbZAbSTGwGsiu1S1GJ0CaUw,Citacitaku,2021-06-22T12:58:41Z,92114,1511,462,Ugz_2MwaRONbUqqC6EZ4AaABAg,"kak, mau tanya kalau misalkan kita daftar di 2 tempat, bolehkah batalkan salah satunya?",@muhammadzaini7022,UCKTydoJcKlU3K3FDLmgYKuQ,2021-12-28T12:57:14Z,2021-12-28T12:57:14Z,0,false,true,true
youtube,MSIB,MSIB_awal_setara,MSIB Kampus Merdeka,MSIB Kampus Merdeka,2021-06-22T00:00:00Z,2022-06-29T23:59:59Z,ux-xzjNIAPg,https://www.youtube.com/watch?v=ux-xzjNIAPg,Cara Mendaftar Program Magang Bersertifikat dari Kampus Merdeka (Lengkap dari Awal hingga Akhir),,UCbZAbSTGwGsiu1S1GJ0CaUw,Citacitaku,2021-06-22T12:58:41Z,92114,1511,462,Ugw7kAU5JIgybMDbpmN4AaABAg,Kak ingin tau diterima atau nggaknya dimana?,@rizkirismawati7799,UCgBcAaz4nVkkW4BqBEsnFug,2021-12-23T09:15:58Z,2021-12-23T09:15:58Z,0,false,true,true
youtube,MSIB,MSIB_awal_setara,MSIB Kampus Merdeka,MSIB Kampus Merdeka,2021-06-22T00:00:00Z,2022-06-29T23:59:59Z,ux-xzjNIAPg,https://www.youtube.com/watch?v=ux-xzjNIAPg,Cara Mendaftar Program Magang Bersertifikat dari Kampus Merdeka (Lengkap dari Awal hingga Akhir),,UCbZAbSTGwGsiu1S1GJ0CaUw,Citacitaku,2021-06-22T12:58:41Z,92114,1511,462,UgyI17sdasXQD8RQmul4AaABAg,"halo kak izin bertanya, saya tidak menerima aktivsi akun. sudah berulang kali coba tetap tidak bisa. caranya bagaimana ya? terima kasih",@dheanandita8092,UCMrE9jr04CehphcHluVWGVw,2021-12-23T01:27:49Z,2021-12-23T01:27:49Z,0,false,true,true
youtube,MSIB,MSIB_awal_setara,MSIB Kampus Merdeka,MSIB Kampus Merdeka,2021-06-22T00:00:00Z,2022-06-29T23:59:59Z,ux-xzjNIAPg,https://www.youtube.com/watch?v=ux-xzjNIAPg,Cara Mendaftar Program Magang Bersertifikat dari Kampus Merdeka (Lengkap dari Awal hingga Akhir),,UCbZAbSTGwGsiu1S1GJ0CaUw,Citacitaku,2021-06-22T12:58:41Z,92114,1511,462,UgwfnAY43v5looW4RbN4AaABAg,Untuk D4 bisa gak yah ?,@reinafujisaki23,UCIrK21IKAaXMfEufcNl2vLQ,2021-12-22T15:27:34Z,2021-12-22T15:27:34Z,0,false,true,true
youtube,MSIB,MSIB_awal_setara,MSIB Kampus Merdeka,MSIB Kampus Merdeka,2021-06-22T00:00:00Z,2022-06-29T23:59:59Z,ux-xzjNIAPg,https://www.youtube.com/watch?v=ux-xzjNIAPg,Cara Mendaftar Program Magang Bersertifikat dari Kampus Merdeka (Lengkap dari Awal hingga Akhir),,UCbZAbSTGwGsiu1S1GJ0CaUw,Citacitaku,2021-06-22T12:58:41Z,92114,1511,462,UgzdnPWhpRD_QoGhYfR4AaABAg,Kalo untuk yang baru lulus kuliah bisa ikut program magang kampus merdeka nggak kak?,@ASMRNAMABUAH,UCmGjTZZSJEg-IwSn-8SL-TA,2021-12-21T14:16:59Z,2021-12-21T14:16:59Z,0,false,true,true
youtube,MSIB,MSIB_awal_setara,MSIB Kampus Merdeka,MSIB Kampus Merdeka,2021-06-22T00:00:00Z,2022-06-29T23:59:59Z,ux-xzjNIAPg,https://www.youtube.com/watch?v=ux-xzjNIAPg,Cara Mendaftar Program Magang Bersertifikat dari Kampus Merdeka (Lengkap dari Awal hingga Akhir),,UCbZAbSTGwGsiu1S1GJ0CaUw,Citacitaku,2021-06-22T12:58:41Z,92114,1511,462,UgzKEakqvjkARPNjS6B4AaABAg,Kak Transkrip nilai itu harus semua nilai kita yg dimasukin atau bagaimana ya?,@javierclaudios4895,UCvthUatbLow-CbiBe--htjw,2021-12-21T14:11:56Z,2021-12-21T14:11:56Z,1,false,true,true
youtube,MSIB,MSIB_awal_setara,MSIB Kampus Merdeka,MSIB Kampus Merdeka,2021-06-22T00:00:00Z,2022-06-29T23:59:59Z,ux-xzjNIAPg,https://www.youtube.com/watch?v=ux-xzjNIAPg,Cara Mendaftar Program Magang Bersertifikat dari Kampus Merdeka (Lengkap dari Awal hingga Akhir),,UCbZAbSTGwGsiu1S1GJ0CaUw,Citacitaku,2021-06-22T12:58:41Z,92114,1511,462,Ugw9I4-qa8_W4MB2SOh4AaABAg,"Saya mau tanya. Saya dari pihak perusahaan, apakah saya bisa mendaftarkan prsuahaan sya untuk menjadi lokasi tempat magang merdeka belajar?",@syamsulbiki3190,UCk8Gi0mRMl6JvVFqbiSfRog,2021-12-21T13:19:25Z,2021-12-21T13:19:25Z,0,false,true,true
youtube,MSIB,MSIB_awal_setara,MSIB Kampus Merdeka,MSIB Kampus Merdeka,2021-06-22T00:00:00Z,2022-06-29T23:59:59Z,DVfsK5UZXMY,https://www.youtube.com/watch?v=DVfsK5UZXMY,Kampus Merdeka: Apa itu Magang Merdeka?,"Kampus Merdeka merupakan program baru yang diselenggarakan oleh Mas Nadiem, Menteri Pendidikan Indonesia. Program-program yang diadakan oleh Kampus Merdeka sangat bervariasi, dan bisa juga disebut dengan MBKM. Nah, episode pertama ini akan membahas tentang kata mereka, mahasiswa yang sudah ikut program MBKM di batch 2. Yuk simak sampai akhir!

Social Media HAFECS
Instagram: https://instagram.com/hafecs.id/
Facebook : https://www.facebook.com/HAFECS/
Group FB: bit.ly/infoguruindonesia

Team Production:
Social Media Strategist HAFECS-YHC QuIP Batch 2
Videographer Digitaliz-YHC QuIP Batch 2",UCJ7sKYAOL5L7eAzhC5hTYdg,HAFECS,2022-05-23T09:00:07Z,1486,40,7,UgweIYM5NHk9zounpPh4AaABAg,Kerennn,@najaraa16,UCapx3ylcGTPS8j_h7xJEKXA,2022-06-08T10:54:05Z,2022-06-08T10:54:05Z,0,false,true,true
youtube,MSIB,MSIB_awal_setara,MSIB Kampus Merdeka,MSIB Kampus Merdeka,2021-06-22T00:00:00Z,2022-06-29T23:59:59Z,DVfsK5UZXMY,https://www.youtube.com/watch?v=DVfsK5UZXMY,Kampus Merdeka: Apa itu Magang Merdeka?,"Kampus Merdeka merupakan program baru yang diselenggarakan oleh Mas Nadiem, Menteri Pendidikan Indonesia. Program-program yang diadakan oleh Kampus Merdeka sangat bervariasi, dan bisa juga disebut dengan MBKM. Nah, episode pertama ini akan membahas tentang kata mereka, mahasiswa yang sudah ikut program MBKM di batch 2. Yuk simak sampai akhir!

Social Media HAFECS
Instagram: https://instagram.com/hafecs.id/
Facebook : https://www.facebook.com/HAFECS/
Group FB: bit.ly/infoguruindonesia

Team Production:
Social Media Strategist HAFECS-YHC QuIP Batch 2
Videographer Digitaliz-YHC QuIP Batch 2",UCJ7sKYAOL5L7eAzhC5hTYdg,HAFECS,2022-05-23T09:00:07Z,1486,40,7,UgxLi88B_gY7UwTM4NF4AaABAg,Rasuli samaa,@Unknown-pf8mr,UCLH8-yxqNPj1GkikwGVoq4g,2022-05-24T17:38:42Z,2022-05-24T17:38:42Z,1,false,true,true
youtube,MSIB,MSIB_awal_setara,MSIB Kampus Merdeka,MSIB Kampus Merdeka,2021-06-22T00:00:00Z,2022-06-29T23:59:59Z,DVfsK5UZXMY,https://www.youtube.com/watch?v=DVfsK5UZXMY,Kampus Merdeka: Apa itu Magang Merdeka?,"Kampus Merdeka merupakan program baru yang diselenggarakan oleh Mas Nadiem, Menteri Pendidikan Indonesia. Program-program yang diadakan oleh Kampus Merdeka sangat bervariasi, dan bisa juga disebut dengan MBKM. Nah, episode pertama ini akan membahas tentang kata mereka, mahasiswa yang sudah ikut program MBKM di batch 2. Yuk simak sampai akhir!

Social Media HAFECS
Instagram: https://instagram.com/hafecs.id/
Facebook : https://www.facebook.com/HAFECS/
Group FB: bit.ly/infoguruindonesia

Team Production:
Social Media Strategist HAFECS-YHC QuIP Batch 2
Videographer Digitaliz-YHC QuIP Batch 2",UCJ7sKYAOL5L7eAzhC5hTYdg,HAFECS,2022-05-23T09:00:07Z,1486,40,7,UgwPthM0ryaZhwo-m6J4AaABAg,Kami dari dkv19 fsd unm sangat2 bangga padamu rasuli,@muh.furkanalkausar_dkva4452,UCskfH5kUtyywJ4J8OHXwdHg,2022-05-24T17:36:55Z,2022-05-24T17:36:55Z,1,false,true,true
youtube,MSIB,MSIB_awal_setara,MSIB Kampus Merdeka,MSIB Kampus Merdeka,2021-06-22T00:00:00Z,2022-06-29T23:59:59Z,DVfsK5UZXMY,https://www.youtube.com/watch?v=DVfsK5UZXMY,Kampus Merdeka: Apa itu Magang Merdeka?,"Kampus Merdeka merupakan program baru yang diselenggarakan oleh Mas Nadiem, Menteri Pendidikan Indonesia. Program-program yang diadakan oleh Kampus Merdeka sangat bervariasi, dan bisa juga disebut dengan MBKM. Nah, episode pertama ini akan membahas tentang kata mereka, mahasiswa yang sudah ikut program MBKM di batch 2. Yuk simak sampai akhir!

Social Media HAFECS
Instagram: https://instagram.com/hafecs.id/
Facebook : https://www.facebook.com/HAFECS/
Group FB: bit.ly/infoguruindonesia

Team Production:
Social Media Strategist HAFECS-YHC QuIP Batch 2
Videographer Digitaliz-YHC QuIP Batch 2",UCJ7sKYAOL5L7eAzhC5hTYdg,HAFECS,2022-05-23T09:00:07Z,1486,40,7,Ugyouj-EBRbrNnBKto14AaABAg,2:21 Rasuli mama kamu pasti bangga ❤,@izzu-r6k,UCWSEtA1dpFeEKRsO0vgUiYQ,2022-05-24T17:26:39Z,2022-05-24T17:26:39Z,0,false,true,true
youtube,MSIB,MSIB_awal_setara,MSIB Kampus Merdeka,MSIB Kampus Merdeka,2021-06-22T00:00:00Z,2022-06-29T23:59:59Z,DVfsK5UZXMY,https://www.youtube.com/watch?v=DVfsK5UZXMY,Kampus Merdeka: Apa itu Magang Merdeka?,"Kampus Merdeka merupakan program baru yang diselenggarakan oleh Mas Nadiem, Menteri Pendidikan Indonesia. Program-program yang diadakan oleh Kampus Merdeka sangat bervariasi, dan bisa juga disebut dengan MBKM. Nah, episode pertama ini akan membahas tentang kata mereka, mahasiswa yang sudah ikut program MBKM di batch 2. Yuk simak sampai akhir!

Social Media HAFECS
Instagram: https://instagram.com/hafecs.id/
Facebook : https://www.facebook.com/HAFECS/
Group FB: bit.ly/infoguruindonesia

Team Production:
Social Media Strategist HAFECS-YHC QuIP Batch 2
Videographer Digitaliz-YHC QuIP Batch 2",UCJ7sKYAOL5L7eAzhC5hTYdg,HAFECS,2022-05-23T09:00:07Z,1486,40,7,UgxkaVPcDI96tUKqM6d4AaABAg,Temen akuu yang rasuli dari makassar universitas negeri makassar anak genk trizul🤙,@jihangaluhtahir_dkva9177,UCx18xdJn2haK6xdD_tcUkkQ,2022-05-24T17:18:22Z,2022-05-24T17:18:22Z,1,false,true,true
youtube,MSIB,MSIB_awal_setara,MSIB Kampus Merdeka,MSIB Kampus Merdeka,2021-06-22T00:00:00Z,2022-06-29T23:59:59Z,DVfsK5UZXMY,https://www.youtube.com/watch?v=DVfsK5UZXMY,Kampus Merdeka: Apa itu Magang Merdeka?,"Kampus Merdeka merupakan program baru yang diselenggarakan oleh Mas Nadiem, Menteri Pendidikan Indonesia. Program-program yang diadakan oleh Kampus Merdeka sangat bervariasi, dan bisa juga disebut dengan MBKM. Nah, episode pertama ini akan membahas tentang kata mereka, mahasiswa yang sudah ikut program MBKM di batch 2. Yuk simak sampai akhir!

Social Media HAFECS
Instagram: https://instagram.com/hafecs.id/
Facebook : https://www.facebook.com/HAFECS/
Group FB: bit.ly/infoguruindonesia

Team Production:
Social Media Strategist HAFECS-YHC QuIP Batch 2
Videographer Digitaliz-YHC QuIP Batch 2",UCJ7sKYAOL5L7eAzhC5hTYdg,HAFECS,2022-05-23T09:00:07Z,1486,40,7,Ugw1wGrgHqzelCHBONB4AaABAg,Keren...,@nurkholifah8387,UCTOrBAzDUkyJvcKmZN6QfFA,2022-05-24T09:59:52Z,2022-05-24T09:59:52Z,0,false,true,true
youtube,MSIB,MSIB_awal_setara,MSIB Kampus Merdeka,MSIB Kampus Merdeka,2021-06-22T00:00:00Z,2022-06-29T23:59:59Z,KYF-BW4bn7o,https://www.youtube.com/watch?v=KYF-BW4bn7o,Tips Nulis CV Edisi Program Magang Kampus Merdeka #short #tipscv #kampusmerdeka #BUMN #tipsmagang,"Untuk kamu yang mau ikutan program magang kampus merdeka, ini tips buat CV nya...
#inidiacaraya

Tonton juga Untuk Kamu yang Interview magang, opsi ini bisa lho ......!!, disini: 
https://youtu.be/OXRLBXXpvCQ 


yok yang belum subscribe cuss.... disubscribe sekarang dan klik tombol notifikasinya supaya g ketinggalan video-video terbaru lainnya.
#TipsTokdotcom
Semoga Bermanfaat",UC4KYu-sESaNqA08d-CUhXAA,Tips Tok dot com,2021-10-18T01:12:53Z,105836,7517,27,Ugy2d8NHzvfB9KgrISt4AaABAg,KAK mintaa filenyyyaaaa,@donimangampa_2ia077,UCViuiBbMeSA9O4EjY2m5H8w,2024-05-23T17:27:37Z,2024-05-23T17:27:37Z,0,false,true,false
youtube,MSIB,MSIB_awal_setara,MSIB Kampus Merdeka,MSIB Kampus Merdeka,2021-06-22T00:00:00Z,2022-06-29T23:59:59Z,KYF-BW4bn7o,https://www.youtube.com/watch?v=KYF-BW4bn7o,Tips Nulis CV Edisi Program Magang Kampus Merdeka #short #tipscv #kampusmerdeka #BUMN #tipsmagang,"Untuk kamu yang mau ikutan program magang kampus merdeka, ini tips buat CV nya...
#inidiacaraya

Tonton juga Untuk Kamu yang Interview magang, opsi ini bisa lho ......!!, disini: 
https://youtu.be/OXRLBXXpvCQ 


yok yang belum subscribe cuss.... disubscribe sekarang dan klik tombol notifikasinya supaya g ketinggalan video-video terbaru lainnya.
#TipsTokdotcom
Semoga Bermanfaat",UC4KYu-sESaNqA08d-CUhXAA,Tips Tok dot com,2021-10-18T01:12:53Z,105836,7517,27,UgzXcaqT-QSAt6EFmCJ4AaABAg,Caranya gimana kak kalau daftarnya,@JosuaBerisigep,UCAdqzftw6zTecfQkGwhHp-g,2024-02-20T15:41:55Z,2024-02-20T15:41:55Z,0,false,true,false
youtube,MSIB,MSIB_awal_setara,MSIB Kampus Merdeka,MSIB Kampus Merdeka,2021-06-22T00:00:00Z,2022-06-29T23:59:59Z,KYF-BW4bn7o,https://www.youtube.com/watch?v=KYF-BW4bn7o,Tips Nulis CV Edisi Program Magang Kampus Merdeka #short #tipscv #kampusmerdeka #BUMN #tipsmagang,"Untuk kamu yang mau ikutan program magang kampus merdeka, ini tips buat CV nya...
#inidiacaraya

Tonton juga Untuk Kamu yang Interview magang, opsi ini bisa lho ......!!, disini: 
https://youtu.be/OXRLBXXpvCQ 


yok yang belum subscribe cuss.... disubscribe sekarang dan klik tombol notifikasinya supaya g ketinggalan video-video terbaru lainnya.
#TipsTokdotcom
Semoga Bermanfaat",UC4KYu-sESaNqA08d-CUhXAA,Tips Tok dot com,2021-10-18T01:12:53Z,105836,7517,27,UgzJ47eZokjuCEZWkc94AaABAg,"Masukin aja gak sih semua pengalamannya, soalnya msib cv cuma bisa 1 buat apply ke banyak tempat",@luluvion,UCZkMryHMTIPQwoskWRglZSg,2024-01-31T03:32:19Z,2024-01-31T03:32:19Z,0,false,true,false
youtube,MSIB,MSIB_awal_setara,MSIB Kampus Merdeka,MSIB Kampus Merdeka,2021-06-22T00:00:00Z,2022-06-29T23:59:59Z,KYF-BW4bn7o,https://www.youtube.com/watch?v=KYF-BW4bn7o,Tips Nulis CV Edisi Program Magang Kampus Merdeka #short #tipscv #kampusmerdeka #BUMN #tipsmagang,"Untuk kamu yang mau ikutan program magang kampus merdeka, ini tips buat CV nya...
#inidiacaraya

Tonton juga Untuk Kamu yang Interview magang, opsi ini bisa lho ......!!, disini: 
https://youtu.be/OXRLBXXpvCQ 


yok yang belum subscribe cuss.... disubscribe sekarang dan klik tombol notifikasinya supaya g ketinggalan video-video terbaru lainnya.
#TipsTokdotcom
Semoga Bermanfaat",UC4KYu-sESaNqA08d-CUhXAA,Tips Tok dot com,2021-10-18T01:12:53Z,105836,7517,27,UgyR68kQSp8A7abbBc94AaABAg,Sayang aku ku g ikut organisasi dan yg lain nya jd cv ku kosong mana g tau apa²,@kevinaudiro,UCP08JmmINsc-2mHIYUlYS7g,2024-01-14T04:40:42Z,2024-01-14T04:40:42Z,1,false,true,false
youtube,MSIB,MSIB_awal_setara,MSIB Kampus Merdeka,MSIB Kampus Merdeka,2021-06-22T00:00:00Z,2022-06-29T23:59:59Z,KYF-BW4bn7o,https://www.youtube.com/watch?v=KYF-BW4bn7o,Tips Nulis CV Edisi Program Magang Kampus Merdeka #short #tipscv #kampusmerdeka #BUMN #tipsmagang,"Untuk kamu yang mau ikutan program magang kampus merdeka, ini tips buat CV nya...
#inidiacaraya

Tonton juga Untuk Kamu yang Interview magang, opsi ini bisa lho ......!!, disini: 
https://youtu.be/OXRLBXXpvCQ 


yok yang belum subscribe cuss.... disubscribe sekarang dan klik tombol notifikasinya supaya g ketinggalan video-video terbaru lainnya.
#TipsTokdotcom
Semoga Bermanfaat",UC4KYu-sESaNqA08d-CUhXAA,Tips Tok dot com,2021-10-18T01:12:53Z,105836,7517,27,UgxYz5-diZCHHdfrlPh4AaABAg,Pengalaman organisasi semasa bukan kuliah boleh gak ya?,@rafss5136,UCW94Br6E-lXT8uX5SD1o2tw,2023-10-26T14:23:47Z,2023-10-26T14:23:59Z,4,false,true,false
youtube,MSIB,MSIB_awal_setara,MSIB Kampus Merdeka,MSIB Kampus Merdeka,2021-06-22T00:00:00Z,2022-06-29T23:59:59Z,KYF-BW4bn7o,https://www.youtube.com/watch?v=KYF-BW4bn7o,Tips Nulis CV Edisi Program Magang Kampus Merdeka #short #tipscv #kampusmerdeka #BUMN #tipsmagang,"Untuk kamu yang mau ikutan program magang kampus merdeka, ini tips buat CV nya...
#inidiacaraya

Tonton juga Untuk Kamu yang Interview magang, opsi ini bisa lho ......!!, disini: 
https://youtu.be/OXRLBXXpvCQ 


yok yang belum subscribe cuss.... disubscribe sekarang dan klik tombol notifikasinya supaya g ketinggalan video-video terbaru lainnya.
#TipsTokdotcom
Semoga Bermanfaat",UC4KYu-sESaNqA08d-CUhXAA,Tips Tok dot com,2021-10-18T01:12:53Z,105836,7517,27,UgwaX2jbYwpn-jFny7l4AaABAg,Kak prestasinya boleh ga relevan kah?,@riskytrisnawati7011,UC-qqEx5l3KcoHC5JcmrP0AQ,2023-06-03T15:28:44Z,2023-06-03T15:28:44Z,0,false,true,false
youtube,MSIB,MSIB_awal_setara,MSIB Kampus Merdeka,MSIB Kampus Merdeka,2021-06-22T00:00:00Z,2022-06-29T23:59:59Z,KYF-BW4bn7o,https://www.youtube.com/watch?v=KYF-BW4bn7o,Tips Nulis CV Edisi Program Magang Kampus Merdeka #short #tipscv #kampusmerdeka #BUMN #tipsmagang,"Untuk kamu yang mau ikutan program magang kampus merdeka, ini tips buat CV nya...
#inidiacaraya

Tonton juga Untuk Kamu yang Interview magang, opsi ini bisa lho ......!!, disini: 
https://youtu.be/OXRLBXXpvCQ 


yok yang belum subscribe cuss.... disubscribe sekarang dan klik tombol notifikasinya supaya g ketinggalan video-video terbaru lainnya.
#TipsTokdotcom
Semoga Bermanfaat",UC4KYu-sESaNqA08d-CUhXAA,Tips Tok dot com,2021-10-18T01:12:53Z,105836,7517,27,UgypFfgwMuJjRNvD_Al4AaABAg,Apakah bisa cukur rambut sama main gitar boleh dibuat,@Yuzzzzzzzz,UC8uOV6VG3l_Ido2s2Bsjjhg,2023-05-12T10:53:51Z,2023-05-12T10:53:51Z,1,false,true,false
youtube,MSIB,MSIB_awal_setara,MSIB Kampus Merdeka,MSIB Kampus Merdeka,2021-06-22T00:00:00Z,2022-06-29T23:59:59Z,KYF-BW4bn7o,https://www.youtube.com/watch?v=KYF-BW4bn7o,Tips Nulis CV Edisi Program Magang Kampus Merdeka #short #tipscv #kampusmerdeka #BUMN #tipsmagang,"Untuk kamu yang mau ikutan program magang kampus merdeka, ini tips buat CV nya...
#inidiacaraya

Tonton juga Untuk Kamu yang Interview magang, opsi ini bisa lho ......!!, disini: 
https://youtu.be/OXRLBXXpvCQ 


yok yang belum subscribe cuss.... disubscribe sekarang dan klik tombol notifikasinya supaya g ketinggalan video-video terbaru lainnya.
#TipsTokdotcom
Semoga Bermanfaat",UC4KYu-sESaNqA08d-CUhXAA,Tips Tok dot com,2021-10-18T01:12:53Z,105836,7517,27,UgwkYou-WPOUIlmysS94AaABAg,"Sumpah msib batch 4 kacau balau, sptjm dan sr tidak bisa di edit untuk upload ulang",@ERZETL,UCJVQ6aCUJoFQmopuRhCbRbQ,2023-02-01T03:08:40Z,2023-02-01T03:08:40Z,1,false,true,false
youtube,MSIB,MSIB_awal_setara,MSIB Kampus Merdeka,MSIB Kampus Merdeka,2021-06-22T00:00:00Z,2022-06-29T23:59:59Z,KYF-BW4bn7o,https://www.youtube.com/watch?v=KYF-BW4bn7o,Tips Nulis CV Edisi Program Magang Kampus Merdeka #short #tipscv #kampusmerdeka #BUMN #tipsmagang,"Untuk kamu yang mau ikutan program magang kampus merdeka, ini tips buat CV nya...
#inidiacaraya

Tonton juga Untuk Kamu yang Interview magang, opsi ini bisa lho ......!!, disini: 
https://youtu.be/OXRLBXXpvCQ 


yok yang belum subscribe cuss.... disubscribe sekarang dan klik tombol notifikasinya supaya g ketinggalan video-video terbaru lainnya.
#TipsTokdotcom
Semoga Bermanfaat",UC4KYu-sESaNqA08d-CUhXAA,Tips Tok dot com,2021-10-18T01:12:53Z,105836,7517,27,UgzO_wiPOupzjLB2D8x4AaABAg,"Mohon izin bertanya, Kak. Urutannya dari yang teratas Kampus dulu atau SMA dulu, ya?",@Jeff_S12,UCJeLWKIUJU1xWpZaGt0BwCQ,2023-01-11T04:25:10Z,2023-01-11T04:25:10Z,2,false,true,false
youtube,MSIB,MSIB_awal_setara,MSIB Kampus Merdeka,MSIB Kampus Merdeka,2021-06-22T00:00:00Z,2022-06-29T23:59:59Z,KYF-BW4bn7o,https://www.youtube.com/watch?v=KYF-BW4bn7o,Tips Nulis CV Edisi Program Magang Kampus Merdeka #short #tipscv #kampusmerdeka #BUMN #tipsmagang,"Untuk kamu yang mau ikutan program magang kampus merdeka, ini tips buat CV nya...
#inidiacaraya

Tonton juga Untuk Kamu yang Interview magang, opsi ini bisa lho ......!!, disini: 
https://youtu.be/OXRLBXXpvCQ 


yok yang belum subscribe cuss.... disubscribe sekarang dan klik tombol notifikasinya supaya g ketinggalan video-video terbaru lainnya.
#TipsTokdotcom
Semoga Bermanfaat",UC4KYu-sESaNqA08d-CUhXAA,Tips Tok dot com,2021-10-18T01:12:53Z,105836,7517,27,Ugwg8n6QccAE4Wmyu2J4AaABAg,Cv pakai foto juga GK KK?,@nadilakapoor719,UCA765vAPJdhFC68BEeXd7MA,2022-10-27T06:44:51Z,2022-10-27T06:44:51Z,0,false,true,false
youtube,MSIB,MSIB_awal_setara,MSIB Kampus Merdeka,MSIB Kampus Merdeka,2021-06-22T00:00:00Z,2022-06-29T23:59:59Z,KYF-BW4bn7o,https://www.youtube.com/watch?v=KYF-BW4bn7o,Tips Nulis CV Edisi Program Magang Kampus Merdeka #short #tipscv #kampusmerdeka #BUMN #tipsmagang,"Untuk kamu yang mau ikutan program magang kampus merdeka, ini tips buat CV nya...
#inidiacaraya

Tonton juga Untuk Kamu yang Interview magang, opsi ini bisa lho ......!!, disini: 
https://youtu.be/OXRLBXXpvCQ 


yok yang belum subscribe cuss.... disubscribe sekarang dan klik tombol notifikasinya supaya g ketinggalan video-video terbaru lainnya.
#TipsTokdotcom
Semoga Bermanfaat",UC4KYu-sESaNqA08d-CUhXAA,Tips Tok dot com,2021-10-18T01:12:53Z,105836,7517,27,UgzAk01HLWZ_sLsRMux4AaABAg,minta filenya dong:3,@ft_danielsetiawan9643,UCx8pIJXpqq7hQZoEjmr3wyA,2022-06-18T11:36:33Z,2022-06-18T11:36:33Z,9,false,true,true
youtube,MSIB,MSIB_awal_setara,MSIB Kampus Merdeka,MSIB Kampus Merdeka,2021-06-22T00:00:00Z,2022-06-29T23:59:59Z,KYF-BW4bn7o,https://www.youtube.com/watch?v=KYF-BW4bn7o,Tips Nulis CV Edisi Program Magang Kampus Merdeka #short #tipscv #kampusmerdeka #BUMN #tipsmagang,"Untuk kamu yang mau ikutan program magang kampus merdeka, ini tips buat CV nya...
#inidiacaraya

Tonton juga Untuk Kamu yang Interview magang, opsi ini bisa lho ......!!, disini: 
https://youtu.be/OXRLBXXpvCQ 


yok yang belum subscribe cuss.... disubscribe sekarang dan klik tombol notifikasinya supaya g ketinggalan video-video terbaru lainnya.
#TipsTokdotcom
Semoga Bermanfaat",UC4KYu-sESaNqA08d-CUhXAA,Tips Tok dot com,2021-10-18T01:12:53Z,105836,7517,27,Ugxd-ws3mjl8naYWWqR4AaABAg,"Kak, itu pendidikan apa hanya sma aja atau kampus juga?",@zaitunaziz650,UCYUsW6d9Wd6pjtVKa-1m5Qg,2022-05-29T14:30:11Z,2022-05-29T14:30:11Z,3,false,true,true
youtube,MSIB,MSIB_awal_setara,MSIB Kampus Merdeka,MSIB Kampus Merdeka,2021-06-22T00:00:00Z,2022-06-29T23:59:59Z,KYF-BW4bn7o,https://www.youtube.com/watch?v=KYF-BW4bn7o,Tips Nulis CV Edisi Program Magang Kampus Merdeka #short #tipscv #kampusmerdeka #BUMN #tipsmagang,"Untuk kamu yang mau ikutan program magang kampus merdeka, ini tips buat CV nya...
#inidiacaraya

Tonton juga Untuk Kamu yang Interview magang, opsi ini bisa lho ......!!, disini: 
https://youtu.be/OXRLBXXpvCQ 


yok yang belum subscribe cuss.... disubscribe sekarang dan klik tombol notifikasinya supaya g ketinggalan video-video terbaru lainnya.
#TipsTokdotcom
Semoga Bermanfaat",UC4KYu-sESaNqA08d-CUhXAA,Tips Tok dot com,2021-10-18T01:12:53Z,105836,7517,27,UgwRuMHGwZxobsMblBh4AaABAg,Ga punya pengalaman organisasi,@sitimuslikah9898,UC5zwBy399vebX_YweZqS44A,2022-01-28T13:39:27Z,2022-01-28T13:39:27Z,7,false,true,true
youtube,MSIB,MSIB_awal_setara,MSIB Kampus Merdeka,MSIB Kampus Merdeka,2021-06-22T00:00:00Z,2022-06-29T23:59:59Z,KYF-BW4bn7o,https://www.youtube.com/watch?v=KYF-BW4bn7o,Tips Nulis CV Edisi Program Magang Kampus Merdeka #short #tipscv #kampusmerdeka #BUMN #tipsmagang,"Untuk kamu yang mau ikutan program magang kampus merdeka, ini tips buat CV nya...
#inidiacaraya

Tonton juga Untuk Kamu yang Interview magang, opsi ini bisa lho ......!!, disini: 
https://youtu.be/OXRLBXXpvCQ 


yok yang belum subscribe cuss.... disubscribe sekarang dan klik tombol notifikasinya supaya g ketinggalan video-video terbaru lainnya.
#TipsTokdotcom
Semoga Bermanfaat",UC4KYu-sESaNqA08d-CUhXAA,Tips Tok dot com,2021-10-18T01:12:53Z,105836,7517,27,UgxxWRXGaREPMLXJQ3x4AaABAg,Makasih bro,@andiiful4905,UCBewQVscGS6_aUd_e8FtKvQ,2022-01-02T13:04:43Z,2022-01-02T13:04:43Z,5,false,true,true
youtube,MSIB,MSIB_awal_setara,MSIB Kampus Merdeka,MSIB Kampus Merdeka,2021-06-22T00:00:00Z,2022-06-29T23:59:59Z,tdx0BIgDiyA,https://www.youtube.com/watch?v=tdx0BIgDiyA,Cara Mendaftar Akun Kampus Merdeka untuk Mahasiswa 2022,"Tutorial Cara Mendaftar Akun Kampus Merdeka 2022

🔹🔹🔹🔹🔹🔹🔹🔹🔹🔹🔹🔹🔹🔹🔹

🚨 Subscribe ya :
https://www.youtube.com/c/alqissp
https://www.youtube.com/c/andespahgrup


📸Instagram :
https://www.instagram.com/alqis_sp


🗳Facebook :
https://facebook.com/alqissyaputra


🖥Blog :
https://alqissp.blogspot.com

📩Kritik & Saran (gmail) : 
alqissp@gmail.com


🔹🔹🔹🔹🔹🔹🔹🔹🔹🔹🔹🔹🔹🔹🔹


Copyright ©2021
AS


🔹🔹🔹🔹🔹🔹🔹🔹🔹🔹🔹🔹🔹🔹🔹

🎥Video Terkait :
kampus merdeka,cara daftar kampus merdeka,cara mendaftar kampus mengajar,daftar akun kampus merdeka,kampus mengajar,langkah daftar kampus merdeka,cara daftar kampus mengajar 2021.,syarat mendaftar kampus mengajar,cara mendaftar pertukaran mahasiswa merdeka,kampus merdeka adalah,kampus merdeka indonesia jaya adalah,dirjen dikti kampus merdeka,kampus merdeka kemendikbud,kampus merdeka nadiem makarim,kampus merdeka belajar,kampus merdeka indonesia jaya",UCDV8NqrTzTV1piB7vowdfeg,Alqis Syaputra,2021-11-25T18:34:14Z,4012,57,34,Ugy8i_h5Shqr48KM6-l4AaABAg,Pas daftar isi universitasnya bisa pas mau isi nim dan prodi seterusnya kebawa kok tidak bisa yah kak???? Seperti ngefrezee gitu. Lag”,@dirkrunaweri,UCdy0JhqL4Hs5peYMoGebT1A,2022-07-21T12:04:45Z,2022-07-21T12:04:45Z,0,false,true,false
youtube,MSIB,MSIB_awal_setara,MSIB Kampus Merdeka,MSIB Kampus Merdeka,2021-06-22T00:00:00Z,2022-06-29T23:59:59Z,tdx0BIgDiyA,https://www.youtube.com/watch?v=tdx0BIgDiyA,Cara Mendaftar Akun Kampus Merdeka untuk Mahasiswa 2022,"Tutorial Cara Mendaftar Akun Kampus Merdeka 2022

🔹🔹🔹🔹🔹🔹🔹🔹🔹🔹🔹🔹🔹🔹🔹

🚨 Subscribe ya :
https://www.youtube.com/c/alqissp
https://www.youtube.com/c/andespahgrup


📸Instagram :
https://www.instagram.com/alqis_sp


🗳Facebook :
https://facebook.com/alqissyaputra


🖥Blog :
https://alqissp.blogspot.com

📩Kritik & Saran (gmail) : 
alqissp@gmail.com


🔹🔹🔹🔹🔹🔹🔹🔹🔹🔹🔹🔹🔹🔹🔹


Copyright ©2021
AS


🔹🔹🔹🔹🔹🔹🔹🔹🔹🔹🔹🔹🔹🔹🔹

🎥Video Terkait :
kampus merdeka,cara daftar kampus merdeka,cara mendaftar kampus mengajar,daftar akun kampus merdeka,kampus mengajar,langkah daftar kampus merdeka,cara daftar kampus mengajar 2021.,syarat mendaftar kampus mengajar,cara mendaftar pertukaran mahasiswa merdeka,kampus merdeka adalah,kampus merdeka indonesia jaya adalah,dirjen dikti kampus merdeka,kampus merdeka kemendikbud,kampus merdeka nadiem makarim,kampus merdeka belajar,kampus merdeka indonesia jaya",UCDV8NqrTzTV1piB7vowdfeg,Alqis Syaputra,2021-11-25T18:34:14Z,4012,57,34,Ugwh-jO8rucvub71AUN4AaABAg,kok menu kampus ku ga ada ya kak,@037_kesyapriansyah2,UC09jbrbK9b_GHDqbTPJ3aRA,2022-07-12T06:46:53Z,2022-07-12T06:46:53Z,0,false,true,false
youtube,MSIB,MSIB_awal_setara,MSIB Kampus Merdeka,MSIB Kampus Merdeka,2021-06-22T00:00:00Z,2022-06-29T23:59:59Z,tdx0BIgDiyA,https://www.youtube.com/watch?v=tdx0BIgDiyA,Cara Mendaftar Akun Kampus Merdeka untuk Mahasiswa 2022,"Tutorial Cara Mendaftar Akun Kampus Merdeka 2022

🔹🔹🔹🔹🔹🔹🔹🔹🔹🔹🔹🔹🔹🔹🔹

🚨 Subscribe ya :
https://www.youtube.com/c/alqissp
https://www.youtube.com/c/andespahgrup


📸Instagram :
https://www.instagram.com/alqis_sp


🗳Facebook :
https://facebook.com/alqissyaputra


🖥Blog :
https://alqissp.blogspot.com

📩Kritik & Saran (gmail) : 
alqissp@gmail.com


🔹🔹🔹🔹🔹🔹🔹🔹🔹🔹🔹🔹🔹🔹🔹


Copyright ©2021
AS


🔹🔹🔹🔹🔹🔹🔹🔹🔹🔹🔹🔹🔹🔹🔹

🎥Video Terkait :
kampus merdeka,cara daftar kampus merdeka,cara mendaftar kampus mengajar,daftar akun kampus merdeka,kampus mengajar,langkah daftar kampus merdeka,cara daftar kampus mengajar 2021.,syarat mendaftar kampus mengajar,cara mendaftar pertukaran mahasiswa merdeka,kampus merdeka adalah,kampus merdeka indonesia jaya adalah,dirjen dikti kampus merdeka,kampus merdeka kemendikbud,kampus merdeka nadiem makarim,kampus merdeka belajar,kampus merdeka indonesia jaya",UCDV8NqrTzTV1piB7vowdfeg,Alqis Syaputra,2021-11-25T18:34:14Z,4012,57,34,UgzdKNTXWpNRt7MqDTZ4AaABAg,"Anj lah kasih tutor tidak ada link di desk, laporkan spam aja",@Kodealam777,UCoBp3o3SUv556cFg-mKA8XQ,2022-07-08T14:53:35Z,2022-07-08T14:53:35Z,0,false,true,false
youtube,MSIB,MSIB_awal_setara,MSIB Kampus Merdeka,MSIB Kampus Merdeka,2021-06-22T00:00:00Z,2022-06-29T23:59:59Z,tdx0BIgDiyA,https://www.youtube.com/watch?v=tdx0BIgDiyA,Cara Mendaftar Akun Kampus Merdeka untuk Mahasiswa 2022,"Tutorial Cara Mendaftar Akun Kampus Merdeka 2022

🔹🔹🔹🔹🔹🔹🔹🔹🔹🔹🔹🔹🔹🔹🔹

🚨 Subscribe ya :
https://www.youtube.com/c/alqissp
https://www.youtube.com/c/andespahgrup


📸Instagram :
https://www.instagram.com/alqis_sp


🗳Facebook :
https://facebook.com/alqissyaputra


🖥Blog :
https://alqissp.blogspot.com

📩Kritik & Saran (gmail) : 
alqissp@gmail.com


🔹🔹🔹🔹🔹🔹🔹🔹🔹🔹🔹🔹🔹🔹🔹


Copyright ©2021
AS


🔹🔹🔹🔹🔹🔹🔹🔹🔹🔹🔹🔹🔹🔹🔹

🎥Video Terkait :
kampus merdeka,cara daftar kampus merdeka,cara mendaftar kampus mengajar,daftar akun kampus merdeka,kampus mengajar,langkah daftar kampus merdeka,cara daftar kampus mengajar 2021.,syarat mendaftar kampus mengajar,cara mendaftar pertukaran mahasiswa merdeka,kampus merdeka adalah,kampus merdeka indonesia jaya adalah,dirjen dikti kampus merdeka,kampus merdeka kemendikbud,kampus merdeka nadiem makarim,kampus merdeka belajar,kampus merdeka indonesia jaya",UCDV8NqrTzTV1piB7vowdfeg,Alqis Syaputra,2021-11-25T18:34:14Z,4012,57,34,UgyPkzXjixIh1LNGE-V4AaABAg,"kak saya pas mau daftar pas mau step ke 3 selalu "" Gagal terkoneksi dengan PDDikti"" kenapa ya? :(",@amaliayuna6719,UCV0ogwNWxfhnrZ2l-1Tf_GQ,2022-06-22T16:02:02Z,2022-06-22T16:02:02Z,0,false,true,true
youtube,MSIB,MSIB_awal_setara,MSIB Kampus Merdeka,MSIB Kampus Merdeka,2021-06-22T00:00:00Z,2022-06-29T23:59:59Z,tdx0BIgDiyA,https://www.youtube.com/watch?v=tdx0BIgDiyA,Cara Mendaftar Akun Kampus Merdeka untuk Mahasiswa 2022,"Tutorial Cara Mendaftar Akun Kampus Merdeka 2022

🔹🔹🔹🔹🔹🔹🔹🔹🔹🔹🔹🔹🔹🔹🔹

🚨 Subscribe ya :
https://www.youtube.com/c/alqissp
https://www.youtube.com/c/andespahgrup


📸Instagram :
https://www.instagram.com/alqis_sp


🗳Facebook :
https://facebook.com/alqissyaputra


🖥Blog :
https://alqissp.blogspot.com

📩Kritik & Saran (gmail) : 
alqissp@gmail.com


🔹🔹🔹🔹🔹🔹🔹🔹🔹🔹🔹🔹🔹🔹🔹


Copyright ©2021
AS


🔹🔹🔹🔹🔹🔹🔹🔹🔹🔹🔹🔹🔹🔹🔹

🎥Video Terkait :
kampus merdeka,cara daftar kampus merdeka,cara mendaftar kampus mengajar,daftar akun kampus merdeka,kampus mengajar,langkah daftar kampus merdeka,cara daftar kampus mengajar 2021.,syarat mendaftar kampus mengajar,cara mendaftar pertukaran mahasiswa merdeka,kampus merdeka adalah,kampus merdeka indonesia jaya adalah,dirjen dikti kampus merdeka,kampus merdeka kemendikbud,kampus merdeka nadiem makarim,kampus merdeka belajar,kampus merdeka indonesia jaya",UCDV8NqrTzTV1piB7vowdfeg,Alqis Syaputra,2021-11-25T18:34:14Z,4012,57,34,UgzOlRSoFyI7A9ByrBl4AaABAg,ko saya daftar sekarang malah loading terus,@richpeople9977,UChpyWqC7cKXV77ofwDmUdeg,2022-05-10T12:10:25Z,2022-05-10T12:10:25Z,0,false,true,true
youtube,MSIB,MSIB_awal_setara,MSIB Kampus Merdeka,MSIB Kampus Merdeka,2021-06-22T00:00:00Z,2022-06-29T23:59:59Z,tdx0BIgDiyA,https://www.youtube.com/watch?v=tdx0BIgDiyA,Cara Mendaftar Akun Kampus Merdeka untuk Mahasiswa 2022,"Tutorial Cara Mendaftar Akun Kampus Merdeka 2022

🔹🔹🔹🔹🔹🔹🔹🔹🔹🔹🔹🔹🔹🔹🔹

🚨 Subscribe ya :
https://www.youtube.com/c/alqissp
https://www.youtube.com/c/andespahgrup


📸Instagram :
https://www.instagram.com/alqis_sp


🗳Facebook :
https://facebook.com/alqissyaputra


🖥Blog :
https://alqissp.blogspot.com

📩Kritik & Saran (gmail) : 
alqissp@gmail.com


🔹🔹🔹🔹🔹🔹🔹🔹🔹🔹🔹🔹🔹🔹🔹


Copyright ©2021
AS


🔹🔹🔹🔹🔹🔹🔹🔹🔹🔹🔹🔹🔹🔹🔹

🎥Video Terkait :
kampus merdeka,cara daftar kampus merdeka,cara mendaftar kampus mengajar,daftar akun kampus merdeka,kampus mengajar,langkah daftar kampus merdeka,cara daftar kampus mengajar 2021.,syarat mendaftar kampus mengajar,cara mendaftar pertukaran mahasiswa merdeka,kampus merdeka adalah,kampus merdeka indonesia jaya adalah,dirjen dikti kampus merdeka,kampus merdeka kemendikbud,kampus merdeka nadiem makarim,kampus merdeka belajar,kampus merdeka indonesia jaya",UCDV8NqrTzTV1piB7vowdfeg,Alqis Syaputra,2021-11-25T18:34:14Z,4012,57,34,UgxKnZjqjtZe6Yh0w2R4AaABAg,Kalo nama kampusnya pas daftar gaada gmn y padahal terdaftar jd kampus merdeka,@manudiadr8762,UCwpf4uEEz6wWzK22cxcGM8A,2022-03-04T17:45:46Z,2022-03-04T17:45:46Z,1,false,true,true
youtube,MSIB,MSIB_awal_setara,MSIB Kampus Merdeka,MSIB Kampus Merdeka,2021-06-22T00:00:00Z,2022-06-29T23:59:59Z,tdx0BIgDiyA,https://www.youtube.com/watch?v=tdx0BIgDiyA,Cara Mendaftar Akun Kampus Merdeka untuk Mahasiswa 2022,"Tutorial Cara Mendaftar Akun Kampus Merdeka 2022

🔹🔹🔹🔹🔹🔹🔹🔹🔹🔹🔹🔹🔹🔹🔹

🚨 Subscribe ya :
https://www.youtube.com/c/alqissp
https://www.youtube.com/c/andespahgrup


📸Instagram :
https://www.instagram.com/alqis_sp


🗳Facebook :
https://facebook.com/alqissyaputra


🖥Blog :
https://alqissp.blogspot.com

📩Kritik & Saran (gmail) : 
alqissp@gmail.com


🔹🔹🔹🔹🔹🔹🔹🔹🔹🔹🔹🔹🔹🔹🔹


Copyright ©2021
AS


🔹🔹🔹🔹🔹🔹🔹🔹🔹🔹🔹🔹🔹🔹🔹

🎥Video Terkait :
kampus merdeka,cara daftar kampus merdeka,cara mendaftar kampus mengajar,daftar akun kampus merdeka,kampus mengajar,langkah daftar kampus merdeka,cara daftar kampus mengajar 2021.,syarat mendaftar kampus mengajar,cara mendaftar pertukaran mahasiswa merdeka,kampus merdeka adalah,kampus merdeka indonesia jaya adalah,dirjen dikti kampus merdeka,kampus merdeka kemendikbud,kampus merdeka nadiem makarim,kampus merdeka belajar,kampus merdeka indonesia jaya",UCDV8NqrTzTV1piB7vowdfeg,Alqis Syaputra,2021-11-25T18:34:14Z,4012,57,34,Ugw2Aso-Cg_jUZLaNXR4AaABAg,Bang kampus saya UIN walisongo kok gk ada ya saya cari,@02-ahmadnurululilmuttaqin19,UCbPqox6U4vuaMSMBst3sbZQ,2022-01-16T18:24:29Z,2022-01-16T18:24:29Z,0,false,true,true
youtube,MSIB,MSIB_awal_setara,MSIB Kampus Merdeka,MSIB Kampus Merdeka,2021-06-22T00:00:00Z,2022-06-29T23:59:59Z,tdx0BIgDiyA,https://www.youtube.com/watch?v=tdx0BIgDiyA,Cara Mendaftar Akun Kampus Merdeka untuk Mahasiswa 2022,"Tutorial Cara Mendaftar Akun Kampus Merdeka 2022

🔹🔹🔹🔹🔹🔹🔹🔹🔹🔹🔹🔹🔹🔹🔹

🚨 Subscribe ya :
https://www.youtube.com/c/alqissp
https://www.youtube.com/c/andespahgrup


📸Instagram :
https://www.instagram.com/alqis_sp


🗳Facebook :
https://facebook.com/alqissyaputra


🖥Blog :
https://alqissp.blogspot.com

📩Kritik & Saran (gmail) : 
alqissp@gmail.com


🔹🔹🔹🔹🔹🔹🔹🔹🔹🔹🔹🔹🔹🔹🔹


Copyright ©2021
AS


🔹🔹🔹🔹🔹🔹🔹🔹🔹🔹🔹🔹🔹🔹🔹

🎥Video Terkait :
kampus merdeka,cara daftar kampus merdeka,cara mendaftar kampus mengajar,daftar akun kampus merdeka,kampus mengajar,langkah daftar kampus merdeka,cara daftar kampus mengajar 2021.,syarat mendaftar kampus mengajar,cara mendaftar pertukaran mahasiswa merdeka,kampus merdeka adalah,kampus merdeka indonesia jaya adalah,dirjen dikti kampus merdeka,kampus merdeka kemendikbud,kampus merdeka nadiem makarim,kampus merdeka belajar,kampus merdeka indonesia jaya",UCDV8NqrTzTV1piB7vowdfeg,Alqis Syaputra,2021-11-25T18:34:14Z,4012,57,34,UgzteRWo_nRw7TI2fKx4AaABAg,"Kakak mau tanya aku waktu pengisian univ itu ga bisa di lanjutkan kolom yg lain itu ga bisa di tekan , itu kenapa yaa ?? , apa karena pake ios or safari ??",@dayuasti6141,UC9C8dZ82_uYssYb3RAghlCw,2022-01-06T17:24:47Z,2022-01-06T17:24:47Z,0,false,true,true
youtube,MSIB,MSIB_awal_setara,MSIB Kampus Merdeka,MSIB Kampus Merdeka,2021-06-22T00:00:00Z,2022-06-29T23:59:59Z,tdx0BIgDiyA,https://www.youtube.com/watch?v=tdx0BIgDiyA,Cara Mendaftar Akun Kampus Merdeka untuk Mahasiswa 2022,"Tutorial Cara Mendaftar Akun Kampus Merdeka 2022

🔹🔹🔹🔹🔹🔹🔹🔹🔹🔹🔹🔹🔹🔹🔹

🚨 Subscribe ya :
https://www.youtube.com/c/alqissp
https://www.youtube.com/c/andespahgrup


📸Instagram :
https://www.instagram.com/alqis_sp


🗳Facebook :
https://facebook.com/alqissyaputra


🖥Blog :
https://alqissp.blogspot.com

📩Kritik & Saran (gmail) : 
alqissp@gmail.com


🔹🔹🔹🔹🔹🔹🔹🔹🔹🔹🔹🔹🔹🔹🔹


Copyright ©2021
AS


🔹🔹🔹🔹🔹🔹🔹🔹🔹🔹🔹🔹🔹🔹🔹

🎥Video Terkait :
kampus merdeka,cara daftar kampus merdeka,cara mendaftar kampus mengajar,daftar akun kampus merdeka,kampus mengajar,langkah daftar kampus merdeka,cara daftar kampus mengajar 2021.,syarat mendaftar kampus mengajar,cara mendaftar pertukaran mahasiswa merdeka,kampus merdeka adalah,kampus merdeka indonesia jaya adalah,dirjen dikti kampus merdeka,kampus merdeka kemendikbud,kampus merdeka nadiem makarim,kampus merdeka belajar,kampus merdeka indonesia jaya",UCDV8NqrTzTV1piB7vowdfeg,Alqis Syaputra,2021-11-25T18:34:14Z,4012,57,34,Ugyns9cyywtLd3XSGlt4AaABAg,Kak ini aku daftar tapi aktivasi nya gk masuk ke email. Untuk email aktivasi itu nunggunya agk lama ya Kak?,@desyfitriani4830,UCbOkBc8Sj0LnQpTAJldP00A,2021-12-28T05:31:38Z,2021-12-28T05:31:38Z,1,false,true,true
youtube,MSIB,MSIB_awal_setara,MSIB Kampus Merdeka,MSIB Kampus Merdeka,2021-06-22T00:00:00Z,2022-06-29T23:59:59Z,tdx0BIgDiyA,https://www.youtube.com/watch?v=tdx0BIgDiyA,Cara Mendaftar Akun Kampus Merdeka untuk Mahasiswa 2022,"Tutorial Cara Mendaftar Akun Kampus Merdeka 2022

🔹🔹🔹🔹🔹🔹🔹🔹🔹🔹🔹🔹🔹🔹🔹

🚨 Subscribe ya :
https://www.youtube.com/c/alqissp
https://www.youtube.com/c/andespahgrup


📸Instagram :
https://www.instagram.com/alqis_sp


🗳Facebook :
https://facebook.com/alqissyaputra


🖥Blog :
https://alqissp.blogspot.com

📩Kritik & Saran (gmail) : 
alqissp@gmail.com


🔹🔹🔹🔹🔹🔹🔹🔹🔹🔹🔹🔹🔹🔹🔹


Copyright ©2021
AS


🔹🔹🔹🔹🔹🔹🔹🔹🔹🔹🔹🔹🔹🔹🔹

🎥Video Terkait :
kampus merdeka,cara daftar kampus merdeka,cara mendaftar kampus mengajar,daftar akun kampus merdeka,kampus mengajar,langkah daftar kampus merdeka,cara daftar kampus mengajar 2021.,syarat mendaftar kampus mengajar,cara mendaftar pertukaran mahasiswa merdeka,kampus merdeka adalah,kampus merdeka indonesia jaya adalah,dirjen dikti kampus merdeka,kampus merdeka kemendikbud,kampus merdeka nadiem makarim,kampus merdeka belajar,kampus merdeka indonesia jaya",UCDV8NqrTzTV1piB7vowdfeg,Alqis Syaputra,2021-11-25T18:34:14Z,4012,57,34,UgymD1llUiq4Bia7-5l4AaABAg,"Kak mau nanya nih, saya sudah buat akun kampus mengajar tahap 1 2021  pake email pribadi saya ,,, kalau sekarang saya daftar lagi apakah harus buat akun baru lagi atau pake akun yang tahap 1 ?",@nurhidayah.r5,UCh79jnwiMdvW2n3RIRv-sCg,2021-12-15T17:47:40Z,2021-12-15T17:47:40Z,0,false,true,true
youtube,MSIB,MSIB_awal_setara,MSIB Kampus Merdeka,MSIB Kampus Merdeka,2021-06-22T00:00:00Z,2022-06-29T23:59:59Z,tdx0BIgDiyA,https://www.youtube.com/watch?v=tdx0BIgDiyA,Cara Mendaftar Akun Kampus Merdeka untuk Mahasiswa 2022,"Tutorial Cara Mendaftar Akun Kampus Merdeka 2022

🔹🔹🔹🔹🔹🔹🔹🔹🔹🔹🔹🔹🔹🔹🔹

🚨 Subscribe ya :
https://www.youtube.com/c/alqissp
https://www.youtube.com/c/andespahgrup


📸Instagram :
https://www.instagram.com/alqis_sp


🗳Facebook :
https://facebook.com/alqissyaputra


🖥Blog :
https://alqissp.blogspot.com

📩Kritik & Saran (gmail) : 
alqissp@gmail.com


🔹🔹🔹🔹🔹🔹🔹🔹🔹🔹🔹🔹🔹🔹🔹


Copyright ©2021
AS


🔹🔹🔹🔹🔹🔹🔹🔹🔹🔹🔹🔹🔹🔹🔹

🎥Video Terkait :
kampus merdeka,cara daftar kampus merdeka,cara mendaftar kampus mengajar,daftar akun kampus merdeka,kampus mengajar,langkah daftar kampus merdeka,cara daftar kampus mengajar 2021.,syarat mendaftar kampus mengajar,cara mendaftar pertukaran mahasiswa merdeka,kampus merdeka adalah,kampus merdeka indonesia jaya adalah,dirjen dikti kampus merdeka,kampus merdeka kemendikbud,kampus merdeka nadiem makarim,kampus merdeka belajar,kampus merdeka indonesia jaya",UCDV8NqrTzTV1piB7vowdfeg,Alqis Syaputra,2021-11-25T18:34:14Z,4012,57,34,Ugy6qKWTwbuZ1bfZLHV4AaABAg,mohon maaf kak kalu daftarnya sekarang masih bisa apa nggak nggih kak,@anitaputri4880,UCwHaSHD7nNlul2unwGod3-g,2021-12-11T09:56:22Z,2021-12-11T09:56:22Z,0,false,true,true
youtube,MSIB,MSIB_awal_setara,MSIB Kampus Merdeka,MSIB Kampus Merdeka,2021-06-22T00:00:00Z,2022-06-29T23:59:59Z,tdx0BIgDiyA,https://www.youtube.com/watch?v=tdx0BIgDiyA,Cara Mendaftar Akun Kampus Merdeka untuk Mahasiswa 2022,"Tutorial Cara Mendaftar Akun Kampus Merdeka 2022

🔹🔹🔹🔹🔹🔹🔹🔹🔹🔹🔹🔹🔹🔹🔹

🚨 Subscribe ya :
https://www.youtube.com/c/alqissp
https://www.youtube.com/c/andespahgrup


📸Instagram :
https://www.instagram.com/alqis_sp


🗳Facebook :
https://facebook.com/alqissyaputra


🖥Blog :
https://alqissp.blogspot.com

📩Kritik & Saran (gmail) : 
alqissp@gmail.com


🔹🔹🔹🔹🔹🔹🔹🔹🔹🔹🔹🔹🔹🔹🔹


Copyright ©2021
AS


🔹🔹🔹🔹🔹🔹🔹🔹🔹🔹🔹🔹🔹🔹🔹

🎥Video Terkait :
kampus merdeka,cara daftar kampus merdeka,cara mendaftar kampus mengajar,daftar akun kampus merdeka,kampus mengajar,langkah daftar kampus merdeka,cara daftar kampus mengajar 2021.,syarat mendaftar kampus mengajar,cara mendaftar pertukaran mahasiswa merdeka,kampus merdeka adalah,kampus merdeka indonesia jaya adalah,dirjen dikti kampus merdeka,kampus merdeka kemendikbud,kampus merdeka nadiem makarim,kampus merdeka belajar,kampus merdeka indonesia jaya",UCDV8NqrTzTV1piB7vowdfeg,Alqis Syaputra,2021-11-25T18:34:14Z,4012,57,34,UgwTpYgokuuVXkw0Olh4AaABAg,Kak kok pas sy daftar servernya blg akun email sy sdh digunakan? Sy harus gimana ya,@idriani1233,UC8Ac--nnvPCzjLchFdyo-eA,2021-12-10T14:45:03Z,2021-12-10T14:45:03Z,1,false,true,true
youtube,MSIB,MSIB_awal_setara,MSIB Kampus Merdeka,MSIB Kampus Merdeka,2021-06-22T00:00:00Z,2022-06-29T23:59:59Z,tdx0BIgDiyA,https://www.youtube.com/watch?v=tdx0BIgDiyA,Cara Mendaftar Akun Kampus Merdeka untuk Mahasiswa 2022,"Tutorial Cara Mendaftar Akun Kampus Merdeka 2022

🔹🔹🔹🔹🔹🔹🔹🔹🔹🔹🔹🔹🔹🔹🔹

🚨 Subscribe ya :
https://www.youtube.com/c/alqissp
https://www.youtube.com/c/andespahgrup


📸Instagram :
https://www.instagram.com/alqis_sp


🗳Facebook :
https://facebook.com/alqissyaputra


🖥Blog :
https://alqissp.blogspot.com

📩Kritik & Saran (gmail) : 
alqissp@gmail.com


🔹🔹🔹🔹🔹🔹🔹🔹🔹🔹🔹🔹🔹🔹🔹


Copyright ©2021
AS


🔹🔹🔹🔹🔹🔹🔹🔹🔹🔹🔹🔹🔹🔹🔹

🎥Video Terkait :
kampus merdeka,cara daftar kampus merdeka,cara mendaftar kampus mengajar,daftar akun kampus merdeka,kampus mengajar,langkah daftar kampus merdeka,cara daftar kampus mengajar 2021.,syarat mendaftar kampus mengajar,cara mendaftar pertukaran mahasiswa merdeka,kampus merdeka adalah,kampus merdeka indonesia jaya adalah,dirjen dikti kampus merdeka,kampus merdeka kemendikbud,kampus merdeka nadiem makarim,kampus merdeka belajar,kampus merdeka indonesia jaya",UCDV8NqrTzTV1piB7vowdfeg,Alqis Syaputra,2021-11-25T18:34:14Z,4012,57,34,Ugzt1U2WP0CVUIzWStN4AaABAg,"Kak, kalau buat akunnya menggunakan email pribadi bagaimana? Meskipun ada email kampus, soalnya sudah terlanjur di buat akunnya menggunakan email pribadi",@nursarasintamaulida1421,UCa36qTiJVNiF9xXVFPKEXdw,2021-12-08T02:50:37Z,2021-12-08T02:50:37Z,1,false,true,true
youtube,MSIB,MSIB_awal_setara,MSIB Kampus Merdeka,MSIB Kampus Merdeka,2021-06-22T00:00:00Z,2022-06-29T23:59:59Z,tdx0BIgDiyA,https://www.youtube.com/watch?v=tdx0BIgDiyA,Cara Mendaftar Akun Kampus Merdeka untuk Mahasiswa 2022,"Tutorial Cara Mendaftar Akun Kampus Merdeka 2022

🔹🔹🔹🔹🔹🔹🔹🔹🔹🔹🔹🔹🔹🔹🔹

🚨 Subscribe ya :
https://www.youtube.com/c/alqissp
https://www.youtube.com/c/andespahgrup


📸Instagram :
https://www.instagram.com/alqis_sp


🗳Facebook :
https://facebook.com/alqissyaputra


🖥Blog :
https://alqissp.blogspot.com

📩Kritik & Saran (gmail) : 
alqissp@gmail.com


🔹🔹🔹🔹🔹🔹🔹🔹🔹🔹🔹🔹🔹🔹🔹


Copyright ©2021
AS


🔹🔹🔹🔹🔹🔹🔹🔹🔹🔹🔹🔹🔹🔹🔹

🎥Video Terkait :
kampus merdeka,cara daftar kampus merdeka,cara mendaftar kampus mengajar,daftar akun kampus merdeka,kampus mengajar,langkah daftar kampus merdeka,cara daftar kampus mengajar 2021.,syarat mendaftar kampus mengajar,cara mendaftar pertukaran mahasiswa merdeka,kampus merdeka adalah,kampus merdeka indonesia jaya adalah,dirjen dikti kampus merdeka,kampus merdeka kemendikbud,kampus merdeka nadiem makarim,kampus merdeka belajar,kampus merdeka indonesia jaya",UCDV8NqrTzTV1piB7vowdfeg,Alqis Syaputra,2021-11-25T18:34:14Z,4012,57,34,UgwQuyG1WKr0LgR3Id14AaABAg,Kok saya nggak bisa ya kak... Ada tulisanya mahasiswa tidak dapat diklaim,@Ilvimariana_,UCheo7Jhtx6CjOobgf6po5Ag,2021-11-28T06:45:30Z,2021-11-28T06:45:30Z,0,false,true,true
youtube,MSIB,MSIB_awal_setara,MSIB Kampus Merdeka,MSIB Kampus Merdeka,2021-06-22T00:00:00Z,2022-06-29T23:59:59Z,tdx0BIgDiyA,https://www.youtube.com/watch?v=tdx0BIgDiyA,Cara Mendaftar Akun Kampus Merdeka untuk Mahasiswa 2022,"Tutorial Cara Mendaftar Akun Kampus Merdeka 2022

🔹🔹🔹🔹🔹🔹🔹🔹🔹🔹🔹🔹🔹🔹🔹

🚨 Subscribe ya :
https://www.youtube.com/c/alqissp
https://www.youtube.com/c/andespahgrup


📸Instagram :
https://www.instagram.com/alqis_sp


🗳Facebook :
https://facebook.com/alqissyaputra


🖥Blog :
https://alqissp.blogspot.com

📩Kritik & Saran (gmail) : 
alqissp@gmail.com


🔹🔹🔹🔹🔹🔹🔹🔹🔹🔹🔹🔹🔹🔹🔹


Copyright ©2021
AS


🔹🔹🔹🔹🔹🔹🔹🔹🔹🔹🔹🔹🔹🔹🔹

🎥Video Terkait :
kampus merdeka,cara daftar kampus merdeka,cara mendaftar kampus mengajar,daftar akun kampus merdeka,kampus mengajar,langkah daftar kampus merdeka,cara daftar kampus mengajar 2021.,syarat mendaftar kampus mengajar,cara mendaftar pertukaran mahasiswa merdeka,kampus merdeka adalah,kampus merdeka indonesia jaya adalah,dirjen dikti kampus merdeka,kampus merdeka kemendikbud,kampus merdeka nadiem makarim,kampus merdeka belajar,kampus merdeka indonesia jaya",UCDV8NqrTzTV1piB7vowdfeg,Alqis Syaputra,2021-11-25T18:34:14Z,4012,57,34,UgxH81iyNVqnlDbQS394AaABAg,Sangat bermamfa'at.slslu menyimak👍👍,@daiindonesiaofficial3800,UC44EPdNS_Q2vVypU45yVWwg,2021-11-26T00:52:36Z,2021-11-26T00:52:36Z,0,false,true,true
youtube,MSIB,MSIB_awal_setara,MSIB Kampus Merdeka,MSIB Kampus Merdeka,2021-06-22T00:00:00Z,2022-06-29T23:59:59Z,1rfu4JfYIUo,https://www.youtube.com/watch?v=1rfu4JfYIUo,Daftar Kampus Merdeka,"Segera daftarkan dirimu pada program Kampus Merdeka dan temukan banyak peluang untuk belajar dan mengabdi. Klik kampusmerdeka.kemdikbud.go.id/register

Informasi lebih lanjut reach us on wa.me/6281331503161
-------------------------
FOLLOW US:
Twitter: @UMMCampus
Facebook: facebook.com/UMMCampus
Instagram: @UMMCampus
TikTok: @UMMCampus
Email: humas@umm.ac.id",UCXsa85A8yhcVL5sMr2Nrj4A,Universitas Muhammadiyah Malang,2022-01-10T09:07:13Z,958,37,1,UgzH2mZXpt4X5oty5Bt4AaABAg,K liga pamungks kapank ke smp kh dewantor aku damar yang dulu di SDN kuciran8,@damarjatigirinata2344,UCR2BxgPas5dNKmiOs7wpV8Q,2025-12-07T13:49:50Z,2025-12-07T13:49:50Z,0,false,true,false
youtube,MSIB,MSIB_awal_setara,MSIB Kampus Merdeka,MSIB Kampus Merdeka,2021-06-22T00:00:00Z,2022-06-29T23:59:59Z,dRQS0vQPEdY,https://www.youtube.com/watch?v=dRQS0vQPEdY,Pengembalian Mahasiswa Program Magang Merdeka dan Studi Independen Bersertifikat Kampus Merdeka,"Mewakili Universitas Bina Darma, Palembang, Indonesia  pada acara Pengembalian Mahasiswa Program Magang Merdeka dan Studi Independen Bersertifikat (MSIB) Kampus Merdeka (29/12)

Kegiatan Pengembalian Mahasiswa Program Magang Merdeka dan Studi Independen Bersertifkat (MSIB) Kampus Merdeka ini, merupakan kegiatan akhir Mahasiswa dalam menjalani Magang di RSUD Siti Fatimah Provinsi Sumatera Selatan yang dimulai pada Bulan September sampai dengan Bulan Desember Tahun 2021.

Kegiatan ini berlangsung di Aula Lantai 10 RSUD Siti Fatimah Provinsi Sumatera Selatan dan ditutup secara resmi oleh Direktur RSUD Siti Fatimah Provinsi Sumatera Selatan dr. Syamsuddin Isaac SM, Sp.OG didampingi Wadir SDM dan HPPK Bapak Ady Fikri, SKM.,M.Kes.,MAP., Wadir Umum Keuangan dan PBMD Bapak Meidi Artata, S.E.,AK.,M.Comm., Pejabat Struktural Eselon III dan IV, kemudian tamu undangan Wakil Rektor 1 Universitas Sriwijaya, Bapak Prof. Ir. Zainuddin Nawawi,Phd., Wakil Rektor 1 Bidang Kerjasama Universitas Bina Darma Bapak H. Hendri Zainuddin, S.Ag,S.H.,M.M., Wakil Rektor 3 Universitas Sriwijaya Bapak Iwan Setiabudi, SKM.,M.Kes., Dekan Ketua Jurusan, Ketua Prodi Universitas Sriwijaya, Universitas Bina Darma. Dan hadir pula secara Virtual melalui Zoom Meeting perwakilan dari Universitas Negeri Padang, Universitas Lambung Mangkurat Kalimantan Selatan, dan Institut Teknologi Sumatera Lampung.

Dalam sambutannya, beliau menyampaikan ucapan terima kasih kepada pihak Universitas, karena telah memberikan kesempatan kepada Mahasiswa dan Mahasiswi untuk mengikuti Program Magang dan Studi Independen Bersertifikat Kampus Merdeka di RSUD Siti Fatimah Provinsi Sumatera Selatan.

Selain itu, beliau berharap para Mahasiswa dan Mahasiswi dapat meningkatkan Skill serta Mengimplementasikan Ilmu yang didapat selama menjalani Kegiatan Magang di RSUD Siti Fatimah Provinsi Sumatera Selatan.

Proses kegiatan Pengembalian Mahasiswa Program Magang Merdeka dan Studi Independen Bersertifikat (MSIB) Kampus Merdeka di RSUD Siti Fatimah Provinsi Sumatera Selatan ini, dilaksanakan dengan tetap menerapkan Protokol Kesehatan (PROKES).",UC-bIdpeRp-Uz7GDOcR_9zFQ,Hendri Zainuddin,2022-05-26T09:55:29Z,13,2,1,Ugw7LtttkrUtQVCAzfN4AaABAg,"Diharapkan para lulusan mahasiswa mahasiswi bidar yang berkualitas, profesional dapat terjun karir ke dunia kerja.",@imamalfariez848,UCL0WLXjGycFLuVBgdnn0BZQ,2022-05-26T09:59:39Z,2022-05-26T09:59:39Z,0,false,true,true
youtube,MSIB,MSIB_awal_setara,MSIB Kampus Merdeka,MSIB Kampus Merdeka,2021-06-22T00:00:00Z,2022-06-29T23:59:59Z,UUHnGyFBZpU,https://www.youtube.com/watch?v=UUHnGyFBZpU,Q&A Pilih Program Kampus Merdeka Magang Studi Independen Bersertifikat_Dua Sekaligus Bisa_Part 2,"Haiii niih miko kasih vidio buat temen2 yang bingung seputar magang studi independen di kampus merdeka, 
nah vidio kali ini menjawab pertanyaan dari temen2 dan tentunya akan dijawab oleh kak nika wulan dari Tim Subpokja Microcredential Kemendikbudristek, semoga vidio ini dapat membantu menjawab kebingungan temen2 yak

Nah bagi temen temen yang belum lihat part 1 nya bisa lihat di https://youtu.be/v1PUu_dHxog

Jika teman teman punya ide,saran atau pengen pembahasan tentang apa boleh dong tulis dikomentar",UCpZ8jpedlSssDIbT9344N6Q,Engineering Career Center (ECC.co.id),2021-06-29T06:46:25Z,4546,120,15,UgwHyjar15UAfwso1Lp4AaABAg,Kalo daftar magang daftar kampus mengajar juga bisa ga si ? Kemungkinan bakal lolos 2 2 nya atau gimana?,@aca2257,UCX_A3_TsUKSk4Op-qHoi6gg,2023-05-24T05:16:26Z,2023-05-24T05:16:25Z,0,false,true,false
youtube,MSIB,MSIB_awal_setara,MSIB Kampus Merdeka,MSIB Kampus Merdeka,2021-06-22T00:00:00Z,2022-06-29T23:59:59Z,UUHnGyFBZpU,https://www.youtube.com/watch?v=UUHnGyFBZpU,Q&A Pilih Program Kampus Merdeka Magang Studi Independen Bersertifikat_Dua Sekaligus Bisa_Part 2,"Haiii niih miko kasih vidio buat temen2 yang bingung seputar magang studi independen di kampus merdeka, 
nah vidio kali ini menjawab pertanyaan dari temen2 dan tentunya akan dijawab oleh kak nika wulan dari Tim Subpokja Microcredential Kemendikbudristek, semoga vidio ini dapat membantu menjawab kebingungan temen2 yak

Nah bagi temen temen yang belum lihat part 1 nya bisa lihat di https://youtu.be/v1PUu_dHxog

Jika teman teman punya ide,saran atau pengen pembahasan tentang apa boleh dong tulis dikomentar",UCpZ8jpedlSssDIbT9344N6Q,Engineering Career Center (ECC.co.id),2021-06-29T06:46:25Z,4546,120,15,UgyAmfpAMG413Ft8R4N4AaABAg,"Kak boleh gak 2 kali ikut program mbkm dengan waktu yang berbeda,   misalnya semester 3 ikut program pertukaran pelajar, terus semester 5 ikut program magang?",@novitaindriani351,UCevZl_TnDfkNDu3K6xGsacw,2022-09-10T15:34:45Z,2022-09-10T15:34:45Z,1,false,true,false
youtube,MSIB,MSIB_awal_setara,MSIB Kampus Merdeka,MSIB Kampus Merdeka,2021-06-22T00:00:00Z,2022-06-29T23:59:59Z,UUHnGyFBZpU,https://www.youtube.com/watch?v=UUHnGyFBZpU,Q&A Pilih Program Kampus Merdeka Magang Studi Independen Bersertifikat_Dua Sekaligus Bisa_Part 2,"Haiii niih miko kasih vidio buat temen2 yang bingung seputar magang studi independen di kampus merdeka, 
nah vidio kali ini menjawab pertanyaan dari temen2 dan tentunya akan dijawab oleh kak nika wulan dari Tim Subpokja Microcredential Kemendikbudristek, semoga vidio ini dapat membantu menjawab kebingungan temen2 yak

Nah bagi temen temen yang belum lihat part 1 nya bisa lihat di https://youtu.be/v1PUu_dHxog

Jika teman teman punya ide,saran atau pengen pembahasan tentang apa boleh dong tulis dikomentar",UCpZ8jpedlSssDIbT9344N6Q,Engineering Career Center (ECC.co.id),2021-06-29T06:46:25Z,4546,120,15,Ugz_lWWci_DiPjfo9Nh4AaABAg,kak semisalnya data nilai akademik saya masih semester 4 di web kampus merdeka  belum update padahal seharusnya  sudah  ada nilai akademik semester 5 apakah saya bisa tetap ikut magangnya kak?,@hamdafuddirahman6894,UCo-mGbMonMkDxwa5FRvZ-iA,2022-01-06T05:27:42Z,2022-01-06T05:27:42Z,1,false,true,true
youtube,MSIB,MSIB_awal_setara,MSIB Kampus Merdeka,MSIB Kampus Merdeka,2021-06-22T00:00:00Z,2022-06-29T23:59:59Z,UUHnGyFBZpU,https://www.youtube.com/watch?v=UUHnGyFBZpU,Q&A Pilih Program Kampus Merdeka Magang Studi Independen Bersertifikat_Dua Sekaligus Bisa_Part 2,"Haiii niih miko kasih vidio buat temen2 yang bingung seputar magang studi independen di kampus merdeka, 
nah vidio kali ini menjawab pertanyaan dari temen2 dan tentunya akan dijawab oleh kak nika wulan dari Tim Subpokja Microcredential Kemendikbudristek, semoga vidio ini dapat membantu menjawab kebingungan temen2 yak

Nah bagi temen temen yang belum lihat part 1 nya bisa lihat di https://youtu.be/v1PUu_dHxog

Jika teman teman punya ide,saran atau pengen pembahasan tentang apa boleh dong tulis dikomentar",UCpZ8jpedlSssDIbT9344N6Q,Engineering Career Center (ECC.co.id),2021-06-29T06:46:25Z,4546,120,15,Ugz5ontUrgxxCG8QExJ4AaABAg,Kak fitur live chat ny GK ada,@muhammadsafri55,UCPHUOsbJkT7OjL4kuTpH6VQ,2021-12-27T01:50:48Z,2021-12-27T01:50:48Z,0,false,true,true
youtube,MSIB,MSIB_awal_setara,MSIB Kampus Merdeka,MSIB Kampus Merdeka,2021-06-22T00:00:00Z,2022-06-29T23:59:59Z,UUHnGyFBZpU,https://www.youtube.com/watch?v=UUHnGyFBZpU,Q&A Pilih Program Kampus Merdeka Magang Studi Independen Bersertifikat_Dua Sekaligus Bisa_Part 2,"Haiii niih miko kasih vidio buat temen2 yang bingung seputar magang studi independen di kampus merdeka, 
nah vidio kali ini menjawab pertanyaan dari temen2 dan tentunya akan dijawab oleh kak nika wulan dari Tim Subpokja Microcredential Kemendikbudristek, semoga vidio ini dapat membantu menjawab kebingungan temen2 yak

Nah bagi temen temen yang belum lihat part 1 nya bisa lihat di https://youtu.be/v1PUu_dHxog

Jika teman teman punya ide,saran atau pengen pembahasan tentang apa boleh dong tulis dikomentar",UCpZ8jpedlSssDIbT9344N6Q,Engineering Career Center (ECC.co.id),2021-06-29T06:46:25Z,4546,120,15,UgzeCI2wK8tJPjgroSJ4AaABAg,Apa boleh milih tempat magang lebih dari 3 instansi,@muhammadsafri55,UCPHUOsbJkT7OjL4kuTpH6VQ,2021-12-24T09:03:12Z,2021-12-24T09:03:12Z,0,false,true,true
youtube,MSIB,MSIB_awal_setara,MSIB Kampus Merdeka,MSIB Kampus Merdeka,2021-06-22T00:00:00Z,2022-06-29T23:59:59Z,UUHnGyFBZpU,https://www.youtube.com/watch?v=UUHnGyFBZpU,Q&A Pilih Program Kampus Merdeka Magang Studi Independen Bersertifikat_Dua Sekaligus Bisa_Part 2,"Haiii niih miko kasih vidio buat temen2 yang bingung seputar magang studi independen di kampus merdeka, 
nah vidio kali ini menjawab pertanyaan dari temen2 dan tentunya akan dijawab oleh kak nika wulan dari Tim Subpokja Microcredential Kemendikbudristek, semoga vidio ini dapat membantu menjawab kebingungan temen2 yak

Nah bagi temen temen yang belum lihat part 1 nya bisa lihat di https://youtu.be/v1PUu_dHxog

Jika teman teman punya ide,saran atau pengen pembahasan tentang apa boleh dong tulis dikomentar",UCpZ8jpedlSssDIbT9344N6Q,Engineering Career Center (ECC.co.id),2021-06-29T06:46:25Z,4546,120,15,UgyaF6Xj1VJN2_z6XzN4AaABAg,Kak boleh pilih keduanya gak misal kampus mengajar dan magang,@rohayatiii4643,UCkiUevluysERhZTtcK0QrlA,2021-12-07T10:47:37Z,2021-12-07T10:47:37Z,0,false,true,true
youtube,MSIB,MSIB_awal_setara,MSIB Kampus Merdeka,MSIB Kampus Merdeka,2021-06-22T00:00:00Z,2022-06-29T23:59:59Z,UUHnGyFBZpU,https://www.youtube.com/watch?v=UUHnGyFBZpU,Q&A Pilih Program Kampus Merdeka Magang Studi Independen Bersertifikat_Dua Sekaligus Bisa_Part 2,"Haiii niih miko kasih vidio buat temen2 yang bingung seputar magang studi independen di kampus merdeka, 
nah vidio kali ini menjawab pertanyaan dari temen2 dan tentunya akan dijawab oleh kak nika wulan dari Tim Subpokja Microcredential Kemendikbudristek, semoga vidio ini dapat membantu menjawab kebingungan temen2 yak

Nah bagi temen temen yang belum lihat part 1 nya bisa lihat di https://youtu.be/v1PUu_dHxog

Jika teman teman punya ide,saran atau pengen pembahasan tentang apa boleh dong tulis dikomentar",UCpZ8jpedlSssDIbT9344N6Q,Engineering Career Center (ECC.co.id),2021-06-29T06:46:25Z,4546,120,15,UgxHDwZ6rDqpXJNOTel4AaABAg,"Alhamdullilah, putera saya kuliah di UNS, di terima oleh XL Axiata untuk internship nya. 
XL sangat profesional dalam menangani anak2 yang terlibat magang di tempatnya.",@idnagus,UC4wqNEkYx2jNFkwXgc9fQNA,2021-09-06T13:22:20Z,2021-09-06T13:22:20Z,4,false,true,true
youtube,MSIB,MSIB_awal_setara,MSIB Kampus Merdeka,MSIB Kampus Merdeka,2021-06-22T00:00:00Z,2022-06-29T23:59:59Z,UUHnGyFBZpU,https://www.youtube.com/watch?v=UUHnGyFBZpU,Q&A Pilih Program Kampus Merdeka Magang Studi Independen Bersertifikat_Dua Sekaligus Bisa_Part 2,"Haiii niih miko kasih vidio buat temen2 yang bingung seputar magang studi independen di kampus merdeka, 
nah vidio kali ini menjawab pertanyaan dari temen2 dan tentunya akan dijawab oleh kak nika wulan dari Tim Subpokja Microcredential Kemendikbudristek, semoga vidio ini dapat membantu menjawab kebingungan temen2 yak

Nah bagi temen temen yang belum lihat part 1 nya bisa lihat di https://youtu.be/v1PUu_dHxog

Jika teman teman punya ide,saran atau pengen pembahasan tentang apa boleh dong tulis dikomentar",UCpZ8jpedlSssDIbT9344N6Q,Engineering Career Center (ECC.co.id),2021-06-29T06:46:25Z,4546,120,15,UgzBfOo4XNjP1nUyLaV4AaABAg,"Kak, di panduan disebutkan bahwa salah 1 hak mahasiswa magang adalah uang saku / tunjangan. Kalau boleh tau, nominalnya itu berapa ya kak?",@algatra6942,UC18Hz2EY6n3Mj29RICg4ukQ,2021-08-03T06:06:01Z,2021-08-03T06:06:01Z,1,false,true,true
youtube,MSIB,MSIB_awal_setara,MSIB Kampus Merdeka,MSIB Kampus Merdeka,2021-06-22T00:00:00Z,2022-06-29T23:59:59Z,UUHnGyFBZpU,https://www.youtube.com/watch?v=UUHnGyFBZpU,Q&A Pilih Program Kampus Merdeka Magang Studi Independen Bersertifikat_Dua Sekaligus Bisa_Part 2,"Haiii niih miko kasih vidio buat temen2 yang bingung seputar magang studi independen di kampus merdeka, 
nah vidio kali ini menjawab pertanyaan dari temen2 dan tentunya akan dijawab oleh kak nika wulan dari Tim Subpokja Microcredential Kemendikbudristek, semoga vidio ini dapat membantu menjawab kebingungan temen2 yak

Nah bagi temen temen yang belum lihat part 1 nya bisa lihat di https://youtu.be/v1PUu_dHxog

Jika teman teman punya ide,saran atau pengen pembahasan tentang apa boleh dong tulis dikomentar",UCpZ8jpedlSssDIbT9344N6Q,Engineering Career Center (ECC.co.id),2021-06-29T06:46:25Z,4546,120,15,UgwETZi48LUwRWRPD-R4AaABAg,Kalo studi independen dapat biaya bulanan gak ya?,@izarahmad4505,UC3R7x3hgtRxHtSodT_vZU3g,2021-07-29T12:53:08Z,2021-07-29T12:53:08Z,1,false,true,true
youtube,MSIB,MSIB_awal_setara,MSIB Kampus Merdeka,MSIB Kampus Merdeka,2021-06-22T00:00:00Z,2022-06-29T23:59:59Z,UUHnGyFBZpU,https://www.youtube.com/watch?v=UUHnGyFBZpU,Q&A Pilih Program Kampus Merdeka Magang Studi Independen Bersertifikat_Dua Sekaligus Bisa_Part 2,"Haiii niih miko kasih vidio buat temen2 yang bingung seputar magang studi independen di kampus merdeka, 
nah vidio kali ini menjawab pertanyaan dari temen2 dan tentunya akan dijawab oleh kak nika wulan dari Tim Subpokja Microcredential Kemendikbudristek, semoga vidio ini dapat membantu menjawab kebingungan temen2 yak

Nah bagi temen temen yang belum lihat part 1 nya bisa lihat di https://youtu.be/v1PUu_dHxog

Jika teman teman punya ide,saran atau pengen pembahasan tentang apa boleh dong tulis dikomentar",UCpZ8jpedlSssDIbT9344N6Q,Engineering Career Center (ECC.co.id),2021-06-29T06:46:25Z,4546,120,15,UgwJDhyZlh0TTUSX9GJ4AaABAg,semester 7 boleh gak sih?,@faisalarros7546,UCARDXvQz-EnCTfkJZ_F8Axw,2021-07-14T15:05:57Z,2021-07-14T15:05:57Z,0,false,true,true
youtube,MSIB,MSIB_awal_setara,MSIB Kampus Merdeka,MSIB Kampus Merdeka,2021-06-22T00:00:00Z,2022-06-29T23:59:59Z,UUHnGyFBZpU,https://www.youtube.com/watch?v=UUHnGyFBZpU,Q&A Pilih Program Kampus Merdeka Magang Studi Independen Bersertifikat_Dua Sekaligus Bisa_Part 2,"Haiii niih miko kasih vidio buat temen2 yang bingung seputar magang studi independen di kampus merdeka, 
nah vidio kali ini menjawab pertanyaan dari temen2 dan tentunya akan dijawab oleh kak nika wulan dari Tim Subpokja Microcredential Kemendikbudristek, semoga vidio ini dapat membantu menjawab kebingungan temen2 yak

Nah bagi temen temen yang belum lihat part 1 nya bisa lihat di https://youtu.be/v1PUu_dHxog

Jika teman teman punya ide,saran atau pengen pembahasan tentang apa boleh dong tulis dikomentar",UCpZ8jpedlSssDIbT9344N6Q,Engineering Career Center (ECC.co.id),2021-06-29T06:46:25Z,4546,120,15,UgxutYt6LNcvzuWkAE54AaABAg,bahas lebih detail tentang studi independen dong kak,@azkakaysa7025,UC8WSRSITK8SC1xUnYA8_n1w,2021-07-01T01:14:30Z,2021-07-01T01:14:30Z,1,false,true,true
youtube,MSIB,MSIB_awal_setara,MSIB Kampus Merdeka,MSIB Kampus Merdeka,2021-06-22T00:00:00Z,2022-06-29T23:59:59Z,UUHnGyFBZpU,https://www.youtube.com/watch?v=UUHnGyFBZpU,Q&A Pilih Program Kampus Merdeka Magang Studi Independen Bersertifikat_Dua Sekaligus Bisa_Part 2,"Haiii niih miko kasih vidio buat temen2 yang bingung seputar magang studi independen di kampus merdeka, 
nah vidio kali ini menjawab pertanyaan dari temen2 dan tentunya akan dijawab oleh kak nika wulan dari Tim Subpokja Microcredential Kemendikbudristek, semoga vidio ini dapat membantu menjawab kebingungan temen2 yak

Nah bagi temen temen yang belum lihat part 1 nya bisa lihat di https://youtu.be/v1PUu_dHxog

Jika teman teman punya ide,saran atau pengen pembahasan tentang apa boleh dong tulis dikomentar",UCpZ8jpedlSssDIbT9344N6Q,Engineering Career Center (ECC.co.id),2021-06-29T06:46:25Z,4546,120,15,Ugy7wuPNEuJ-ha1EU314AaABAg,Kak bahas proses seleksinya secara detail dong untuk proses seleksi magang ini,@cubichanmut727,UCUjtXRNubjzQBKyi4H3NYPQ,2021-06-29T09:07:26Z,2021-06-29T09:07:26Z,6,false,true,true
youtube,MSIB,MSIB_awal_setara,MSIB Kampus Merdeka,MSIB Kampus Merdeka,2021-06-22T00:00:00Z,2022-06-29T23:59:59Z,UUHnGyFBZpU,https://www.youtube.com/watch?v=UUHnGyFBZpU,Q&A Pilih Program Kampus Merdeka Magang Studi Independen Bersertifikat_Dua Sekaligus Bisa_Part 2,"Haiii niih miko kasih vidio buat temen2 yang bingung seputar magang studi independen di kampus merdeka, 
nah vidio kali ini menjawab pertanyaan dari temen2 dan tentunya akan dijawab oleh kak nika wulan dari Tim Subpokja Microcredential Kemendikbudristek, semoga vidio ini dapat membantu menjawab kebingungan temen2 yak

Nah bagi temen temen yang belum lihat part 1 nya bisa lihat di https://youtu.be/v1PUu_dHxog

Jika teman teman punya ide,saran atau pengen pembahasan tentang apa boleh dong tulis dikomentar",UCpZ8jpedlSssDIbT9344N6Q,Engineering Career Center (ECC.co.id),2021-06-29T06:46:25Z,4546,120,15,UgwbBvsgj8lHZk1Btl54AaABAg,Wah lengkap banget nih. Klo yg studi independen di bahas juga dong,@galerinya_tita,UCNo9Xr4lYs2Lh2QmQfdZokA,2021-06-29T08:45:41Z,2021-06-29T08:45:41Z,1,false,true,true
youtube,MSIB,MSIB_awal_setara,MSIB Kampus Merdeka,MSIB Kampus Merdeka,2021-06-22T00:00:00Z,2022-06-29T23:59:59Z,nfpoUbhg5Ok,https://www.youtube.com/watch?v=nfpoUbhg5Ok,Rekomendasi Tempat Magang Kampus Merdeka untuk Semua Jurusan,,UCbZAbSTGwGsiu1S1GJ0CaUw,Citacitaku,2021-06-29T15:28:53Z,10538,149,38,UgzxVH6zdn9t1t03IRd4AaABAg,Kk untuk jurusan bisnis digital rekomendasi ny apa magang dimna,@AinalAkbar-nw5nt,UC1V4JTIysS8NYJP4WOFx1eQ,2024-06-04T14:06:59Z,2024-06-04T14:07:18Z,0,false,true,false
youtube,MSIB,MSIB_awal_setara,MSIB Kampus Merdeka,MSIB Kampus Merdeka,2021-06-22T00:00:00Z,2022-06-29T23:59:59Z,nfpoUbhg5Ok,https://www.youtube.com/watch?v=nfpoUbhg5Ok,Rekomendasi Tempat Magang Kampus Merdeka untuk Semua Jurusan,,UCbZAbSTGwGsiu1S1GJ0CaUw,Citacitaku,2021-06-29T15:28:53Z,10538,149,38,UgxnCgZl607GPBgbzb94AaABAg,Ka aku kan ambil jurusan manajemen tpi yg berbasis pendidikan islam itu lebih masuk kmna ya bingung ka kalo ada islam di belakangnya rata2 ngeliat orng yg ikut daftar magang ini jurusan nya umum😢,@SeptiaAwlia,UCISo75gp-XcoVaVR73O7KXw,2024-06-04T13:27:50Z,2024-06-04T13:27:50Z,0,false,true,false
youtube,MSIB,MSIB_awal_setara,MSIB Kampus Merdeka,MSIB Kampus Merdeka,2021-06-22T00:00:00Z,2022-06-29T23:59:59Z,nfpoUbhg5Ok,https://www.youtube.com/watch?v=nfpoUbhg5Ok,Rekomendasi Tempat Magang Kampus Merdeka untuk Semua Jurusan,,UCbZAbSTGwGsiu1S1GJ0CaUw,Citacitaku,2021-06-29T15:28:53Z,10538,149,38,UgxxSED1QilHL5ihEWB4AaABAg,Kak klu unt jurusan D4 tata boga di mana kak??,@choirulmufidah1488,UCYDYDIcGa__z5bXc9pbwWsw,2023-04-15T06:54:50Z,2023-04-15T06:54:50Z,0,false,true,false
youtube,MSIB,MSIB_awal_setara,MSIB Kampus Merdeka,MSIB Kampus Merdeka,2021-06-22T00:00:00Z,2022-06-29T23:59:59Z,nfpoUbhg5Ok,https://www.youtube.com/watch?v=nfpoUbhg5Ok,Rekomendasi Tempat Magang Kampus Merdeka untuk Semua Jurusan,,UCbZAbSTGwGsiu1S1GJ0CaUw,Citacitaku,2021-06-29T15:28:53Z,10538,149,38,UgxCgGLYe7FsD5y0h7p4AaABAg,Informasi magang untuk mahasiswa PPKn kak.,@asrimakrifatul19,UCib6VKNwGcMvZbQYykWvEIA,2022-12-09T01:26:53Z,2022-12-09T01:26:53Z,0,false,true,false
youtube,MSIB,MSIB_awal_setara,MSIB Kampus Merdeka,MSIB Kampus Merdeka,2021-06-22T00:00:00Z,2022-06-29T23:59:59Z,nfpoUbhg5Ok,https://www.youtube.com/watch?v=nfpoUbhg5Ok,Rekomendasi Tempat Magang Kampus Merdeka untuk Semua Jurusan,,UCbZAbSTGwGsiu1S1GJ0CaUw,Citacitaku,2021-06-29T15:28:53Z,10538,149,38,UgyXrW67pBAHJ2KDkJ54AaABAg,Untuk prodi kesehatan apa bisa yah kak?,@dindaarum7462,UCC17kD-TwVNV7CKtSRJ9Evw,2022-07-21T08:39:55Z,2022-07-21T08:39:55Z,0,false,true,false
youtube,MSIB,MSIB_awal_setara,MSIB Kampus Merdeka,MSIB Kampus Merdeka,2021-06-22T00:00:00Z,2022-06-29T23:59:59Z,nfpoUbhg5Ok,https://www.youtube.com/watch?v=nfpoUbhg5Ok,Rekomendasi Tempat Magang Kampus Merdeka untuk Semua Jurusan,,UCbZAbSTGwGsiu1S1GJ0CaUw,Citacitaku,2021-06-29T15:28:53Z,10538,149,38,Ugy1cy_-cgoedcmOOgp4AaABAg,"Izin bertanya kak
Kalau online boleh gk, tidak mengkonversi sks?",@veniachristina7607,UCFQEFlO0aEYXdS--dJYwuAA,2022-07-13T01:24:59Z,2022-07-13T01:24:59Z,0,false,true,false
youtube,MSIB,MSIB_awal_setara,MSIB Kampus Merdeka,MSIB Kampus Merdeka,2021-06-22T00:00:00Z,2022-06-29T23:59:59Z,nfpoUbhg5Ok,https://www.youtube.com/watch?v=nfpoUbhg5Ok,Rekomendasi Tempat Magang Kampus Merdeka untuk Semua Jurusan,,UCbZAbSTGwGsiu1S1GJ0CaUw,Citacitaku,2021-06-29T15:28:53Z,10538,149,38,UgxChkuglGECWpMMftJ4AaABAg,Kak saya sekarang sem 3 apakah boleh ikut magang?,@yennilestari4414,UCKC0rEydeusOkEAXZItDWwA,2022-07-07T14:36:44Z,2022-07-07T14:36:44Z,0,false,true,false
youtube,MSIB,MSIB_awal_setara,MSIB Kampus Merdeka,MSIB Kampus Merdeka,2021-06-22T00:00:00Z,2022-06-29T23:59:59Z,nfpoUbhg5Ok,https://www.youtube.com/watch?v=nfpoUbhg5Ok,Rekomendasi Tempat Magang Kampus Merdeka untuk Semua Jurusan,,UCbZAbSTGwGsiu1S1GJ0CaUw,Citacitaku,2021-06-29T15:28:53Z,10538,149,38,UgxdVc6LhVYIpMqR_8x4AaABAg,"Mau nanya. Aku prodi PAI semester 2 ke semester 3, kira² bisa ikutan Kampus Kerdeka?",@wikantorahayu9025,UCTvJE609SAyfkcvYp-UH0TA,2022-03-01T17:11:32Z,2022-03-01T17:11:32Z,0,false,true,true
youtube,MSIB,MSIB_awal_setara,MSIB Kampus Merdeka,MSIB Kampus Merdeka,2021-06-22T00:00:00Z,2022-06-29T23:59:59Z,nfpoUbhg5Ok,https://www.youtube.com/watch?v=nfpoUbhg5Ok,Rekomendasi Tempat Magang Kampus Merdeka untuk Semua Jurusan,,UCbZAbSTGwGsiu1S1GJ0CaUw,Citacitaku,2021-06-29T15:28:53Z,10538,149,38,UgxaSeAnU3sprAlITA94AaABAg,Kak program magang kampus merdeka bisa untuk diploma 3?,@ardeaarningoktavianti9232,UCN9z07OAehRYMGuclIIKXsw,2022-02-22T01:38:04Z,2022-02-22T01:38:04Z,0,false,true,true
youtube,MSIB,MSIB_awal_setara,MSIB Kampus Merdeka,MSIB Kampus Merdeka,2021-06-22T00:00:00Z,2022-06-29T23:59:59Z,nfpoUbhg5Ok,https://www.youtube.com/watch?v=nfpoUbhg5Ok,Rekomendasi Tempat Magang Kampus Merdeka untuk Semua Jurusan,,UCbZAbSTGwGsiu1S1GJ0CaUw,Citacitaku,2021-06-29T15:28:53Z,10538,149,38,UgwSeOZIs6VJQ9Aal-R4AaABAg,Ka mau tanya kalo magang berati sewaktu waktu ada habis kontrak ya?? Gak perpanjangan kontrak.,@farahastiza,UCAuWgqYYnaAyJQ9Ga1tY9tA,2022-01-29T06:01:05Z,2022-01-29T06:01:05Z,0,false,true,true
youtube,MSIB,MSIB_awal_setara,MSIB Kampus Merdeka,MSIB Kampus Merdeka,2021-06-22T00:00:00Z,2022-06-29T23:59:59Z,nfpoUbhg5Ok,https://www.youtube.com/watch?v=nfpoUbhg5Ok,Rekomendasi Tempat Magang Kampus Merdeka untuk Semua Jurusan,,UCbZAbSTGwGsiu1S1GJ0CaUw,Citacitaku,2021-06-29T15:28:53Z,10538,149,38,Ugy16UrbHz6eOH3wh5F4AaABAg,Untuk magang MBKM dapat gaji berapa ya? Umumnya yang memberi gaji dari Kemdikbud atau Perusahaan atau institusi tempat magang?,@YogaDewantara00,UC-1joy85dIdHl_XE0aPDY9g,2022-01-24T15:09:52Z,2022-01-24T15:09:52Z,0,false,true,true
youtube,MSIB,MSIB_awal_setara,MSIB Kampus Merdeka,MSIB Kampus Merdeka,2021-06-22T00:00:00Z,2022-06-29T23:59:59Z,nfpoUbhg5Ok,https://www.youtube.com/watch?v=nfpoUbhg5Ok,Rekomendasi Tempat Magang Kampus Merdeka untuk Semua Jurusan,,UCbZAbSTGwGsiu1S1GJ0CaUw,Citacitaku,2021-06-29T15:28:53Z,10538,149,38,Ugyzhekn64f5guDJIwd4AaABAg,"kak mau bertanya, mahasiswa dari jurusan pendidikan kimia, semester 5 mau masuk semester 6 bisa mendaftar magang  di BPOM atau tida bisa.?",@yusman1202,UCY4MSXxXmM2NwQh8beQO5HA,2022-01-18T08:12:08Z,2022-01-18T08:12:08Z,0,false,true,true
youtube,MSIB,MSIB_awal_setara,MSIB Kampus Merdeka,MSIB Kampus Merdeka,2021-06-22T00:00:00Z,2022-06-29T23:59:59Z,nfpoUbhg5Ok,https://www.youtube.com/watch?v=nfpoUbhg5Ok,Rekomendasi Tempat Magang Kampus Merdeka untuk Semua Jurusan,,UCbZAbSTGwGsiu1S1GJ0CaUw,Citacitaku,2021-06-29T15:28:53Z,10538,149,38,UgwnJbgGbTzzw_6yKBZ4AaABAg,"Halo kak, apakah dari luar kota/provinsi/pulau nanti akan mendapat uang saku dan tiket transportasi yg diberikan langsung oleh mitra atau bersifat reimburse ya kak? Terima kasih",@juheriviki,UCflTj9WHMbXcCgrZwZSrS8g,2022-01-14T04:23:16Z,2022-01-14T04:23:16Z,0,false,true,true
youtube,MSIB,MSIB_awal_setara,MSIB Kampus Merdeka,MSIB Kampus Merdeka,2021-06-22T00:00:00Z,2022-06-29T23:59:59Z,nfpoUbhg5Ok,https://www.youtube.com/watch?v=nfpoUbhg5Ok,Rekomendasi Tempat Magang Kampus Merdeka untuk Semua Jurusan,,UCbZAbSTGwGsiu1S1GJ0CaUw,Citacitaku,2021-06-29T15:28:53Z,10538,149,38,Ugw-D0N6Ll-8oNXneUl4AaABAg,Untuk kimia dimana kak?,@sitasopatulmarwah4657,UC68k-bJu5oM-HoHaX3bY5GQ,2022-01-05T09:42:27Z,2022-01-05T09:42:27Z,0,false,true,true
youtube,MSIB,MSIB_awal_setara,MSIB Kampus Merdeka,MSIB Kampus Merdeka,2021-06-22T00:00:00Z,2022-06-29T23:59:59Z,nfpoUbhg5Ok,https://www.youtube.com/watch?v=nfpoUbhg5Ok,Rekomendasi Tempat Magang Kampus Merdeka untuk Semua Jurusan,,UCbZAbSTGwGsiu1S1GJ0CaUw,Citacitaku,2021-06-29T15:28:53Z,10538,149,38,Ugzu-6rqRJ5RDodIEqZ4AaABAg,"Halo kak saya mencoba search posisi, lokasi perusahaannya, dan nama perusahaannya . Tetap tidak bisa ya ka?",@faissaqputri9368,UCChAK_YBfNnJkQ1usUrsc0w,2021-12-27T04:23:35Z,2021-12-27T04:23:35Z,0,false,true,true
youtube,MSIB,MSIB_awal_setara,MSIB Kampus Merdeka,MSIB Kampus Merdeka,2021-06-22T00:00:00Z,2022-06-29T23:59:59Z,nfpoUbhg5Ok,https://www.youtube.com/watch?v=nfpoUbhg5Ok,Rekomendasi Tempat Magang Kampus Merdeka untuk Semua Jurusan,,UCbZAbSTGwGsiu1S1GJ0CaUw,Citacitaku,2021-06-29T15:28:53Z,10538,149,38,UgzSynBO2tpAzcwOZVV4AaABAg,kak kok total posisi di video kakak bs sampe 1253??? aku skrg ini daftar cuma ada 28 posisi aja,@anisrini2062,UCtla-swl8jCSHLkRj7GxpfQ,2021-12-18T03:02:18Z,2021-12-18T03:02:18Z,1,false,true,true
youtube,MSIB,MSIB_awal_setara,MSIB Kampus Merdeka,MSIB Kampus Merdeka,2021-06-22T00:00:00Z,2022-06-29T23:59:59Z,nfpoUbhg5Ok,https://www.youtube.com/watch?v=nfpoUbhg5Ok,Rekomendasi Tempat Magang Kampus Merdeka untuk Semua Jurusan,,UCbZAbSTGwGsiu1S1GJ0CaUw,Citacitaku,2021-06-29T15:28:53Z,10538,149,38,Ugwpmenpt1kmceABHrt4AaABAg,kalo magang merdeka buka nya dalam setahun berapa kali kak ?,@NurHidayah-if6kz,UCx0ikNCqwzrEAnT3m6nXZzQ,2021-10-13T22:40:35Z,2021-10-13T22:40:35Z,1,false,true,true
youtube,MSIB,MSIB_awal_setara,MSIB Kampus Merdeka,MSIB Kampus Merdeka,2021-06-22T00:00:00Z,2022-06-29T23:59:59Z,nfpoUbhg5Ok,https://www.youtube.com/watch?v=nfpoUbhg5Ok,Rekomendasi Tempat Magang Kampus Merdeka untuk Semua Jurusan,,UCbZAbSTGwGsiu1S1GJ0CaUw,Citacitaku,2021-06-29T15:28:53Z,10538,149,38,Ugx8__MoT0F0XUBTK8N4AaABAg,"Halo kak..
Kira"" klw kayak saya anak pendidikan seni musik lebih berpeluang ngambil. Magang yang mana ya kk?",@sindybreginaofficial1077,UCLDd0_CONSDi9CP_5hi-EEw,2021-07-24T13:44:33Z,2021-07-24T13:44:33Z,0,false,true,true
youtube,MSIB,MSIB_awal_setara,MSIB Kampus Merdeka,MSIB Kampus Merdeka,2021-06-22T00:00:00Z,2022-06-29T23:59:59Z,nfpoUbhg5Ok,https://www.youtube.com/watch?v=nfpoUbhg5Ok,Rekomendasi Tempat Magang Kampus Merdeka untuk Semua Jurusan,,UCbZAbSTGwGsiu1S1GJ0CaUw,Citacitaku,2021-06-29T15:28:53Z,10538,149,38,UgxG1goocsmgRQ8EXBd4AaABAg,"Kak nilaii semester 4 baruu mau keluarr,  belummm dianggap semester 5 yaa",@mayasafitri1189,UCh2tJRhKFfXDxKKvIh8iCUQ,2021-07-16T02:58:35Z,2021-07-16T02:58:35Z,0,false,true,true
youtube,MSIB,MSIB_awal_setara,MSIB Kampus Merdeka,MSIB Kampus Merdeka,2021-06-22T00:00:00Z,2022-06-29T23:59:59Z,nfpoUbhg5Ok,https://www.youtube.com/watch?v=nfpoUbhg5Ok,Rekomendasi Tempat Magang Kampus Merdeka untuk Semua Jurusan,,UCbZAbSTGwGsiu1S1GJ0CaUw,Citacitaku,2021-06-29T15:28:53Z,10538,149,38,UgyRXS9HgdXNigmvqNF4AaABAg,"Kak mau tanya nih, untuk daftar2 tempat magang selain yang disebut tadi  bisa di liat dimana ya kak ?",@ほおゥピン,UC0aIFQR_A7bAgAN0E7j04AQ,2021-07-12T09:44:01Z,2021-07-12T09:44:01Z,0,false,true,true
youtube,MSIB,MSIB_awal_setara,MSIB Kampus Merdeka,MSIB Kampus Merdeka,2021-06-22T00:00:00Z,2022-06-29T23:59:59Z,nfpoUbhg5Ok,https://www.youtube.com/watch?v=nfpoUbhg5Ok,Rekomendasi Tempat Magang Kampus Merdeka untuk Semua Jurusan,,UCbZAbSTGwGsiu1S1GJ0CaUw,Citacitaku,2021-06-29T15:28:53Z,10538,149,38,UgyHgJKZuljMgpT778h4AaABAg,kalo yang kampus merdeka x unilever online juga ya kak?,@nurwulandarihidayatputri3456,UCBQZid5zKDKvsbWym8RPCHA,2021-07-07T23:13:04Z,2021-07-07T23:13:04Z,0,false,true,true
youtube,MSIB,MSIB_awal_setara,MSIB Kampus Merdeka,MSIB Kampus Merdeka,2021-06-22T00:00:00Z,2022-06-29T23:59:59Z,nfpoUbhg5Ok,https://www.youtube.com/watch?v=nfpoUbhg5Ok,Rekomendasi Tempat Magang Kampus Merdeka untuk Semua Jurusan,,UCbZAbSTGwGsiu1S1GJ0CaUw,Citacitaku,2021-06-29T15:28:53Z,10538,149,38,UgzmUqSIOiQiZm1i3WZ4AaABAg,Kak kalo semisal di terima magang itu di wawancarai lagi gak kak?,@-OAnnakholilahDaulay,UCDk9_ue6LaZvY_jRWI2w4KA,2021-07-05T09:43:18Z,2021-07-05T09:43:18Z,0,false,true,true
youtube,MSIB,MSIB_awal_setara,MSIB Kampus Merdeka,MSIB Kampus Merdeka,2021-06-22T00:00:00Z,2022-06-29T23:59:59Z,iO-hUqrmPBI,https://www.youtube.com/watch?v=iO-hUqrmPBI,FESTIVAL MAGANG & STUDI INDEPENDEN KAMPUS MERDEKA VOKASI 2022,"FESTIVAL MAGANG & STUDI INDEPENDEN KAMPUS MERDEKA
“Vokasi Beraksi Mengukir Prestasi Melalui MSIB 2022”

Mahasiswa yang tertarik mengikuti program ini dapat mendaftar melalui link berikut :
https://bit.ly/FestivalMSIBVokasi 

Submission Proposal Cycle 2 untuk Mitra MSIB
https://mitra.kampusmerdeka.kemdikbud.go.id

Platform Mitra untuk proposal cycle 2 ya. 

- Mitra bisa membuat proposal untuk cycle 2
- Mitra bisa mengisi funding di proposal sesuai komponen terupdate
- Mitra bisa melihat announcement periode submission proposal di Dashboard

Info terkait MSIB cycle 2 
- Google site https://sites.google.com/wartek.belajar.id/faqmitrakm/msib-cycle-2
- Contoh proposal & template RAB terupdate:
--- https://bit.ly/ContohProposalMagang-MSIB 
--- https://bit.ly/ContohProposalSI-MSIB
--- https://bit.ly/ContohRAB-MSIB

Terima kasih.

Ikuti informasi Ditjen Pendidikan Vokasi melalui kanal berikut:

Laman : https://www.vokasi.kemdikbud.go.id/
Twitter : https://twitter.com/kamivokasi
Instagram : https://www.instagram.com/kamivokasi/
Facebook : https://www.facebook.com/KamiVokasi/
YouTube : Direktorat Jenderal Pendidikan Vokasi
------------------------------------------------------------------------------------------------------------------------------------------------------------
Sampaikan pengaduan, saran, atau masukan melalui Unit Layanan Terpadu Ditjen Pendidikan Vokasi melalui email di info.vokasi@kemdikbud.go.id

#Vokasi #Pendidikan #Linkandmatch #CEO",UCX9kI4g7xrG6xm6ArA1wB-w,Direktorat Jenderal Dikmen Diksus,2022-01-12T05:07:45Z,26028,199,11,UgxupVD2pneuibq1rf54AaABAg,Aku nandor apek tukol apek gaes sejujurnya aku Yamini di dunia nyata ku aku punya kelebihan ini sudah ada garis takdir ku sakral bukan sembarang bukan rekayasa saya yamini bisa menerawang antara neraka jahanam dan syurganya Allah SWT karena aku hanya sebagai perantara Allah SWT Alkkhamdulilah hiirobil Al-Amin yg percaya beriman kepada Allah SWT yg nggak percaya kafir karena menyekutukan Allah SWT itu ada di dalam garis takdir ku sakral bukan sembarang bukan rekayasa saya yamini janda miskin sekali perlu diperhatikan dan di bantu jangan diremehkan karena aku tidak boleh berbohong tidak boleh mendahului perintah Allah SWT tidak boleh kunjungin 5 tempat itu 1 gunung Merapi 2 gunung Kawi 3 gunung salak 4 pantai Parangtritis Yogyakarta Segoro kidul 5 candi Borobudur Magelang Jawa tengah Indonesia karena  kalau aku nekad kunjungi 5 tempat itu di dunia nyata ku akan goncang dan khiyamat aku takut murkanya Allah SWT aku takut mendahului perintah Allah SWT aku takut melanggar hukum Amerika serikat dan seluruh Indonesia dan seluruh dunia akhirat kelak semoga sukses semoga menjadi artis yutupber paranormal Indonesia yg sukses amin amin yarobil alamin Alhamdulillah hirobil alamiin,@yaminimelatiayutingting,UCeyMsXJLHK8QPIhew80eZdQ,2022-02-07T21:05:33Z,2022-02-07T21:05:33Z,1,false,true,true
youtube,MSIB,MSIB_awal_setara,MSIB Kampus Merdeka,MSIB Kampus Merdeka,2021-06-22T00:00:00Z,2022-06-29T23:59:59Z,iO-hUqrmPBI,https://www.youtube.com/watch?v=iO-hUqrmPBI,FESTIVAL MAGANG & STUDI INDEPENDEN KAMPUS MERDEKA VOKASI 2022,"FESTIVAL MAGANG & STUDI INDEPENDEN KAMPUS MERDEKA
“Vokasi Beraksi Mengukir Prestasi Melalui MSIB 2022”

Mahasiswa yang tertarik mengikuti program ini dapat mendaftar melalui link berikut :
https://bit.ly/FestivalMSIBVokasi 

Submission Proposal Cycle 2 untuk Mitra MSIB
https://mitra.kampusmerdeka.kemdikbud.go.id

Platform Mitra untuk proposal cycle 2 ya. 

- Mitra bisa membuat proposal untuk cycle 2
- Mitra bisa mengisi funding di proposal sesuai komponen terupdate
- Mitra bisa melihat announcement periode submission proposal di Dashboard

Info terkait MSIB cycle 2 
- Google site https://sites.google.com/wartek.belajar.id/faqmitrakm/msib-cycle-2
- Contoh proposal & template RAB terupdate:
--- https://bit.ly/ContohProposalMagang-MSIB 
--- https://bit.ly/ContohProposalSI-MSIB
--- https://bit.ly/ContohRAB-MSIB

Terima kasih.

Ikuti informasi Ditjen Pendidikan Vokasi melalui kanal berikut:

Laman : https://www.vokasi.kemdikbud.go.id/
Twitter : https://twitter.com/kamivokasi
Instagram : https://www.instagram.com/kamivokasi/
Facebook : https://www.facebook.com/KamiVokasi/
YouTube : Direktorat Jenderal Pendidikan Vokasi
------------------------------------------------------------------------------------------------------------------------------------------------------------
Sampaikan pengaduan, saran, atau masukan melalui Unit Layanan Terpadu Ditjen Pendidikan Vokasi melalui email di info.vokasi@kemdikbud.go.id

#Vokasi #Pendidikan #Linkandmatch #CEO",UCX9kI4g7xrG6xm6ArA1wB-w,Direktorat Jenderal Dikmen Diksus,2022-01-12T05:07:45Z,26028,199,11,UgyNb322SdGuiGsyT194AaABAg,Wok keren sekali mantep sekali gaes,@yaminimelatiayutingting,UCeyMsXJLHK8QPIhew80eZdQ,2022-02-07T20:47:22Z,2022-02-07T20:47:22Z,1,false,true,true
youtube,MSIB,MSIB_awal_setara,MSIB Kampus Merdeka,MSIB Kampus Merdeka,2021-06-22T00:00:00Z,2022-06-29T23:59:59Z,iO-hUqrmPBI,https://www.youtube.com/watch?v=iO-hUqrmPBI,FESTIVAL MAGANG & STUDI INDEPENDEN KAMPUS MERDEKA VOKASI 2022,"FESTIVAL MAGANG & STUDI INDEPENDEN KAMPUS MERDEKA
“Vokasi Beraksi Mengukir Prestasi Melalui MSIB 2022”

Mahasiswa yang tertarik mengikuti program ini dapat mendaftar melalui link berikut :
https://bit.ly/FestivalMSIBVokasi 

Submission Proposal Cycle 2 untuk Mitra MSIB
https://mitra.kampusmerdeka.kemdikbud.go.id

Platform Mitra untuk proposal cycle 2 ya. 

- Mitra bisa membuat proposal untuk cycle 2
- Mitra bisa mengisi funding di proposal sesuai komponen terupdate
- Mitra bisa melihat announcement periode submission proposal di Dashboard

Info terkait MSIB cycle 2 
- Google site https://sites.google.com/wartek.belajar.id/faqmitrakm/msib-cycle-2
- Contoh proposal & template RAB terupdate:
--- https://bit.ly/ContohProposalMagang-MSIB 
--- https://bit.ly/ContohProposalSI-MSIB
--- https://bit.ly/ContohRAB-MSIB

Terima kasih.

Ikuti informasi Ditjen Pendidikan Vokasi melalui kanal berikut:

Laman : https://www.vokasi.kemdikbud.go.id/
Twitter : https://twitter.com/kamivokasi
Instagram : https://www.instagram.com/kamivokasi/
Facebook : https://www.facebook.com/KamiVokasi/
YouTube : Direktorat Jenderal Pendidikan Vokasi
------------------------------------------------------------------------------------------------------------------------------------------------------------
Sampaikan pengaduan, saran, atau masukan melalui Unit Layanan Terpadu Ditjen Pendidikan Vokasi melalui email di info.vokasi@kemdikbud.go.id

#Vokasi #Pendidikan #Linkandmatch #CEO",UCX9kI4g7xrG6xm6ArA1wB-w,Direktorat Jenderal Dikmen Diksus,2022-01-12T05:07:45Z,26028,199,11,UgyiQMnu7YwfJ_qQ9614AaABAg,Wjsn🥰,@rusdirusdi6952,UCPuVP-OlnFiKuuecQcTnEjw,2022-02-05T00:45:43Z,2022-02-05T00:45:43Z,1,false,true,true
youtube,MSIB,MSIB_awal_setara,MSIB Kampus Merdeka,MSIB Kampus Merdeka,2021-06-22T00:00:00Z,2022-06-29T23:59:59Z,iO-hUqrmPBI,https://www.youtube.com/watch?v=iO-hUqrmPBI,FESTIVAL MAGANG & STUDI INDEPENDEN KAMPUS MERDEKA VOKASI 2022,"FESTIVAL MAGANG & STUDI INDEPENDEN KAMPUS MERDEKA
“Vokasi Beraksi Mengukir Prestasi Melalui MSIB 2022”

Mahasiswa yang tertarik mengikuti program ini dapat mendaftar melalui link berikut :
https://bit.ly/FestivalMSIBVokasi 

Submission Proposal Cycle 2 untuk Mitra MSIB
https://mitra.kampusmerdeka.kemdikbud.go.id

Platform Mitra untuk proposal cycle 2 ya. 

- Mitra bisa membuat proposal untuk cycle 2
- Mitra bisa mengisi funding di proposal sesuai komponen terupdate
- Mitra bisa melihat announcement periode submission proposal di Dashboard

Info terkait MSIB cycle 2 
- Google site https://sites.google.com/wartek.belajar.id/faqmitrakm/msib-cycle-2
- Contoh proposal & template RAB terupdate:
--- https://bit.ly/ContohProposalMagang-MSIB 
--- https://bit.ly/ContohProposalSI-MSIB
--- https://bit.ly/ContohRAB-MSIB

Terima kasih.

Ikuti informasi Ditjen Pendidikan Vokasi melalui kanal berikut:

Laman : https://www.vokasi.kemdikbud.go.id/
Twitter : https://twitter.com/kamivokasi
Instagram : https://www.instagram.com/kamivokasi/
Facebook : https://www.facebook.com/KamiVokasi/
YouTube : Direktorat Jenderal Pendidikan Vokasi
------------------------------------------------------------------------------------------------------------------------------------------------------------
Sampaikan pengaduan, saran, atau masukan melalui Unit Layanan Terpadu Ditjen Pendidikan Vokasi melalui email di info.vokasi@kemdikbud.go.id

#Vokasi #Pendidikan #Linkandmatch #CEO",UCX9kI4g7xrG6xm6ArA1wB-w,Direktorat Jenderal Dikmen Diksus,2022-01-12T05:07:45Z,26028,199,11,Ugz9pZSgMV5tf8Z2go54AaABAg,"MAD SYARIP, S.Pd.I HADIR",@materipai6354,UCMO7pON4B-lOymy1A4WS21g,2022-02-03T08:27:45Z,2022-02-03T08:27:45Z,1,false,true,true
youtube,MSIB,MSIB_awal_setara,MSIB Kampus Merdeka,MSIB Kampus Merdeka,2021-06-22T00:00:00Z,2022-06-29T23:59:59Z,iO-hUqrmPBI,https://www.youtube.com/watch?v=iO-hUqrmPBI,FESTIVAL MAGANG & STUDI INDEPENDEN KAMPUS MERDEKA VOKASI 2022,"FESTIVAL MAGANG & STUDI INDEPENDEN KAMPUS MERDEKA
“Vokasi Beraksi Mengukir Prestasi Melalui MSIB 2022”

Mahasiswa yang tertarik mengikuti program ini dapat mendaftar melalui link berikut :
https://bit.ly/FestivalMSIBVokasi 

Submission Proposal Cycle 2 untuk Mitra MSIB
https://mitra.kampusmerdeka.kemdikbud.go.id

Platform Mitra untuk proposal cycle 2 ya. 

- Mitra bisa membuat proposal untuk cycle 2
- Mitra bisa mengisi funding di proposal sesuai komponen terupdate
- Mitra bisa melihat announcement periode submission proposal di Dashboard

Info terkait MSIB cycle 2 
- Google site https://sites.google.com/wartek.belajar.id/faqmitrakm/msib-cycle-2
- Contoh proposal & template RAB terupdate:
--- https://bit.ly/ContohProposalMagang-MSIB 
--- https://bit.ly/ContohProposalSI-MSIB
--- https://bit.ly/ContohRAB-MSIB

Terima kasih.

Ikuti informasi Ditjen Pendidikan Vokasi melalui kanal berikut:

Laman : https://www.vokasi.kemdikbud.go.id/
Twitter : https://twitter.com/kamivokasi
Instagram : https://www.instagram.com/kamivokasi/
Facebook : https://www.facebook.com/KamiVokasi/
YouTube : Direktorat Jenderal Pendidikan Vokasi
------------------------------------------------------------------------------------------------------------------------------------------------------------
Sampaikan pengaduan, saran, atau masukan melalui Unit Layanan Terpadu Ditjen Pendidikan Vokasi melalui email di info.vokasi@kemdikbud.go.id

#Vokasi #Pendidikan #Linkandmatch #CEO",UCX9kI4g7xrG6xm6ArA1wB-w,Direktorat Jenderal Dikmen Diksus,2022-01-12T05:07:45Z,26028,199,11,UgyXma8UqjXHojhvmkV4AaABAg,FESTIVAL MAGANG & STUDI INDEPENDEN KAMPUS MERDEKA VOKASI 2022,@afifahchannel801,UCjK2v7HJJr7EpYzknx8KExg,2022-01-29T16:43:04Z,2022-01-29T16:43:04Z,1,false,true,true
youtube,MSIB,MSIB_awal_setara,MSIB Kampus Merdeka,MSIB Kampus Merdeka,2021-06-22T00:00:00Z,2022-06-29T23:59:59Z,iO-hUqrmPBI,https://www.youtube.com/watch?v=iO-hUqrmPBI,FESTIVAL MAGANG & STUDI INDEPENDEN KAMPUS MERDEKA VOKASI 2022,"FESTIVAL MAGANG & STUDI INDEPENDEN KAMPUS MERDEKA
“Vokasi Beraksi Mengukir Prestasi Melalui MSIB 2022”

Mahasiswa yang tertarik mengikuti program ini dapat mendaftar melalui link berikut :
https://bit.ly/FestivalMSIBVokasi 

Submission Proposal Cycle 2 untuk Mitra MSIB
https://mitra.kampusmerdeka.kemdikbud.go.id

Platform Mitra untuk proposal cycle 2 ya. 

- Mitra bisa membuat proposal untuk cycle 2
- Mitra bisa mengisi funding di proposal sesuai komponen terupdate
- Mitra bisa melihat announcement periode submission proposal di Dashboard

Info terkait MSIB cycle 2 
- Google site https://sites.google.com/wartek.belajar.id/faqmitrakm/msib-cycle-2
- Contoh proposal & template RAB terupdate:
--- https://bit.ly/ContohProposalMagang-MSIB 
--- https://bit.ly/ContohProposalSI-MSIB
--- https://bit.ly/ContohRAB-MSIB

Terima kasih.

Ikuti informasi Ditjen Pendidikan Vokasi melalui kanal berikut:

Laman : https://www.vokasi.kemdikbud.go.id/
Twitter : https://twitter.com/kamivokasi
Instagram : https://www.instagram.com/kamivokasi/
Facebook : https://www.facebook.com/KamiVokasi/
YouTube : Direktorat Jenderal Pendidikan Vokasi
------------------------------------------------------------------------------------------------------------------------------------------------------------
Sampaikan pengaduan, saran, atau masukan melalui Unit Layanan Terpadu Ditjen Pendidikan Vokasi melalui email di info.vokasi@kemdikbud.go.id

#Vokasi #Pendidikan #Linkandmatch #CEO",UCX9kI4g7xrG6xm6ArA1wB-w,Direktorat Jenderal Dikmen Diksus,2022-01-12T05:07:45Z,26028,199,11,Ugzr25eq0PUo9_VAzRJ4AaABAg,MANTAP,@TatikSofyani,UCU1Ujc_j9u16-8fZxV6_PHg,2022-01-25T04:01:58Z,2022-01-25T04:01:58Z,1,false,true,true
youtube,MSIB,MSIB_awal_setara,MSIB Kampus Merdeka,MSIB Kampus Merdeka,2021-06-22T00:00:00Z,2022-06-29T23:59:59Z,iO-hUqrmPBI,https://www.youtube.com/watch?v=iO-hUqrmPBI,FESTIVAL MAGANG & STUDI INDEPENDEN KAMPUS MERDEKA VOKASI 2022,"FESTIVAL MAGANG & STUDI INDEPENDEN KAMPUS MERDEKA
“Vokasi Beraksi Mengukir Prestasi Melalui MSIB 2022”

Mahasiswa yang tertarik mengikuti program ini dapat mendaftar melalui link berikut :
https://bit.ly/FestivalMSIBVokasi 

Submission Proposal Cycle 2 untuk Mitra MSIB
https://mitra.kampusmerdeka.kemdikbud.go.id

Platform Mitra untuk proposal cycle 2 ya. 

- Mitra bisa membuat proposal untuk cycle 2
- Mitra bisa mengisi funding di proposal sesuai komponen terupdate
- Mitra bisa melihat announcement periode submission proposal di Dashboard

Info terkait MSIB cycle 2 
- Google site https://sites.google.com/wartek.belajar.id/faqmitrakm/msib-cycle-2
- Contoh proposal & template RAB terupdate:
--- https://bit.ly/ContohProposalMagang-MSIB 
--- https://bit.ly/ContohProposalSI-MSIB
--- https://bit.ly/ContohRAB-MSIB

Terima kasih.

Ikuti informasi Ditjen Pendidikan Vokasi melalui kanal berikut:

Laman : https://www.vokasi.kemdikbud.go.id/
Twitter : https://twitter.com/kamivokasi
Instagram : https://www.instagram.com/kamivokasi/
Facebook : https://www.facebook.com/KamiVokasi/
YouTube : Direktorat Jenderal Pendidikan Vokasi
------------------------------------------------------------------------------------------------------------------------------------------------------------
Sampaikan pengaduan, saran, atau masukan melalui Unit Layanan Terpadu Ditjen Pendidikan Vokasi melalui email di info.vokasi@kemdikbud.go.id

#Vokasi #Pendidikan #Linkandmatch #CEO",UCX9kI4g7xrG6xm6ArA1wB-w,Direktorat Jenderal Dikmen Diksus,2022-01-12T05:07:45Z,26028,199,11,Ugz8kd3NcQvE6uQN1ol4AaABAg,"apakah msih bisa daftar magang untuk periode Febuari-Juli?? Mohon penjelasannya, terimakasih.",@rizkyaulia2744,UCjHTLxxy1yCNvwnwAJyX-IA,2022-01-23T21:09:11Z,2022-01-23T21:09:11Z,1,false,true,true
youtube,MSIB,MSIB_awal_setara,MSIB Kampus Merdeka,MSIB Kampus Merdeka,2021-06-22T00:00:00Z,2022-06-29T23:59:59Z,iO-hUqrmPBI,https://www.youtube.com/watch?v=iO-hUqrmPBI,FESTIVAL MAGANG & STUDI INDEPENDEN KAMPUS MERDEKA VOKASI 2022,"FESTIVAL MAGANG & STUDI INDEPENDEN KAMPUS MERDEKA
“Vokasi Beraksi Mengukir Prestasi Melalui MSIB 2022”

Mahasiswa yang tertarik mengikuti program ini dapat mendaftar melalui link berikut :
https://bit.ly/FestivalMSIBVokasi 

Submission Proposal Cycle 2 untuk Mitra MSIB
https://mitra.kampusmerdeka.kemdikbud.go.id

Platform Mitra untuk proposal cycle 2 ya. 

- Mitra bisa membuat proposal untuk cycle 2
- Mitra bisa mengisi funding di proposal sesuai komponen terupdate
- Mitra bisa melihat announcement periode submission proposal di Dashboard

Info terkait MSIB cycle 2 
- Google site https://sites.google.com/wartek.belajar.id/faqmitrakm/msib-cycle-2
- Contoh proposal & template RAB terupdate:
--- https://bit.ly/ContohProposalMagang-MSIB 
--- https://bit.ly/ContohProposalSI-MSIB
--- https://bit.ly/ContohRAB-MSIB

Terima kasih.

Ikuti informasi Ditjen Pendidikan Vokasi melalui kanal berikut:

Laman : https://www.vokasi.kemdikbud.go.id/
Twitter : https://twitter.com/kamivokasi
Instagram : https://www.instagram.com/kamivokasi/
Facebook : https://www.facebook.com/KamiVokasi/
YouTube : Direktorat Jenderal Pendidikan Vokasi
------------------------------------------------------------------------------------------------------------------------------------------------------------
Sampaikan pengaduan, saran, atau masukan melalui Unit Layanan Terpadu Ditjen Pendidikan Vokasi melalui email di info.vokasi@kemdikbud.go.id

#Vokasi #Pendidikan #Linkandmatch #CEO",UCX9kI4g7xrG6xm6ArA1wB-w,Direktorat Jenderal Dikmen Diksus,2022-01-12T05:07:45Z,26028,199,11,UgzQrvS9DLLdYfW3csB4AaABAg,seepp...,@sunarbowo9342,UCS5RuzBfpmkb2hFrQGCxYAQ,2022-01-20T05:03:35Z,2022-01-20T05:03:35Z,1,false,true,true
youtube,MSIB,MSIB_awal_setara,MSIB Kampus Merdeka,MSIB Kampus Merdeka,2021-06-22T00:00:00Z,2022-06-29T23:59:59Z,iO-hUqrmPBI,https://www.youtube.com/watch?v=iO-hUqrmPBI,FESTIVAL MAGANG & STUDI INDEPENDEN KAMPUS MERDEKA VOKASI 2022,"FESTIVAL MAGANG & STUDI INDEPENDEN KAMPUS MERDEKA
“Vokasi Beraksi Mengukir Prestasi Melalui MSIB 2022”

Mahasiswa yang tertarik mengikuti program ini dapat mendaftar melalui link berikut :
https://bit.ly/FestivalMSIBVokasi 

Submission Proposal Cycle 2 untuk Mitra MSIB
https://mitra.kampusmerdeka.kemdikbud.go.id

Platform Mitra untuk proposal cycle 2 ya. 

- Mitra bisa membuat proposal untuk cycle 2
- Mitra bisa mengisi funding di proposal sesuai komponen terupdate
- Mitra bisa melihat announcement periode submission proposal di Dashboard

Info terkait MSIB cycle 2 
- Google site https://sites.google.com/wartek.belajar.id/faqmitrakm/msib-cycle-2
- Contoh proposal & template RAB terupdate:
--- https://bit.ly/ContohProposalMagang-MSIB 
--- https://bit.ly/ContohProposalSI-MSIB
--- https://bit.ly/ContohRAB-MSIB

Terima kasih.

Ikuti informasi Ditjen Pendidikan Vokasi melalui kanal berikut:

Laman : https://www.vokasi.kemdikbud.go.id/
Twitter : https://twitter.com/kamivokasi
Instagram : https://www.instagram.com/kamivokasi/
Facebook : https://www.facebook.com/KamiVokasi/
YouTube : Direktorat Jenderal Pendidikan Vokasi
------------------------------------------------------------------------------------------------------------------------------------------------------------
Sampaikan pengaduan, saran, atau masukan melalui Unit Layanan Terpadu Ditjen Pendidikan Vokasi melalui email di info.vokasi@kemdikbud.go.id

#Vokasi #Pendidikan #Linkandmatch #CEO",UCX9kI4g7xrG6xm6ArA1wB-w,Direktorat Jenderal Dikmen Diksus,2022-01-12T05:07:45Z,26028,199,11,UgzFwz9_zIRb9M2wrql4AaABAg,FESTIVAL MAGANG & STUDI INDEPENDEN KAMPUS MERDEKA VOKASI 2022,@burhaanuddinsyadid1438,UC7PUU_HUekW7XCxrTbU_4WA,2022-01-16T10:21:31Z,2022-01-16T10:21:31Z,2,false,true,true
youtube,MSIB,MSIB_awal_setara,MSIB Kampus Merdeka,MSIB Kampus Merdeka,2021-06-22T00:00:00Z,2022-06-29T23:59:59Z,iO-hUqrmPBI,https://www.youtube.com/watch?v=iO-hUqrmPBI,FESTIVAL MAGANG & STUDI INDEPENDEN KAMPUS MERDEKA VOKASI 2022,"FESTIVAL MAGANG & STUDI INDEPENDEN KAMPUS MERDEKA
“Vokasi Beraksi Mengukir Prestasi Melalui MSIB 2022”

Mahasiswa yang tertarik mengikuti program ini dapat mendaftar melalui link berikut :
https://bit.ly/FestivalMSIBVokasi 

Submission Proposal Cycle 2 untuk Mitra MSIB
https://mitra.kampusmerdeka.kemdikbud.go.id

Platform Mitra untuk proposal cycle 2 ya. 

- Mitra bisa membuat proposal untuk cycle 2
- Mitra bisa mengisi funding di proposal sesuai komponen terupdate
- Mitra bisa melihat announcement periode submission proposal di Dashboard

Info terkait MSIB cycle 2 
- Google site https://sites.google.com/wartek.belajar.id/faqmitrakm/msib-cycle-2
- Contoh proposal & template RAB terupdate:
--- https://bit.ly/ContohProposalMagang-MSIB 
--- https://bit.ly/ContohProposalSI-MSIB
--- https://bit.ly/ContohRAB-MSIB

Terima kasih.

Ikuti informasi Ditjen Pendidikan Vokasi melalui kanal berikut:

Laman : https://www.vokasi.kemdikbud.go.id/
Twitter : https://twitter.com/kamivokasi
Instagram : https://www.instagram.com/kamivokasi/
Facebook : https://www.facebook.com/KamiVokasi/
YouTube : Direktorat Jenderal Pendidikan Vokasi
------------------------------------------------------------------------------------------------------------------------------------------------------------
Sampaikan pengaduan, saran, atau masukan melalui Unit Layanan Terpadu Ditjen Pendidikan Vokasi melalui email di info.vokasi@kemdikbud.go.id

#Vokasi #Pendidikan #Linkandmatch #CEO",UCX9kI4g7xrG6xm6ArA1wB-w,Direktorat Jenderal Dikmen Diksus,2022-01-12T05:07:45Z,26028,199,11,UgzD_qKucJgEDZMLHx94AaABAg,Mantap,@kristiandianpamungkas4746,UCXpja2eWlmbDuFRsUl0AhiQ,2022-01-12T20:21:26Z,2022-01-12T20:21:26Z,1,false,true,true
youtube,MSIB,MSIB_awal_setara,MSIB Kampus Merdeka,MSIB Kampus Merdeka,2021-06-22T00:00:00Z,2022-06-29T23:59:59Z,LDYtf06JAXU,https://www.youtube.com/watch?v=LDYtf06JAXU,Tentang Program Kampus Merdeka dan Cara Daftar Magang Bersertifikat,"GITS.ID (GITS Indonesia) mendapat kepercayaan untuk bekerja sama dengan Kemendikbud dan Google dalam program Kampus Merdeka! Ada banyak kegiatan bermanfaat yang bisa mahasiswa ikuti, di antaranya adalah Magang Merdeka dan Studi Independen. Kedua program ini bertujuan agar peserta bisa mendapatkan pengalaman terjun ke dunia kerja dan meningkatkan hard skill serta soft skill!

Tonton videonya untuk lebih mengenal program-program tersebut ya!

Informasi lainnya bisa dilihat di:
https://gits.id/blog/cara-daftar-program-kampus-merdeka-kemendikbud-google-gits-id/
--


Tentang GITS Indonesia

Kami menyediakan solusi IT untuk perusahaan-perusahaan agar scale up their impacts.

Follow kami di:
LinkedIn: https://linkedin.com/company/gits-indonesia
Instagram: https://instagram.com/gitsindonesia/​​
Website: https://gits.id/​


#gitsid #gitsindonesia #scaleupimpacttogether #2021scaleup #jasapembuatanaplikasi #jasapembuatanaplikasiandroid #jasapembuatanaplikasiios #jasapembuatanwebsite #jasacloud #jasagooglecloud #workatgits",UCwyc5AeH-8bTbA9v-P8Q1Hw,GITS Indonesia,2021-07-24T12:00:15Z,424,8,1,UgxnA_kB53tZ8s4085h4AaABAg,wow program magang kampus merdeka.,@masbaysurya,UCYScRN19O8KVdwE3h0jBTqA,2021-07-24T12:33:09Z,2021-07-24T12:33:09Z,1,false,true,true
youtube,MSIB,MSIB_awal_setara,MSIB Kampus Merdeka,MSIB Kampus Merdeka,2021-06-22T00:00:00Z,2022-06-29T23:59:59Z,ecDBiASIKOk,https://www.youtube.com/watch?v=ecDBiASIKOk,Nadiem Makarim : Mengenal Apa Itu Kampus Merdeka dan Merdeka Belajar,"Nadiem Makarim : Mengenal Apa Itu Kampus Merdeka dan Merdeka Belajar 

Kampus Merdeka adalah cara terbaik  berkuliah. Dapatkan kemerdekaan untuk membentuk masa depan yang sesuai dengan aspirasi kariermu. Tujuan kebijakan Merdeka Belajar - Kampus Merdeka, program “hak belajar tiga semester di luar program studi” adalah untuk meningkatkan kompetensi lulusan, baik soft skills maupun hard skills, agar lebih siap dan relevan dengan kebutuhan zaman, menyiapkan lulusan sebagai pemimpin masa depan bangsa yang unggul dan berkepribadian. Program-program experiential learning dengan jalur yang fleksibel diharapkan akan dapat memfasilitasi mahasiswa mengembangkan potensinya sesuai dengan passion dan bakatnya. 

Yuk Lihat Video Sebelumnya :
https://youtu.be/uDz2mtU9sQY

Gabung Grup WA Kami Chatt di :
WA 085830009928

Sosial Media Kami :
Facebook : https://www.facebook.com/Bimbinganmasukkampus
Instagram : https://www.instagram.com/ayomediaindonesia/

#kampus #merdeka #balajar #beasiswaindonesiamaju #beasiswa #indonesia #maju #simulasi #cbt #kemenag #terbaik #versi #persiapan #dokumen #persyaratan #panduanpelaksanaan #utbksbmptn #2022 #pusatutbk #permasalahan #pendaftaran #umptkin #sseumptkin #prodi #kuota #seindonesia #daftar #ulang #registrasi #siswa #lulus #ptkin #masingmasing #sekolah #terbaik #nilai #tertinggi #1000topsekolah #jadwal #ujian #nadiemmakarim #kemdikbud #mendikbudristek #lpdp #kip #kipkuliah #kipkuliahmerdeka #pendidik #tesutbk #materiutbk #kelompok #ujian #metodetes #pelaksanaantes #kesempatantes #hasiltes #soalpanda #TPS #TKA #bahasainggris #pbsb #program #beasiswa #santri #berprestasi #tutorial #spanptkin #siswa #mahasiswa #pdss #npsn #cek #nisn #perbedaan #snmptn #spanptkin #snmpn #sbmptn  #sbmpn #utbk #ptn #ptkin #infoltmpt #haloltmpt #sekolah #madrasah #rasionalisasi #nilailulus #nilairaport #finalisasi #seleksi #ayomediaindonesia #siapuntuknegeri  #kedinasan #nisn #verval #email #lulusptn #lulusptkin #lulusptk #registrasi #login #siswa #gapyear #lulusan #apipusdatin #api #pusdtain #kuliah #merdeka #kap #pin #jurusan #portofolio #seni #olahraga #kemdikbud #universitas #perguruan #tinggi #negeri #kode #bayar #bank",UClalwmrj2IhioC-buzJ1xxA,Ayo Media Indonesia,2022-05-14T04:54:45Z,687,11,2,UgylXh3YZroN5MiSUvd4AaABAg,"Kenapa NISN sy gak terbaca kak? Sudak klik ajukan verval tapi form ajukan nya tidak muncul yg sekolah dalam negeri nya
Bingung cari solusinya gak dapat "" di webnya 😔",@4l_2_imadeadisastrawan87,UCXSxRcENBF9TGgo_n6kFQhg,2022-05-31T11:15:03Z,2022-05-31T11:15:40Z,1,false,true,true
youtube,MSIB,MSIB_awal_setara,MSIB magang,MSIB magang,2021-06-22T00:00:00Z,2022-06-29T23:59:59Z,fYJsGf7f3Y8,https://www.youtube.com/watch?v=fYJsGf7f3Y8,Contekan Interview Magang (Alasan Melamar) #Short #tipsmagang #tipskerja #BUMN #trikmagang #trik,"Ini dia Trik Jawab kalau kamu ditanya ""Kenapa Kamu Mau Magang Disini?""
yuk disimak ya, ini tips jawabnya....
#inidiacaranya
Tonton juga Untuk Kamu yang Interview magang, opsi ini bisa lho ......!!, disini:
https://youtu.be/OXRLBXXpvCQ 

yok yang belum subscribe cuss.... disubscribe sekarang dan klik tombol notifikasinya supaya g ketinggalan video-video terbaru lainnya.
#TipsTokdotcom
Semoga Bermanfaat",UC4KYu-sESaNqA08d-CUhXAA,Tips Tok dot com,2021-10-18T11:19:57Z,163760,9987,1,UgyG2a7M1jHpkjpoIQp4AaABAg,Dmna biasa buat magang anak kuliah.k.jurusan teknik mesin otomotip,@asepyayaasepyaya5444,UCGM5JJxIIiXVAtAGoPhjqwQ,2025-10-28T04:28:58Z,2025-10-28T04:28:58Z,2,false,true,false
youtube,MSIB,MSIB_awal_setara,MSIB magang,MSIB magang,2021-06-22T00:00:00Z,2022-06-29T23:59:59Z,Jez3e7WnS48,https://www.youtube.com/watch?v=Jez3e7WnS48,Perusahaan banyak program magang. Kenapa ?,,UCzeQQY7B0Vvk18KDUC4W87A,Teddy Diego,2021-12-11T02:00:14Z,5305,57,1,Ugy0ui2z7_-zqZnRtSZ4AaABAg,coach klo program magang biasanya biaya mandiri atau dibiayai ya ?,@NatureVibesm,UCqrIcYFFhmZJl-VcZGGv4NA,2022-12-12T09:30:30Z,2022-12-12T09:30:30Z,0,false,true,false
youtube,MSIB,MSIB_awal_setara,MSIB magang,MSIB magang,2021-06-22T00:00:00Z,2022-06-29T23:59:59Z,GpRlvyjgTDM,https://www.youtube.com/watch?v=GpRlvyjgTDM,Sosialisasi Magang Student Independen Bersertifikat (MSIB),,UCmzCQNQ0ArML763X-CrV6XQ,official Politeknik Indonusa Surakarta,2022-01-05T04:05:48Z,932,49,1,Ugy7Hi1A7J516ZY-69h4AaABAg,bangmananadipanya,@refanktg9387,UCOQhKkcoUrcH0_gj7M_ARzg,2022-01-05T05:33:23Z,2022-01-05T05:33:23Z,0,false,true,true
youtube,MSIB,MSIB_awal_setara,MSIB magang,MSIB magang,2021-06-22T00:00:00Z,2022-06-29T23:59:59Z,u8y9MVwx7Fw,https://www.youtube.com/watch?v=u8y9MVwx7Fw,Studi independent vs Magang,"kali ini miko bagi vidio buat temen temen yang masih bingung milih mau magang atau studi independent, nah semoga lewat vidio ini temen temen semakin mantap dengan pilihan teman teman yak.

nah bagi yang belum sempat lihat Festival Kampus Merdeka Magang dan Studi Independen Bersertifikat (MSIB) miko kasih link nya https://www.youtube.com/watch?v=QFSN-a9qqwM

atau temen temen bingung milih tempat magang dimana? niih miko juga kasih link vidionya https://youtu.be/s_-mbv1cQMQ

atau ada pertanyaan seputar magang? nih miko juga ada vidio tentang Q&A Pilih Program Kampus Merdeka Magang Studi Independen Bersertifikat
part 1: https://youtu.be/v1PUu_dHxog
part 2: https://youtu.be/UUHnGyFBZpU

Jika teman teman punya ide,saran atau pengen pembahasan tentang apa boleh dong tulis dikomentar",UCpZ8jpedlSssDIbT9344N6Q,Engineering Career Center (ECC.co.id),2021-07-05T09:22:56Z,17751,375,80,UgyGUqW-AfEvJe1L4ux4AaABAg,kak kalau ngikut Studi Independen apakah ngikut perkuliahan juga?,@bryantimothy7247,UCqrAio8dWcaMKDK_J5Gxc_Q,2023-01-24T12:25:02Z,2023-01-24T12:25:02Z,0,false,true,false
youtube,MSIB,MSIB_awal_setara,MSIB magang,MSIB magang,2021-06-22T00:00:00Z,2022-06-29T23:59:59Z,u8y9MVwx7Fw,https://www.youtube.com/watch?v=u8y9MVwx7Fw,Studi independent vs Magang,"kali ini miko bagi vidio buat temen temen yang masih bingung milih mau magang atau studi independent, nah semoga lewat vidio ini temen temen semakin mantap dengan pilihan teman teman yak.

nah bagi yang belum sempat lihat Festival Kampus Merdeka Magang dan Studi Independen Bersertifikat (MSIB) miko kasih link nya https://www.youtube.com/watch?v=QFSN-a9qqwM

atau temen temen bingung milih tempat magang dimana? niih miko juga kasih link vidionya https://youtu.be/s_-mbv1cQMQ

atau ada pertanyaan seputar magang? nih miko juga ada vidio tentang Q&A Pilih Program Kampus Merdeka Magang Studi Independen Bersertifikat
part 1: https://youtu.be/v1PUu_dHxog
part 2: https://youtu.be/UUHnGyFBZpU

Jika teman teman punya ide,saran atau pengen pembahasan tentang apa boleh dong tulis dikomentar",UCpZ8jpedlSssDIbT9344N6Q,Engineering Career Center (ECC.co.id),2021-07-05T09:22:56Z,17751,375,80,UgzFmX4bJwQ0Hc5Eejd4AaABAg,independen blm tentu dapet uang saku ya min,@rizkik3948,UCJEYalzwS3M6eF2yg9eSxvg,2022-07-14T17:10:45Z,2022-07-14T17:10:45Z,0,false,true,false
youtube,MSIB,MSIB_awal_setara,MSIB magang,MSIB magang,2021-06-22T00:00:00Z,2022-06-29T23:59:59Z,u8y9MVwx7Fw,https://www.youtube.com/watch?v=u8y9MVwx7Fw,Studi independent vs Magang,"kali ini miko bagi vidio buat temen temen yang masih bingung milih mau magang atau studi independent, nah semoga lewat vidio ini temen temen semakin mantap dengan pilihan teman teman yak.

nah bagi yang belum sempat lihat Festival Kampus Merdeka Magang dan Studi Independen Bersertifikat (MSIB) miko kasih link nya https://www.youtube.com/watch?v=QFSN-a9qqwM

atau temen temen bingung milih tempat magang dimana? niih miko juga kasih link vidionya https://youtu.be/s_-mbv1cQMQ

atau ada pertanyaan seputar magang? nih miko juga ada vidio tentang Q&A Pilih Program Kampus Merdeka Magang Studi Independen Bersertifikat
part 1: https://youtu.be/v1PUu_dHxog
part 2: https://youtu.be/UUHnGyFBZpU

Jika teman teman punya ide,saran atau pengen pembahasan tentang apa boleh dong tulis dikomentar",UCpZ8jpedlSssDIbT9344N6Q,Engineering Career Center (ECC.co.id),2021-07-05T09:22:56Z,17751,375,80,UgxmOiu0eGWBkY9ykLV4AaABAg,"kalau tanpa konvermasi 20 sks bisa tdk ya? jadi cuma mau ambil pengalamannya aja, yg 20sksnya dari kampus sendiri",@muhammadelraztaqillah8126,UC19z13tl6XCTNONyPxW8mog,2022-07-14T00:31:18Z,2022-07-14T00:31:18Z,1,false,true,false
youtube,MSIB,MSIB_awal_setara,MSIB magang,MSIB magang,2021-06-22T00:00:00Z,2022-06-29T23:59:59Z,u8y9MVwx7Fw,https://www.youtube.com/watch?v=u8y9MVwx7Fw,Studi independent vs Magang,"kali ini miko bagi vidio buat temen temen yang masih bingung milih mau magang atau studi independent, nah semoga lewat vidio ini temen temen semakin mantap dengan pilihan teman teman yak.

nah bagi yang belum sempat lihat Festival Kampus Merdeka Magang dan Studi Independen Bersertifikat (MSIB) miko kasih link nya https://www.youtube.com/watch?v=QFSN-a9qqwM

atau temen temen bingung milih tempat magang dimana? niih miko juga kasih link vidionya https://youtu.be/s_-mbv1cQMQ

atau ada pertanyaan seputar magang? nih miko juga ada vidio tentang Q&A Pilih Program Kampus Merdeka Magang Studi Independen Bersertifikat
part 1: https://youtu.be/v1PUu_dHxog
part 2: https://youtu.be/UUHnGyFBZpU

Jika teman teman punya ide,saran atau pengen pembahasan tentang apa boleh dong tulis dikomentar",UCpZ8jpedlSssDIbT9344N6Q,Engineering Career Center (ECC.co.id),2021-07-05T09:22:56Z,17751,375,80,UgyyQOwedRQmSQ3OOjF4AaABAg,Kecepatan 1.25x lebih nyampe,@adnansuryanaputra8607,UC5WRGQjfmFX1HKVcCpK-Ufw,2022-05-23T08:30:01Z,2022-05-23T08:30:01Z,7,false,true,true
youtube,MSIB,MSIB_awal_setara,MSIB magang,MSIB magang,2021-06-22T00:00:00Z,2022-06-29T23:59:59Z,u8y9MVwx7Fw,https://www.youtube.com/watch?v=u8y9MVwx7Fw,Studi independent vs Magang,"kali ini miko bagi vidio buat temen temen yang masih bingung milih mau magang atau studi independent, nah semoga lewat vidio ini temen temen semakin mantap dengan pilihan teman teman yak.

nah bagi yang belum sempat lihat Festival Kampus Merdeka Magang dan Studi Independen Bersertifikat (MSIB) miko kasih link nya https://www.youtube.com/watch?v=QFSN-a9qqwM

atau temen temen bingung milih tempat magang dimana? niih miko juga kasih link vidionya https://youtu.be/s_-mbv1cQMQ

atau ada pertanyaan seputar magang? nih miko juga ada vidio tentang Q&A Pilih Program Kampus Merdeka Magang Studi Independen Bersertifikat
part 1: https://youtu.be/v1PUu_dHxog
part 2: https://youtu.be/UUHnGyFBZpU

Jika teman teman punya ide,saran atau pengen pembahasan tentang apa boleh dong tulis dikomentar",UCpZ8jpedlSssDIbT9344N6Q,Engineering Career Center (ECC.co.id),2021-07-05T09:22:56Z,17751,375,80,UgxR1mC6fqdmq8vLzsh4AaABAg,Itu udah 20sks kan kak? 4 sksnya boleh gak sih ambil mata kuliah di kampus?,@halimatussadiah2655,UCS62nxJzsdUFhS3E16GArFg,2022-01-18T03:41:37Z,2022-01-18T03:41:37Z,0,false,true,true
youtube,MSIB,MSIB_awal_setara,MSIB magang,MSIB magang,2021-06-22T00:00:00Z,2022-06-29T23:59:59Z,u8y9MVwx7Fw,https://www.youtube.com/watch?v=u8y9MVwx7Fw,Studi independent vs Magang,"kali ini miko bagi vidio buat temen temen yang masih bingung milih mau magang atau studi independent, nah semoga lewat vidio ini temen temen semakin mantap dengan pilihan teman teman yak.

nah bagi yang belum sempat lihat Festival Kampus Merdeka Magang dan Studi Independen Bersertifikat (MSIB) miko kasih link nya https://www.youtube.com/watch?v=QFSN-a9qqwM

atau temen temen bingung milih tempat magang dimana? niih miko juga kasih link vidionya https://youtu.be/s_-mbv1cQMQ

atau ada pertanyaan seputar magang? nih miko juga ada vidio tentang Q&A Pilih Program Kampus Merdeka Magang Studi Independen Bersertifikat
part 1: https://youtu.be/v1PUu_dHxog
part 2: https://youtu.be/UUHnGyFBZpU

Jika teman teman punya ide,saran atau pengen pembahasan tentang apa boleh dong tulis dikomentar",UCpZ8jpedlSssDIbT9344N6Q,Engineering Career Center (ECC.co.id),2021-07-05T09:22:56Z,17751,375,80,Ugy-znLAsTrFmfmOGl14AaABAg,Seleksi studi independen itu gimana yah ka?,@naimatulmd3306,UCavtr3jcb-xdSTwbrbRlbDQ,2021-09-19T11:33:56Z,2021-09-19T11:33:56Z,2,false,true,true
youtube,MSIB,MSIB_awal_setara,MSIB magang,MSIB magang,2021-06-22T00:00:00Z,2022-06-29T23:59:59Z,u8y9MVwx7Fw,https://www.youtube.com/watch?v=u8y9MVwx7Fw,Studi independent vs Magang,"kali ini miko bagi vidio buat temen temen yang masih bingung milih mau magang atau studi independent, nah semoga lewat vidio ini temen temen semakin mantap dengan pilihan teman teman yak.

nah bagi yang belum sempat lihat Festival Kampus Merdeka Magang dan Studi Independen Bersertifikat (MSIB) miko kasih link nya https://www.youtube.com/watch?v=QFSN-a9qqwM

atau temen temen bingung milih tempat magang dimana? niih miko juga kasih link vidionya https://youtu.be/s_-mbv1cQMQ

atau ada pertanyaan seputar magang? nih miko juga ada vidio tentang Q&A Pilih Program Kampus Merdeka Magang Studi Independen Bersertifikat
part 1: https://youtu.be/v1PUu_dHxog
part 2: https://youtu.be/UUHnGyFBZpU

Jika teman teman punya ide,saran atau pengen pembahasan tentang apa boleh dong tulis dikomentar",UCpZ8jpedlSssDIbT9344N6Q,Engineering Career Center (ECC.co.id),2021-07-05T09:22:56Z,17751,375,80,Ugzd-UQ5uESSVXi3SnN4AaABAg,"Play di 1.5x deh, pas",@buddygf177,UCvOqPu7vevWis9GpISdRm_Q,2021-08-22T14:57:24Z,2021-08-22T14:57:24Z,1,false,true,true
youtube,MSIB,MSIB_awal_setara,MSIB magang,MSIB magang,2021-06-22T00:00:00Z,2022-06-29T23:59:59Z,u8y9MVwx7Fw,https://www.youtube.com/watch?v=u8y9MVwx7Fw,Studi independent vs Magang,"kali ini miko bagi vidio buat temen temen yang masih bingung milih mau magang atau studi independent, nah semoga lewat vidio ini temen temen semakin mantap dengan pilihan teman teman yak.

nah bagi yang belum sempat lihat Festival Kampus Merdeka Magang dan Studi Independen Bersertifikat (MSIB) miko kasih link nya https://www.youtube.com/watch?v=QFSN-a9qqwM

atau temen temen bingung milih tempat magang dimana? niih miko juga kasih link vidionya https://youtu.be/s_-mbv1cQMQ

atau ada pertanyaan seputar magang? nih miko juga ada vidio tentang Q&A Pilih Program Kampus Merdeka Magang Studi Independen Bersertifikat
part 1: https://youtu.be/v1PUu_dHxog
part 2: https://youtu.be/UUHnGyFBZpU

Jika teman teman punya ide,saran atau pengen pembahasan tentang apa boleh dong tulis dikomentar",UCpZ8jpedlSssDIbT9344N6Q,Engineering Career Center (ECC.co.id),2021-07-05T09:22:56Z,17751,375,80,UgzOlaCBdZO3F_rZnfN4AaABAg,Apakah studi independen mendapat uang saku?,@muhammadaliffauzan2820,UCO0wR2wKArjvE0WGWbJNWkQ,2021-08-11T20:08:16Z,2021-08-11T20:08:16Z,0,false,true,true
youtube,MSIB,MSIB_awal_setara,MSIB magang,MSIB magang,2021-06-22T00:00:00Z,2022-06-29T23:59:59Z,u8y9MVwx7Fw,https://www.youtube.com/watch?v=u8y9MVwx7Fw,Studi independent vs Magang,"kali ini miko bagi vidio buat temen temen yang masih bingung milih mau magang atau studi independent, nah semoga lewat vidio ini temen temen semakin mantap dengan pilihan teman teman yak.

nah bagi yang belum sempat lihat Festival Kampus Merdeka Magang dan Studi Independen Bersertifikat (MSIB) miko kasih link nya https://www.youtube.com/watch?v=QFSN-a9qqwM

atau temen temen bingung milih tempat magang dimana? niih miko juga kasih link vidionya https://youtu.be/s_-mbv1cQMQ

atau ada pertanyaan seputar magang? nih miko juga ada vidio tentang Q&A Pilih Program Kampus Merdeka Magang Studi Independen Bersertifikat
part 1: https://youtu.be/v1PUu_dHxog
part 2: https://youtu.be/UUHnGyFBZpU

Jika teman teman punya ide,saran atau pengen pembahasan tentang apa boleh dong tulis dikomentar",UCpZ8jpedlSssDIbT9344N6Q,Engineering Career Center (ECC.co.id),2021-07-05T09:22:56Z,17751,375,80,UgyQpv02JYTV8kzNd3B4AaABAg,Sebelum kegiatan dimulai apakah ada perjanjian kontrak?,@Muldanagungofficial,UChgo5O92vvlzD5hbn4qGJxw,2021-08-08T02:59:10Z,2021-08-08T02:59:10Z,0,false,true,true
youtube,MSIB,MSIB_awal_setara,MSIB magang,MSIB magang,2021-06-22T00:00:00Z,2022-06-29T23:59:59Z,u8y9MVwx7Fw,https://www.youtube.com/watch?v=u8y9MVwx7Fw,Studi independent vs Magang,"kali ini miko bagi vidio buat temen temen yang masih bingung milih mau magang atau studi independent, nah semoga lewat vidio ini temen temen semakin mantap dengan pilihan teman teman yak.

nah bagi yang belum sempat lihat Festival Kampus Merdeka Magang dan Studi Independen Bersertifikat (MSIB) miko kasih link nya https://www.youtube.com/watch?v=QFSN-a9qqwM

atau temen temen bingung milih tempat magang dimana? niih miko juga kasih link vidionya https://youtu.be/s_-mbv1cQMQ

atau ada pertanyaan seputar magang? nih miko juga ada vidio tentang Q&A Pilih Program Kampus Merdeka Magang Studi Independen Bersertifikat
part 1: https://youtu.be/v1PUu_dHxog
part 2: https://youtu.be/UUHnGyFBZpU

Jika teman teman punya ide,saran atau pengen pembahasan tentang apa boleh dong tulis dikomentar",UCpZ8jpedlSssDIbT9344N6Q,Engineering Career Center (ECC.co.id),2021-07-05T09:22:56Z,17751,375,80,Ugznt_gkobS3j88jvjF4AaABAg,DAPET UANG SAKU NGAK DI STUDI INDEPENDENT,@tonyj_1,UCWOe5lU7_E1p9x1jliz1xYQ,2021-08-05T18:35:32Z,2021-08-05T18:35:32Z,3,false,true,true
youtube,MSIB,MSIB_awal_setara,MSIB magang,MSIB magang,2021-06-22T00:00:00Z,2022-06-29T23:59:59Z,u8y9MVwx7Fw,https://www.youtube.com/watch?v=u8y9MVwx7Fw,Studi independent vs Magang,"kali ini miko bagi vidio buat temen temen yang masih bingung milih mau magang atau studi independent, nah semoga lewat vidio ini temen temen semakin mantap dengan pilihan teman teman yak.

nah bagi yang belum sempat lihat Festival Kampus Merdeka Magang dan Studi Independen Bersertifikat (MSIB) miko kasih link nya https://www.youtube.com/watch?v=QFSN-a9qqwM

atau temen temen bingung milih tempat magang dimana? niih miko juga kasih link vidionya https://youtu.be/s_-mbv1cQMQ

atau ada pertanyaan seputar magang? nih miko juga ada vidio tentang Q&A Pilih Program Kampus Merdeka Magang Studi Independen Bersertifikat
part 1: https://youtu.be/v1PUu_dHxog
part 2: https://youtu.be/UUHnGyFBZpU

Jika teman teman punya ide,saran atau pengen pembahasan tentang apa boleh dong tulis dikomentar",UCpZ8jpedlSssDIbT9344N6Q,Engineering Career Center (ECC.co.id),2021-07-05T09:22:56Z,17751,375,80,Ugw6bWjI14gbnQcVAyB4AaABAg,Kalau ikut study independent masih boleh ngontrak kuliah gk kak? Kalau magang kan katanya gk boleh,@baerona5211,UCU8dUJ6VMacqKeY5j_9LBHQ,2021-08-05T04:51:40Z,2021-08-05T04:51:40Z,4,false,true,true
youtube,MSIB,MSIB_awal_setara,MSIB magang,MSIB magang,2021-06-22T00:00:00Z,2022-06-29T23:59:59Z,u8y9MVwx7Fw,https://www.youtube.com/watch?v=u8y9MVwx7Fw,Studi independent vs Magang,"kali ini miko bagi vidio buat temen temen yang masih bingung milih mau magang atau studi independent, nah semoga lewat vidio ini temen temen semakin mantap dengan pilihan teman teman yak.

nah bagi yang belum sempat lihat Festival Kampus Merdeka Magang dan Studi Independen Bersertifikat (MSIB) miko kasih link nya https://www.youtube.com/watch?v=QFSN-a9qqwM

atau temen temen bingung milih tempat magang dimana? niih miko juga kasih link vidionya https://youtu.be/s_-mbv1cQMQ

atau ada pertanyaan seputar magang? nih miko juga ada vidio tentang Q&A Pilih Program Kampus Merdeka Magang Studi Independen Bersertifikat
part 1: https://youtu.be/v1PUu_dHxog
part 2: https://youtu.be/UUHnGyFBZpU

Jika teman teman punya ide,saran atau pengen pembahasan tentang apa boleh dong tulis dikomentar",UCpZ8jpedlSssDIbT9344N6Q,Engineering Career Center (ECC.co.id),2021-07-05T09:22:56Z,17751,375,80,UgxXkz3ONOsNaGr896N4AaABAg,"Nah mau nanya kak,misal kita semester 5 ini bisa ambil 24 sks, trus ikut progam ini dimana nilai yang dikonversikan menjadi 20 sks. Lalu sisa 4 sksnya bagaimana kak?",@yayuknurhayati4428,UCwWJhubGd13cXkbbRXxXCmg,2021-07-29T15:16:27Z,2021-07-29T15:16:27Z,1,false,true,true
youtube,MSIB,MSIB_awal_setara,MSIB magang,MSIB magang,2021-06-22T00:00:00Z,2022-06-29T23:59:59Z,u8y9MVwx7Fw,https://www.youtube.com/watch?v=u8y9MVwx7Fw,Studi independent vs Magang,"kali ini miko bagi vidio buat temen temen yang masih bingung milih mau magang atau studi independent, nah semoga lewat vidio ini temen temen semakin mantap dengan pilihan teman teman yak.

nah bagi yang belum sempat lihat Festival Kampus Merdeka Magang dan Studi Independen Bersertifikat (MSIB) miko kasih link nya https://www.youtube.com/watch?v=QFSN-a9qqwM

atau temen temen bingung milih tempat magang dimana? niih miko juga kasih link vidionya https://youtu.be/s_-mbv1cQMQ

atau ada pertanyaan seputar magang? nih miko juga ada vidio tentang Q&A Pilih Program Kampus Merdeka Magang Studi Independen Bersertifikat
part 1: https://youtu.be/v1PUu_dHxog
part 2: https://youtu.be/UUHnGyFBZpU

Jika teman teman punya ide,saran atau pengen pembahasan tentang apa boleh dong tulis dikomentar",UCpZ8jpedlSssDIbT9344N6Q,Engineering Career Center (ECC.co.id),2021-07-05T09:22:56Z,17751,375,80,UgxAeeXwwaa-r8alYU94AaABAg,apakah kita tidak perlu mengikuti pembelajaran dari kampus ketika lolos di studi independent ?,@sudarrrstory,UC5Fpoceuwuz-VIEi-DRYPUA,2021-07-29T14:56:16Z,2021-07-29T14:56:16Z,1,false,true,true
youtube,MSIB,MSIB_awal_setara,MSIB magang,MSIB magang,2021-06-22T00:00:00Z,2022-06-29T23:59:59Z,u8y9MVwx7Fw,https://www.youtube.com/watch?v=u8y9MVwx7Fw,Studi independent vs Magang,"kali ini miko bagi vidio buat temen temen yang masih bingung milih mau magang atau studi independent, nah semoga lewat vidio ini temen temen semakin mantap dengan pilihan teman teman yak.

nah bagi yang belum sempat lihat Festival Kampus Merdeka Magang dan Studi Independen Bersertifikat (MSIB) miko kasih link nya https://www.youtube.com/watch?v=QFSN-a9qqwM

atau temen temen bingung milih tempat magang dimana? niih miko juga kasih link vidionya https://youtu.be/s_-mbv1cQMQ

atau ada pertanyaan seputar magang? nih miko juga ada vidio tentang Q&A Pilih Program Kampus Merdeka Magang Studi Independen Bersertifikat
part 1: https://youtu.be/v1PUu_dHxog
part 2: https://youtu.be/UUHnGyFBZpU

Jika teman teman punya ide,saran atau pengen pembahasan tentang apa boleh dong tulis dikomentar",UCpZ8jpedlSssDIbT9344N6Q,Engineering Career Center (ECC.co.id),2021-07-05T09:22:56Z,17751,375,80,UgyGKWp_DMxHl05Ga_l4AaABAg,Kak ini studi independen dapat uang saku sama potongan Ukt nda?,@nurulaini6537,UCTBgk8VafAQWIciFJ6buppg,2021-07-29T07:39:50Z,2021-07-29T07:39:50Z,3,false,true,true
youtube,MSIB,MSIB_awal_setara,MSIB magang,MSIB magang,2021-06-22T00:00:00Z,2022-06-29T23:59:59Z,u8y9MVwx7Fw,https://www.youtube.com/watch?v=u8y9MVwx7Fw,Studi independent vs Magang,"kali ini miko bagi vidio buat temen temen yang masih bingung milih mau magang atau studi independent, nah semoga lewat vidio ini temen temen semakin mantap dengan pilihan teman teman yak.

nah bagi yang belum sempat lihat Festival Kampus Merdeka Magang dan Studi Independen Bersertifikat (MSIB) miko kasih link nya https://www.youtube.com/watch?v=QFSN-a9qqwM

atau temen temen bingung milih tempat magang dimana? niih miko juga kasih link vidionya https://youtu.be/s_-mbv1cQMQ

atau ada pertanyaan seputar magang? nih miko juga ada vidio tentang Q&A Pilih Program Kampus Merdeka Magang Studi Independen Bersertifikat
part 1: https://youtu.be/v1PUu_dHxog
part 2: https://youtu.be/UUHnGyFBZpU

Jika teman teman punya ide,saran atau pengen pembahasan tentang apa boleh dong tulis dikomentar",UCpZ8jpedlSssDIbT9344N6Q,Engineering Career Center (ECC.co.id),2021-07-05T09:22:56Z,17751,375,80,UgwLwZ2_PIuSlkYsbyx4AaABAg,"Kak saya ingin bertanya, saya ingin tetap kuliah di semester depan. Apa bisa tetap dikonversi sks magang atau studi independentnya? Sementara sks saya semester depan sudah dipaketkan 24 sks kak?",@puputekasafitri9952,UCqzivZBkaH3hb9-6Dpr4Tog,2021-07-28T14:33:08Z,2021-07-28T14:33:08Z,6,false,true,true
youtube,MSIB,MSIB_awal_setara,MSIB magang,MSIB magang,2021-06-22T00:00:00Z,2022-06-29T23:59:59Z,u8y9MVwx7Fw,https://www.youtube.com/watch?v=u8y9MVwx7Fw,Studi independent vs Magang,"kali ini miko bagi vidio buat temen temen yang masih bingung milih mau magang atau studi independent, nah semoga lewat vidio ini temen temen semakin mantap dengan pilihan teman teman yak.

nah bagi yang belum sempat lihat Festival Kampus Merdeka Magang dan Studi Independen Bersertifikat (MSIB) miko kasih link nya https://www.youtube.com/watch?v=QFSN-a9qqwM

atau temen temen bingung milih tempat magang dimana? niih miko juga kasih link vidionya https://youtu.be/s_-mbv1cQMQ

atau ada pertanyaan seputar magang? nih miko juga ada vidio tentang Q&A Pilih Program Kampus Merdeka Magang Studi Independen Bersertifikat
part 1: https://youtu.be/v1PUu_dHxog
part 2: https://youtu.be/UUHnGyFBZpU

Jika teman teman punya ide,saran atau pengen pembahasan tentang apa boleh dong tulis dikomentar",UCpZ8jpedlSssDIbT9344N6Q,Engineering Career Center (ECC.co.id),2021-07-05T09:22:56Z,17751,375,80,Ugz4czW-mI6mLtVWbRJ4AaABAg,"Izin bertanya kak, apakah 20 SKS yang bisa di konversi tersebut bisa termasuk skripsi?",@karbohidrat_protein,UCdykbOXcsJb-gogbLXFIXww,2021-07-28T09:22:24Z,2021-07-28T09:22:24Z,2,false,true,true
youtube,MSIB,MSIB_awal_setara,MSIB magang,MSIB magang,2021-06-22T00:00:00Z,2022-06-29T23:59:59Z,u8y9MVwx7Fw,https://www.youtube.com/watch?v=u8y9MVwx7Fw,Studi independent vs Magang,"kali ini miko bagi vidio buat temen temen yang masih bingung milih mau magang atau studi independent, nah semoga lewat vidio ini temen temen semakin mantap dengan pilihan teman teman yak.

nah bagi yang belum sempat lihat Festival Kampus Merdeka Magang dan Studi Independen Bersertifikat (MSIB) miko kasih link nya https://www.youtube.com/watch?v=QFSN-a9qqwM

atau temen temen bingung milih tempat magang dimana? niih miko juga kasih link vidionya https://youtu.be/s_-mbv1cQMQ

atau ada pertanyaan seputar magang? nih miko juga ada vidio tentang Q&A Pilih Program Kampus Merdeka Magang Studi Independen Bersertifikat
part 1: https://youtu.be/v1PUu_dHxog
part 2: https://youtu.be/UUHnGyFBZpU

Jika teman teman punya ide,saran atau pengen pembahasan tentang apa boleh dong tulis dikomentar",UCpZ8jpedlSssDIbT9344N6Q,Engineering Career Center (ECC.co.id),2021-07-05T09:22:56Z,17751,375,80,Ugwb4_Z-EDiKYkgfddd4AaABAg,Kak studi independen bisa ga diajukan untuk konversi sks magang sem 7 ke kaprodi?,@Ishow7Spd,UCM67T_x0Fw65CMyLa_I3frA,2021-07-25T07:31:16Z,2021-07-25T07:31:16Z,6,false,true,true
youtube,MSIB,MSIB_awal_setara,MSIB magang,MSIB magang,2021-06-22T00:00:00Z,2022-06-29T23:59:59Z,u8y9MVwx7Fw,https://www.youtube.com/watch?v=u8y9MVwx7Fw,Studi independent vs Magang,"kali ini miko bagi vidio buat temen temen yang masih bingung milih mau magang atau studi independent, nah semoga lewat vidio ini temen temen semakin mantap dengan pilihan teman teman yak.

nah bagi yang belum sempat lihat Festival Kampus Merdeka Magang dan Studi Independen Bersertifikat (MSIB) miko kasih link nya https://www.youtube.com/watch?v=QFSN-a9qqwM

atau temen temen bingung milih tempat magang dimana? niih miko juga kasih link vidionya https://youtu.be/s_-mbv1cQMQ

atau ada pertanyaan seputar magang? nih miko juga ada vidio tentang Q&A Pilih Program Kampus Merdeka Magang Studi Independen Bersertifikat
part 1: https://youtu.be/v1PUu_dHxog
part 2: https://youtu.be/UUHnGyFBZpU

Jika teman teman punya ide,saran atau pengen pembahasan tentang apa boleh dong tulis dikomentar",UCpZ8jpedlSssDIbT9344N6Q,Engineering Career Center (ECC.co.id),2021-07-05T09:22:56Z,17751,375,80,Ugw53_65Qveqhlo9XE14AaABAg,"​ jadi kalo kita apply lamaran magang sama studi independen di banyak perusahaan itu gamasalah ya ka? tergantung kita nanti diterima yang dimana, itu yang akan kita jalani?",@rfdhtsa,UC30Hj4hPSpYWQBZgn1opO5A,2021-07-22T20:47:26Z,2021-07-22T20:47:26Z,1,false,true,true
youtube,MSIB,MSIB_awal_setara,MSIB magang,MSIB magang,2021-06-22T00:00:00Z,2022-06-29T23:59:59Z,u8y9MVwx7Fw,https://www.youtube.com/watch?v=u8y9MVwx7Fw,Studi independent vs Magang,"kali ini miko bagi vidio buat temen temen yang masih bingung milih mau magang atau studi independent, nah semoga lewat vidio ini temen temen semakin mantap dengan pilihan teman teman yak.

nah bagi yang belum sempat lihat Festival Kampus Merdeka Magang dan Studi Independen Bersertifikat (MSIB) miko kasih link nya https://www.youtube.com/watch?v=QFSN-a9qqwM

atau temen temen bingung milih tempat magang dimana? niih miko juga kasih link vidionya https://youtu.be/s_-mbv1cQMQ

atau ada pertanyaan seputar magang? nih miko juga ada vidio tentang Q&A Pilih Program Kampus Merdeka Magang Studi Independen Bersertifikat
part 1: https://youtu.be/v1PUu_dHxog
part 2: https://youtu.be/UUHnGyFBZpU

Jika teman teman punya ide,saran atau pengen pembahasan tentang apa boleh dong tulis dikomentar",UCpZ8jpedlSssDIbT9344N6Q,Engineering Career Center (ECC.co.id),2021-07-05T09:22:56Z,17751,375,80,UgxDMT5DrvQdU4wXe-t4AaABAg,"Semisal pada saat mengikuti program studi independen lalu, di bulan saat berjalannya program ada ujian skripsi apakah bisa tetap lanjut sampai program selesai? Jadi yg 20sks itu tidak perlu dimasukan atau bagaimana ya?",@irmaayu9096,UCbfzeD9OCBYK-vxd1aEmJrQ,2021-07-16T09:36:35Z,2021-07-16T09:36:35Z,3,false,true,true
youtube,MSIB,MSIB_awal_setara,MSIB magang,MSIB magang,2021-06-22T00:00:00Z,2022-06-29T23:59:59Z,u8y9MVwx7Fw,https://www.youtube.com/watch?v=u8y9MVwx7Fw,Studi independent vs Magang,"kali ini miko bagi vidio buat temen temen yang masih bingung milih mau magang atau studi independent, nah semoga lewat vidio ini temen temen semakin mantap dengan pilihan teman teman yak.

nah bagi yang belum sempat lihat Festival Kampus Merdeka Magang dan Studi Independen Bersertifikat (MSIB) miko kasih link nya https://www.youtube.com/watch?v=QFSN-a9qqwM

atau temen temen bingung milih tempat magang dimana? niih miko juga kasih link vidionya https://youtu.be/s_-mbv1cQMQ

atau ada pertanyaan seputar magang? nih miko juga ada vidio tentang Q&A Pilih Program Kampus Merdeka Magang Studi Independen Bersertifikat
part 1: https://youtu.be/v1PUu_dHxog
part 2: https://youtu.be/UUHnGyFBZpU

Jika teman teman punya ide,saran atau pengen pembahasan tentang apa boleh dong tulis dikomentar",UCpZ8jpedlSssDIbT9344N6Q,Engineering Career Center (ECC.co.id),2021-07-05T09:22:56Z,17751,375,80,Ugz9ylzh2qWAYbVpBqF4AaABAg,"Halo kak, untuk studi independen sendiri apakah mahasiswa semester 3 bisa mengikutinya?",@kagenkurotsuki,UChlDszWVs2Qsh7V2GethclA,2021-07-14T03:39:47Z,2021-07-14T03:39:47Z,0,false,true,true
youtube,MSIB,MSIB_awal_setara,MSIB magang,MSIB magang,2021-06-22T00:00:00Z,2022-06-29T23:59:59Z,u8y9MVwx7Fw,https://www.youtube.com/watch?v=u8y9MVwx7Fw,Studi independent vs Magang,"kali ini miko bagi vidio buat temen temen yang masih bingung milih mau magang atau studi independent, nah semoga lewat vidio ini temen temen semakin mantap dengan pilihan teman teman yak.

nah bagi yang belum sempat lihat Festival Kampus Merdeka Magang dan Studi Independen Bersertifikat (MSIB) miko kasih link nya https://www.youtube.com/watch?v=QFSN-a9qqwM

atau temen temen bingung milih tempat magang dimana? niih miko juga kasih link vidionya https://youtu.be/s_-mbv1cQMQ

atau ada pertanyaan seputar magang? nih miko juga ada vidio tentang Q&A Pilih Program Kampus Merdeka Magang Studi Independen Bersertifikat
part 1: https://youtu.be/v1PUu_dHxog
part 2: https://youtu.be/UUHnGyFBZpU

Jika teman teman punya ide,saran atau pengen pembahasan tentang apa boleh dong tulis dikomentar",UCpZ8jpedlSssDIbT9344N6Q,Engineering Career Center (ECC.co.id),2021-07-05T09:22:56Z,17751,375,80,Ugy24xmHRCZAJs1EY-V4AaABAg,Kak kalau perusahaan dan domisili rumah Kita jauh misalnya Bogor-Batam gmn transportasi ny?,@samudramulya,UCtn5rHTI7-mBFPSEx4Bn74w,2021-07-13T11:31:50Z,2021-07-13T11:31:50Z,2,false,true,true
youtube,MSIB,MSIB_awal_setara,MSIB magang,MSIB magang,2021-06-22T00:00:00Z,2022-06-29T23:59:59Z,u8y9MVwx7Fw,https://www.youtube.com/watch?v=u8y9MVwx7Fw,Studi independent vs Magang,"kali ini miko bagi vidio buat temen temen yang masih bingung milih mau magang atau studi independent, nah semoga lewat vidio ini temen temen semakin mantap dengan pilihan teman teman yak.

nah bagi yang belum sempat lihat Festival Kampus Merdeka Magang dan Studi Independen Bersertifikat (MSIB) miko kasih link nya https://www.youtube.com/watch?v=QFSN-a9qqwM

atau temen temen bingung milih tempat magang dimana? niih miko juga kasih link vidionya https://youtu.be/s_-mbv1cQMQ

atau ada pertanyaan seputar magang? nih miko juga ada vidio tentang Q&A Pilih Program Kampus Merdeka Magang Studi Independen Bersertifikat
part 1: https://youtu.be/v1PUu_dHxog
part 2: https://youtu.be/UUHnGyFBZpU

Jika teman teman punya ide,saran atau pengen pembahasan tentang apa boleh dong tulis dikomentar",UCpZ8jpedlSssDIbT9344N6Q,Engineering Career Center (ECC.co.id),2021-07-05T09:22:56Z,17751,375,80,Ugx3zA9_xTeLjvT7N154AaABAg,Apakah bisa membatalkan program studi independen kalo sudah diterima?,@rantirahmawati1925,UCGAuLxShC2w8Jx7X-a4hkfA,2021-07-12T17:34:06Z,2021-07-12T17:34:06Z,0,false,true,true
youtube,MSIB,MSIB_awal_setara,MSIB magang,MSIB magang,2021-06-22T00:00:00Z,2022-06-29T23:59:59Z,u8y9MVwx7Fw,https://www.youtube.com/watch?v=u8y9MVwx7Fw,Studi independent vs Magang,"kali ini miko bagi vidio buat temen temen yang masih bingung milih mau magang atau studi independent, nah semoga lewat vidio ini temen temen semakin mantap dengan pilihan teman teman yak.

nah bagi yang belum sempat lihat Festival Kampus Merdeka Magang dan Studi Independen Bersertifikat (MSIB) miko kasih link nya https://www.youtube.com/watch?v=QFSN-a9qqwM

atau temen temen bingung milih tempat magang dimana? niih miko juga kasih link vidionya https://youtu.be/s_-mbv1cQMQ

atau ada pertanyaan seputar magang? nih miko juga ada vidio tentang Q&A Pilih Program Kampus Merdeka Magang Studi Independen Bersertifikat
part 1: https://youtu.be/v1PUu_dHxog
part 2: https://youtu.be/UUHnGyFBZpU

Jika teman teman punya ide,saran atau pengen pembahasan tentang apa boleh dong tulis dikomentar",UCpZ8jpedlSssDIbT9344N6Q,Engineering Career Center (ECC.co.id),2021-07-05T09:22:56Z,17751,375,80,UgzZaUf21xVbiLg34dB4AaABAg,Kalok di Terima di proggram magang dapet email dari kampus merdeka ya mbak ato gmana,@wahyuimg98,UCjuzNUjXbJD7ctT7laD5isQ,2021-07-12T12:13:50Z,2021-07-12T12:13:50Z,1,false,true,true
youtube,MSIB,MSIB_awal_setara,MSIB magang,MSIB magang,2021-06-22T00:00:00Z,2022-06-29T23:59:59Z,u8y9MVwx7Fw,https://www.youtube.com/watch?v=u8y9MVwx7Fw,Studi independent vs Magang,"kali ini miko bagi vidio buat temen temen yang masih bingung milih mau magang atau studi independent, nah semoga lewat vidio ini temen temen semakin mantap dengan pilihan teman teman yak.

nah bagi yang belum sempat lihat Festival Kampus Merdeka Magang dan Studi Independen Bersertifikat (MSIB) miko kasih link nya https://www.youtube.com/watch?v=QFSN-a9qqwM

atau temen temen bingung milih tempat magang dimana? niih miko juga kasih link vidionya https://youtu.be/s_-mbv1cQMQ

atau ada pertanyaan seputar magang? nih miko juga ada vidio tentang Q&A Pilih Program Kampus Merdeka Magang Studi Independen Bersertifikat
part 1: https://youtu.be/v1PUu_dHxog
part 2: https://youtu.be/UUHnGyFBZpU

Jika teman teman punya ide,saran atau pengen pembahasan tentang apa boleh dong tulis dikomentar",UCpZ8jpedlSssDIbT9344N6Q,Engineering Career Center (ECC.co.id),2021-07-05T09:22:56Z,17751,375,80,Ugw9AGoHJ-XiFUOa1at4AaABAg,Kak kalo masalah waktu belajar studi independen gimana ya? Fleksibel atau nanti ada jadwalnya?,@fauziah2494,UCt6o0H1UcdMUJuAoM3k8lKw,2021-07-10T16:06:07Z,2021-07-10T16:06:07Z,6,false,true,true
youtube,MSIB,MSIB_awal_setara,MSIB magang,MSIB magang,2021-06-22T00:00:00Z,2022-06-29T23:59:59Z,u8y9MVwx7Fw,https://www.youtube.com/watch?v=u8y9MVwx7Fw,Studi independent vs Magang,"kali ini miko bagi vidio buat temen temen yang masih bingung milih mau magang atau studi independent, nah semoga lewat vidio ini temen temen semakin mantap dengan pilihan teman teman yak.

nah bagi yang belum sempat lihat Festival Kampus Merdeka Magang dan Studi Independen Bersertifikat (MSIB) miko kasih link nya https://www.youtube.com/watch?v=QFSN-a9qqwM

atau temen temen bingung milih tempat magang dimana? niih miko juga kasih link vidionya https://youtu.be/s_-mbv1cQMQ

atau ada pertanyaan seputar magang? nih miko juga ada vidio tentang Q&A Pilih Program Kampus Merdeka Magang Studi Independen Bersertifikat
part 1: https://youtu.be/v1PUu_dHxog
part 2: https://youtu.be/UUHnGyFBZpU

Jika teman teman punya ide,saran atau pengen pembahasan tentang apa boleh dong tulis dikomentar",UCpZ8jpedlSssDIbT9344N6Q,Engineering Career Center (ECC.co.id),2021-07-05T09:22:56Z,17751,375,80,UgzJp0UODkxwpDgPyax4AaABAg,"Kenapa tawarannya cuma 3 hari sih. Ada 1 sudah diterima studi independen, tapi masih nunggu seleksi magang juga 😭😭😭",@dzakianadaa1126,UCrwgBMyyMWPJZ_SfKmn8VOQ,2021-07-09T05:34:10Z,2021-07-09T05:34:10Z,19,false,true,true
youtube,MSIB,MSIB_awal_setara,MSIB magang,MSIB magang,2021-06-22T00:00:00Z,2022-06-29T23:59:59Z,u8y9MVwx7Fw,https://www.youtube.com/watch?v=u8y9MVwx7Fw,Studi independent vs Magang,"kali ini miko bagi vidio buat temen temen yang masih bingung milih mau magang atau studi independent, nah semoga lewat vidio ini temen temen semakin mantap dengan pilihan teman teman yak.

nah bagi yang belum sempat lihat Festival Kampus Merdeka Magang dan Studi Independen Bersertifikat (MSIB) miko kasih link nya https://www.youtube.com/watch?v=QFSN-a9qqwM

atau temen temen bingung milih tempat magang dimana? niih miko juga kasih link vidionya https://youtu.be/s_-mbv1cQMQ

atau ada pertanyaan seputar magang? nih miko juga ada vidio tentang Q&A Pilih Program Kampus Merdeka Magang Studi Independen Bersertifikat
part 1: https://youtu.be/v1PUu_dHxog
part 2: https://youtu.be/UUHnGyFBZpU

Jika teman teman punya ide,saran atau pengen pembahasan tentang apa boleh dong tulis dikomentar",UCpZ8jpedlSssDIbT9344N6Q,Engineering Career Center (ECC.co.id),2021-07-05T09:22:56Z,17751,375,80,Ugz3uHdAPZ3vzOkKrQ14AaABAg,"Kalau misalnya mengikuti studi independennya berjalan 4 bulan, lalu setelah itu 2 bulan sisanya apakah kembali lagi ke kampus atau bagaimana? 
Lalu ini kan berjalan 1 semester ya ka, nah apakah jika kita ikut pada semester 5 apakah masih bisa daftar lagi pada semester 6?",@hanifa6081,UCZMC6lqR65cGGKGUB8mIG7A,2021-07-05T10:34:19Z,2021-07-05T10:34:19Z,3,false,true,true
youtube,MSIB,MSIB_awal_setara,MSIB magang,MSIB magang,2021-06-22T00:00:00Z,2022-06-29T23:59:59Z,i_BmeVbluEA,https://www.youtube.com/watch?v=i_BmeVbluEA,"Battle antara PMMB vs MSIB?🤔 | Perbedaan, Persamaan, Keuntungan, Kelemahan","Halo semuanya! Kali ini aku akan share mengenai perbandingan antara Program Magang Mahasiswa Bersertifikat (PMMB) dan Magang Studi Independen Bersertifikat (MSIB) khususnya Magang Merdeka

Selamat menonton dan jangan lupa screenshot untuk save informasi yang telah kalian tonton!

Chapters
0:00 Opening & Introduction
0:19 What's PMMB? 
0:45 What's MSIB? 
1:14 Perbedaan PMMB dan Magang Merdeka 
9:19 Persamaan PMMB dan Magang Merdeka 
11:08 Keuntungan Mengikuti PMMB dan Magang Merdeka 
13:08 Kelemahan PMMB dan Magang Merdeka

#pmmb #pmmbbumn #kampusmerdeka #msib #magangmerdeka #studiindepen #fhci #magangbersertifikat #pmmbbumn #bumn #magangbumn #magangbersertifikatbumn",UCrrEv_8XJugZf8sDL4crvpg,uni tips and trick,2022-05-01T14:05:42Z,361,21,1,UgwzUq67su0JlmwR5Q54AaABAg,"Makasih infonya membantuu sekali, tapi saya mau nanya apakah mba tau kenapa ya di kampus saya jika di semester ini sudah daftar msib terlebih dahulu tidak dapat daftar pmmb ? Padahal di msib belum tentu diterima",@satria6343,UCDHwtJ0BMHMrjzYKlGH3Row,2023-01-11T06:04:55Z,2023-01-11T06:04:55Z,1,false,true,false
youtube,MSIB,MSIB_awal_setara,MSIB magang,MSIB magang,2021-06-22T00:00:00Z,2022-06-29T23:59:59Z,KrnWP9ypiVc,https://www.youtube.com/watch?v=KrnWP9ypiVc,Festival Kampus Merdeka Magang dan Studi Independen Bersertifikat (MSIB),,UCGo_6l_6kp8H8OHcKcSIeDw,"Kementerian Pendidikan Tinggi, Sains dan Teknologi",2021-06-22T17:52:06Z,37055,1429,26,UgwDnV9SqQSEMXvMbtF4AaABAg,"Kak, kalo mahasiwa semisalnya semester 11 dan sudah pernah ikut/kontrak mata kuliah terkait magang, serta saat ini juga sedang kontrak mata kuliah skripsi namun masih di tahap olah data hasil dari penelitian atau sudh seminar proposal, apa masih boleh ikut program magang kampus merdeka ini?",@Zolanrer,UCaeJuYDmS51zkAodHTmU--A,2023-01-20T11:31:07Z,2023-01-20T11:31:07Z,0,false,true,false
youtube,MSIB,MSIB_awal_setara,MSIB magang,MSIB magang,2021-06-22T00:00:00Z,2022-06-29T23:59:59Z,KrnWP9ypiVc,https://www.youtube.com/watch?v=KrnWP9ypiVc,Festival Kampus Merdeka Magang dan Studi Independen Bersertifikat (MSIB),,UCGo_6l_6kp8H8OHcKcSIeDw,"Kementerian Pendidikan Tinggi, Sains dan Teknologi",2021-06-22T17:52:06Z,37055,1429,26,UgwJWid48T-ROm7sBHx4AaABAg,"Bapak/Ibu, mohon maaf gaji magang merdeka di undur terus dan gak ada kepastian",@ajengz9897,UCSHDn8eB6Hzr4rX9ZAhBIUg,2021-10-19T06:33:57Z,2021-10-19T06:33:57Z,1,false,true,true
youtube,MSIB,MSIB_awal_setara,MSIB magang,MSIB magang,2021-06-22T00:00:00Z,2022-06-29T23:59:59Z,KrnWP9ypiVc,https://www.youtube.com/watch?v=KrnWP9ypiVc,Festival Kampus Merdeka Magang dan Studi Independen Bersertifikat (MSIB),,UCGo_6l_6kp8H8OHcKcSIeDw,"Kementerian Pendidikan Tinggi, Sains dan Teknologi",2021-06-22T17:52:06Z,37055,1429,26,UgyU7XXmACR0YotWbNV4AaABAg,Kak study independen dpat potongan ukt nga?,@nasiraila7259,UCL9sZ3aJvS-8VXAtuTxJfQg,2021-07-29T13:14:34Z,2021-07-29T13:14:34Z,0,false,true,true
youtube,MSIB,MSIB_awal_setara,MSIB magang,MSIB magang,2021-06-22T00:00:00Z,2022-06-29T23:59:59Z,KrnWP9ypiVc,https://www.youtube.com/watch?v=KrnWP9ypiVc,Festival Kampus Merdeka Magang dan Studi Independen Bersertifikat (MSIB),,UCGo_6l_6kp8H8OHcKcSIeDw,"Kementerian Pendidikan Tinggi, Sains dan Teknologi",2021-06-22T17:52:06Z,37055,1429,26,Ugy9t_ZPDUVg4_cpBEh4AaABAg,Luar biasa bu,@rojiimamanwari6067,UCK65foh--p2fdhJfzdLUL1g,2021-07-08T13:57:07Z,2021-07-08T13:57:07Z,0,false,true,true
youtube,MSIB,MSIB_awal_setara,MSIB magang,MSIB magang,2021-06-22T00:00:00Z,2022-06-29T23:59:59Z,KrnWP9ypiVc,https://www.youtube.com/watch?v=KrnWP9ypiVc,Festival Kampus Merdeka Magang dan Studi Independen Bersertifikat (MSIB),,UCGo_6l_6kp8H8OHcKcSIeDw,"Kementerian Pendidikan Tinggi, Sains dan Teknologi",2021-06-22T17:52:06Z,37055,1429,26,Ugx3EMvvg_hVmFOEwhF4AaABAg,5:40:00 poultry,@muhaska7945,UCVrmJwChTrKdHD5OV7F4qJw,2021-07-05T10:18:01Z,2021-07-05T10:19:03Z,1,false,true,true
youtube,MSIB,MSIB_awal_setara,MSIB magang,MSIB magang,2021-06-22T00:00:00Z,2022-06-29T23:59:59Z,KrnWP9ypiVc,https://www.youtube.com/watch?v=KrnWP9ypiVc,Festival Kampus Merdeka Magang dan Studi Independen Bersertifikat (MSIB),,UCGo_6l_6kp8H8OHcKcSIeDw,"Kementerian Pendidikan Tinggi, Sains dan Teknologi",2021-06-22T17:52:06Z,37055,1429,26,UgzWp-zlK7vSJ6d8WWR4AaABAg,"Mungkin bisa diberi timestamp untuk mempermudah menonton video ini. Karena videonya terlalu panjang. Terima kasih, hehehe",@kamilouri,UCkKl6OIClj-hrSpE-ilCfcA,2021-06-28T14:57:29Z,2021-06-28T14:57:29Z,25,false,true,true
youtube,MSIB,MSIB_awal_setara,MSIB magang,MSIB magang,2021-06-22T00:00:00Z,2022-06-29T23:59:59Z,KrnWP9ypiVc,https://www.youtube.com/watch?v=KrnWP9ypiVc,Festival Kampus Merdeka Magang dan Studi Independen Bersertifikat (MSIB),,UCGo_6l_6kp8H8OHcKcSIeDw,"Kementerian Pendidikan Tinggi, Sains dan Teknologi",2021-06-22T17:52:06Z,37055,1429,26,UgzF7gMKO8zyaQNtDRN4AaABAg,Mari kita dukung program Mas Menteri ini. Semoga program ini berjalan lancar dan sukses.,@partounej3529,UCscbKESk-IODk2hxXA2upTg,2021-06-27T06:12:59Z,2021-06-27T06:12:59Z,6,false,true,true
youtube,MSIB,MSIB_awal_setara,MSIB magang,MSIB magang,2021-06-22T00:00:00Z,2022-06-29T23:59:59Z,KrnWP9ypiVc,https://www.youtube.com/watch?v=KrnWP9ypiVc,Festival Kampus Merdeka Magang dan Studi Independen Bersertifikat (MSIB),,UCGo_6l_6kp8H8OHcKcSIeDw,"Kementerian Pendidikan Tinggi, Sains dan Teknologi",2021-06-22T17:52:06Z,37055,1429,26,Ugw9FO25ucVPLNU8Pzh4AaABAg,Saya kira paragon tu kost san ey wkwkwk,@rara6761,UCUDlY7G-Yb9VEuvdIna1BTw,2021-06-25T10:30:07Z,2021-06-25T10:30:07Z,1,false,true,true
youtube,MSIB,MSIB_awal_setara,MSIB magang,MSIB magang,2021-06-22T00:00:00Z,2022-06-29T23:59:59Z,KrnWP9ypiVc,https://www.youtube.com/watch?v=KrnWP9ypiVc,Festival Kampus Merdeka Magang dan Studi Independen Bersertifikat (MSIB),,UCGo_6l_6kp8H8OHcKcSIeDw,"Kementerian Pendidikan Tinggi, Sains dan Teknologi",2021-06-22T17:52:06Z,37055,1429,26,Ugxhofpof5QWxPPITQh4AaABAg,buat yg jurusan pendidikan bisa gasi?,@anisaginasiregar8329,UCqvm0lmpeN4mUO0RgITenCg,2021-06-24T14:57:52Z,2021-06-24T14:57:52Z,3,false,true,true
youtube,MSIB,MSIB_awal_setara,MSIB magang,MSIB magang,2021-06-22T00:00:00Z,2022-06-29T23:59:59Z,KrnWP9ypiVc,https://www.youtube.com/watch?v=KrnWP9ypiVc,Festival Kampus Merdeka Magang dan Studi Independen Bersertifikat (MSIB),,UCGo_6l_6kp8H8OHcKcSIeDw,"Kementerian Pendidikan Tinggi, Sains dan Teknologi",2021-06-22T17:52:06Z,37055,1429,26,UgwGOfZgBgdJD36g2qN4AaABAg,"izin bertanya, berkaitan dengan ini apakah bisa apply kebeberapa perusahaan?",@yolandafathia478,UCrMN0dMV6SiaXMsVKgugaSg,2021-06-23T14:06:27Z,2021-06-23T14:06:27Z,3,false,true,true
youtube,MSIB,MSIB_awal_setara,MSIB magang,MSIB magang,2021-06-22T00:00:00Z,2022-06-29T23:59:59Z,KrnWP9ypiVc,https://www.youtube.com/watch?v=KrnWP9ypiVc,Festival Kampus Merdeka Magang dan Studi Independen Bersertifikat (MSIB),,UCGo_6l_6kp8H8OHcKcSIeDw,"Kementerian Pendidikan Tinggi, Sains dan Teknologi",2021-06-22T17:52:06Z,37055,1429,26,UgxrsfcDvF7pNEbsGCV4AaABAg,hadir,@safdamaiyanaloi3619,UCIgI6ZXXh-4dm4z4YdJnpnA,2021-06-23T06:36:21Z,2021-06-23T06:36:21Z,1,false,true,true
youtube,MSIB,MSIB_awal_setara,MSIB magang,MSIB magang,2021-06-22T00:00:00Z,2022-06-29T23:59:59Z,KrnWP9ypiVc,https://www.youtube.com/watch?v=KrnWP9ypiVc,Festival Kampus Merdeka Magang dan Studi Independen Bersertifikat (MSIB),,UCGo_6l_6kp8H8OHcKcSIeDw,"Kementerian Pendidikan Tinggi, Sains dan Teknologi",2021-06-22T17:52:06Z,37055,1429,26,UgwfMQ1ze2glHo2FZP14AaABAg,Hadir,@fitriintanberliangulo5433,UCK8V934ofVHmTZfQKVoPBQA,2021-06-23T06:27:55Z,2021-06-23T06:27:55Z,1,false,true,true
youtube,MSIB,MSIB_awal_setara,MSIB magang,MSIB magang,2021-06-22T00:00:00Z,2022-06-29T23:59:59Z,KrnWP9ypiVc,https://www.youtube.com/watch?v=KrnWP9ypiVc,Festival Kampus Merdeka Magang dan Studi Independen Bersertifikat (MSIB),,UCGo_6l_6kp8H8OHcKcSIeDw,"Kementerian Pendidikan Tinggi, Sains dan Teknologi",2021-06-22T17:52:06Z,37055,1429,26,Ugxlai2nuN3dTyeFANB4AaABAg,Hadir,@lestarygulogulo3555,UCV5lzT2SKsmqDeKgYUTxnUg,2021-06-23T06:18:41Z,2021-06-23T06:18:41Z,1,false,true,true
youtube,MSIB,MSIB_awal_setara,MSIB magang,MSIB magang,2021-06-22T00:00:00Z,2022-06-29T23:59:59Z,KrnWP9ypiVc,https://www.youtube.com/watch?v=KrnWP9ypiVc,Festival Kampus Merdeka Magang dan Studi Independen Bersertifikat (MSIB),,UCGo_6l_6kp8H8OHcKcSIeDw,"Kementerian Pendidikan Tinggi, Sains dan Teknologi",2021-06-22T17:52:06Z,37055,1429,26,UgyMXg98F2KOquKquUp4AaABAg,Mantap,@arnudinharefa3316,UC71kJLH7XF63rMir9XA3SIA,2021-06-23T06:14:45Z,2021-06-23T06:14:45Z,1,false,true,true
youtube,MSIB,MSIB_awal_setara,MSIB magang,MSIB magang,2021-06-22T00:00:00Z,2022-06-29T23:59:59Z,KrnWP9ypiVc,https://www.youtube.com/watch?v=KrnWP9ypiVc,Festival Kampus Merdeka Magang dan Studi Independen Bersertifikat (MSIB),,UCGo_6l_6kp8H8OHcKcSIeDw,"Kementerian Pendidikan Tinggi, Sains dan Teknologi",2021-06-22T17:52:06Z,37055,1429,26,UgxUbUAe8kay-GyBAiR4AaABAg,mahasiswa semester 8 tidak boleh dftar ya ?,@noviyalo3629,UC1MM17gNwz2g5GJfb7mU3Jw,2021-06-23T06:14:04Z,2021-06-23T06:14:04Z,2,false,true,true
youtube,MSIB,MSIB_awal_setara,MSIB magang,MSIB magang,2021-06-22T00:00:00Z,2022-06-29T23:59:59Z,KrnWP9ypiVc,https://www.youtube.com/watch?v=KrnWP9ypiVc,Festival Kampus Merdeka Magang dan Studi Independen Bersertifikat (MSIB),,UCGo_6l_6kp8H8OHcKcSIeDw,"Kementerian Pendidikan Tinggi, Sains dan Teknologi",2021-06-22T17:52:06Z,37055,1429,26,UgzSeJUnMuvlolgssol4AaABAg,Festifal kampus merdeka barokallah,@luluksap9707,UC5Y0L_8DPmbBetpEK1gHsKw,2021-06-23T06:04:19Z,2021-06-23T06:04:19Z,2,false,true,true
youtube,MSIB,MSIB_awal_setara,MSIB magang,MSIB magang,2021-06-22T00:00:00Z,2022-06-29T23:59:59Z,KrnWP9ypiVc,https://www.youtube.com/watch?v=KrnWP9ypiVc,Festival Kampus Merdeka Magang dan Studi Independen Bersertifikat (MSIB),,UCGo_6l_6kp8H8OHcKcSIeDw,"Kementerian Pendidikan Tinggi, Sains dan Teknologi",2021-06-22T17:52:06Z,37055,1429,26,UgzbuWXb7Od5cm3aFz14AaABAg,"Tolong sana nama saya bermala d kampus dan saya terancam tidak bisa mengikuti tes P3K  lantaran nama saya d ijasa uda benar didiktinya salah saya suda lapor di kampus bagian univessitas kurang datu bulan tapi nama saya juga belum beruba nama kampus saya universitas khairun ternate prodi pendidikan  bahasa dan sastra indonesia fakultas keguran dan ilmu pendidikan S1 nama di dikti yg sala
abdul ala  arahim nama saya diijasa nama yg benar abdul al’a almaududi ramin npm 030511002 tolong bantu saya siapapun kalian saya di ternate maluku utara kemungkinan ada kenalana teman²yg ada dikti ini masala",@dikhendikhen3169,UCrlQXF15pVZ0WcjV2aafH1Q,2021-06-23T05:47:16Z,2021-06-23T05:47:16Z,0,false,true,true
youtube,MSIB,MSIB_awal_setara,MSIB magang,MSIB magang,2021-06-22T00:00:00Z,2022-06-29T23:59:59Z,KrnWP9ypiVc,https://www.youtube.com/watch?v=KrnWP9ypiVc,Festival Kampus Merdeka Magang dan Studi Independen Bersertifikat (MSIB),,UCGo_6l_6kp8H8OHcKcSIeDw,"Kementerian Pendidikan Tinggi, Sains dan Teknologi",2021-06-22T17:52:06Z,37055,1429,26,Ugx5SUHbzIF7bRupD1F4AaABAg,Hadir,@riasembiring9787,UC3smLRw5A4eU9tp5i5MVJYw,2021-06-23T05:47:09Z,2021-06-23T05:47:09Z,1,false,true,true
youtube,MSIB,MSIB_awal_setara,MSIB magang,MSIB magang,2021-06-22T00:00:00Z,2022-06-29T23:59:59Z,KrnWP9ypiVc,https://www.youtube.com/watch?v=KrnWP9ypiVc,Festival Kampus Merdeka Magang dan Studi Independen Bersertifikat (MSIB),,UCGo_6l_6kp8H8OHcKcSIeDw,"Kementerian Pendidikan Tinggi, Sains dan Teknologi",2021-06-22T17:52:06Z,37055,1429,26,UgxCKoSOjLScNd8hjid4AaABAg,Hadir,@muliati7493,UChKHFJaYGmhm_aUYBuSHpNQ,2021-06-23T05:43:44Z,2021-06-23T05:43:44Z,1,false,true,true
youtube,MSIB,MSIB_awal_setara,MSIB magang,MSIB magang,2021-06-22T00:00:00Z,2022-06-29T23:59:59Z,KrnWP9ypiVc,https://www.youtube.com/watch?v=KrnWP9ypiVc,Festival Kampus Merdeka Magang dan Studi Independen Bersertifikat (MSIB),,UCGo_6l_6kp8H8OHcKcSIeDw,"Kementerian Pendidikan Tinggi, Sains dan Teknologi",2021-06-22T17:52:06Z,37055,1429,26,UgxLVy9ymuG8_EQntAF4AaABAg,Hadir,@rusminsaragih8181,UCnBzEEBNB5yDq9rD9XtNZpg,2021-06-23T02:57:41Z,2021-06-23T02:57:41Z,1,false,true,true
youtube,MSIB,MSIB_awal_setara,MSIB magang,MSIB magang,2021-06-22T00:00:00Z,2022-06-29T23:59:59Z,QFSN-a9qqwM,https://www.youtube.com/watch?v=QFSN-a9qqwM,Festival Kampus Merdeka Magang dan Studi Independen Bersertifikat (MSIB),,UCGo_6l_6kp8H8OHcKcSIeDw,"Kementerian Pendidikan Tinggi, Sains dan Teknologi",2021-06-23T17:25:43Z,22156,811,8,UgwudAm7cuz7yxaoRLZ4AaABAg,"Bapak/Ibu, mohon maaf gaji magang merdeka di undur terus dan gak ada kepastian",@ajengz9897,UCSHDn8eB6Hzr4rX9ZAhBIUg,2021-10-19T06:34:59Z,2021-10-19T06:34:59Z,1,false,true,true
youtube,MSIB,MSIB_awal_setara,MSIB magang,MSIB magang,2021-06-22T00:00:00Z,2022-06-29T23:59:59Z,QFSN-a9qqwM,https://www.youtube.com/watch?v=QFSN-a9qqwM,Festival Kampus Merdeka Magang dan Studi Independen Bersertifikat (MSIB),,UCGo_6l_6kp8H8OHcKcSIeDw,"Kementerian Pendidikan Tinggi, Sains dan Teknologi",2021-06-23T17:25:43Z,22156,811,8,Ugz-4jv9-YJfwG4uJzp4AaABAg,"Mungkin bisa diberi timestamp untuk mempermudah menonton video ini. Karena videonya terlalu panjang. Terima kasih, hehehe",@kamilouri,UCkKl6OIClj-hrSpE-ilCfcA,2021-06-28T14:56:23Z,2021-06-28T14:56:23Z,3,false,true,true
youtube,MSIB,MSIB_awal_setara,MSIB magang,MSIB magang,2021-06-22T00:00:00Z,2022-06-29T23:59:59Z,QFSN-a9qqwM,https://www.youtube.com/watch?v=QFSN-a9qqwM,Festival Kampus Merdeka Magang dan Studi Independen Bersertifikat (MSIB),,UCGo_6l_6kp8H8OHcKcSIeDw,"Kementerian Pendidikan Tinggi, Sains dan Teknologi",2021-06-23T17:25:43Z,22156,811,8,UgxyWi6KhchVTCsWO354AaABAg,#ButuhTimeline Min 😀,@maulanasafa376,UCP85zi_lIQPuUqetvHsCGSg,2021-06-24T03:54:09Z,2021-06-24T03:54:09Z,2,false,true,true
youtube,MSIB,MSIB_awal_setara,MSIB magang,MSIB magang,2021-06-22T00:00:00Z,2022-06-29T23:59:59Z,QFSN-a9qqwM,https://www.youtube.com/watch?v=QFSN-a9qqwM,Festival Kampus Merdeka Magang dan Studi Independen Bersertifikat (MSIB),,UCGo_6l_6kp8H8OHcKcSIeDw,"Kementerian Pendidikan Tinggi, Sains dan Teknologi",2021-06-23T17:25:43Z,22156,811,8,Ugzgy8UJLs20QZBmlIN4AaABAg,Sebaiknya dibuat bagian2 videonya atau dipecah sehingga menarik dilihat dan tidak membosankan,@heffyhasim,UC5s8lgH0aT5xZg1HSwm9WIQ,2021-06-23T23:21:18Z,2021-06-23T23:21:18Z,18,false,true,true
youtube,MSIB,MSIB_awal_setara,MSIB magang,MSIB magang,2021-06-22T00:00:00Z,2022-06-29T23:59:59Z,QFSN-a9qqwM,https://www.youtube.com/watch?v=QFSN-a9qqwM,Festival Kampus Merdeka Magang dan Studi Independen Bersertifikat (MSIB),,UCGo_6l_6kp8H8OHcKcSIeDw,"Kementerian Pendidikan Tinggi, Sains dan Teknologi",2021-06-23T17:25:43Z,22156,811,8,Ugzm9mnZvW5VQNNYKlZ4AaABAg,"8 jam 49 menit. Kepanjangan. Mana saya baru liat, mana ngerti. Terlalu panjang. Sebaiknya dibuatin bagian bagian videonya. Terima kasih",@abdulagungwijaya6807,UC-IBIjDbxK_NQAB4S7wauLQ,2021-06-23T23:16:08Z,2021-06-23T23:16:08Z,0,false,true,true
youtube,MSIB,MSIB_awal_setara,Magang dan Studi Independen Bersertifikat,Magang dan Studi Independen Bersertifikat,2021-06-22T00:00:00Z,2022-06-29T23:59:59Z,CeHiqsbgJBM,https://www.youtube.com/watch?v=CeHiqsbgJBM,KAMPUS MERDEKA || SOSIALISASI MAGANG DAN STUDI INDEPENDEN BERSERTIFIKAT,"Selamat datang di channel Education Journey
Jangan lupa SUBSCRIBE dan bagikan jika kalian suka video-video dari Education Journey.

#kampusmerdeka #mitravokasi #magang #studiindependenbersertifikat #pendidikan #education #journey #smk",UCFkuv1NfNBp1yCol9n3dsvg,Education Journey DM,2021-12-02T00:48:57Z,2822,,5,UgwH9hOck9r6rd6_6XB4AaABAg,Sayangnya gaji mentor batch 2 punya saya belum ada cairan sama sekali.padahal data sudah lengkap semua.verivikasi npwp dan akun bank sdh oke semua....cairan zonk....magang berkahir bulan juli 2022 tapi hingga detik ini 100rupiah pun blm ada...tolong kemendikbud jangan buka program magang kalau pembayaran gaji mentor ditunda2 terus.,@bismillah3992,UCdFTk_r2zBWxWScw2NFmigg,2022-08-18T06:39:21Z,2022-08-18T06:39:21Z,1,false,true,false
youtube,MSIB,MSIB_awal_setara,Magang dan Studi Independen Bersertifikat,Magang dan Studi Independen Bersertifikat,2021-06-22T00:00:00Z,2022-06-29T23:59:59Z,CeHiqsbgJBM,https://www.youtube.com/watch?v=CeHiqsbgJBM,KAMPUS MERDEKA || SOSIALISASI MAGANG DAN STUDI INDEPENDEN BERSERTIFIKAT,"Selamat datang di channel Education Journey
Jangan lupa SUBSCRIBE dan bagikan jika kalian suka video-video dari Education Journey.

#kampusmerdeka #mitravokasi #magang #studiindependenbersertifikat #pendidikan #education #journey #smk",UCFkuv1NfNBp1yCol9n3dsvg,Education Journey DM,2021-12-02T00:48:57Z,2822,,5,UgyLFNFXOswkBvxBpgp4AaABAg,"https://youtu.be/CitpSPW7j2s
Dengan Program kampus Merdeka belajar, Rektor USU Dr Muryanto Amin, SSos, MSi membawa USU menuju World Class University",@ragabumimahardikaharahap2078,UCxLR9gxguyfxbwybvZbRtWw,2022-02-06T19:55:33Z,2022-02-06T19:55:33Z,0,false,true,true
youtube,MSIB,MSIB_awal_setara,Magang dan Studi Independen Bersertifikat,Magang dan Studi Independen Bersertifikat,2021-06-22T00:00:00Z,2022-06-29T23:59:59Z,CeHiqsbgJBM,https://www.youtube.com/watch?v=CeHiqsbgJBM,KAMPUS MERDEKA || SOSIALISASI MAGANG DAN STUDI INDEPENDEN BERSERTIFIKAT,"Selamat datang di channel Education Journey
Jangan lupa SUBSCRIBE dan bagikan jika kalian suka video-video dari Education Journey.

#kampusmerdeka #mitravokasi #magang #studiindependenbersertifikat #pendidikan #education #journey #smk",UCFkuv1NfNBp1yCol9n3dsvg,Education Journey DM,2021-12-02T00:48:57Z,2822,,5,UgxN4YcIcpXVy1NLt4J4AaABAg,assalamualaikum pak mentri maupun admin yang menjalankan program MSIB. ingin bertanya mengenai 20 SKS yang dimaksud. itu sks nya dikonversikan ke matakuliah wajib program studi atau  sks nya sesuaikan dengan program yang di jalankan? kemudian apakah sks tersebut berpengaruh pada masa studi ? terimakasih sebelumnya,@mecanerdika5536,UC0SJxA6G_DSAk0guoWVu1hw,2022-01-30T12:22:50Z,2022-01-30T12:22:50Z,1,false,true,true
youtube,MSIB,MSIB_awal_setara,Magang dan Studi Independen Bersertifikat,Magang dan Studi Independen Bersertifikat,2021-06-22T00:00:00Z,2022-06-29T23:59:59Z,CeHiqsbgJBM,https://www.youtube.com/watch?v=CeHiqsbgJBM,KAMPUS MERDEKA || SOSIALISASI MAGANG DAN STUDI INDEPENDEN BERSERTIFIKAT,"Selamat datang di channel Education Journey
Jangan lupa SUBSCRIBE dan bagikan jika kalian suka video-video dari Education Journey.

#kampusmerdeka #mitravokasi #magang #studiindependenbersertifikat #pendidikan #education #journey #smk",UCFkuv1NfNBp1yCol9n3dsvg,Education Journey DM,2021-12-02T00:48:57Z,2822,,5,UgxcPzgVnfDTS40EN2J4AaABAg,Untuk mendaftar lewat mna ya !?,@sakulaDCofficial,UCju0tH1YSra48wG0pgfBgqw,2021-12-21T07:06:19Z,2021-12-21T07:06:19Z,0,false,true,true
youtube,MSIB,MSIB_awal_setara,Magang dan Studi Independen Bersertifikat,Magang dan Studi Independen Bersertifikat,2021-06-22T00:00:00Z,2022-06-29T23:59:59Z,kFygMYrWVhg,https://www.youtube.com/watch?v=kFygMYrWVhg,Sosialisasi Magang dan Studi Independen Bersertifikat,"Jangan lupa klik tombol SUBSCRIBE di channel UNIVERSITAS WIRARAJA.
#BanggaWiraraja",UCI8rcwWVY8ruCefKbXw_Qfg,Universitas Wiraraja,2021-06-24T04:57:36Z,502,22,1,UgyYZksGYq3KTpU7Bit4AaABAg,"Bu sy udh lolos studi independen, kegiatannya mulai pd tanggal 2 agustus, tp blm ada instruksi dr perusahaanny.
Pertanyaan sy :
Melalui media komunikasi apakah perusahaan mengkonfirmasi kegiatannya kepada mahasiswa?",@samudramulya,UCtn5rHTI7-mBFPSEx4Bn74w,2021-07-18T04:37:50Z,2021-07-18T04:37:50Z,1,false,true,true
youtube,MSIB,MSIB_awal_setara,Magang dan Studi Independen Bersertifikat,Magang dan Studi Independen Bersertifikat,2021-06-22T00:00:00Z,2022-06-29T23:59:59Z,zgBgTa7l1mM,https://www.youtube.com/watch?v=zgBgTa7l1mM,Sosialisasi Magang dan Studi Independen Bersertifikat (MSIB) Angkatan 3,Sosialisasi Magang dan Studi Independen Bersertifikat (MSIB) Angkatan 3,UCmsHmlOvr4bYv1aCsuq7Unw,Direktorat Pembelajaran dan Pengajaran (DAR),2022-05-31T20:39:35Z,3172,63,1,UgwjpYwqlUtNUiK9RsJ4AaABAg,"1:11:18 kampus merdeka mandiri
1:19:26 studi independen tidak dapat uang saku",@AE-qj5xi,UC9yboZdesJmJomlwO6pf7LA,2022-06-29T14:01:11Z,2022-07-23T06:27:44Z,2,false,true,true
youtube,MSIB,MSIB_awal_setara,Magang dan Studi Independen Bersertifikat,Magang dan Studi Independen Bersertifikat,2021-06-22T00:00:00Z,2022-06-29T23:59:59Z,74UQ6Z77l44,https://www.youtube.com/watch?v=74UQ6Z77l44,Sosialisasi Internal program MSIB (Magang dan Studi Independen Bersertifikat) Batch 2,,UCcgMvWfKKkR7fQ7t_rM-5zA,IPI TV,2021-12-29T16:57:50Z,275,18,1,UgxkB4mT5hXl6mmv12J4AaABAg,Barakalloh anak ku semoga ilmu mu manfaat dunia dan aherat,@yuliaherawati172,UCpV29Q7Z1RlczFIMvkOB5rg,2021-12-29T12:43:11Z,2021-12-29T12:43:11Z,0,false,true,true
youtube,MSIB,MSIB_awal_setara,Magang dan Studi Independen Bersertifikat,Magang dan Studi Independen Bersertifikat,2021-06-22T00:00:00Z,2022-06-29T23:59:59Z,oXvIAANTjTk,https://www.youtube.com/watch?v=oXvIAANTjTk,Magang dan Studi Independen Bersertifikat - Kampus Merdeka,"Andakah calon Mitra kami selanjutnya?
Simak video penjelasan singkat mengenai program Magang dan Studi Independen Bersertifikat Kampus Merdeka berikut ini. Selanjutnya, silakan mendaftarkan organisasi Anda di:

https://mitra.kampusmerdeka.kemdikbud.go.id",UCHIguuTeK2nQXixWzGyBBSg,MSIB Kampus Merdeka,2021-09-30T07:53:47Z,11944,318,16,UgwbSbaMhJuuMZEjLh14AaABAg,Apakah bisa mahasiswa prodi agribisnis daftar di studi independen yg mempelajari syber security,@Dj_Pebi,UCu5jK9Nz50GDQHczRr5w2Wg,2023-06-03T15:56:36Z,2023-06-03T15:56:36Z,0,false,true,false
youtube,MSIB,MSIB_awal_setara,Magang dan Studi Independen Bersertifikat,Magang dan Studi Independen Bersertifikat,2021-06-22T00:00:00Z,2022-06-29T23:59:59Z,oXvIAANTjTk,https://www.youtube.com/watch?v=oXvIAANTjTk,Magang dan Studi Independen Bersertifikat - Kampus Merdeka,"Andakah calon Mitra kami selanjutnya?
Simak video penjelasan singkat mengenai program Magang dan Studi Independen Bersertifikat Kampus Merdeka berikut ini. Selanjutnya, silakan mendaftarkan organisasi Anda di:

https://mitra.kampusmerdeka.kemdikbud.go.id",UCHIguuTeK2nQXixWzGyBBSg,MSIB Kampus Merdeka,2021-09-30T07:53:47Z,11944,318,16,UgxzOo_J00_3GeumaHB4AaABAg,Kak apakah kalau ikut MSIB di tanggung ngak kos atau tempat pada saat ikut MSIB,@wathoniofficial4170,UC4jWzVfkDXjns9V3fNgi47w,2023-05-21T12:20:04Z,2023-05-21T12:20:04Z,2,false,true,false
youtube,MSIB,MSIB_awal_setara,Magang dan Studi Independen Bersertifikat,Magang dan Studi Independen Bersertifikat,2021-06-22T00:00:00Z,2022-06-29T23:59:59Z,oXvIAANTjTk,https://www.youtube.com/watch?v=oXvIAANTjTk,Magang dan Studi Independen Bersertifikat - Kampus Merdeka,"Andakah calon Mitra kami selanjutnya?
Simak video penjelasan singkat mengenai program Magang dan Studi Independen Bersertifikat Kampus Merdeka berikut ini. Selanjutnya, silakan mendaftarkan organisasi Anda di:

https://mitra.kampusmerdeka.kemdikbud.go.id",UCHIguuTeK2nQXixWzGyBBSg,MSIB Kampus Merdeka,2021-09-30T07:53:47Z,11944,318,16,Ugx8ATfU0018YctCUEB4AaABAg,Ayo ke Pelosok Indonesia,@kedaikampus,UCZNfBRCSGr-M--xJAD4P8Ow,2022-09-20T19:19:02Z,2022-09-20T19:19:02Z,0,false,true,false
youtube,MSIB,MSIB_awal_setara,Magang dan Studi Independen Bersertifikat,Magang dan Studi Independen Bersertifikat,2021-06-22T00:00:00Z,2022-06-29T23:59:59Z,oXvIAANTjTk,https://www.youtube.com/watch?v=oXvIAANTjTk,Magang dan Studi Independen Bersertifikat - Kampus Merdeka,"Andakah calon Mitra kami selanjutnya?
Simak video penjelasan singkat mengenai program Magang dan Studi Independen Bersertifikat Kampus Merdeka berikut ini. Selanjutnya, silakan mendaftarkan organisasi Anda di:

https://mitra.kampusmerdeka.kemdikbud.go.id",UCHIguuTeK2nQXixWzGyBBSg,MSIB Kampus Merdeka,2021-09-30T07:53:47Z,11944,318,16,Ugw1vA0mgBAhR1Efa994AaABAg,Ayo ke Pelosok Indonesia,@kedaikampus,UCZNfBRCSGr-M--xJAD4P8Ow,2022-09-20T19:18:56Z,2022-09-20T19:18:56Z,0,false,true,false
youtube,MSIB,MSIB_awal_setara,Magang dan Studi Independen Bersertifikat,Magang dan Studi Independen Bersertifikat,2021-06-22T00:00:00Z,2022-06-29T23:59:59Z,oXvIAANTjTk,https://www.youtube.com/watch?v=oXvIAANTjTk,Magang dan Studi Independen Bersertifikat - Kampus Merdeka,"Andakah calon Mitra kami selanjutnya?
Simak video penjelasan singkat mengenai program Magang dan Studi Independen Bersertifikat Kampus Merdeka berikut ini. Selanjutnya, silakan mendaftarkan organisasi Anda di:

https://mitra.kampusmerdeka.kemdikbud.go.id",UCHIguuTeK2nQXixWzGyBBSg,MSIB Kampus Merdeka,2021-09-30T07:53:47Z,11944,318,16,Ugxs093ecxAsEUYTMKd4AaABAg,Ayo ke Pelosok Indonesia,@kedaikampus,UCZNfBRCSGr-M--xJAD4P8Ow,2022-09-20T19:18:51Z,2022-09-20T19:18:51Z,0,false,true,false
youtube,MSIB,MSIB_awal_setara,Magang dan Studi Independen Bersertifikat,Magang dan Studi Independen Bersertifikat,2021-06-22T00:00:00Z,2022-06-29T23:59:59Z,oXvIAANTjTk,https://www.youtube.com/watch?v=oXvIAANTjTk,Magang dan Studi Independen Bersertifikat - Kampus Merdeka,"Andakah calon Mitra kami selanjutnya?
Simak video penjelasan singkat mengenai program Magang dan Studi Independen Bersertifikat Kampus Merdeka berikut ini. Selanjutnya, silakan mendaftarkan organisasi Anda di:

https://mitra.kampusmerdeka.kemdikbud.go.id",UCHIguuTeK2nQXixWzGyBBSg,MSIB Kampus Merdeka,2021-09-30T07:53:47Z,11944,318,16,UgyWmuf10cxYyJ2-QXZ4AaABAg,Merdeka dan Sehat2 terus Mas Menteri....Inspirasi Banget,@kedaikampus,UCZNfBRCSGr-M--xJAD4P8Ow,2022-09-20T19:17:36Z,2022-09-20T19:17:36Z,0,false,true,false
youtube,MSIB,MSIB_awal_setara,Magang dan Studi Independen Bersertifikat,Magang dan Studi Independen Bersertifikat,2021-06-22T00:00:00Z,2022-06-29T23:59:59Z,oXvIAANTjTk,https://www.youtube.com/watch?v=oXvIAANTjTk,Magang dan Studi Independen Bersertifikat - Kampus Merdeka,"Andakah calon Mitra kami selanjutnya?
Simak video penjelasan singkat mengenai program Magang dan Studi Independen Bersertifikat Kampus Merdeka berikut ini. Selanjutnya, silakan mendaftarkan organisasi Anda di:

https://mitra.kampusmerdeka.kemdikbud.go.id",UCHIguuTeK2nQXixWzGyBBSg,MSIB Kampus Merdeka,2021-09-30T07:53:47Z,11944,318,16,UgwQ8joTesTIUbw8Gmx4AaABAg,Merdeka dan Sehat2 terus Mas Menteri....Inspirasi Banget,@kedaikampus,UCZNfBRCSGr-M--xJAD4P8Ow,2022-09-20T19:17:27Z,2022-09-20T19:17:27Z,0,false,true,false
youtube,MSIB,MSIB_awal_setara,Magang dan Studi Independen Bersertifikat,Magang dan Studi Independen Bersertifikat,2021-06-22T00:00:00Z,2022-06-29T23:59:59Z,oXvIAANTjTk,https://www.youtube.com/watch?v=oXvIAANTjTk,Magang dan Studi Independen Bersertifikat - Kampus Merdeka,"Andakah calon Mitra kami selanjutnya?
Simak video penjelasan singkat mengenai program Magang dan Studi Independen Bersertifikat Kampus Merdeka berikut ini. Selanjutnya, silakan mendaftarkan organisasi Anda di:

https://mitra.kampusmerdeka.kemdikbud.go.id",UCHIguuTeK2nQXixWzGyBBSg,MSIB Kampus Merdeka,2021-09-30T07:53:47Z,11944,318,16,UgwYdQayyAnvMxijBT94AaABAg,Merdeka dan Sehat2 terus Mas Menteri....Inspirasi Banget,@kedaikampus,UCZNfBRCSGr-M--xJAD4P8Ow,2022-09-20T19:17:22Z,2022-09-20T19:17:22Z,0,false,true,false
youtube,MSIB,MSIB_awal_setara,Magang dan Studi Independen Bersertifikat,Magang dan Studi Independen Bersertifikat,2021-06-22T00:00:00Z,2022-06-29T23:59:59Z,oXvIAANTjTk,https://www.youtube.com/watch?v=oXvIAANTjTk,Magang dan Studi Independen Bersertifikat - Kampus Merdeka,"Andakah calon Mitra kami selanjutnya?
Simak video penjelasan singkat mengenai program Magang dan Studi Independen Bersertifikat Kampus Merdeka berikut ini. Selanjutnya, silakan mendaftarkan organisasi Anda di:

https://mitra.kampusmerdeka.kemdikbud.go.id",UCHIguuTeK2nQXixWzGyBBSg,MSIB Kampus Merdeka,2021-09-30T07:53:47Z,11944,318,16,UgyRQNa3P2qV60IlZCJ4AaABAg,Merdeka dan Sehat2 terus Mas Menteri....Inspirasi Banget,@kedaikampus,UCZNfBRCSGr-M--xJAD4P8Ow,2022-09-20T19:17:07Z,2022-09-20T19:17:07Z,0,false,true,false
youtube,MSIB,MSIB_awal_setara,Magang dan Studi Independen Bersertifikat,Magang dan Studi Independen Bersertifikat,2021-06-22T00:00:00Z,2022-06-29T23:59:59Z,oXvIAANTjTk,https://www.youtube.com/watch?v=oXvIAANTjTk,Magang dan Studi Independen Bersertifikat - Kampus Merdeka,"Andakah calon Mitra kami selanjutnya?
Simak video penjelasan singkat mengenai program Magang dan Studi Independen Bersertifikat Kampus Merdeka berikut ini. Selanjutnya, silakan mendaftarkan organisasi Anda di:

https://mitra.kampusmerdeka.kemdikbud.go.id",UCHIguuTeK2nQXixWzGyBBSg,MSIB Kampus Merdeka,2021-09-30T07:53:47Z,11944,318,16,UgyvsXuZCDDBuKtVksx4AaABAg,"Keren pak Nadiem dan pak Nurhadi, sukses terus serta lancar rejekinya,
Semoga kegiatannya berlanjut dan sukses",@muhammadagusalim5295,UCoMR4feEhWaQyz9-AyaHJVg,2022-07-27T00:39:06Z,2022-07-27T00:39:06Z,0,false,true,false
youtube,MSIB,MSIB_awal_setara,Magang dan Studi Independen Bersertifikat,Magang dan Studi Independen Bersertifikat,2021-06-22T00:00:00Z,2022-06-29T23:59:59Z,oXvIAANTjTk,https://www.youtube.com/watch?v=oXvIAANTjTk,Magang dan Studi Independen Bersertifikat - Kampus Merdeka,"Andakah calon Mitra kami selanjutnya?
Simak video penjelasan singkat mengenai program Magang dan Studi Independen Bersertifikat Kampus Merdeka berikut ini. Selanjutnya, silakan mendaftarkan organisasi Anda di:

https://mitra.kampusmerdeka.kemdikbud.go.id",UCHIguuTeK2nQXixWzGyBBSg,MSIB Kampus Merdeka,2021-09-30T07:53:47Z,11944,318,16,UgxIMSeEyJkMPxAgpft4AaABAg,"Pak Nadim memang keren, lanjutkan sebagai menteri pendidikan",@TMC-LearningMedia,UCY_RtiwnRVFzdbBfXmavAdw,2022-07-11T08:34:36Z,2022-07-11T08:34:36Z,1,false,true,false
youtube,MSIB,MSIB_awal_setara,Magang dan Studi Independen Bersertifikat,Magang dan Studi Independen Bersertifikat,2021-06-22T00:00:00Z,2022-06-29T23:59:59Z,oXvIAANTjTk,https://www.youtube.com/watch?v=oXvIAANTjTk,Magang dan Studi Independen Bersertifikat - Kampus Merdeka,"Andakah calon Mitra kami selanjutnya?
Simak video penjelasan singkat mengenai program Magang dan Studi Independen Bersertifikat Kampus Merdeka berikut ini. Selanjutnya, silakan mendaftarkan organisasi Anda di:

https://mitra.kampusmerdeka.kemdikbud.go.id",UCHIguuTeK2nQXixWzGyBBSg,MSIB Kampus Merdeka,2021-09-30T07:53:47Z,11944,318,16,Ugwj_VtipOut2mafrTh4AaABAg,"Gebrakan Mentri Nadim, emang best.!!",@windiintanpuspitasari,UCGhASFQRo_1gFaDAhoIMx7g,2022-05-13T20:06:38Z,2022-05-13T20:06:38Z,0,false,true,true
youtube,MSIB,MSIB_awal_setara,Magang dan Studi Independen Bersertifikat,Magang dan Studi Independen Bersertifikat,2021-06-22T00:00:00Z,2022-06-29T23:59:59Z,oXvIAANTjTk,https://www.youtube.com/watch?v=oXvIAANTjTk,Magang dan Studi Independen Bersertifikat - Kampus Merdeka,"Andakah calon Mitra kami selanjutnya?
Simak video penjelasan singkat mengenai program Magang dan Studi Independen Bersertifikat Kampus Merdeka berikut ini. Selanjutnya, silakan mendaftarkan organisasi Anda di:

https://mitra.kampusmerdeka.kemdikbud.go.id",UCHIguuTeK2nQXixWzGyBBSg,MSIB Kampus Merdeka,2021-09-30T07:53:47Z,11944,318,16,UgyJ6QM92Z9Q1Rgnsi94AaABAg,Sari BNI Kcp ITS - Hadir,@saripermata1445,UCWhuYV7Nwc_71x2R8HkjVow,2022-04-18T06:13:08Z,2022-04-18T06:13:08Z,0,false,true,true
youtube,MSIB,MSIB_awal_setara,Magang dan Studi Independen Bersertifikat,Magang dan Studi Independen Bersertifikat,2021-06-22T00:00:00Z,2022-06-29T23:59:59Z,oXvIAANTjTk,https://www.youtube.com/watch?v=oXvIAANTjTk,Magang dan Studi Independen Bersertifikat - Kampus Merdeka,"Andakah calon Mitra kami selanjutnya?
Simak video penjelasan singkat mengenai program Magang dan Studi Independen Bersertifikat Kampus Merdeka berikut ini. Selanjutnya, silakan mendaftarkan organisasi Anda di:

https://mitra.kampusmerdeka.kemdikbud.go.id",UCHIguuTeK2nQXixWzGyBBSg,MSIB Kampus Merdeka,2021-09-30T07:53:47Z,11944,318,16,UgxLN8YSvhWmYFAq7FJ4AaABAg,Di tunggu video nya selanjutnya perihal kampus merdeka.  salam mahasiswa Lampung,@kangsantri4737,UCNrNpmfcFs1LcTjqqRQ8Rkg,2022-01-11T16:10:59Z,2022-01-11T16:10:59Z,0,false,true,true
youtube,MSIB,MSIB_awal_setara,Magang dan Studi Independen Bersertifikat,Magang dan Studi Independen Bersertifikat,2021-06-22T00:00:00Z,2022-06-29T23:59:59Z,oXvIAANTjTk,https://www.youtube.com/watch?v=oXvIAANTjTk,Magang dan Studi Independen Bersertifikat - Kampus Merdeka,"Andakah calon Mitra kami selanjutnya?
Simak video penjelasan singkat mengenai program Magang dan Studi Independen Bersertifikat Kampus Merdeka berikut ini. Selanjutnya, silakan mendaftarkan organisasi Anda di:

https://mitra.kampusmerdeka.kemdikbud.go.id",UCHIguuTeK2nQXixWzGyBBSg,MSIB Kampus Merdeka,2021-09-30T07:53:47Z,11944,318,16,UgzspeFZaSwaOm4o5_R4AaABAg,Keren videonya Pak Nurhadi. Thanks for sharing the passion of MSIB with us!,@evirinata346,UCT8ykwv6sKKHFDYPhGxsxkg,2021-12-07T14:38:12Z,2021-12-07T14:38:12Z,4,false,true,true
youtube,MSIB,MSIB_awal_setara,Magang dan Studi Independen Bersertifikat,Magang dan Studi Independen Bersertifikat,2021-06-22T00:00:00Z,2022-06-29T23:59:59Z,oXvIAANTjTk,https://www.youtube.com/watch?v=oXvIAANTjTk,Magang dan Studi Independen Bersertifikat - Kampus Merdeka,"Andakah calon Mitra kami selanjutnya?
Simak video penjelasan singkat mengenai program Magang dan Studi Independen Bersertifikat Kampus Merdeka berikut ini. Selanjutnya, silakan mendaftarkan organisasi Anda di:

https://mitra.kampusmerdeka.kemdikbud.go.id",UCHIguuTeK2nQXixWzGyBBSg,MSIB Kampus Merdeka,2021-09-30T07:53:47Z,11944,318,16,Ugx3x6czNd5uMPUUh1x4AaABAg,Buat aja S1 magang selama 1 semester sebelum mrk buat skripsi sesuai bidangnya  contoh klu hukum magang di Lbh Lbh kampus bagi masyarakat miskin gratis  dan mahasiswa ekonomi  bina pengusaha kecil dan sarjana pertanian turun ke sawah bantu masyarakat klu mahasiswa kedokteran magang di puskesmas puskesmas  semacam kkn dulu tapi lebih sespisik,@gucciprimer6885,UCc2uq6znH-bBrhyPAd5E7wg,2021-12-03T22:40:04Z,2021-12-03T22:40:04Z,2,false,true,true
youtube,MSIB,MSIB_awal_setara,Magang dan Studi Independen Bersertifikat,Magang dan Studi Independen Bersertifikat,2021-06-22T00:00:00Z,2022-06-29T23:59:59Z,1PUjALRxUwI,https://www.youtube.com/watch?v=1PUjALRxUwI,Sharing mengenai program MSIB (Magang dan Studi Independen Bersertifikat) di Kampus Merdeka,"Berikut link yang terkait di video tersebut :
- Link website kampus merdeka = https://kampusmerdeka.kemdikbud.go.id/
- Link instagram magang kampus merdeka = https://www.instagram.com/magangmerdeka/
- Linktree info MSIB = https://linktr.ee/msib_kampusmerdeka
- Link panduan & informasi mahasiswa kampus merdeka = https://sites.google.com/wartek.belajar.id/faqmahasiswakm

next question bisa langsung dm di = https://www.instagram.com/ridhavanyy/",UCr2FB0035hVbDWTpu7bBmbA,Ridha tia vany,2022-01-06T13:45:12Z,100,5,2,Ugybg1b9koBXUHgx_jJ4AaABAg,Kalau untuk keberangkatan ke instansi magang ditanggung gak kak?,@sdlonlyme,UCXWhwbp2Ko1IR_fjxa4o0eA,2022-01-21T03:26:02Z,2022-01-21T03:26:02Z,0,false,true,true
youtube,MSIB,MSIB_awal_setara,Magang dan Studi Independen Bersertifikat,Magang dan Studi Independen Bersertifikat,2021-06-22T00:00:00Z,2022-06-29T23:59:59Z,1PUjALRxUwI,https://www.youtube.com/watch?v=1PUjALRxUwI,Sharing mengenai program MSIB (Magang dan Studi Independen Bersertifikat) di Kampus Merdeka,"Berikut link yang terkait di video tersebut :
- Link website kampus merdeka = https://kampusmerdeka.kemdikbud.go.id/
- Link instagram magang kampus merdeka = https://www.instagram.com/magangmerdeka/
- Linktree info MSIB = https://linktr.ee/msib_kampusmerdeka
- Link panduan & informasi mahasiswa kampus merdeka = https://sites.google.com/wartek.belajar.id/faqmahasiswakm

next question bisa langsung dm di = https://www.instagram.com/ridhavanyy/",UCr2FB0035hVbDWTpu7bBmbA,Ridha tia vany,2022-01-06T13:45:12Z,100,5,2,UgzJvN0KPE7tBHFbJDV4AaABAg,Semangaaaaat kaka,@IPAMIPUM,UC-04EfNM3-VqWuAozQWGbmw,2022-01-07T06:13:14Z,2022-01-07T06:13:14Z,0,false,true,true
youtube,MSIB,MSIB_awal_setara,Magang dan Studi Independen Bersertifikat,Magang dan Studi Independen Bersertifikat,2021-06-22T00:00:00Z,2022-06-29T23:59:59Z,A3cLszm7wY8,https://www.youtube.com/watch?v=A3cLszm7wY8,Sosialisasi Magang dan Studi Independen Bersertifikat UNJ,"Pendaftaran Program Magang dan Studi Independen Bersertifikat diperpanjang hingga 31 Juli 2021

Sosialisasi Program Magang dan Studi Independen Bersertifikat (MSIB)

Yuk segera daftarkan dirimu melalui link berikut:
https://kampusmerdeka.kemdikbud.go.id/

Panduan MSIB UNJ:
bit.ly/PanduanMSIB-UNJ

info lebih lanjut, hubungi @unjcareercenter
https://www.instagram.com/unjcareercenter/

Webinar CV dan Interview Hacks
Sabtu, 19 Juni 2021
13.00 - 15.00 WIB",UCL7x5ZIyp0fEUINyNRT5S8Q,PLPBK UNJ,2021-06-22T07:18:30Z,87,4,1,UgwpopZzCKVgvH3rrzN4AaABAg,Terima kasih banyak!,@muhammadarafatgaruda,UCAZ4crZQxHr-UFqsxfg2_tQ,2021-06-23T07:05:00Z,2021-06-23T07:05:00Z,0,false,true,true
youtube,MSIB,MSIB_awal_setara,Studi Independen Bersertifikat,Studi Independen Bersertifikat,2021-06-22T00:00:00Z,2022-06-29T23:59:59Z,LXRvJQMWWfU,https://www.youtube.com/watch?v=LXRvJQMWWfU,STUDI INDEPENDEN BERSERTIFIKAT MENJADI EKSPORTIR BARU 4.0,"#EksportirBaru
#DrHanditoJoewono",UCl7X7YsDLXK_2RObU18y0CA,Ayirtas Ahargun Channel,2021-07-07T13:07:45Z,33,2,3,Ugy7nJ1C9gi1bBqrgch4AaABAg,"Maaf pak, izin bertanya. Kalau sudah diterima program ini melalui email atau laman resmi kampus merdeka, apa masih ada tahap seleksinya?. Terimakasih🙏",@gratianussaferiushalawa9474,UCzhoFG3TRdmmbhr-R-0_W-A,2021-07-13T12:26:46Z,2021-07-13T12:26:46Z,1,false,true,true
youtube,MSIB,MSIB_awal_setara,Studi Independen Bersertifikat,Studi Independen Bersertifikat,2021-06-22T00:00:00Z,2022-06-29T23:59:59Z,edT3XjfXpA8,https://www.youtube.com/watch?v=edT3XjfXpA8,Program Studi Independen Bersertifikat Kampus Merdeka CIAS | Dr Indrawan Nugroho,"Pemaparan Program Studi Independen kampus merdeka di CIAS Dr Indrawan Nugroho pada program kampus merdeka kemdikbud.

dr indrawan nugroho,studi independen kampus merdeka,kampus merdeka studi independen,studi independen adalah,indrawan nugroho,corporate innovation,studi independen cias",UCJRcd3G6Nh5Scxr2GL9-fJw,Achmad Dhany Fachrudin,2021-06-28T11:12:31Z,2115,56,25,Ugw5eCkz6S2H_3N8mSp4AaABAg,Apa nama pencarian untuk di pencatian studi independen di situs kampus merdekanya,@Bigbos_didin,UC49t19iOPjAuRiJMTMCACLQ,2021-12-25T01:44:35Z,2021-12-25T01:44:35Z,0,false,true,true
youtube,MSIB,MSIB_awal_setara,Studi Independen Bersertifikat,Studi Independen Bersertifikat,2021-06-22T00:00:00Z,2022-06-29T23:59:59Z,edT3XjfXpA8,https://www.youtube.com/watch?v=edT3XjfXpA8,Program Studi Independen Bersertifikat Kampus Merdeka CIAS | Dr Indrawan Nugroho,"Pemaparan Program Studi Independen kampus merdeka di CIAS Dr Indrawan Nugroho pada program kampus merdeka kemdikbud.

dr indrawan nugroho,studi independen kampus merdeka,kampus merdeka studi independen,studi independen adalah,indrawan nugroho,corporate innovation,studi independen cias",UCJRcd3G6Nh5Scxr2GL9-fJw,Achmad Dhany Fachrudin,2021-06-28T11:12:31Z,2115,56,25,UgyU1dq8uECsWRfSEfJ4AaABAg,"Izin bertanya pak, studi independen ini online dari rumah masing-masing atau gimana?",@shintaayulestari1348,UCG85IsUBWKUYXN2Eo5HXEBw,2021-12-19T15:43:42Z,2021-12-19T15:43:42Z,0,false,true,true
youtube,MSIB,MSIB_awal_setara,Studi Independen Bersertifikat,Studi Independen Bersertifikat,2021-06-22T00:00:00Z,2022-06-29T23:59:59Z,edT3XjfXpA8,https://www.youtube.com/watch?v=edT3XjfXpA8,Program Studi Independen Bersertifikat Kampus Merdeka CIAS | Dr Indrawan Nugroho,"Pemaparan Program Studi Independen kampus merdeka di CIAS Dr Indrawan Nugroho pada program kampus merdeka kemdikbud.

dr indrawan nugroho,studi independen kampus merdeka,kampus merdeka studi independen,studi independen adalah,indrawan nugroho,corporate innovation,studi independen cias",UCJRcd3G6Nh5Scxr2GL9-fJw,Achmad Dhany Fachrudin,2021-06-28T11:12:31Z,2115,56,25,UgyWBl1yS6ypI-syg7l4AaABAg,"Hallo kak, apakah studi independen dapet uang saku seperti yang diungkapkan? Soalnya diketentyan kalo gasalah engga ada kak",@idansyahidan4011,UCyVXFuJwKvB2Y-U4DpISK0w,2021-07-28T16:58:13Z,2021-07-28T16:58:13Z,0,false,true,true
youtube,MSIB,MSIB_awal_setara,Studi Independen Bersertifikat,Studi Independen Bersertifikat,2021-06-22T00:00:00Z,2022-06-29T23:59:59Z,edT3XjfXpA8,https://www.youtube.com/watch?v=edT3XjfXpA8,Program Studi Independen Bersertifikat Kampus Merdeka CIAS | Dr Indrawan Nugroho,"Pemaparan Program Studi Independen kampus merdeka di CIAS Dr Indrawan Nugroho pada program kampus merdeka kemdikbud.

dr indrawan nugroho,studi independen kampus merdeka,kampus merdeka studi independen,studi independen adalah,indrawan nugroho,corporate innovation,studi independen cias",UCJRcd3G6Nh5Scxr2GL9-fJw,Achmad Dhany Fachrudin,2021-06-28T11:12:31Z,2115,56,25,UgxdvqcTrzWlktc_YUp4AaABAg,"Pak ijin bertanya, untuk mahasiswa yg sudah sidang meja hijau palah masih bisa mendaftar studi independen? Terima kasih pak",@lijamelisa4936,UCIpeydavUrGx7nUKmeHOqsA,2021-07-24T07:21:37Z,2021-07-24T07:21:37Z,0,false,true,true
youtube,MSIB,MSIB_awal_setara,Studi Independen Bersertifikat,Studi Independen Bersertifikat,2021-06-22T00:00:00Z,2022-06-29T23:59:59Z,edT3XjfXpA8,https://www.youtube.com/watch?v=edT3XjfXpA8,Program Studi Independen Bersertifikat Kampus Merdeka CIAS | Dr Indrawan Nugroho,"Pemaparan Program Studi Independen kampus merdeka di CIAS Dr Indrawan Nugroho pada program kampus merdeka kemdikbud.

dr indrawan nugroho,studi independen kampus merdeka,kampus merdeka studi independen,studi independen adalah,indrawan nugroho,corporate innovation,studi independen cias",UCJRcd3G6Nh5Scxr2GL9-fJw,Achmad Dhany Fachrudin,2021-06-28T11:12:31Z,2115,56,25,UgzGZMtr6NlkiOk5kul4AaABAg,"Terima kasih atas videonya, pak. Izin tanya kalau kita ikut program magang / studi independen dari Kampus Merdeka selama semester 5 apakah tetap membayar UKT ke kampus homebasenya ya? terima kasih",@irfanvisiawan6470,UC1-ixGhKW53vJlm_0NiqNfQ,2021-07-17T11:56:03Z,2021-07-17T11:56:03Z,3,false,true,true
youtube,MSIB,MSIB_awal_setara,Studi Independen Bersertifikat,Studi Independen Bersertifikat,2021-06-22T00:00:00Z,2022-06-29T23:59:59Z,edT3XjfXpA8,https://www.youtube.com/watch?v=edT3XjfXpA8,Program Studi Independen Bersertifikat Kampus Merdeka CIAS | Dr Indrawan Nugroho,"Pemaparan Program Studi Independen kampus merdeka di CIAS Dr Indrawan Nugroho pada program kampus merdeka kemdikbud.

dr indrawan nugroho,studi independen kampus merdeka,kampus merdeka studi independen,studi independen adalah,indrawan nugroho,corporate innovation,studi independen cias",UCJRcd3G6Nh5Scxr2GL9-fJw,Achmad Dhany Fachrudin,2021-06-28T11:12:31Z,2115,56,25,UgwL8NRt-CNMUlyqCFR4AaABAg,Kak kalau dalam semester tsb sambil mengambil mata kuliah lain apakah bisa?,@fauziahsafitri652,UCcov8xlOIpAI4LOlUSkunxQ,2021-07-08T04:42:32Z,2021-07-08T04:42:32Z,0,false,true,true
youtube,MSIB,MSIB_awal_setara,Studi Independen Bersertifikat,Studi Independen Bersertifikat,2021-06-22T00:00:00Z,2022-06-29T23:59:59Z,edT3XjfXpA8,https://www.youtube.com/watch?v=edT3XjfXpA8,Program Studi Independen Bersertifikat Kampus Merdeka CIAS | Dr Indrawan Nugroho,"Pemaparan Program Studi Independen kampus merdeka di CIAS Dr Indrawan Nugroho pada program kampus merdeka kemdikbud.

dr indrawan nugroho,studi independen kampus merdeka,kampus merdeka studi independen,studi independen adalah,indrawan nugroho,corporate innovation,studi independen cias",UCJRcd3G6Nh5Scxr2GL9-fJw,Achmad Dhany Fachrudin,2021-06-28T11:12:31Z,2115,56,25,Ugz-QG1KosZIABzF8ud4AaABAg,"Ngiri banget sama mahasiswa sekarang. Lah, zaman Miss dulu ...🤔😂",@EnglishwithMissAnti,UCSNAgoWgTXHntnT608ruZXQ,2021-07-04T06:59:48Z,2021-07-04T06:59:48Z,0,false,true,true
youtube,MSIB,MSIB_awal_setara,Studi Independen Bersertifikat,Studi Independen Bersertifikat,2021-06-22T00:00:00Z,2022-06-29T23:59:59Z,edT3XjfXpA8,https://www.youtube.com/watch?v=edT3XjfXpA8,Program Studi Independen Bersertifikat Kampus Merdeka CIAS | Dr Indrawan Nugroho,"Pemaparan Program Studi Independen kampus merdeka di CIAS Dr Indrawan Nugroho pada program kampus merdeka kemdikbud.

dr indrawan nugroho,studi independen kampus merdeka,kampus merdeka studi independen,studi independen adalah,indrawan nugroho,corporate innovation,studi independen cias",UCJRcd3G6Nh5Scxr2GL9-fJw,Achmad Dhany Fachrudin,2021-06-28T11:12:31Z,2115,56,25,UgxuG8RlJOz1rELZ0-t4AaABAg,"Pak mau bertanya, sekarang saya sudah semester 4 dan baru tahun ini nilai saya anjok :( saya ingin ambil study independen dan harus memasukan transkip nilai apakah ada kesempatan lulus pak dan berapa besar bobot transkrip nilai untuk bisa lulus. Terima kasih",@GabrielTaraIvaldi-,UCYuOyknLikyxSXzaAAmGXTA,2021-07-03T19:29:49Z,2021-07-03T19:33:06Z,0,false,true,true
youtube,MSIB,MSIB_awal_setara,Studi Independen Bersertifikat,Studi Independen Bersertifikat,2021-06-22T00:00:00Z,2022-06-29T23:59:59Z,edT3XjfXpA8,https://www.youtube.com/watch?v=edT3XjfXpA8,Program Studi Independen Bersertifikat Kampus Merdeka CIAS | Dr Indrawan Nugroho,"Pemaparan Program Studi Independen kampus merdeka di CIAS Dr Indrawan Nugroho pada program kampus merdeka kemdikbud.

dr indrawan nugroho,studi independen kampus merdeka,kampus merdeka studi independen,studi independen adalah,indrawan nugroho,corporate innovation,studi independen cias",UCJRcd3G6Nh5Scxr2GL9-fJw,Achmad Dhany Fachrudin,2021-06-28T11:12:31Z,2115,56,25,Ugw0RyL8bh9oX1Rz7KZ4AaABAg,"Permisi pak  
Izin tanya kalau daftar studi independen boleh daftar di 2 tempat atau lebih kah ? (Buat jaga-jaga kalo gak lolos salah satu)
Terimakasih",@momentyoutubers,UCP1gHV87xAW7JfALWNr6qdQ,2021-07-03T12:32:13Z,2021-07-03T12:32:13Z,1,false,true,true
youtube,MSIB,MSIB_awal_setara,Studi Independen Bersertifikat,Studi Independen Bersertifikat,2021-06-22T00:00:00Z,2022-06-29T23:59:59Z,edT3XjfXpA8,https://www.youtube.com/watch?v=edT3XjfXpA8,Program Studi Independen Bersertifikat Kampus Merdeka CIAS | Dr Indrawan Nugroho,"Pemaparan Program Studi Independen kampus merdeka di CIAS Dr Indrawan Nugroho pada program kampus merdeka kemdikbud.

dr indrawan nugroho,studi independen kampus merdeka,kampus merdeka studi independen,studi independen adalah,indrawan nugroho,corporate innovation,studi independen cias",UCJRcd3G6Nh5Scxr2GL9-fJw,Achmad Dhany Fachrudin,2021-06-28T11:12:31Z,2115,56,25,UgxkUHWxJNtCJ1c47wR4AaABAg,"pak mau tanya, semester 3 busa g daftar?",@resha4127,UCktlOTZrzgiHC2ShDVOCotg,2021-07-02T05:07:06Z,2021-07-02T05:07:06Z,1,false,true,true
youtube,MSIB,MSIB_awal_setara,Studi Independen Bersertifikat,Studi Independen Bersertifikat,2021-06-22T00:00:00Z,2022-06-29T23:59:59Z,edT3XjfXpA8,https://www.youtube.com/watch?v=edT3XjfXpA8,Program Studi Independen Bersertifikat Kampus Merdeka CIAS | Dr Indrawan Nugroho,"Pemaparan Program Studi Independen kampus merdeka di CIAS Dr Indrawan Nugroho pada program kampus merdeka kemdikbud.

dr indrawan nugroho,studi independen kampus merdeka,kampus merdeka studi independen,studi independen adalah,indrawan nugroho,corporate innovation,studi independen cias",UCJRcd3G6Nh5Scxr2GL9-fJw,Achmad Dhany Fachrudin,2021-06-28T11:12:31Z,2115,56,25,Ugxvl1dkxollNECd45d4AaABAg,"Pak mau nanyak kalau ikut insiden ini apakah membuat keterampilan gitu, yg bisa di jual?",@siskatamba1464,UCyPqNxgKORlIS6WROtqvSzQ,2021-07-02T03:39:37Z,2021-07-02T03:39:37Z,0,false,true,true
youtube,MSIB,MSIB_awal_setara,Studi Independen Bersertifikat,Studi Independen Bersertifikat,2021-06-22T00:00:00Z,2022-06-29T23:59:59Z,33XcaeG8MME,https://www.youtube.com/watch?v=33XcaeG8MME,Inkubator Startup untuk Mahasiwa - Kampus Merdeka: Studi Independen Bersertifikat,"MASA PENDAFTARAN DIPERPANJANG HINGGA 30 JULI 2021! Luncurkan Startup kamu dalam 6 bulan.  Boleh digital, physical atau social. Bangun Squad bersama sahabatmu. Cari peluang. Ciptakan produk. Tes pasar. Sempurnakan. Luncurkan! BIMBINGAN GRATIS untuk mahasiswa. Lihat dibawah untuk infonya.

Jika kamu Mahasiswa yang mau masuk semester 5 keatas, segera daftar Agile Innovation Project-based Learning, salah satu program Studi Independen Bersertifikat di Kampus Merdeka, Kemendikbud. Kesempatan belajar dan berkarya di luar kampus senilai 20 SKS. Seluruh aktivitas dilakukan secara online bersama tim mentor dari Corporate Innovation Asia (CIAS).

Cari info lengkapnya di https://www.cias.co/kampus-merdeka

#kampusmerdeka #studiindependenbersertifikat #cias #enableinnovation #startup #innovation #learning",UC1SwRNlsG7CvewxJbycKmiA,Dr. Indrawan Nugroho,2021-07-09T08:53:03Z,19360,381,59,UgybdcEqPHO7Har0HDp4AaABAg,boleh saya daftar sekarang dok ? walaupun saya masih lama untuk ke sem 5-6 nya.. Sekolah Tinggi Teknologi Bandung,@syahfrilyana6222,UCgahFxqEhXf9F29NRuBlWfQ,2022-02-25T12:03:05Z,2022-02-25T12:03:05Z,0,false,true,true
youtube,MSIB,MSIB_awal_setara,Studi Independen Bersertifikat,Studi Independen Bersertifikat,2021-06-22T00:00:00Z,2022-06-29T23:59:59Z,33XcaeG8MME,https://www.youtube.com/watch?v=33XcaeG8MME,Inkubator Startup untuk Mahasiwa - Kampus Merdeka: Studi Independen Bersertifikat,"MASA PENDAFTARAN DIPERPANJANG HINGGA 30 JULI 2021! Luncurkan Startup kamu dalam 6 bulan.  Boleh digital, physical atau social. Bangun Squad bersama sahabatmu. Cari peluang. Ciptakan produk. Tes pasar. Sempurnakan. Luncurkan! BIMBINGAN GRATIS untuk mahasiswa. Lihat dibawah untuk infonya.

Jika kamu Mahasiswa yang mau masuk semester 5 keatas, segera daftar Agile Innovation Project-based Learning, salah satu program Studi Independen Bersertifikat di Kampus Merdeka, Kemendikbud. Kesempatan belajar dan berkarya di luar kampus senilai 20 SKS. Seluruh aktivitas dilakukan secara online bersama tim mentor dari Corporate Innovation Asia (CIAS).

Cari info lengkapnya di https://www.cias.co/kampus-merdeka

#kampusmerdeka #studiindependenbersertifikat #cias #enableinnovation #startup #innovation #learning",UC1SwRNlsG7CvewxJbycKmiA,Dr. Indrawan Nugroho,2021-07-09T08:53:03Z,19360,381,59,UgyQZv_Ba14ZNsZrEi14AaABAg,Masih buka kelas? Biaya?,@sabuasy6115,UCIeX4mOgAisv71jLCV0Urdg,2022-02-13T21:24:06Z,2022-02-13T21:24:06Z,0,false,true,true
youtube,MSIB,MSIB_awal_setara,Studi Independen Bersertifikat,Studi Independen Bersertifikat,2021-06-22T00:00:00Z,2022-06-29T23:59:59Z,33XcaeG8MME,https://www.youtube.com/watch?v=33XcaeG8MME,Inkubator Startup untuk Mahasiwa - Kampus Merdeka: Studi Independen Bersertifikat,"MASA PENDAFTARAN DIPERPANJANG HINGGA 30 JULI 2021! Luncurkan Startup kamu dalam 6 bulan.  Boleh digital, physical atau social. Bangun Squad bersama sahabatmu. Cari peluang. Ciptakan produk. Tes pasar. Sempurnakan. Luncurkan! BIMBINGAN GRATIS untuk mahasiswa. Lihat dibawah untuk infonya.

Jika kamu Mahasiswa yang mau masuk semester 5 keatas, segera daftar Agile Innovation Project-based Learning, salah satu program Studi Independen Bersertifikat di Kampus Merdeka, Kemendikbud. Kesempatan belajar dan berkarya di luar kampus senilai 20 SKS. Seluruh aktivitas dilakukan secara online bersama tim mentor dari Corporate Innovation Asia (CIAS).

Cari info lengkapnya di https://www.cias.co/kampus-merdeka

#kampusmerdeka #studiindependenbersertifikat #cias #enableinnovation #startup #innovation #learning",UC1SwRNlsG7CvewxJbycKmiA,Dr. Indrawan Nugroho,2021-07-09T08:53:03Z,19360,381,59,Ugzw7TrlSpao5RkZ-BF4AaABAg,"pak, ada serupa ini untuk mhswa pascasarjana?",@AinulLuthfiana,UCTMtBgk-K9hCmG00KoHEqMQ,2021-10-04T09:23:25Z,2021-10-04T09:23:25Z,0,false,true,true
youtube,MSIB,MSIB_awal_setara,Studi Independen Bersertifikat,Studi Independen Bersertifikat,2021-06-22T00:00:00Z,2022-06-29T23:59:59Z,33XcaeG8MME,https://www.youtube.com/watch?v=33XcaeG8MME,Inkubator Startup untuk Mahasiwa - Kampus Merdeka: Studi Independen Bersertifikat,"MASA PENDAFTARAN DIPERPANJANG HINGGA 30 JULI 2021! Luncurkan Startup kamu dalam 6 bulan.  Boleh digital, physical atau social. Bangun Squad bersama sahabatmu. Cari peluang. Ciptakan produk. Tes pasar. Sempurnakan. Luncurkan! BIMBINGAN GRATIS untuk mahasiswa. Lihat dibawah untuk infonya.

Jika kamu Mahasiswa yang mau masuk semester 5 keatas, segera daftar Agile Innovation Project-based Learning, salah satu program Studi Independen Bersertifikat di Kampus Merdeka, Kemendikbud. Kesempatan belajar dan berkarya di luar kampus senilai 20 SKS. Seluruh aktivitas dilakukan secara online bersama tim mentor dari Corporate Innovation Asia (CIAS).

Cari info lengkapnya di https://www.cias.co/kampus-merdeka

#kampusmerdeka #studiindependenbersertifikat #cias #enableinnovation #startup #innovation #learning",UC1SwRNlsG7CvewxJbycKmiA,Dr. Indrawan Nugroho,2021-07-09T08:53:03Z,19360,381,59,Ugx91MryDcyO8etxAot4AaABAg,"Waaahhhh telat info nih, baru tahu channel keren kayak gini",@alfiannurrozzak8974,UCjDC3qj1QT85bpSFErRqYmw,2021-08-11T11:43:26Z,2021-08-11T11:43:26Z,3,false,true,true
youtube,MSIB,MSIB_awal_setara,Studi Independen Bersertifikat,Studi Independen Bersertifikat,2021-06-22T00:00:00Z,2022-06-29T23:59:59Z,33XcaeG8MME,https://www.youtube.com/watch?v=33XcaeG8MME,Inkubator Startup untuk Mahasiwa - Kampus Merdeka: Studi Independen Bersertifikat,"MASA PENDAFTARAN DIPERPANJANG HINGGA 30 JULI 2021! Luncurkan Startup kamu dalam 6 bulan.  Boleh digital, physical atau social. Bangun Squad bersama sahabatmu. Cari peluang. Ciptakan produk. Tes pasar. Sempurnakan. Luncurkan! BIMBINGAN GRATIS untuk mahasiswa. Lihat dibawah untuk infonya.

Jika kamu Mahasiswa yang mau masuk semester 5 keatas, segera daftar Agile Innovation Project-based Learning, salah satu program Studi Independen Bersertifikat di Kampus Merdeka, Kemendikbud. Kesempatan belajar dan berkarya di luar kampus senilai 20 SKS. Seluruh aktivitas dilakukan secara online bersama tim mentor dari Corporate Innovation Asia (CIAS).

Cari info lengkapnya di https://www.cias.co/kampus-merdeka

#kampusmerdeka #studiindependenbersertifikat #cias #enableinnovation #startup #innovation #learning",UC1SwRNlsG7CvewxJbycKmiA,Dr. Indrawan Nugroho,2021-07-09T08:53:03Z,19360,381,59,UgxryOuATTxBhuhd7Xh4AaABAg,Waduh udh smester 11,@hgtuah,UCf1EkVMls_1IohJe_ZIjC0g,2021-08-10T01:13:11Z,2021-08-10T01:13:11Z,0,false,true,true
youtube,MSIB,MSIB_awal_setara,Studi Independen Bersertifikat,Studi Independen Bersertifikat,2021-06-22T00:00:00Z,2022-06-29T23:59:59Z,33XcaeG8MME,https://www.youtube.com/watch?v=33XcaeG8MME,Inkubator Startup untuk Mahasiwa - Kampus Merdeka: Studi Independen Bersertifikat,"MASA PENDAFTARAN DIPERPANJANG HINGGA 30 JULI 2021! Luncurkan Startup kamu dalam 6 bulan.  Boleh digital, physical atau social. Bangun Squad bersama sahabatmu. Cari peluang. Ciptakan produk. Tes pasar. Sempurnakan. Luncurkan! BIMBINGAN GRATIS untuk mahasiswa. Lihat dibawah untuk infonya.

Jika kamu Mahasiswa yang mau masuk semester 5 keatas, segera daftar Agile Innovation Project-based Learning, salah satu program Studi Independen Bersertifikat di Kampus Merdeka, Kemendikbud. Kesempatan belajar dan berkarya di luar kampus senilai 20 SKS. Seluruh aktivitas dilakukan secara online bersama tim mentor dari Corporate Innovation Asia (CIAS).

Cari info lengkapnya di https://www.cias.co/kampus-merdeka

#kampusmerdeka #studiindependenbersertifikat #cias #enableinnovation #startup #innovation #learning",UC1SwRNlsG7CvewxJbycKmiA,Dr. Indrawan Nugroho,2021-07-09T08:53:03Z,19360,381,59,UgxZA1Mbp1KyKvyN-vl4AaABAg,Kalau inkubator selain mahasiswa ada engga ya Dr?,@subvenireproduction9396,UCciDgsGPSWBvvgJDsLsLZfg,2021-08-05T18:13:50Z,2021-08-05T18:13:50Z,0,false,true,true
youtube,MSIB,MSIB_awal_setara,Studi Independen Bersertifikat,Studi Independen Bersertifikat,2021-06-22T00:00:00Z,2022-06-29T23:59:59Z,33XcaeG8MME,https://www.youtube.com/watch?v=33XcaeG8MME,Inkubator Startup untuk Mahasiwa - Kampus Merdeka: Studi Independen Bersertifikat,"MASA PENDAFTARAN DIPERPANJANG HINGGA 30 JULI 2021! Luncurkan Startup kamu dalam 6 bulan.  Boleh digital, physical atau social. Bangun Squad bersama sahabatmu. Cari peluang. Ciptakan produk. Tes pasar. Sempurnakan. Luncurkan! BIMBINGAN GRATIS untuk mahasiswa. Lihat dibawah untuk infonya.

Jika kamu Mahasiswa yang mau masuk semester 5 keatas, segera daftar Agile Innovation Project-based Learning, salah satu program Studi Independen Bersertifikat di Kampus Merdeka, Kemendikbud. Kesempatan belajar dan berkarya di luar kampus senilai 20 SKS. Seluruh aktivitas dilakukan secara online bersama tim mentor dari Corporate Innovation Asia (CIAS).

Cari info lengkapnya di https://www.cias.co/kampus-merdeka

#kampusmerdeka #studiindependenbersertifikat #cias #enableinnovation #startup #innovation #learning",UC1SwRNlsG7CvewxJbycKmiA,Dr. Indrawan Nugroho,2021-07-09T08:53:03Z,19360,381,59,UgwuhnMtzOxN-zjvpc14AaABAg,"Wah kerren pak..semoga kita dipertemukan, ingin rasanya menyampaikan 2 ide bisnis startup saya yang sudah lama menjadi konsep di kepala. Tapi masih bingung mau eksekusi lewat mana dan bagainana",@ngedit_dulu,UCxtX_aw0t6IELi9L4Hxg8Dw,2021-08-04T05:57:05Z,2021-08-04T05:57:05Z,1,false,true,true
youtube,MSIB,MSIB_awal_setara,Studi Independen Bersertifikat,Studi Independen Bersertifikat,2021-06-22T00:00:00Z,2022-06-29T23:59:59Z,33XcaeG8MME,https://www.youtube.com/watch?v=33XcaeG8MME,Inkubator Startup untuk Mahasiwa - Kampus Merdeka: Studi Independen Bersertifikat,"MASA PENDAFTARAN DIPERPANJANG HINGGA 30 JULI 2021! Luncurkan Startup kamu dalam 6 bulan.  Boleh digital, physical atau social. Bangun Squad bersama sahabatmu. Cari peluang. Ciptakan produk. Tes pasar. Sempurnakan. Luncurkan! BIMBINGAN GRATIS untuk mahasiswa. Lihat dibawah untuk infonya.

Jika kamu Mahasiswa yang mau masuk semester 5 keatas, segera daftar Agile Innovation Project-based Learning, salah satu program Studi Independen Bersertifikat di Kampus Merdeka, Kemendikbud. Kesempatan belajar dan berkarya di luar kampus senilai 20 SKS. Seluruh aktivitas dilakukan secara online bersama tim mentor dari Corporate Innovation Asia (CIAS).

Cari info lengkapnya di https://www.cias.co/kampus-merdeka

#kampusmerdeka #studiindependenbersertifikat #cias #enableinnovation #startup #innovation #learning",UC1SwRNlsG7CvewxJbycKmiA,Dr. Indrawan Nugroho,2021-07-09T08:53:03Z,19360,381,59,UgzIkFLsDNx1Hi6_4Lp4AaABAg,"Duh pengen banget ikut, tp online. Haduh..",@konspirasiutankayu6731,UC7kcTVhm5tWPXsCw12cCofA,2021-08-02T16:12:23Z,2021-08-02T16:12:23Z,0,false,true,true
youtube,MSIB,MSIB_awal_setara,Studi Independen Bersertifikat,Studi Independen Bersertifikat,2021-06-22T00:00:00Z,2022-06-29T23:59:59Z,33XcaeG8MME,https://www.youtube.com/watch?v=33XcaeG8MME,Inkubator Startup untuk Mahasiwa - Kampus Merdeka: Studi Independen Bersertifikat,"MASA PENDAFTARAN DIPERPANJANG HINGGA 30 JULI 2021! Luncurkan Startup kamu dalam 6 bulan.  Boleh digital, physical atau social. Bangun Squad bersama sahabatmu. Cari peluang. Ciptakan produk. Tes pasar. Sempurnakan. Luncurkan! BIMBINGAN GRATIS untuk mahasiswa. Lihat dibawah untuk infonya.

Jika kamu Mahasiswa yang mau masuk semester 5 keatas, segera daftar Agile Innovation Project-based Learning, salah satu program Studi Independen Bersertifikat di Kampus Merdeka, Kemendikbud. Kesempatan belajar dan berkarya di luar kampus senilai 20 SKS. Seluruh aktivitas dilakukan secara online bersama tim mentor dari Corporate Innovation Asia (CIAS).

Cari info lengkapnya di https://www.cias.co/kampus-merdeka

#kampusmerdeka #studiindependenbersertifikat #cias #enableinnovation #startup #innovation #learning",UC1SwRNlsG7CvewxJbycKmiA,Dr. Indrawan Nugroho,2021-07-09T08:53:03Z,19360,381,59,Ugy0HleY4KINaeTWDg54AaABAg,Untuk yang baru sidang juli kemarin apakah masih bisa daftar ya pak?,@sherlockholmes7136,UCCUdlBMo3NODEaKAmhi4nkA,2021-08-02T00:51:29Z,2021-08-02T00:51:29Z,0,false,true,true
youtube,MSIB,MSIB_awal_setara,Studi Independen Bersertifikat,Studi Independen Bersertifikat,2021-06-22T00:00:00Z,2022-06-29T23:59:59Z,33XcaeG8MME,https://www.youtube.com/watch?v=33XcaeG8MME,Inkubator Startup untuk Mahasiwa - Kampus Merdeka: Studi Independen Bersertifikat,"MASA PENDAFTARAN DIPERPANJANG HINGGA 30 JULI 2021! Luncurkan Startup kamu dalam 6 bulan.  Boleh digital, physical atau social. Bangun Squad bersama sahabatmu. Cari peluang. Ciptakan produk. Tes pasar. Sempurnakan. Luncurkan! BIMBINGAN GRATIS untuk mahasiswa. Lihat dibawah untuk infonya.

Jika kamu Mahasiswa yang mau masuk semester 5 keatas, segera daftar Agile Innovation Project-based Learning, salah satu program Studi Independen Bersertifikat di Kampus Merdeka, Kemendikbud. Kesempatan belajar dan berkarya di luar kampus senilai 20 SKS. Seluruh aktivitas dilakukan secara online bersama tim mentor dari Corporate Innovation Asia (CIAS).

Cari info lengkapnya di https://www.cias.co/kampus-merdeka

#kampusmerdeka #studiindependenbersertifikat #cias #enableinnovation #startup #innovation #learning",UC1SwRNlsG7CvewxJbycKmiA,Dr. Indrawan Nugroho,2021-07-09T08:53:03Z,19360,381,59,UgyLlIsgWffbf8BrCQx4AaABAg,"Bagus banget pak Indrawan, saya merasanya anak2 muda sekarang ada fenomena kesenjangan profesionalisme, yg bisa jadi ini solusinya biar mahasiswa jadi ekspresif",@janganliatchannelini,UCxKdR8s9z_8xezhX-33BN6Q,2021-07-24T12:01:58Z,2021-07-24T12:01:58Z,3,false,true,true
youtube,MSIB,MSIB_awal_setara,Studi Independen Bersertifikat,Studi Independen Bersertifikat,2021-06-22T00:00:00Z,2022-06-29T23:59:59Z,33XcaeG8MME,https://www.youtube.com/watch?v=33XcaeG8MME,Inkubator Startup untuk Mahasiwa - Kampus Merdeka: Studi Independen Bersertifikat,"MASA PENDAFTARAN DIPERPANJANG HINGGA 30 JULI 2021! Luncurkan Startup kamu dalam 6 bulan.  Boleh digital, physical atau social. Bangun Squad bersama sahabatmu. Cari peluang. Ciptakan produk. Tes pasar. Sempurnakan. Luncurkan! BIMBINGAN GRATIS untuk mahasiswa. Lihat dibawah untuk infonya.

Jika kamu Mahasiswa yang mau masuk semester 5 keatas, segera daftar Agile Innovation Project-based Learning, salah satu program Studi Independen Bersertifikat di Kampus Merdeka, Kemendikbud. Kesempatan belajar dan berkarya di luar kampus senilai 20 SKS. Seluruh aktivitas dilakukan secara online bersama tim mentor dari Corporate Innovation Asia (CIAS).

Cari info lengkapnya di https://www.cias.co/kampus-merdeka

#kampusmerdeka #studiindependenbersertifikat #cias #enableinnovation #startup #innovation #learning",UC1SwRNlsG7CvewxJbycKmiA,Dr. Indrawan Nugroho,2021-07-09T08:53:03Z,19360,381,59,UgzTgAXWLLXtp0b14ut4AaABAg,"Pak, untuk yg udah lulus gmn?",@nyongambonspul,UC2oDCuuV9KlZASTn_InSjrA,2021-07-21T22:16:27Z,2021-07-21T22:16:27Z,0,false,true,true
youtube,MSIB,MSIB_awal_setara,Studi Independen Bersertifikat,Studi Independen Bersertifikat,2021-06-22T00:00:00Z,2022-06-29T23:59:59Z,33XcaeG8MME,https://www.youtube.com/watch?v=33XcaeG8MME,Inkubator Startup untuk Mahasiwa - Kampus Merdeka: Studi Independen Bersertifikat,"MASA PENDAFTARAN DIPERPANJANG HINGGA 30 JULI 2021! Luncurkan Startup kamu dalam 6 bulan.  Boleh digital, physical atau social. Bangun Squad bersama sahabatmu. Cari peluang. Ciptakan produk. Tes pasar. Sempurnakan. Luncurkan! BIMBINGAN GRATIS untuk mahasiswa. Lihat dibawah untuk infonya.

Jika kamu Mahasiswa yang mau masuk semester 5 keatas, segera daftar Agile Innovation Project-based Learning, salah satu program Studi Independen Bersertifikat di Kampus Merdeka, Kemendikbud. Kesempatan belajar dan berkarya di luar kampus senilai 20 SKS. Seluruh aktivitas dilakukan secara online bersama tim mentor dari Corporate Innovation Asia (CIAS).

Cari info lengkapnya di https://www.cias.co/kampus-merdeka

#kampusmerdeka #studiindependenbersertifikat #cias #enableinnovation #startup #innovation #learning",UC1SwRNlsG7CvewxJbycKmiA,Dr. Indrawan Nugroho,2021-07-09T08:53:03Z,19360,381,59,Ugz-KUN6UX80ymBy_C94AaABAg,Ada sesi ke-2 gk coach?,@azizmiftahuzzuhron3766,UCI5zjFL7Z_ueARbwBmQFRMg,2021-07-21T04:11:43Z,2021-07-21T04:11:43Z,1,false,true,true
youtube,MSIB,MSIB_awal_setara,Studi Independen Bersertifikat,Studi Independen Bersertifikat,2021-06-22T00:00:00Z,2022-06-29T23:59:59Z,33XcaeG8MME,https://www.youtube.com/watch?v=33XcaeG8MME,Inkubator Startup untuk Mahasiwa - Kampus Merdeka: Studi Independen Bersertifikat,"MASA PENDAFTARAN DIPERPANJANG HINGGA 30 JULI 2021! Luncurkan Startup kamu dalam 6 bulan.  Boleh digital, physical atau social. Bangun Squad bersama sahabatmu. Cari peluang. Ciptakan produk. Tes pasar. Sempurnakan. Luncurkan! BIMBINGAN GRATIS untuk mahasiswa. Lihat dibawah untuk infonya.

Jika kamu Mahasiswa yang mau masuk semester 5 keatas, segera daftar Agile Innovation Project-based Learning, salah satu program Studi Independen Bersertifikat di Kampus Merdeka, Kemendikbud. Kesempatan belajar dan berkarya di luar kampus senilai 20 SKS. Seluruh aktivitas dilakukan secara online bersama tim mentor dari Corporate Innovation Asia (CIAS).

Cari info lengkapnya di https://www.cias.co/kampus-merdeka

#kampusmerdeka #studiindependenbersertifikat #cias #enableinnovation #startup #innovation #learning",UC1SwRNlsG7CvewxJbycKmiA,Dr. Indrawan Nugroho,2021-07-09T08:53:03Z,19360,381,59,UgwEBD5suyJJ1IIdMCF4AaABAg,semester 2 bisa gak ikutan?,@zainsyakirnaufal4381,UCHFeV68rm-rZbdpMGQEC1YA,2021-07-21T01:18:11Z,2021-07-21T01:18:11Z,2,false,true,true
youtube,MSIB,MSIB_awal_setara,Studi Independen Bersertifikat,Studi Independen Bersertifikat,2021-06-22T00:00:00Z,2022-06-29T23:59:59Z,33XcaeG8MME,https://www.youtube.com/watch?v=33XcaeG8MME,Inkubator Startup untuk Mahasiwa - Kampus Merdeka: Studi Independen Bersertifikat,"MASA PENDAFTARAN DIPERPANJANG HINGGA 30 JULI 2021! Luncurkan Startup kamu dalam 6 bulan.  Boleh digital, physical atau social. Bangun Squad bersama sahabatmu. Cari peluang. Ciptakan produk. Tes pasar. Sempurnakan. Luncurkan! BIMBINGAN GRATIS untuk mahasiswa. Lihat dibawah untuk infonya.

Jika kamu Mahasiswa yang mau masuk semester 5 keatas, segera daftar Agile Innovation Project-based Learning, salah satu program Studi Independen Bersertifikat di Kampus Merdeka, Kemendikbud. Kesempatan belajar dan berkarya di luar kampus senilai 20 SKS. Seluruh aktivitas dilakukan secara online bersama tim mentor dari Corporate Innovation Asia (CIAS).

Cari info lengkapnya di https://www.cias.co/kampus-merdeka

#kampusmerdeka #studiindependenbersertifikat #cias #enableinnovation #startup #innovation #learning",UC1SwRNlsG7CvewxJbycKmiA,Dr. Indrawan Nugroho,2021-07-09T08:53:03Z,19360,381,59,UgwCYLN9r06hSMW4csx4AaABAg,"Pak indra, saya mau tanya apakah akreditasi prodi berpengaruh besar saat mencari kerja atau berbisnis? Kebetulan saya dilema antara prodi sistem informasi (akreditasi baik) atau matematika atau managemen (akreditasi sangat baik & unggul)",@fajarreynaldi1006,UCgzaNaqFbY0dlx4vwG3BTKg,2021-07-16T23:55:25Z,2021-07-16T23:55:25Z,0,false,true,true
youtube,MSIB,MSIB_awal_setara,Studi Independen Bersertifikat,Studi Independen Bersertifikat,2021-06-22T00:00:00Z,2022-06-29T23:59:59Z,33XcaeG8MME,https://www.youtube.com/watch?v=33XcaeG8MME,Inkubator Startup untuk Mahasiwa - Kampus Merdeka: Studi Independen Bersertifikat,"MASA PENDAFTARAN DIPERPANJANG HINGGA 30 JULI 2021! Luncurkan Startup kamu dalam 6 bulan.  Boleh digital, physical atau social. Bangun Squad bersama sahabatmu. Cari peluang. Ciptakan produk. Tes pasar. Sempurnakan. Luncurkan! BIMBINGAN GRATIS untuk mahasiswa. Lihat dibawah untuk infonya.

Jika kamu Mahasiswa yang mau masuk semester 5 keatas, segera daftar Agile Innovation Project-based Learning, salah satu program Studi Independen Bersertifikat di Kampus Merdeka, Kemendikbud. Kesempatan belajar dan berkarya di luar kampus senilai 20 SKS. Seluruh aktivitas dilakukan secara online bersama tim mentor dari Corporate Innovation Asia (CIAS).

Cari info lengkapnya di https://www.cias.co/kampus-merdeka

#kampusmerdeka #studiindependenbersertifikat #cias #enableinnovation #startup #innovation #learning",UC1SwRNlsG7CvewxJbycKmiA,Dr. Indrawan Nugroho,2021-07-09T08:53:03Z,19360,381,59,UgxCdLLzAjIrf4c5zd14AaABAg,"Pengen daftar sebenernya, tapi masih maba jadi agak ragu. Takut ganggu perkuliahan semester awal. Apalagi kata kating, ipk semester awal tuh penting karena relatif lebih gampang matkulnya, soalnya nanti ipk semester akhir ipk bakalan lebih fluktuatif",@benedict1565,UCiP9ZYUq74tBSjy8x-OwLCA,2021-07-16T07:24:13Z,2021-07-16T07:24:13Z,1,false,true,true
youtube,MSIB,MSIB_awal_setara,Studi Independen Bersertifikat,Studi Independen Bersertifikat,2021-06-22T00:00:00Z,2022-06-29T23:59:59Z,33XcaeG8MME,https://www.youtube.com/watch?v=33XcaeG8MME,Inkubator Startup untuk Mahasiwa - Kampus Merdeka: Studi Independen Bersertifikat,"MASA PENDAFTARAN DIPERPANJANG HINGGA 30 JULI 2021! Luncurkan Startup kamu dalam 6 bulan.  Boleh digital, physical atau social. Bangun Squad bersama sahabatmu. Cari peluang. Ciptakan produk. Tes pasar. Sempurnakan. Luncurkan! BIMBINGAN GRATIS untuk mahasiswa. Lihat dibawah untuk infonya.

Jika kamu Mahasiswa yang mau masuk semester 5 keatas, segera daftar Agile Innovation Project-based Learning, salah satu program Studi Independen Bersertifikat di Kampus Merdeka, Kemendikbud. Kesempatan belajar dan berkarya di luar kampus senilai 20 SKS. Seluruh aktivitas dilakukan secara online bersama tim mentor dari Corporate Innovation Asia (CIAS).

Cari info lengkapnya di https://www.cias.co/kampus-merdeka

#kampusmerdeka #studiindependenbersertifikat #cias #enableinnovation #startup #innovation #learning",UC1SwRNlsG7CvewxJbycKmiA,Dr. Indrawan Nugroho,2021-07-09T08:53:03Z,19360,381,59,Ugz6kZJGfa7M9oVrZuV4AaABAg,untuk s2 gk ada ya? wkwkw,@muhammadprimoarifki5133,UC-2jq4t1et382lyLLxNsYjA,2021-07-15T06:20:57Z,2021-07-15T06:20:57Z,0,false,true,true
youtube,MSIB,MSIB_awal_setara,Studi Independen Bersertifikat,Studi Independen Bersertifikat,2021-06-22T00:00:00Z,2022-06-29T23:59:59Z,33XcaeG8MME,https://www.youtube.com/watch?v=33XcaeG8MME,Inkubator Startup untuk Mahasiwa - Kampus Merdeka: Studi Independen Bersertifikat,"MASA PENDAFTARAN DIPERPANJANG HINGGA 30 JULI 2021! Luncurkan Startup kamu dalam 6 bulan.  Boleh digital, physical atau social. Bangun Squad bersama sahabatmu. Cari peluang. Ciptakan produk. Tes pasar. Sempurnakan. Luncurkan! BIMBINGAN GRATIS untuk mahasiswa. Lihat dibawah untuk infonya.

Jika kamu Mahasiswa yang mau masuk semester 5 keatas, segera daftar Agile Innovation Project-based Learning, salah satu program Studi Independen Bersertifikat di Kampus Merdeka, Kemendikbud. Kesempatan belajar dan berkarya di luar kampus senilai 20 SKS. Seluruh aktivitas dilakukan secara online bersama tim mentor dari Corporate Innovation Asia (CIAS).

Cari info lengkapnya di https://www.cias.co/kampus-merdeka

#kampusmerdeka #studiindependenbersertifikat #cias #enableinnovation #startup #innovation #learning",UC1SwRNlsG7CvewxJbycKmiA,Dr. Indrawan Nugroho,2021-07-09T08:53:03Z,19360,381,59,UgwVe1zmD0BFyW7WpAR4AaABAg,Pak yang putus kuliah bisa gak buat start up,@Aliefdanayah,UCEA11MD_fLvWnzzreeg3RoA,2021-07-14T12:45:12Z,2021-07-14T12:45:12Z,1,false,true,true
youtube,MSIB,MSIB_awal_setara,Studi Independen Bersertifikat,Studi Independen Bersertifikat,2021-06-22T00:00:00Z,2022-06-29T23:59:59Z,33XcaeG8MME,https://www.youtube.com/watch?v=33XcaeG8MME,Inkubator Startup untuk Mahasiwa - Kampus Merdeka: Studi Independen Bersertifikat,"MASA PENDAFTARAN DIPERPANJANG HINGGA 30 JULI 2021! Luncurkan Startup kamu dalam 6 bulan.  Boleh digital, physical atau social. Bangun Squad bersama sahabatmu. Cari peluang. Ciptakan produk. Tes pasar. Sempurnakan. Luncurkan! BIMBINGAN GRATIS untuk mahasiswa. Lihat dibawah untuk infonya.

Jika kamu Mahasiswa yang mau masuk semester 5 keatas, segera daftar Agile Innovation Project-based Learning, salah satu program Studi Independen Bersertifikat di Kampus Merdeka, Kemendikbud. Kesempatan belajar dan berkarya di luar kampus senilai 20 SKS. Seluruh aktivitas dilakukan secara online bersama tim mentor dari Corporate Innovation Asia (CIAS).

Cari info lengkapnya di https://www.cias.co/kampus-merdeka

#kampusmerdeka #studiindependenbersertifikat #cias #enableinnovation #startup #innovation #learning",UC1SwRNlsG7CvewxJbycKmiA,Dr. Indrawan Nugroho,2021-07-09T08:53:03Z,19360,381,59,UgyX5w3g5Ps-NPrdkId4AaABAg,Satu semester 20 SKS mantap bener programnya..,@AbdulHakim-oz9bq,UCeGQI2jFvXYLAR7tn7NHc6g,2021-07-14T05:09:01Z,2021-07-14T05:09:01Z,1,false,true,true
youtube,MSIB,MSIB_awal_setara,Studi Independen Bersertifikat,Studi Independen Bersertifikat,2021-06-22T00:00:00Z,2022-06-29T23:59:59Z,33XcaeG8MME,https://www.youtube.com/watch?v=33XcaeG8MME,Inkubator Startup untuk Mahasiwa - Kampus Merdeka: Studi Independen Bersertifikat,"MASA PENDAFTARAN DIPERPANJANG HINGGA 30 JULI 2021! Luncurkan Startup kamu dalam 6 bulan.  Boleh digital, physical atau social. Bangun Squad bersama sahabatmu. Cari peluang. Ciptakan produk. Tes pasar. Sempurnakan. Luncurkan! BIMBINGAN GRATIS untuk mahasiswa. Lihat dibawah untuk infonya.

Jika kamu Mahasiswa yang mau masuk semester 5 keatas, segera daftar Agile Innovation Project-based Learning, salah satu program Studi Independen Bersertifikat di Kampus Merdeka, Kemendikbud. Kesempatan belajar dan berkarya di luar kampus senilai 20 SKS. Seluruh aktivitas dilakukan secara online bersama tim mentor dari Corporate Innovation Asia (CIAS).

Cari info lengkapnya di https://www.cias.co/kampus-merdeka

#kampusmerdeka #studiindependenbersertifikat #cias #enableinnovation #startup #innovation #learning",UC1SwRNlsG7CvewxJbycKmiA,Dr. Indrawan Nugroho,2021-07-09T08:53:03Z,19360,381,59,Ugy4HpJMi3OGF_rxmoR4AaABAg,https://youtu.be/oMVBxqWTxuA tilawah merdu menyentuh hati,@kawanquran5566,UC5Ztz7YNwZfBIJfuMXjU7yw,2021-07-13T12:07:01Z,2021-07-13T12:07:01Z,0,false,true,true
youtube,MSIB,MSIB_awal_setara,Studi Independen Bersertifikat,Studi Independen Bersertifikat,2021-06-22T00:00:00Z,2022-06-29T23:59:59Z,33XcaeG8MME,https://www.youtube.com/watch?v=33XcaeG8MME,Inkubator Startup untuk Mahasiwa - Kampus Merdeka: Studi Independen Bersertifikat,"MASA PENDAFTARAN DIPERPANJANG HINGGA 30 JULI 2021! Luncurkan Startup kamu dalam 6 bulan.  Boleh digital, physical atau social. Bangun Squad bersama sahabatmu. Cari peluang. Ciptakan produk. Tes pasar. Sempurnakan. Luncurkan! BIMBINGAN GRATIS untuk mahasiswa. Lihat dibawah untuk infonya.

Jika kamu Mahasiswa yang mau masuk semester 5 keatas, segera daftar Agile Innovation Project-based Learning, salah satu program Studi Independen Bersertifikat di Kampus Merdeka, Kemendikbud. Kesempatan belajar dan berkarya di luar kampus senilai 20 SKS. Seluruh aktivitas dilakukan secara online bersama tim mentor dari Corporate Innovation Asia (CIAS).

Cari info lengkapnya di https://www.cias.co/kampus-merdeka

#kampusmerdeka #studiindependenbersertifikat #cias #enableinnovation #startup #innovation #learning",UC1SwRNlsG7CvewxJbycKmiA,Dr. Indrawan Nugroho,2021-07-09T08:53:03Z,19360,381,59,UgyDO2gZCM8PZsdFNgx4AaABAg,"sayang skali saya dari IAIN Manado Gak bisa pak doktor, tapi saya selalu smangat liat vidio bapak smoga kedepannya ada program yang serupa dan dibuka untuk umum",@matsukichannel,UCChz1vUeHArmeh72igT1Ncg,2021-07-13T09:04:33Z,2021-07-13T09:04:33Z,2,false,true,true
youtube,MSIB,MSIB_awal_setara,Studi Independen Bersertifikat,Studi Independen Bersertifikat,2021-06-22T00:00:00Z,2022-06-29T23:59:59Z,33XcaeG8MME,https://www.youtube.com/watch?v=33XcaeG8MME,Inkubator Startup untuk Mahasiwa - Kampus Merdeka: Studi Independen Bersertifikat,"MASA PENDAFTARAN DIPERPANJANG HINGGA 30 JULI 2021! Luncurkan Startup kamu dalam 6 bulan.  Boleh digital, physical atau social. Bangun Squad bersama sahabatmu. Cari peluang. Ciptakan produk. Tes pasar. Sempurnakan. Luncurkan! BIMBINGAN GRATIS untuk mahasiswa. Lihat dibawah untuk infonya.

Jika kamu Mahasiswa yang mau masuk semester 5 keatas, segera daftar Agile Innovation Project-based Learning, salah satu program Studi Independen Bersertifikat di Kampus Merdeka, Kemendikbud. Kesempatan belajar dan berkarya di luar kampus senilai 20 SKS. Seluruh aktivitas dilakukan secara online bersama tim mentor dari Corporate Innovation Asia (CIAS).

Cari info lengkapnya di https://www.cias.co/kampus-merdeka

#kampusmerdeka #studiindependenbersertifikat #cias #enableinnovation #startup #innovation #learning",UC1SwRNlsG7CvewxJbycKmiA,Dr. Indrawan Nugroho,2021-07-09T08:53:03Z,19360,381,59,UgzCAOzI9HP31Dcr03x4AaABAg,Saya belum ada kabar lagi setelah daftar. Mungkin saya belum beruntung ya :(,@danielniels22,UCUDLRtaktylBXHM8G9GxQGA,2021-07-11T02:23:15Z,2021-07-11T02:23:15Z,0,false,true,true
youtube,MSIB,MSIB_awal_setara,Studi Independen Bersertifikat,Studi Independen Bersertifikat,2021-06-22T00:00:00Z,2022-06-29T23:59:59Z,33XcaeG8MME,https://www.youtube.com/watch?v=33XcaeG8MME,Inkubator Startup untuk Mahasiwa - Kampus Merdeka: Studi Independen Bersertifikat,"MASA PENDAFTARAN DIPERPANJANG HINGGA 30 JULI 2021! Luncurkan Startup kamu dalam 6 bulan.  Boleh digital, physical atau social. Bangun Squad bersama sahabatmu. Cari peluang. Ciptakan produk. Tes pasar. Sempurnakan. Luncurkan! BIMBINGAN GRATIS untuk mahasiswa. Lihat dibawah untuk infonya.

Jika kamu Mahasiswa yang mau masuk semester 5 keatas, segera daftar Agile Innovation Project-based Learning, salah satu program Studi Independen Bersertifikat di Kampus Merdeka, Kemendikbud. Kesempatan belajar dan berkarya di luar kampus senilai 20 SKS. Seluruh aktivitas dilakukan secara online bersama tim mentor dari Corporate Innovation Asia (CIAS).

Cari info lengkapnya di https://www.cias.co/kampus-merdeka

#kampusmerdeka #studiindependenbersertifikat #cias #enableinnovation #startup #innovation #learning",UC1SwRNlsG7CvewxJbycKmiA,Dr. Indrawan Nugroho,2021-07-09T08:53:03Z,19360,381,59,Ugz1Wb-L09rdQNzdH0N4AaABAg,mau ikuttt tapi semester 2 :(,@kokoya97,UCe_e1mvbdtfnwp5jZybSIRg,2021-07-10T15:10:20Z,2021-07-10T15:10:20Z,0,false,true,true
youtube,MSIB,MSIB_awal_setara,Studi Independen Bersertifikat,Studi Independen Bersertifikat,2021-06-22T00:00:00Z,2022-06-29T23:59:59Z,33XcaeG8MME,https://www.youtube.com/watch?v=33XcaeG8MME,Inkubator Startup untuk Mahasiwa - Kampus Merdeka: Studi Independen Bersertifikat,"MASA PENDAFTARAN DIPERPANJANG HINGGA 30 JULI 2021! Luncurkan Startup kamu dalam 6 bulan.  Boleh digital, physical atau social. Bangun Squad bersama sahabatmu. Cari peluang. Ciptakan produk. Tes pasar. Sempurnakan. Luncurkan! BIMBINGAN GRATIS untuk mahasiswa. Lihat dibawah untuk infonya.

Jika kamu Mahasiswa yang mau masuk semester 5 keatas, segera daftar Agile Innovation Project-based Learning, salah satu program Studi Independen Bersertifikat di Kampus Merdeka, Kemendikbud. Kesempatan belajar dan berkarya di luar kampus senilai 20 SKS. Seluruh aktivitas dilakukan secara online bersama tim mentor dari Corporate Innovation Asia (CIAS).

Cari info lengkapnya di https://www.cias.co/kampus-merdeka

#kampusmerdeka #studiindependenbersertifikat #cias #enableinnovation #startup #innovation #learning",UC1SwRNlsG7CvewxJbycKmiA,Dr. Indrawan Nugroho,2021-07-09T08:53:03Z,19360,381,59,UgyD_SRjeaBSUzwxosp4AaABAg,❤️❤️❤️,@emaema7770,UCWlaoN1zJVVGOOADqrNqePQ,2021-07-10T10:39:35Z,2021-07-10T10:39:35Z,0,false,true,true
youtube,MSIB,MSIB_awal_setara,Studi Independen Bersertifikat,Studi Independen Bersertifikat,2021-06-22T00:00:00Z,2022-06-29T23:59:59Z,33XcaeG8MME,https://www.youtube.com/watch?v=33XcaeG8MME,Inkubator Startup untuk Mahasiwa - Kampus Merdeka: Studi Independen Bersertifikat,"MASA PENDAFTARAN DIPERPANJANG HINGGA 30 JULI 2021! Luncurkan Startup kamu dalam 6 bulan.  Boleh digital, physical atau social. Bangun Squad bersama sahabatmu. Cari peluang. Ciptakan produk. Tes pasar. Sempurnakan. Luncurkan! BIMBINGAN GRATIS untuk mahasiswa. Lihat dibawah untuk infonya.

Jika kamu Mahasiswa yang mau masuk semester 5 keatas, segera daftar Agile Innovation Project-based Learning, salah satu program Studi Independen Bersertifikat di Kampus Merdeka, Kemendikbud. Kesempatan belajar dan berkarya di luar kampus senilai 20 SKS. Seluruh aktivitas dilakukan secara online bersama tim mentor dari Corporate Innovation Asia (CIAS).

Cari info lengkapnya di https://www.cias.co/kampus-merdeka

#kampusmerdeka #studiindependenbersertifikat #cias #enableinnovation #startup #innovation #learning",UC1SwRNlsG7CvewxJbycKmiA,Dr. Indrawan Nugroho,2021-07-09T08:53:03Z,19360,381,59,Ugy3gK8K1kX6-Tje50h4AaABAg,Kangen konten yang bahas industri persaingan perusahaan. Pak...,@azmiamirulloh7002,UCdb5psFS80eNawifJUXKiAg,2021-07-10T02:55:55Z,2021-07-10T02:55:55Z,1,false,true,true
youtube,MSIB,MSIB_awal_setara,Studi Independen Bersertifikat,Studi Independen Bersertifikat,2021-06-22T00:00:00Z,2022-06-29T23:59:59Z,33XcaeG8MME,https://www.youtube.com/watch?v=33XcaeG8MME,Inkubator Startup untuk Mahasiwa - Kampus Merdeka: Studi Independen Bersertifikat,"MASA PENDAFTARAN DIPERPANJANG HINGGA 30 JULI 2021! Luncurkan Startup kamu dalam 6 bulan.  Boleh digital, physical atau social. Bangun Squad bersama sahabatmu. Cari peluang. Ciptakan produk. Tes pasar. Sempurnakan. Luncurkan! BIMBINGAN GRATIS untuk mahasiswa. Lihat dibawah untuk infonya.

Jika kamu Mahasiswa yang mau masuk semester 5 keatas, segera daftar Agile Innovation Project-based Learning, salah satu program Studi Independen Bersertifikat di Kampus Merdeka, Kemendikbud. Kesempatan belajar dan berkarya di luar kampus senilai 20 SKS. Seluruh aktivitas dilakukan secara online bersama tim mentor dari Corporate Innovation Asia (CIAS).

Cari info lengkapnya di https://www.cias.co/kampus-merdeka

#kampusmerdeka #studiindependenbersertifikat #cias #enableinnovation #startup #innovation #learning",UC1SwRNlsG7CvewxJbycKmiA,Dr. Indrawan Nugroho,2021-07-09T08:53:03Z,19360,381,59,UgyYxf1lIiFzw_dsEuJ4AaABAg,"saya masuk semester 3 pak, bisa daftar tahun depan?",@rnwhya1905,UCGhcnZ1t9hj8qYGarNfl09A,2021-07-09T13:25:32Z,2021-07-09T13:25:32Z,0,false,true,true
youtube,MSIB,MSIB_awal_setara,Studi Independen Bersertifikat,Studi Independen Bersertifikat,2021-06-22T00:00:00Z,2022-06-29T23:59:59Z,33XcaeG8MME,https://www.youtube.com/watch?v=33XcaeG8MME,Inkubator Startup untuk Mahasiwa - Kampus Merdeka: Studi Independen Bersertifikat,"MASA PENDAFTARAN DIPERPANJANG HINGGA 30 JULI 2021! Luncurkan Startup kamu dalam 6 bulan.  Boleh digital, physical atau social. Bangun Squad bersama sahabatmu. Cari peluang. Ciptakan produk. Tes pasar. Sempurnakan. Luncurkan! BIMBINGAN GRATIS untuk mahasiswa. Lihat dibawah untuk infonya.

Jika kamu Mahasiswa yang mau masuk semester 5 keatas, segera daftar Agile Innovation Project-based Learning, salah satu program Studi Independen Bersertifikat di Kampus Merdeka, Kemendikbud. Kesempatan belajar dan berkarya di luar kampus senilai 20 SKS. Seluruh aktivitas dilakukan secara online bersama tim mentor dari Corporate Innovation Asia (CIAS).

Cari info lengkapnya di https://www.cias.co/kampus-merdeka

#kampusmerdeka #studiindependenbersertifikat #cias #enableinnovation #startup #innovation #learning",UC1SwRNlsG7CvewxJbycKmiA,Dr. Indrawan Nugroho,2021-07-09T08:53:03Z,19360,381,59,UgztDqhtM6OQFqbgRkJ4AaABAg,"Pak ini saya kan daftar, saya kira tanggal 11 di tutup, nah tapi kan sekarang sampai tanggal 18, jadi transkip nilai yang saya kumpulkan hanya sampai semester 3 pak, kalau tau di perpanjang mungkin saya bisa menunggu sampai hasil sem4 keluar pak, bagaimana ya pak jika nilai transkip saya yang sem4 sudah keluar? Apa saya harus daftar ulang kembali?",@kurokosii1423,UCDNl5KtJvsbuTqGCDIMS2oQ,2021-07-09T13:06:16Z,2021-07-09T13:06:38Z,0,false,true,true
youtube,MSIB,MSIB_awal_setara,Studi Independen Bersertifikat,Studi Independen Bersertifikat,2021-06-22T00:00:00Z,2022-06-29T23:59:59Z,33XcaeG8MME,https://www.youtube.com/watch?v=33XcaeG8MME,Inkubator Startup untuk Mahasiwa - Kampus Merdeka: Studi Independen Bersertifikat,"MASA PENDAFTARAN DIPERPANJANG HINGGA 30 JULI 2021! Luncurkan Startup kamu dalam 6 bulan.  Boleh digital, physical atau social. Bangun Squad bersama sahabatmu. Cari peluang. Ciptakan produk. Tes pasar. Sempurnakan. Luncurkan! BIMBINGAN GRATIS untuk mahasiswa. Lihat dibawah untuk infonya.

Jika kamu Mahasiswa yang mau masuk semester 5 keatas, segera daftar Agile Innovation Project-based Learning, salah satu program Studi Independen Bersertifikat di Kampus Merdeka, Kemendikbud. Kesempatan belajar dan berkarya di luar kampus senilai 20 SKS. Seluruh aktivitas dilakukan secara online bersama tim mentor dari Corporate Innovation Asia (CIAS).

Cari info lengkapnya di https://www.cias.co/kampus-merdeka

#kampusmerdeka #studiindependenbersertifikat #cias #enableinnovation #startup #innovation #learning",UC1SwRNlsG7CvewxJbycKmiA,Dr. Indrawan Nugroho,2021-07-09T08:53:03Z,19360,381,59,UgzvAHWxOtlHMRn9pv54AaABAg,Websitenya gk bisa diakses coach 🤔,@tahulebihbnyk,UCH7sKZkyNix0vmJpGNeYHiA,2021-07-09T11:10:06Z,2021-07-09T11:10:06Z,0,false,true,true
youtube,MSIB,MSIB_awal_setara,Studi Independen Bersertifikat,Studi Independen Bersertifikat,2021-06-22T00:00:00Z,2022-06-29T23:59:59Z,33XcaeG8MME,https://www.youtube.com/watch?v=33XcaeG8MME,Inkubator Startup untuk Mahasiwa - Kampus Merdeka: Studi Independen Bersertifikat,"MASA PENDAFTARAN DIPERPANJANG HINGGA 30 JULI 2021! Luncurkan Startup kamu dalam 6 bulan.  Boleh digital, physical atau social. Bangun Squad bersama sahabatmu. Cari peluang. Ciptakan produk. Tes pasar. Sempurnakan. Luncurkan! BIMBINGAN GRATIS untuk mahasiswa. Lihat dibawah untuk infonya.

Jika kamu Mahasiswa yang mau masuk semester 5 keatas, segera daftar Agile Innovation Project-based Learning, salah satu program Studi Independen Bersertifikat di Kampus Merdeka, Kemendikbud. Kesempatan belajar dan berkarya di luar kampus senilai 20 SKS. Seluruh aktivitas dilakukan secara online bersama tim mentor dari Corporate Innovation Asia (CIAS).

Cari info lengkapnya di https://www.cias.co/kampus-merdeka

#kampusmerdeka #studiindependenbersertifikat #cias #enableinnovation #startup #innovation #learning",UC1SwRNlsG7CvewxJbycKmiA,Dr. Indrawan Nugroho,2021-07-09T08:53:03Z,19360,381,59,UgxNyPPMumsz3vWh_BF4AaABAg,"Pak bisa request :

1. Kenapa Indomie selalu dipuncak, dan mendunia (jadi konten YouTube orang luar negeri, di Nigeria jadi alat transaksi seks???!) 

2. Kenapa Perguruan Tinggi di Indonesia peringkatnya selalu kalah dengan negara tetangga (Singapura) bahkan jika dibandingkan dengan dg The Big Five seperti David and Goliath!!?

3. Bisakah perusahaan dalam negeri bisa mempunyai valuasi diatas $1T, kalaupun yg menjadi kandidat itu perusahaan apa? 

4. Ini essential : 
Bank Konvensional Vs Bank Syariah

5. Cara bertahan di masa pandemi, untuk ekonomi menengah ke bawah, disaat susahnya cari kerja, ekonomi lesu, pembatasan aktivitas?",@viralvideo4451,UCASXuL_R8HcAik31K5K1ueg,2021-07-09T09:59:17Z,2021-07-09T09:59:17Z,9,false,true,true
youtube,MSIB,MSIB_awal_setara,Studi Independen Bersertifikat,Studi Independen Bersertifikat,2021-06-22T00:00:00Z,2022-06-29T23:59:59Z,33XcaeG8MME,https://www.youtube.com/watch?v=33XcaeG8MME,Inkubator Startup untuk Mahasiwa - Kampus Merdeka: Studi Independen Bersertifikat,"MASA PENDAFTARAN DIPERPANJANG HINGGA 30 JULI 2021! Luncurkan Startup kamu dalam 6 bulan.  Boleh digital, physical atau social. Bangun Squad bersama sahabatmu. Cari peluang. Ciptakan produk. Tes pasar. Sempurnakan. Luncurkan! BIMBINGAN GRATIS untuk mahasiswa. Lihat dibawah untuk infonya.

Jika kamu Mahasiswa yang mau masuk semester 5 keatas, segera daftar Agile Innovation Project-based Learning, salah satu program Studi Independen Bersertifikat di Kampus Merdeka, Kemendikbud. Kesempatan belajar dan berkarya di luar kampus senilai 20 SKS. Seluruh aktivitas dilakukan secara online bersama tim mentor dari Corporate Innovation Asia (CIAS).

Cari info lengkapnya di https://www.cias.co/kampus-merdeka

#kampusmerdeka #studiindependenbersertifikat #cias #enableinnovation #startup #innovation #learning",UC1SwRNlsG7CvewxJbycKmiA,Dr. Indrawan Nugroho,2021-07-09T08:53:03Z,19360,381,59,Ugym_IgG1LyzUpytpJx4AaABAg,"Saya pengen banget ikut program ini tpi blm bsa walaupun dari Team saya kebanyakan mahasiswa , tapi ada dr team saya yg Sdah lulus dan bukan mahasiswa lagi..",@mochamadteguha40,UCz4EddH-ghlW8SZqjaU8jyg,2021-07-09T09:49:57Z,2021-07-09T09:49:57Z,0,false,true,true
youtube,MSIB,MSIB_awal_setara,Studi Independen Bersertifikat,Studi Independen Bersertifikat,2021-06-22T00:00:00Z,2022-06-29T23:59:59Z,33XcaeG8MME,https://www.youtube.com/watch?v=33XcaeG8MME,Inkubator Startup untuk Mahasiwa - Kampus Merdeka: Studi Independen Bersertifikat,"MASA PENDAFTARAN DIPERPANJANG HINGGA 30 JULI 2021! Luncurkan Startup kamu dalam 6 bulan.  Boleh digital, physical atau social. Bangun Squad bersama sahabatmu. Cari peluang. Ciptakan produk. Tes pasar. Sempurnakan. Luncurkan! BIMBINGAN GRATIS untuk mahasiswa. Lihat dibawah untuk infonya.

Jika kamu Mahasiswa yang mau masuk semester 5 keatas, segera daftar Agile Innovation Project-based Learning, salah satu program Studi Independen Bersertifikat di Kampus Merdeka, Kemendikbud. Kesempatan belajar dan berkarya di luar kampus senilai 20 SKS. Seluruh aktivitas dilakukan secara online bersama tim mentor dari Corporate Innovation Asia (CIAS).

Cari info lengkapnya di https://www.cias.co/kampus-merdeka

#kampusmerdeka #studiindependenbersertifikat #cias #enableinnovation #startup #innovation #learning",UC1SwRNlsG7CvewxJbycKmiA,Dr. Indrawan Nugroho,2021-07-09T08:53:03Z,19360,381,59,UgzKn1hE3qDTMYlg-KB4AaABAg,"saya ikut daftar juga ahh,,walaupun semester 4😂..menarik sekali, pengen ambil wirausaha sama riset nih",@dopetext5709,UC_ACPECNgqMLlVDPwvosDhg,2021-07-09T09:45:55Z,2021-07-09T09:45:55Z,1,false,true,true
youtube,MSIB,MSIB_awal_setara,Studi Independen Bersertifikat,Studi Independen Bersertifikat,2021-06-22T00:00:00Z,2022-06-29T23:59:59Z,33XcaeG8MME,https://www.youtube.com/watch?v=33XcaeG8MME,Inkubator Startup untuk Mahasiwa - Kampus Merdeka: Studi Independen Bersertifikat,"MASA PENDAFTARAN DIPERPANJANG HINGGA 30 JULI 2021! Luncurkan Startup kamu dalam 6 bulan.  Boleh digital, physical atau social. Bangun Squad bersama sahabatmu. Cari peluang. Ciptakan produk. Tes pasar. Sempurnakan. Luncurkan! BIMBINGAN GRATIS untuk mahasiswa. Lihat dibawah untuk infonya.

Jika kamu Mahasiswa yang mau masuk semester 5 keatas, segera daftar Agile Innovation Project-based Learning, salah satu program Studi Independen Bersertifikat di Kampus Merdeka, Kemendikbud. Kesempatan belajar dan berkarya di luar kampus senilai 20 SKS. Seluruh aktivitas dilakukan secara online bersama tim mentor dari Corporate Innovation Asia (CIAS).

Cari info lengkapnya di https://www.cias.co/kampus-merdeka

#kampusmerdeka #studiindependenbersertifikat #cias #enableinnovation #startup #innovation #learning",UC1SwRNlsG7CvewxJbycKmiA,Dr. Indrawan Nugroho,2021-07-09T08:53:03Z,19360,381,59,UgwKx1eBKAYePZfqLmB4AaABAg,"Suka liat channel profesor 😁 request dong rivalitas game console dari PS, Xbox sama nintendo",@lukmanadityadwinanda5388,UChLkskJEqste-UMcPMzrr2Q,2021-07-09T09:33:11Z,2021-07-09T09:33:11Z,12,false,true,true
youtube,MSIB,MSIB_awal_setara,Studi Independen Bersertifikat,Studi Independen Bersertifikat,2021-06-22T00:00:00Z,2022-06-29T23:59:59Z,33XcaeG8MME,https://www.youtube.com/watch?v=33XcaeG8MME,Inkubator Startup untuk Mahasiwa - Kampus Merdeka: Studi Independen Bersertifikat,"MASA PENDAFTARAN DIPERPANJANG HINGGA 30 JULI 2021! Luncurkan Startup kamu dalam 6 bulan.  Boleh digital, physical atau social. Bangun Squad bersama sahabatmu. Cari peluang. Ciptakan produk. Tes pasar. Sempurnakan. Luncurkan! BIMBINGAN GRATIS untuk mahasiswa. Lihat dibawah untuk infonya.

Jika kamu Mahasiswa yang mau masuk semester 5 keatas, segera daftar Agile Innovation Project-based Learning, salah satu program Studi Independen Bersertifikat di Kampus Merdeka, Kemendikbud. Kesempatan belajar dan berkarya di luar kampus senilai 20 SKS. Seluruh aktivitas dilakukan secara online bersama tim mentor dari Corporate Innovation Asia (CIAS).

Cari info lengkapnya di https://www.cias.co/kampus-merdeka

#kampusmerdeka #studiindependenbersertifikat #cias #enableinnovation #startup #innovation #learning",UC1SwRNlsG7CvewxJbycKmiA,Dr. Indrawan Nugroho,2021-07-09T08:53:03Z,19360,381,59,Ugx5bof54jWYAYbc2Yp4AaABAg,"belajar suka-suka, pasti banyak yang. soal sertifikat mah gampang bikinnya... :)",@bambang9897,UCfZNTg80lBMZ4uPxsGxTNGQ,2021-07-09T09:21:47Z,2021-07-09T09:21:47Z,0,false,true,true
youtube,MSIB,MSIB_awal_setara,Studi Independen Bersertifikat,Studi Independen Bersertifikat,2021-06-22T00:00:00Z,2022-06-29T23:59:59Z,33XcaeG8MME,https://www.youtube.com/watch?v=33XcaeG8MME,Inkubator Startup untuk Mahasiwa - Kampus Merdeka: Studi Independen Bersertifikat,"MASA PENDAFTARAN DIPERPANJANG HINGGA 30 JULI 2021! Luncurkan Startup kamu dalam 6 bulan.  Boleh digital, physical atau social. Bangun Squad bersama sahabatmu. Cari peluang. Ciptakan produk. Tes pasar. Sempurnakan. Luncurkan! BIMBINGAN GRATIS untuk mahasiswa. Lihat dibawah untuk infonya.

Jika kamu Mahasiswa yang mau masuk semester 5 keatas, segera daftar Agile Innovation Project-based Learning, salah satu program Studi Independen Bersertifikat di Kampus Merdeka, Kemendikbud. Kesempatan belajar dan berkarya di luar kampus senilai 20 SKS. Seluruh aktivitas dilakukan secara online bersama tim mentor dari Corporate Innovation Asia (CIAS).

Cari info lengkapnya di https://www.cias.co/kampus-merdeka

#kampusmerdeka #studiindependenbersertifikat #cias #enableinnovation #startup #innovation #learning",UC1SwRNlsG7CvewxJbycKmiA,Dr. Indrawan Nugroho,2021-07-09T08:53:03Z,19360,381,59,UgwtRyWjka_zvCmQw914AaABAg,tetap lh mmbuat startUp walau gk didukung Pemerintah.,@Amir989eth,UC69-WtxNWBKxzupyaH62gyw,2021-07-09T09:00:51Z,2021-07-09T09:00:51Z,0,false,true,true
youtube,MSIB,MSIB_awal_setara,Studi Independen Bersertifikat,Studi Independen Bersertifikat,2021-06-22T00:00:00Z,2022-06-29T23:59:59Z,33XcaeG8MME,https://www.youtube.com/watch?v=33XcaeG8MME,Inkubator Startup untuk Mahasiwa - Kampus Merdeka: Studi Independen Bersertifikat,"MASA PENDAFTARAN DIPERPANJANG HINGGA 30 JULI 2021! Luncurkan Startup kamu dalam 6 bulan.  Boleh digital, physical atau social. Bangun Squad bersama sahabatmu. Cari peluang. Ciptakan produk. Tes pasar. Sempurnakan. Luncurkan! BIMBINGAN GRATIS untuk mahasiswa. Lihat dibawah untuk infonya.

Jika kamu Mahasiswa yang mau masuk semester 5 keatas, segera daftar Agile Innovation Project-based Learning, salah satu program Studi Independen Bersertifikat di Kampus Merdeka, Kemendikbud. Kesempatan belajar dan berkarya di luar kampus senilai 20 SKS. Seluruh aktivitas dilakukan secara online bersama tim mentor dari Corporate Innovation Asia (CIAS).

Cari info lengkapnya di https://www.cias.co/kampus-merdeka

#kampusmerdeka #studiindependenbersertifikat #cias #enableinnovation #startup #innovation #learning",UC1SwRNlsG7CvewxJbycKmiA,Dr. Indrawan Nugroho,2021-07-09T08:53:03Z,19360,381,59,UgzNTsZCs8Icxo9rCYt4AaABAg,Goo🚀,@hamzahalifia,UCU2v8Sl5KtfpfwSLaaRlhtA,2021-07-09T08:56:17Z,2021-07-09T08:56:17Z,1,false,true,true
youtube,MSIB,MSIB_awal_setara,Studi Independen Bersertifikat,Studi Independen Bersertifikat,2021-06-22T00:00:00Z,2022-06-29T23:59:59Z,33XcaeG8MME,https://www.youtube.com/watch?v=33XcaeG8MME,Inkubator Startup untuk Mahasiwa - Kampus Merdeka: Studi Independen Bersertifikat,"MASA PENDAFTARAN DIPERPANJANG HINGGA 30 JULI 2021! Luncurkan Startup kamu dalam 6 bulan.  Boleh digital, physical atau social. Bangun Squad bersama sahabatmu. Cari peluang. Ciptakan produk. Tes pasar. Sempurnakan. Luncurkan! BIMBINGAN GRATIS untuk mahasiswa. Lihat dibawah untuk infonya.

Jika kamu Mahasiswa yang mau masuk semester 5 keatas, segera daftar Agile Innovation Project-based Learning, salah satu program Studi Independen Bersertifikat di Kampus Merdeka, Kemendikbud. Kesempatan belajar dan berkarya di luar kampus senilai 20 SKS. Seluruh aktivitas dilakukan secara online bersama tim mentor dari Corporate Innovation Asia (CIAS).

Cari info lengkapnya di https://www.cias.co/kampus-merdeka

#kampusmerdeka #studiindependenbersertifikat #cias #enableinnovation #startup #innovation #learning",UC1SwRNlsG7CvewxJbycKmiA,Dr. Indrawan Nugroho,2021-07-09T08:53:03Z,19360,381,59,UgzXuo36J56ILJEeJ_R4AaABAg,Semoga kampus diberkati,@offlinegamingispretty179,UCidG1VPREy5VXpGVx9JHuJw,2021-07-09T08:54:26Z,2021-07-09T08:54:26Z,1,false,true,true
youtube,MSIB,MSIB_awal_setara,Studi Independen Bersertifikat,Studi Independen Bersertifikat,2021-06-22T00:00:00Z,2022-06-29T23:59:59Z,33XcaeG8MME,https://www.youtube.com/watch?v=33XcaeG8MME,Inkubator Startup untuk Mahasiwa - Kampus Merdeka: Studi Independen Bersertifikat,"MASA PENDAFTARAN DIPERPANJANG HINGGA 30 JULI 2021! Luncurkan Startup kamu dalam 6 bulan.  Boleh digital, physical atau social. Bangun Squad bersama sahabatmu. Cari peluang. Ciptakan produk. Tes pasar. Sempurnakan. Luncurkan! BIMBINGAN GRATIS untuk mahasiswa. Lihat dibawah untuk infonya.

Jika kamu Mahasiswa yang mau masuk semester 5 keatas, segera daftar Agile Innovation Project-based Learning, salah satu program Studi Independen Bersertifikat di Kampus Merdeka, Kemendikbud. Kesempatan belajar dan berkarya di luar kampus senilai 20 SKS. Seluruh aktivitas dilakukan secara online bersama tim mentor dari Corporate Innovation Asia (CIAS).

Cari info lengkapnya di https://www.cias.co/kampus-merdeka

#kampusmerdeka #studiindependenbersertifikat #cias #enableinnovation #startup #innovation #learning",UC1SwRNlsG7CvewxJbycKmiA,Dr. Indrawan Nugroho,2021-07-09T08:53:03Z,19360,381,59,Ugx1i1tDT1QpuUMRpO14AaABAg,Pertama InsyaAllah,@sabianazzam5789,UCq-3p_8AHxdxguZmxKb5mnQ,2021-07-09T08:53:25Z,2021-07-09T08:53:25Z,1,false,true,true
youtube,MSIB,MSIB_awal_setara,Studi Independen Bersertifikat,Studi Independen Bersertifikat,2021-06-22T00:00:00Z,2022-06-29T23:59:59Z,q8qJ-8oQW0A,https://www.youtube.com/watch?v=q8qJ-8oQW0A,KAMPUS MERDEKA || STUDI INDEPENDEN BERSERTIFIKAT || SEKOLAH EKSPOR || UKMC,"Halo Teman-Teman
Sorry Video hari senin aku isi dengan video ini hehe
Untuk Video Scholarship tungguin di hari kamis dan sabtu yahhh
.
Okayy jadi video ini merupakan video singkat mengenai program kampus merdeka yang aku ikutin hehe.
dan video ini gak bermaksud apa-apa kok
aku minta maaf jika terdapat salah pengucapan atau apapun itu.
Thankyou Guys",UCkQRBs_XThxoXfB4wSmnr5A,Savvana Putri,2021-10-11T12:00:25Z,286,7,5,Ugz7LWMexww6BAoeTe94AaABAg,"Kak, maaf nih aku nanya,  kaka agamanya apa?",@margakerofficial7848,UCBCNMBnGC9oIjmZzMTliSWQ,2021-10-11T12:18:19Z,2021-10-11T12:18:19Z,1,false,true,true
youtube,MSIB,MSIB_awal_setara,Studi Independen Bersertifikat,Studi Independen Bersertifikat,2021-06-22T00:00:00Z,2022-06-29T23:59:59Z,zoPD1vZ5l84,https://www.youtube.com/watch?v=zoPD1vZ5l84,Pengalaman Studi Independen bersertifikat Kampus Merdeka,"Saya saat ini tengah menjalani program studi independen dari kampus merdeka. Selama menjalani program ini saya mendapatkan pelatihan dan sertifikasi internasional Microsoft Excel, Project Management Ready, dan Adobe Photoshop. Dulu sebelum mengikuti program ini saya sama sekali tidak mengerti dan mengetahui mengenai ketiga hal tersebut. Namun kini saya dapat memahaminya serta mengaplikasikannya di dunia kerja. Tentu peluang ini akan sangat membantu saya dalam mempersiapkan dunia kerja. Oleh karena itu, saya ingin mengucapkan terimakasih yang sebesar-besarnya kepada Kampus Merdeka, Kemendikbud RI, dan Myedusolve sehingga kini saya dapat bergabung dalam program kampus merdeka. Saya benar-benar merasa merdeka dalam belajar, tidak hanya belajar di dalam kelas, bisa belajar dari manapun meski mitra tidak berada di dalam satu wilayah yang sama. Terimakasih, saya sangat senang sekaligus bangga dapat menjadi bagian dari Kampus Merdeka, berkenalan dengan mahasiswa dari seluruh Indonesia. Kini saya merasa lebih siap dan cakap dalam memasuki dunia kerja. Ayo bergabung bersama dalam program Kampus Merdeka. #kampusmerdeka #kemendikbudri #studiindependen #magangmerdeka",UCjpmQPwKMslKx3xtOwTIdsQ,Danu Ruliansah,2021-10-20T06:27:53Z,432,11,2,Ugy7oNNt0_BhebNYBAF4AaABAg,Kak apakah studi independen belajarnya tiap hari dan berapa jam perharinya kak?,@najahnadya,UC5P8jSQshBTyHaR_chvDr0Q,2022-01-16T03:29:49Z,2022-01-16T03:29:49Z,0,false,true,true
youtube,MSIB,MSIB_awal_setara,Studi Independen Bersertifikat,Studi Independen Bersertifikat,2021-06-22T00:00:00Z,2022-06-29T23:59:59Z,zoPD1vZ5l84,https://www.youtube.com/watch?v=zoPD1vZ5l84,Pengalaman Studi Independen bersertifikat Kampus Merdeka,"Saya saat ini tengah menjalani program studi independen dari kampus merdeka. Selama menjalani program ini saya mendapatkan pelatihan dan sertifikasi internasional Microsoft Excel, Project Management Ready, dan Adobe Photoshop. Dulu sebelum mengikuti program ini saya sama sekali tidak mengerti dan mengetahui mengenai ketiga hal tersebut. Namun kini saya dapat memahaminya serta mengaplikasikannya di dunia kerja. Tentu peluang ini akan sangat membantu saya dalam mempersiapkan dunia kerja. Oleh karena itu, saya ingin mengucapkan terimakasih yang sebesar-besarnya kepada Kampus Merdeka, Kemendikbud RI, dan Myedusolve sehingga kini saya dapat bergabung dalam program kampus merdeka. Saya benar-benar merasa merdeka dalam belajar, tidak hanya belajar di dalam kelas, bisa belajar dari manapun meski mitra tidak berada di dalam satu wilayah yang sama. Terimakasih, saya sangat senang sekaligus bangga dapat menjadi bagian dari Kampus Merdeka, berkenalan dengan mahasiswa dari seluruh Indonesia. Kini saya merasa lebih siap dan cakap dalam memasuki dunia kerja. Ayo bergabung bersama dalam program Kampus Merdeka. #kampusmerdeka #kemendikbudri #studiindependen #magangmerdeka",UCjpmQPwKMslKx3xtOwTIdsQ,Danu Ruliansah,2021-10-20T06:27:53Z,432,11,2,Ugz9U2hTLa0C2kGb0C54AaABAg,Kak izin bertanya apakah kakak bisa konversi 20 sks?,@ivanmaulaana,UCaXO54Fvf8siNure2FIzKlQ,2022-01-07T22:39:15Z,2022-01-07T22:39:15Z,0,false,true,true
youtube,MSIB,MSIB_full,MSIB Kampus Merdeka,MSIB Kampus Merdeka,2021-06-22T00:00:00Z,2025-01-01T23:59:59Z,w9ZZCPAGAyk,https://www.youtube.com/watch?v=w9ZZCPAGAyk,Penjelasan Lengkap Tentang Program MSIB,"Magang dan Studi Independen Bersertifikat (MSIB) merupakan salah satu program flagship Merdeka Belajar - Kampus Merdeka (MBKM) yang diselenggarakan oleh Kementrian Pendidikan, Kebudayaan, Riset dan Teknologi Republik Indonesia.

MSIB memberikan wadah bagi para mahaiswa, baik sarjana maupun vokasi, di seluruh Indonesia untuk mendapatkan pengalaman dalam mengetahui dunia profesi dan menciptakan tenaga kerja yang profesional.

Cek info selengkapnya mengenai MSIB di Platform Kampus Merdeka https://kampusmerdeka.kemdikbud.go.id/

#kampusmerdeka #msib #magangmerdeka 
-------------

Ikuti informasi seputar Kampus Merdeka melalui kanal berikut:

Youtube: https://www.youtube.com/channel/UCYXoGiVYq7ExZV1_LZ_p4fA?sub_confirmation=1
Situs: https://kampusmerdeka.kemdikbud.go.id/
Instagram: https://www.instagram.com/kampusmerdeka.ri/
Facebook: https://www.facebook.com/mbkm.ri/
Linkedin: https://www.linkedin.com/company/kampus-merdeka/",UCYXoGiVYq7ExZV1_LZ_p4fA,Kampus Merdeka,2022-12-01T14:00:25Z,51764,1463,60,UgzoSaUsoSBH8tpr_7V4AaABAg,POV HR MSIB 2025. Baik calon peserta magang atau orang tua yang punya anak mahasiswa: https://youtu.be/2ogiQ1K21t4,@razmaniac3,UCvRSvsb4PPT6lZL36cyZdTQ,2025-10-14T06:41:00Z,2025-10-14T06:41:00Z,0,false,true,false
youtube,MSIB,MSIB_full,MSIB Kampus Merdeka,MSIB Kampus Merdeka,2021-06-22T00:00:00Z,2025-01-01T23:59:59Z,w9ZZCPAGAyk,https://www.youtube.com/watch?v=w9ZZCPAGAyk,Penjelasan Lengkap Tentang Program MSIB,"Magang dan Studi Independen Bersertifikat (MSIB) merupakan salah satu program flagship Merdeka Belajar - Kampus Merdeka (MBKM) yang diselenggarakan oleh Kementrian Pendidikan, Kebudayaan, Riset dan Teknologi Republik Indonesia.

MSIB memberikan wadah bagi para mahaiswa, baik sarjana maupun vokasi, di seluruh Indonesia untuk mendapatkan pengalaman dalam mengetahui dunia profesi dan menciptakan tenaga kerja yang profesional.

Cek info selengkapnya mengenai MSIB di Platform Kampus Merdeka https://kampusmerdeka.kemdikbud.go.id/

#kampusmerdeka #msib #magangmerdeka 
-------------

Ikuti informasi seputar Kampus Merdeka melalui kanal berikut:

Youtube: https://www.youtube.com/channel/UCYXoGiVYq7ExZV1_LZ_p4fA?sub_confirmation=1
Situs: https://kampusmerdeka.kemdikbud.go.id/
Instagram: https://www.instagram.com/kampusmerdeka.ri/
Facebook: https://www.facebook.com/mbkm.ri/
Linkedin: https://www.linkedin.com/company/kampus-merdeka/",UCYXoGiVYq7ExZV1_LZ_p4fA,Kampus Merdeka,2022-12-01T14:00:25Z,51764,1463,60,UgxF4E41T_T_I6j8Dx14AaABAg,Terimakasih atas informasi yang diberikan mengenai MSIB,@RachmaPurwanti,UCa9coBd02siinHpHU_875AQ,2024-11-10T07:36:12Z,2024-11-10T07:36:12Z,0,false,true,true
youtube,MSIB,MSIB_full,MSIB Kampus Merdeka,MSIB Kampus Merdeka,2021-06-22T00:00:00Z,2025-01-01T23:59:59Z,w9ZZCPAGAyk,https://www.youtube.com/watch?v=w9ZZCPAGAyk,Penjelasan Lengkap Tentang Program MSIB,"Magang dan Studi Independen Bersertifikat (MSIB) merupakan salah satu program flagship Merdeka Belajar - Kampus Merdeka (MBKM) yang diselenggarakan oleh Kementrian Pendidikan, Kebudayaan, Riset dan Teknologi Republik Indonesia.

MSIB memberikan wadah bagi para mahaiswa, baik sarjana maupun vokasi, di seluruh Indonesia untuk mendapatkan pengalaman dalam mengetahui dunia profesi dan menciptakan tenaga kerja yang profesional.

Cek info selengkapnya mengenai MSIB di Platform Kampus Merdeka https://kampusmerdeka.kemdikbud.go.id/

#kampusmerdeka #msib #magangmerdeka 
-------------

Ikuti informasi seputar Kampus Merdeka melalui kanal berikut:

Youtube: https://www.youtube.com/channel/UCYXoGiVYq7ExZV1_LZ_p4fA?sub_confirmation=1
Situs: https://kampusmerdeka.kemdikbud.go.id/
Instagram: https://www.instagram.com/kampusmerdeka.ri/
Facebook: https://www.facebook.com/mbkm.ri/
Linkedin: https://www.linkedin.com/company/kampus-merdeka/",UCYXoGiVYq7ExZV1_LZ_p4fA,Kampus Merdeka,2022-12-01T14:00:25Z,51764,1463,60,Ugz1YhH_d5ruinGE70x4AaABAg,Kapan buka lagi bang pendaftaran nya,@Wahyusamad,UCbNF5fKP_YInbF1Toa9PpBQ,2024-10-12T07:06:04Z,2024-10-12T07:06:04Z,1,false,true,true
youtube,MSIB,MSIB_full,MSIB Kampus Merdeka,MSIB Kampus Merdeka,2021-06-22T00:00:00Z,2025-01-01T23:59:59Z,w9ZZCPAGAyk,https://www.youtube.com/watch?v=w9ZZCPAGAyk,Penjelasan Lengkap Tentang Program MSIB,"Magang dan Studi Independen Bersertifikat (MSIB) merupakan salah satu program flagship Merdeka Belajar - Kampus Merdeka (MBKM) yang diselenggarakan oleh Kementrian Pendidikan, Kebudayaan, Riset dan Teknologi Republik Indonesia.

MSIB memberikan wadah bagi para mahaiswa, baik sarjana maupun vokasi, di seluruh Indonesia untuk mendapatkan pengalaman dalam mengetahui dunia profesi dan menciptakan tenaga kerja yang profesional.

Cek info selengkapnya mengenai MSIB di Platform Kampus Merdeka https://kampusmerdeka.kemdikbud.go.id/

#kampusmerdeka #msib #magangmerdeka 
-------------

Ikuti informasi seputar Kampus Merdeka melalui kanal berikut:

Youtube: https://www.youtube.com/channel/UCYXoGiVYq7ExZV1_LZ_p4fA?sub_confirmation=1
Situs: https://kampusmerdeka.kemdikbud.go.id/
Instagram: https://www.instagram.com/kampusmerdeka.ri/
Facebook: https://www.facebook.com/mbkm.ri/
Linkedin: https://www.linkedin.com/company/kampus-merdeka/",UCYXoGiVYq7ExZV1_LZ_p4fA,Kampus Merdeka,2022-12-01T14:00:25Z,51764,1463,60,UgwwRizD1MP-uQfrmQF4AaABAg,"ipk 2,5 bisa lolos msib ga ya?",@retromlbb666,UCPpQ2DgG6W0p9mUmhGoZ86Q,2024-10-04T09:49:30Z,2024-10-04T09:49:30Z,0,false,true,true
youtube,MSIB,MSIB_full,MSIB Kampus Merdeka,MSIB Kampus Merdeka,2021-06-22T00:00:00Z,2025-01-01T23:59:59Z,w9ZZCPAGAyk,https://www.youtube.com/watch?v=w9ZZCPAGAyk,Penjelasan Lengkap Tentang Program MSIB,"Magang dan Studi Independen Bersertifikat (MSIB) merupakan salah satu program flagship Merdeka Belajar - Kampus Merdeka (MBKM) yang diselenggarakan oleh Kementrian Pendidikan, Kebudayaan, Riset dan Teknologi Republik Indonesia.

MSIB memberikan wadah bagi para mahaiswa, baik sarjana maupun vokasi, di seluruh Indonesia untuk mendapatkan pengalaman dalam mengetahui dunia profesi dan menciptakan tenaga kerja yang profesional.

Cek info selengkapnya mengenai MSIB di Platform Kampus Merdeka https://kampusmerdeka.kemdikbud.go.id/

#kampusmerdeka #msib #magangmerdeka 
-------------

Ikuti informasi seputar Kampus Merdeka melalui kanal berikut:

Youtube: https://www.youtube.com/channel/UCYXoGiVYq7ExZV1_LZ_p4fA?sub_confirmation=1
Situs: https://kampusmerdeka.kemdikbud.go.id/
Instagram: https://www.instagram.com/kampusmerdeka.ri/
Facebook: https://www.facebook.com/mbkm.ri/
Linkedin: https://www.linkedin.com/company/kampus-merdeka/",UCYXoGiVYq7ExZV1_LZ_p4fA,Kampus Merdeka,2022-12-01T14:00:25Z,51764,1463,60,Ugyv_T8eJxvHndAyCVR4AaABAg,thn ini ankku dftr Alhamdullilah lolos,@hellosamsung4396,UC8oEAUlbB8NYMpuS3Win12g,2024-09-06T02:00:26Z,2024-09-06T02:00:26Z,0,false,true,true
youtube,MSIB,MSIB_full,MSIB Kampus Merdeka,MSIB Kampus Merdeka,2021-06-22T00:00:00Z,2025-01-01T23:59:59Z,w9ZZCPAGAyk,https://www.youtube.com/watch?v=w9ZZCPAGAyk,Penjelasan Lengkap Tentang Program MSIB,"Magang dan Studi Independen Bersertifikat (MSIB) merupakan salah satu program flagship Merdeka Belajar - Kampus Merdeka (MBKM) yang diselenggarakan oleh Kementrian Pendidikan, Kebudayaan, Riset dan Teknologi Republik Indonesia.

MSIB memberikan wadah bagi para mahaiswa, baik sarjana maupun vokasi, di seluruh Indonesia untuk mendapatkan pengalaman dalam mengetahui dunia profesi dan menciptakan tenaga kerja yang profesional.

Cek info selengkapnya mengenai MSIB di Platform Kampus Merdeka https://kampusmerdeka.kemdikbud.go.id/

#kampusmerdeka #msib #magangmerdeka 
-------------

Ikuti informasi seputar Kampus Merdeka melalui kanal berikut:

Youtube: https://www.youtube.com/channel/UCYXoGiVYq7ExZV1_LZ_p4fA?sub_confirmation=1
Situs: https://kampusmerdeka.kemdikbud.go.id/
Instagram: https://www.instagram.com/kampusmerdeka.ri/
Facebook: https://www.facebook.com/mbkm.ri/
Linkedin: https://www.linkedin.com/company/kampus-merdeka/",UCYXoGiVYq7ExZV1_LZ_p4fA,Kampus Merdeka,2022-12-01T14:00:25Z,51764,1463,60,Ugxn40AL7tw5UXcN2wl4AaABAg,Mantap informasinya pak Dosen....,@bernardharianja6820,UCkg-GSo1CKEanD4eqamFHtg,2024-08-28T21:30:05Z,2024-08-28T21:30:05Z,0,false,true,true
youtube,MSIB,MSIB_full,MSIB Kampus Merdeka,MSIB Kampus Merdeka,2021-06-22T00:00:00Z,2025-01-01T23:59:59Z,w9ZZCPAGAyk,https://www.youtube.com/watch?v=w9ZZCPAGAyk,Penjelasan Lengkap Tentang Program MSIB,"Magang dan Studi Independen Bersertifikat (MSIB) merupakan salah satu program flagship Merdeka Belajar - Kampus Merdeka (MBKM) yang diselenggarakan oleh Kementrian Pendidikan, Kebudayaan, Riset dan Teknologi Republik Indonesia.

MSIB memberikan wadah bagi para mahaiswa, baik sarjana maupun vokasi, di seluruh Indonesia untuk mendapatkan pengalaman dalam mengetahui dunia profesi dan menciptakan tenaga kerja yang profesional.

Cek info selengkapnya mengenai MSIB di Platform Kampus Merdeka https://kampusmerdeka.kemdikbud.go.id/

#kampusmerdeka #msib #magangmerdeka 
-------------

Ikuti informasi seputar Kampus Merdeka melalui kanal berikut:

Youtube: https://www.youtube.com/channel/UCYXoGiVYq7ExZV1_LZ_p4fA?sub_confirmation=1
Situs: https://kampusmerdeka.kemdikbud.go.id/
Instagram: https://www.instagram.com/kampusmerdeka.ri/
Facebook: https://www.facebook.com/mbkm.ri/
Linkedin: https://www.linkedin.com/company/kampus-merdeka/",UCYXoGiVYq7ExZV1_LZ_p4fA,Kampus Merdeka,2022-12-01T14:00:25Z,51764,1463,60,UgzAzQiZSFWcTCHG9O94AaABAg,oke thanks,@wandresianturi810,UCyCvXA7UahHMbZMoNqRVReA,2024-06-07T14:58:40Z,2024-06-07T14:58:40Z,0,false,true,true
youtube,MSIB,MSIB_full,MSIB Kampus Merdeka,MSIB Kampus Merdeka,2021-06-22T00:00:00Z,2025-01-01T23:59:59Z,w9ZZCPAGAyk,https://www.youtube.com/watch?v=w9ZZCPAGAyk,Penjelasan Lengkap Tentang Program MSIB,"Magang dan Studi Independen Bersertifikat (MSIB) merupakan salah satu program flagship Merdeka Belajar - Kampus Merdeka (MBKM) yang diselenggarakan oleh Kementrian Pendidikan, Kebudayaan, Riset dan Teknologi Republik Indonesia.

MSIB memberikan wadah bagi para mahaiswa, baik sarjana maupun vokasi, di seluruh Indonesia untuk mendapatkan pengalaman dalam mengetahui dunia profesi dan menciptakan tenaga kerja yang profesional.

Cek info selengkapnya mengenai MSIB di Platform Kampus Merdeka https://kampusmerdeka.kemdikbud.go.id/

#kampusmerdeka #msib #magangmerdeka 
-------------

Ikuti informasi seputar Kampus Merdeka melalui kanal berikut:

Youtube: https://www.youtube.com/channel/UCYXoGiVYq7ExZV1_LZ_p4fA?sub_confirmation=1
Situs: https://kampusmerdeka.kemdikbud.go.id/
Instagram: https://www.instagram.com/kampusmerdeka.ri/
Facebook: https://www.facebook.com/mbkm.ri/
Linkedin: https://www.linkedin.com/company/kampus-merdeka/",UCYXoGiVYq7ExZV1_LZ_p4fA,Kampus Merdeka,2022-12-01T14:00:25Z,51764,1463,60,UgyCHcj5QAc15T2zeFZ4AaABAg,Apakah kita bisa membuat akun baru karena aku yang kita pake tahun kemaren gak bisa di buka lagi,@TresiaSilaban,UCBecN2fgyvnmFcOH30GvuYw,2024-06-03T11:20:11Z,2024-06-03T11:20:11Z,0,false,true,true
youtube,MSIB,MSIB_full,MSIB Kampus Merdeka,MSIB Kampus Merdeka,2021-06-22T00:00:00Z,2025-01-01T23:59:59Z,w9ZZCPAGAyk,https://www.youtube.com/watch?v=w9ZZCPAGAyk,Penjelasan Lengkap Tentang Program MSIB,"Magang dan Studi Independen Bersertifikat (MSIB) merupakan salah satu program flagship Merdeka Belajar - Kampus Merdeka (MBKM) yang diselenggarakan oleh Kementrian Pendidikan, Kebudayaan, Riset dan Teknologi Republik Indonesia.

MSIB memberikan wadah bagi para mahaiswa, baik sarjana maupun vokasi, di seluruh Indonesia untuk mendapatkan pengalaman dalam mengetahui dunia profesi dan menciptakan tenaga kerja yang profesional.

Cek info selengkapnya mengenai MSIB di Platform Kampus Merdeka https://kampusmerdeka.kemdikbud.go.id/

#kampusmerdeka #msib #magangmerdeka 
-------------

Ikuti informasi seputar Kampus Merdeka melalui kanal berikut:

Youtube: https://www.youtube.com/channel/UCYXoGiVYq7ExZV1_LZ_p4fA?sub_confirmation=1
Situs: https://kampusmerdeka.kemdikbud.go.id/
Instagram: https://www.instagram.com/kampusmerdeka.ri/
Facebook: https://www.facebook.com/mbkm.ri/
Linkedin: https://www.linkedin.com/company/kampus-merdeka/",UCYXoGiVYq7ExZV1_LZ_p4fA,Kampus Merdeka,2022-12-01T14:00:25Z,51764,1463,60,UgzfJXFFXO-XClqpnRd4AaABAg,Kalau udah siap sidang skripsi tapi nilainya blum kluar...boleh nggak sihh dartar msib,@ajasyarifahnurasri1031,UCkmEZcfY37NjzKTOrt4pXEg,2024-06-01T17:28:19Z,2024-06-01T17:28:19Z,0,false,true,true
youtube,MSIB,MSIB_full,MSIB Kampus Merdeka,MSIB Kampus Merdeka,2021-06-22T00:00:00Z,2025-01-01T23:59:59Z,w9ZZCPAGAyk,https://www.youtube.com/watch?v=w9ZZCPAGAyk,Penjelasan Lengkap Tentang Program MSIB,"Magang dan Studi Independen Bersertifikat (MSIB) merupakan salah satu program flagship Merdeka Belajar - Kampus Merdeka (MBKM) yang diselenggarakan oleh Kementrian Pendidikan, Kebudayaan, Riset dan Teknologi Republik Indonesia.

MSIB memberikan wadah bagi para mahaiswa, baik sarjana maupun vokasi, di seluruh Indonesia untuk mendapatkan pengalaman dalam mengetahui dunia profesi dan menciptakan tenaga kerja yang profesional.

Cek info selengkapnya mengenai MSIB di Platform Kampus Merdeka https://kampusmerdeka.kemdikbud.go.id/

#kampusmerdeka #msib #magangmerdeka 
-------------

Ikuti informasi seputar Kampus Merdeka melalui kanal berikut:

Youtube: https://www.youtube.com/channel/UCYXoGiVYq7ExZV1_LZ_p4fA?sub_confirmation=1
Situs: https://kampusmerdeka.kemdikbud.go.id/
Instagram: https://www.instagram.com/kampusmerdeka.ri/
Facebook: https://www.facebook.com/mbkm.ri/
Linkedin: https://www.linkedin.com/company/kampus-merdeka/",UCYXoGiVYq7ExZV1_LZ_p4fA,Kampus Merdeka,2022-12-01T14:00:25Z,51764,1463,60,UgzvHhYR8OjF7EMI9tR4AaABAg,"Kalau untuk calon guru bisa ikut magang gk sih, worth it gk sih",@melaniiee127,UCbci4GmeK1g8Fls9tMd1YPA,2024-05-24T14:55:48Z,2024-05-24T14:55:48Z,0,false,true,true
youtube,MSIB,MSIB_full,MSIB Kampus Merdeka,MSIB Kampus Merdeka,2021-06-22T00:00:00Z,2025-01-01T23:59:59Z,w9ZZCPAGAyk,https://www.youtube.com/watch?v=w9ZZCPAGAyk,Penjelasan Lengkap Tentang Program MSIB,"Magang dan Studi Independen Bersertifikat (MSIB) merupakan salah satu program flagship Merdeka Belajar - Kampus Merdeka (MBKM) yang diselenggarakan oleh Kementrian Pendidikan, Kebudayaan, Riset dan Teknologi Republik Indonesia.

MSIB memberikan wadah bagi para mahaiswa, baik sarjana maupun vokasi, di seluruh Indonesia untuk mendapatkan pengalaman dalam mengetahui dunia profesi dan menciptakan tenaga kerja yang profesional.

Cek info selengkapnya mengenai MSIB di Platform Kampus Merdeka https://kampusmerdeka.kemdikbud.go.id/

#kampusmerdeka #msib #magangmerdeka 
-------------

Ikuti informasi seputar Kampus Merdeka melalui kanal berikut:

Youtube: https://www.youtube.com/channel/UCYXoGiVYq7ExZV1_LZ_p4fA?sub_confirmation=1
Situs: https://kampusmerdeka.kemdikbud.go.id/
Instagram: https://www.instagram.com/kampusmerdeka.ri/
Facebook: https://www.facebook.com/mbkm.ri/
Linkedin: https://www.linkedin.com/company/kampus-merdeka/",UCYXoGiVYq7ExZV1_LZ_p4fA,Kampus Merdeka,2022-12-01T14:00:25Z,51764,1463,60,UgyKtipp_xXSSB7wXT14AaABAg,Bagai mana untuk tempat tinggal?,@tan1977,UCb7f9z7ZfarxMNz6vA6_ruQ,2024-05-20T12:51:20Z,2024-05-20T12:51:20Z,0,false,true,true
youtube,MSIB,MSIB_full,MSIB Kampus Merdeka,MSIB Kampus Merdeka,2021-06-22T00:00:00Z,2025-01-01T23:59:59Z,w9ZZCPAGAyk,https://www.youtube.com/watch?v=w9ZZCPAGAyk,Penjelasan Lengkap Tentang Program MSIB,"Magang dan Studi Independen Bersertifikat (MSIB) merupakan salah satu program flagship Merdeka Belajar - Kampus Merdeka (MBKM) yang diselenggarakan oleh Kementrian Pendidikan, Kebudayaan, Riset dan Teknologi Republik Indonesia.

MSIB memberikan wadah bagi para mahaiswa, baik sarjana maupun vokasi, di seluruh Indonesia untuk mendapatkan pengalaman dalam mengetahui dunia profesi dan menciptakan tenaga kerja yang profesional.

Cek info selengkapnya mengenai MSIB di Platform Kampus Merdeka https://kampusmerdeka.kemdikbud.go.id/

#kampusmerdeka #msib #magangmerdeka 
-------------

Ikuti informasi seputar Kampus Merdeka melalui kanal berikut:

Youtube: https://www.youtube.com/channel/UCYXoGiVYq7ExZV1_LZ_p4fA?sub_confirmation=1
Situs: https://kampusmerdeka.kemdikbud.go.id/
Instagram: https://www.instagram.com/kampusmerdeka.ri/
Facebook: https://www.facebook.com/mbkm.ri/
Linkedin: https://www.linkedin.com/company/kampus-merdeka/",UCYXoGiVYq7ExZV1_LZ_p4fA,Kampus Merdeka,2022-12-01T14:00:25Z,51764,1463,60,Ugy5oQKFGFK7QGGmGh14AaABAg,"Izin bertanya pak, berapa nominal BBH MSIB setiap bulannya?",@memelterus6252,UCMAn5PbdsEP8HX0SCPJXSKQ,2024-05-19T03:51:18Z,2024-05-19T03:51:18Z,0,false,true,true
youtube,MSIB,MSIB_full,MSIB Kampus Merdeka,MSIB Kampus Merdeka,2021-06-22T00:00:00Z,2025-01-01T23:59:59Z,w9ZZCPAGAyk,https://www.youtube.com/watch?v=w9ZZCPAGAyk,Penjelasan Lengkap Tentang Program MSIB,"Magang dan Studi Independen Bersertifikat (MSIB) merupakan salah satu program flagship Merdeka Belajar - Kampus Merdeka (MBKM) yang diselenggarakan oleh Kementrian Pendidikan, Kebudayaan, Riset dan Teknologi Republik Indonesia.

MSIB memberikan wadah bagi para mahaiswa, baik sarjana maupun vokasi, di seluruh Indonesia untuk mendapatkan pengalaman dalam mengetahui dunia profesi dan menciptakan tenaga kerja yang profesional.

Cek info selengkapnya mengenai MSIB di Platform Kampus Merdeka https://kampusmerdeka.kemdikbud.go.id/

#kampusmerdeka #msib #magangmerdeka 
-------------

Ikuti informasi seputar Kampus Merdeka melalui kanal berikut:

Youtube: https://www.youtube.com/channel/UCYXoGiVYq7ExZV1_LZ_p4fA?sub_confirmation=1
Situs: https://kampusmerdeka.kemdikbud.go.id/
Instagram: https://www.instagram.com/kampusmerdeka.ri/
Facebook: https://www.facebook.com/mbkm.ri/
Linkedin: https://www.linkedin.com/company/kampus-merdeka/",UCYXoGiVYq7ExZV1_LZ_p4fA,Kampus Merdeka,2022-12-01T14:00:25Z,51764,1463,60,UgyX9-ohkCwJpGwoC-p4AaABAg,bismillah tahun ini daftar msib semogaa lolos Amiin,@agammaheri,UCZXsqyYeOEdyCIyBNXHs0Fw,2024-04-17T11:57:26Z,2024-04-17T11:57:26Z,3,false,true,true
youtube,MSIB,MSIB_full,MSIB Kampus Merdeka,MSIB Kampus Merdeka,2021-06-22T00:00:00Z,2025-01-01T23:59:59Z,w9ZZCPAGAyk,https://www.youtube.com/watch?v=w9ZZCPAGAyk,Penjelasan Lengkap Tentang Program MSIB,"Magang dan Studi Independen Bersertifikat (MSIB) merupakan salah satu program flagship Merdeka Belajar - Kampus Merdeka (MBKM) yang diselenggarakan oleh Kementrian Pendidikan, Kebudayaan, Riset dan Teknologi Republik Indonesia.

MSIB memberikan wadah bagi para mahaiswa, baik sarjana maupun vokasi, di seluruh Indonesia untuk mendapatkan pengalaman dalam mengetahui dunia profesi dan menciptakan tenaga kerja yang profesional.

Cek info selengkapnya mengenai MSIB di Platform Kampus Merdeka https://kampusmerdeka.kemdikbud.go.id/

#kampusmerdeka #msib #magangmerdeka 
-------------

Ikuti informasi seputar Kampus Merdeka melalui kanal berikut:

Youtube: https://www.youtube.com/channel/UCYXoGiVYq7ExZV1_LZ_p4fA?sub_confirmation=1
Situs: https://kampusmerdeka.kemdikbud.go.id/
Instagram: https://www.instagram.com/kampusmerdeka.ri/
Facebook: https://www.facebook.com/mbkm.ri/
Linkedin: https://www.linkedin.com/company/kampus-merdeka/",UCYXoGiVYq7ExZV1_LZ_p4fA,Kampus Merdeka,2022-12-01T14:00:25Z,51764,1463,60,UgxO0dCk4qdBYb8yce54AaABAg,halo kak ijin bertanya apa mengikuti magang bersertifikat itu kita wajib di tempatkan di luar kota? mohon pencerahannya kak terimkasih🙏,@59_niketutermisetiyawati76,UCcazv_b_zhxz1xwPGQEPEKA,2024-04-14T13:52:52Z,2024-04-14T13:52:52Z,2,false,true,true
youtube,MSIB,MSIB_full,MSIB Kampus Merdeka,MSIB Kampus Merdeka,2021-06-22T00:00:00Z,2025-01-01T23:59:59Z,w9ZZCPAGAyk,https://www.youtube.com/watch?v=w9ZZCPAGAyk,Penjelasan Lengkap Tentang Program MSIB,"Magang dan Studi Independen Bersertifikat (MSIB) merupakan salah satu program flagship Merdeka Belajar - Kampus Merdeka (MBKM) yang diselenggarakan oleh Kementrian Pendidikan, Kebudayaan, Riset dan Teknologi Republik Indonesia.

MSIB memberikan wadah bagi para mahaiswa, baik sarjana maupun vokasi, di seluruh Indonesia untuk mendapatkan pengalaman dalam mengetahui dunia profesi dan menciptakan tenaga kerja yang profesional.

Cek info selengkapnya mengenai MSIB di Platform Kampus Merdeka https://kampusmerdeka.kemdikbud.go.id/

#kampusmerdeka #msib #magangmerdeka 
-------------

Ikuti informasi seputar Kampus Merdeka melalui kanal berikut:

Youtube: https://www.youtube.com/channel/UCYXoGiVYq7ExZV1_LZ_p4fA?sub_confirmation=1
Situs: https://kampusmerdeka.kemdikbud.go.id/
Instagram: https://www.instagram.com/kampusmerdeka.ri/
Facebook: https://www.facebook.com/mbkm.ri/
Linkedin: https://www.linkedin.com/company/kampus-merdeka/",UCYXoGiVYq7ExZV1_LZ_p4fA,Kampus Merdeka,2022-12-01T14:00:25Z,51764,1463,60,Ugxx8G_3Z1AopfQBdk54AaABAg,"Oh, hanya untuk kuliah kirain bisa untuk SMA",@domiki8447,UCF_35KeDWw6otTkq7FyFKMg,2024-04-08T11:13:32Z,2024-04-08T11:13:32Z,0,false,true,true
youtube,MSIB,MSIB_full,MSIB Kampus Merdeka,MSIB Kampus Merdeka,2021-06-22T00:00:00Z,2025-01-01T23:59:59Z,w9ZZCPAGAyk,https://www.youtube.com/watch?v=w9ZZCPAGAyk,Penjelasan Lengkap Tentang Program MSIB,"Magang dan Studi Independen Bersertifikat (MSIB) merupakan salah satu program flagship Merdeka Belajar - Kampus Merdeka (MBKM) yang diselenggarakan oleh Kementrian Pendidikan, Kebudayaan, Riset dan Teknologi Republik Indonesia.

MSIB memberikan wadah bagi para mahaiswa, baik sarjana maupun vokasi, di seluruh Indonesia untuk mendapatkan pengalaman dalam mengetahui dunia profesi dan menciptakan tenaga kerja yang profesional.

Cek info selengkapnya mengenai MSIB di Platform Kampus Merdeka https://kampusmerdeka.kemdikbud.go.id/

#kampusmerdeka #msib #magangmerdeka 
-------------

Ikuti informasi seputar Kampus Merdeka melalui kanal berikut:

Youtube: https://www.youtube.com/channel/UCYXoGiVYq7ExZV1_LZ_p4fA?sub_confirmation=1
Situs: https://kampusmerdeka.kemdikbud.go.id/
Instagram: https://www.instagram.com/kampusmerdeka.ri/
Facebook: https://www.facebook.com/mbkm.ri/
Linkedin: https://www.linkedin.com/company/kampus-merdeka/",UCYXoGiVYq7ExZV1_LZ_p4fA,Kampus Merdeka,2022-12-01T14:00:25Z,51764,1463,60,UgzN6TqL2srqTxxkGeJ4AaABAg,kalau semisal ambil cuti kuliah disaat udah lolos msib dan mengikuti magang pada saat cuti kuliah apakah gaakan jadi masalah?,@azis.luthfii8737,UCsNKWGnweeleRQvw-RZOMOQ,2024-01-24T15:48:27Z,2024-01-24T15:48:27Z,3,false,true,true
youtube,MSIB,MSIB_full,MSIB Kampus Merdeka,MSIB Kampus Merdeka,2021-06-22T00:00:00Z,2025-01-01T23:59:59Z,w9ZZCPAGAyk,https://www.youtube.com/watch?v=w9ZZCPAGAyk,Penjelasan Lengkap Tentang Program MSIB,"Magang dan Studi Independen Bersertifikat (MSIB) merupakan salah satu program flagship Merdeka Belajar - Kampus Merdeka (MBKM) yang diselenggarakan oleh Kementrian Pendidikan, Kebudayaan, Riset dan Teknologi Republik Indonesia.

MSIB memberikan wadah bagi para mahaiswa, baik sarjana maupun vokasi, di seluruh Indonesia untuk mendapatkan pengalaman dalam mengetahui dunia profesi dan menciptakan tenaga kerja yang profesional.

Cek info selengkapnya mengenai MSIB di Platform Kampus Merdeka https://kampusmerdeka.kemdikbud.go.id/

#kampusmerdeka #msib #magangmerdeka 
-------------

Ikuti informasi seputar Kampus Merdeka melalui kanal berikut:

Youtube: https://www.youtube.com/channel/UCYXoGiVYq7ExZV1_LZ_p4fA?sub_confirmation=1
Situs: https://kampusmerdeka.kemdikbud.go.id/
Instagram: https://www.instagram.com/kampusmerdeka.ri/
Facebook: https://www.facebook.com/mbkm.ri/
Linkedin: https://www.linkedin.com/company/kampus-merdeka/",UCYXoGiVYq7ExZV1_LZ_p4fA,Kampus Merdeka,2022-12-01T14:00:25Z,51764,1463,60,UgwonYFnbXLMZs-yD014AaABAg,Kak kalau udah terima tawaran trus kalau penempatannya nggak sesuai bisa undur diri nggak?,@marniofianasuy9620,UC60yX8s-RSwD-1DlYwcNr-Q,2024-01-16T01:29:42Z,2024-01-16T01:29:42Z,1,false,true,true
youtube,MSIB,MSIB_full,MSIB Kampus Merdeka,MSIB Kampus Merdeka,2021-06-22T00:00:00Z,2025-01-01T23:59:59Z,w9ZZCPAGAyk,https://www.youtube.com/watch?v=w9ZZCPAGAyk,Penjelasan Lengkap Tentang Program MSIB,"Magang dan Studi Independen Bersertifikat (MSIB) merupakan salah satu program flagship Merdeka Belajar - Kampus Merdeka (MBKM) yang diselenggarakan oleh Kementrian Pendidikan, Kebudayaan, Riset dan Teknologi Republik Indonesia.

MSIB memberikan wadah bagi para mahaiswa, baik sarjana maupun vokasi, di seluruh Indonesia untuk mendapatkan pengalaman dalam mengetahui dunia profesi dan menciptakan tenaga kerja yang profesional.

Cek info selengkapnya mengenai MSIB di Platform Kampus Merdeka https://kampusmerdeka.kemdikbud.go.id/

#kampusmerdeka #msib #magangmerdeka 
-------------

Ikuti informasi seputar Kampus Merdeka melalui kanal berikut:

Youtube: https://www.youtube.com/channel/UCYXoGiVYq7ExZV1_LZ_p4fA?sub_confirmation=1
Situs: https://kampusmerdeka.kemdikbud.go.id/
Instagram: https://www.instagram.com/kampusmerdeka.ri/
Facebook: https://www.facebook.com/mbkm.ri/
Linkedin: https://www.linkedin.com/company/kampus-merdeka/",UCYXoGiVYq7ExZV1_LZ_p4fA,Kampus Merdeka,2022-12-01T14:00:25Z,51764,1463,60,UgylFwpl5fGgYXwKVN94AaABAg,"mau tanya... 
apakah lulusan sarjana bisa mengikuti program magang dan studi independen bersertifikat MSIB",@BrezzyTeamZ,UCiRoDsp_3FaVIdQusGqLGUg,2023-12-20T15:53:28Z,2023-12-20T15:53:28Z,0,false,true,true
youtube,MSIB,MSIB_full,MSIB Kampus Merdeka,MSIB Kampus Merdeka,2021-06-22T00:00:00Z,2025-01-01T23:59:59Z,w9ZZCPAGAyk,https://www.youtube.com/watch?v=w9ZZCPAGAyk,Penjelasan Lengkap Tentang Program MSIB,"Magang dan Studi Independen Bersertifikat (MSIB) merupakan salah satu program flagship Merdeka Belajar - Kampus Merdeka (MBKM) yang diselenggarakan oleh Kementrian Pendidikan, Kebudayaan, Riset dan Teknologi Republik Indonesia.

MSIB memberikan wadah bagi para mahaiswa, baik sarjana maupun vokasi, di seluruh Indonesia untuk mendapatkan pengalaman dalam mengetahui dunia profesi dan menciptakan tenaga kerja yang profesional.

Cek info selengkapnya mengenai MSIB di Platform Kampus Merdeka https://kampusmerdeka.kemdikbud.go.id/

#kampusmerdeka #msib #magangmerdeka 
-------------

Ikuti informasi seputar Kampus Merdeka melalui kanal berikut:

Youtube: https://www.youtube.com/channel/UCYXoGiVYq7ExZV1_LZ_p4fA?sub_confirmation=1
Situs: https://kampusmerdeka.kemdikbud.go.id/
Instagram: https://www.instagram.com/kampusmerdeka.ri/
Facebook: https://www.facebook.com/mbkm.ri/
Linkedin: https://www.linkedin.com/company/kampus-merdeka/",UCYXoGiVYq7ExZV1_LZ_p4fA,Kampus Merdeka,2022-12-01T14:00:25Z,51764,1463,60,Ugz43yF27YK_VRz0zoh4AaABAg,ka ini programnya online apa gak sih? soalnya udah smt 7.. udah mau skripsian,@rahmathidayat-my1rk,UC4-zZ0VaAzxQNbjJ1KnZphQ,2023-11-07T04:08:45Z,2023-11-07T04:08:45Z,0,false,true,true
youtube,MSIB,MSIB_full,MSIB Kampus Merdeka,MSIB Kampus Merdeka,2021-06-22T00:00:00Z,2025-01-01T23:59:59Z,w9ZZCPAGAyk,https://www.youtube.com/watch?v=w9ZZCPAGAyk,Penjelasan Lengkap Tentang Program MSIB,"Magang dan Studi Independen Bersertifikat (MSIB) merupakan salah satu program flagship Merdeka Belajar - Kampus Merdeka (MBKM) yang diselenggarakan oleh Kementrian Pendidikan, Kebudayaan, Riset dan Teknologi Republik Indonesia.

MSIB memberikan wadah bagi para mahaiswa, baik sarjana maupun vokasi, di seluruh Indonesia untuk mendapatkan pengalaman dalam mengetahui dunia profesi dan menciptakan tenaga kerja yang profesional.

Cek info selengkapnya mengenai MSIB di Platform Kampus Merdeka https://kampusmerdeka.kemdikbud.go.id/

#kampusmerdeka #msib #magangmerdeka 
-------------

Ikuti informasi seputar Kampus Merdeka melalui kanal berikut:

Youtube: https://www.youtube.com/channel/UCYXoGiVYq7ExZV1_LZ_p4fA?sub_confirmation=1
Situs: https://kampusmerdeka.kemdikbud.go.id/
Instagram: https://www.instagram.com/kampusmerdeka.ri/
Facebook: https://www.facebook.com/mbkm.ri/
Linkedin: https://www.linkedin.com/company/kampus-merdeka/",UCYXoGiVYq7ExZV1_LZ_p4fA,Kampus Merdeka,2022-12-01T14:00:25Z,51764,1463,60,UgxHmCVDgHJwbZ8ZvSd4AaABAg,Kak mau bertanya kalo semester 4 iku pmm lalu semester 5 apakah masih boleh ikut program magang?,@wiwikanggraeni7050,UC7D6W0VA3oj_uXSDZlyxYZQ,2023-10-28T08:43:51Z,2023-10-28T08:43:51Z,7,false,true,true
youtube,MSIB,MSIB_full,MSIB Kampus Merdeka,MSIB Kampus Merdeka,2021-06-22T00:00:00Z,2025-01-01T23:59:59Z,w9ZZCPAGAyk,https://www.youtube.com/watch?v=w9ZZCPAGAyk,Penjelasan Lengkap Tentang Program MSIB,"Magang dan Studi Independen Bersertifikat (MSIB) merupakan salah satu program flagship Merdeka Belajar - Kampus Merdeka (MBKM) yang diselenggarakan oleh Kementrian Pendidikan, Kebudayaan, Riset dan Teknologi Republik Indonesia.

MSIB memberikan wadah bagi para mahaiswa, baik sarjana maupun vokasi, di seluruh Indonesia untuk mendapatkan pengalaman dalam mengetahui dunia profesi dan menciptakan tenaga kerja yang profesional.

Cek info selengkapnya mengenai MSIB di Platform Kampus Merdeka https://kampusmerdeka.kemdikbud.go.id/

#kampusmerdeka #msib #magangmerdeka 
-------------

Ikuti informasi seputar Kampus Merdeka melalui kanal berikut:

Youtube: https://www.youtube.com/channel/UCYXoGiVYq7ExZV1_LZ_p4fA?sub_confirmation=1
Situs: https://kampusmerdeka.kemdikbud.go.id/
Instagram: https://www.instagram.com/kampusmerdeka.ri/
Facebook: https://www.facebook.com/mbkm.ri/
Linkedin: https://www.linkedin.com/company/kampus-merdeka/",UCYXoGiVYq7ExZV1_LZ_p4fA,Kampus Merdeka,2022-12-01T14:00:25Z,51764,1463,60,UgyFTzz6yI1mUn2ADj94AaABAg,"Min, apakah peserta program SIB itu dapat biaya pendidikan senilai 2,4 juta?",@dzataqiy2858,UCoy4P77A401S40roJ0wKXrQ,2023-09-12T10:50:43Z,2023-09-12T10:50:43Z,0,false,true,true
youtube,MSIB,MSIB_full,MSIB Kampus Merdeka,MSIB Kampus Merdeka,2021-06-22T00:00:00Z,2025-01-01T23:59:59Z,w9ZZCPAGAyk,https://www.youtube.com/watch?v=w9ZZCPAGAyk,Penjelasan Lengkap Tentang Program MSIB,"Magang dan Studi Independen Bersertifikat (MSIB) merupakan salah satu program flagship Merdeka Belajar - Kampus Merdeka (MBKM) yang diselenggarakan oleh Kementrian Pendidikan, Kebudayaan, Riset dan Teknologi Republik Indonesia.

MSIB memberikan wadah bagi para mahaiswa, baik sarjana maupun vokasi, di seluruh Indonesia untuk mendapatkan pengalaman dalam mengetahui dunia profesi dan menciptakan tenaga kerja yang profesional.

Cek info selengkapnya mengenai MSIB di Platform Kampus Merdeka https://kampusmerdeka.kemdikbud.go.id/

#kampusmerdeka #msib #magangmerdeka 
-------------

Ikuti informasi seputar Kampus Merdeka melalui kanal berikut:

Youtube: https://www.youtube.com/channel/UCYXoGiVYq7ExZV1_LZ_p4fA?sub_confirmation=1
Situs: https://kampusmerdeka.kemdikbud.go.id/
Instagram: https://www.instagram.com/kampusmerdeka.ri/
Facebook: https://www.facebook.com/mbkm.ri/
Linkedin: https://www.linkedin.com/company/kampus-merdeka/",UCYXoGiVYq7ExZV1_LZ_p4fA,Kampus Merdeka,2022-12-01T14:00:25Z,51764,1463,60,UgydS9_qLjo-4OQeK3x4AaABAg,Syarat ipk minimal brpa?,@hutomopriy2549,UCuIjyFDUS3wAYRd1olE75Ug,2023-08-14T11:42:17Z,2023-08-14T11:42:17Z,0,false,true,true
youtube,MSIB,MSIB_full,MSIB Kampus Merdeka,MSIB Kampus Merdeka,2021-06-22T00:00:00Z,2025-01-01T23:59:59Z,w9ZZCPAGAyk,https://www.youtube.com/watch?v=w9ZZCPAGAyk,Penjelasan Lengkap Tentang Program MSIB,"Magang dan Studi Independen Bersertifikat (MSIB) merupakan salah satu program flagship Merdeka Belajar - Kampus Merdeka (MBKM) yang diselenggarakan oleh Kementrian Pendidikan, Kebudayaan, Riset dan Teknologi Republik Indonesia.

MSIB memberikan wadah bagi para mahaiswa, baik sarjana maupun vokasi, di seluruh Indonesia untuk mendapatkan pengalaman dalam mengetahui dunia profesi dan menciptakan tenaga kerja yang profesional.

Cek info selengkapnya mengenai MSIB di Platform Kampus Merdeka https://kampusmerdeka.kemdikbud.go.id/

#kampusmerdeka #msib #magangmerdeka 
-------------

Ikuti informasi seputar Kampus Merdeka melalui kanal berikut:

Youtube: https://www.youtube.com/channel/UCYXoGiVYq7ExZV1_LZ_p4fA?sub_confirmation=1
Situs: https://kampusmerdeka.kemdikbud.go.id/
Instagram: https://www.instagram.com/kampusmerdeka.ri/
Facebook: https://www.facebook.com/mbkm.ri/
Linkedin: https://www.linkedin.com/company/kampus-merdeka/",UCYXoGiVYq7ExZV1_LZ_p4fA,Kampus Merdeka,2022-12-01T14:00:25Z,51764,1463,60,UgyOMv-zyQOAaskIFv94AaABAg,"Apakah ada jaminan konversi SKS bila tidak sesuai jurusan mitra yang dipilih, terimakasihh",@rizkymuhammad4807,UCBS_Tu8Tl_y7So0jlYmqZIA,2023-07-23T14:21:19Z,2023-07-23T14:21:19Z,3,false,true,true
youtube,MSIB,MSIB_full,MSIB Kampus Merdeka,MSIB Kampus Merdeka,2021-06-22T00:00:00Z,2025-01-01T23:59:59Z,w9ZZCPAGAyk,https://www.youtube.com/watch?v=w9ZZCPAGAyk,Penjelasan Lengkap Tentang Program MSIB,"Magang dan Studi Independen Bersertifikat (MSIB) merupakan salah satu program flagship Merdeka Belajar - Kampus Merdeka (MBKM) yang diselenggarakan oleh Kementrian Pendidikan, Kebudayaan, Riset dan Teknologi Republik Indonesia.

MSIB memberikan wadah bagi para mahaiswa, baik sarjana maupun vokasi, di seluruh Indonesia untuk mendapatkan pengalaman dalam mengetahui dunia profesi dan menciptakan tenaga kerja yang profesional.

Cek info selengkapnya mengenai MSIB di Platform Kampus Merdeka https://kampusmerdeka.kemdikbud.go.id/

#kampusmerdeka #msib #magangmerdeka 
-------------

Ikuti informasi seputar Kampus Merdeka melalui kanal berikut:

Youtube: https://www.youtube.com/channel/UCYXoGiVYq7ExZV1_LZ_p4fA?sub_confirmation=1
Situs: https://kampusmerdeka.kemdikbud.go.id/
Instagram: https://www.instagram.com/kampusmerdeka.ri/
Facebook: https://www.facebook.com/mbkm.ri/
Linkedin: https://www.linkedin.com/company/kampus-merdeka/",UCYXoGiVYq7ExZV1_LZ_p4fA,Kampus Merdeka,2022-12-01T14:00:25Z,51764,1463,60,Ugw7vzUwyN4agw50PE54AaABAg,kalo mahasiswa kip  ikut studi independen biaya hidup nya masi tetep cair apa engga sih?,@silviarahmawati4839,UCjVfVFBw4jKBc9w1Wc2Lxcg,2023-07-16T12:16:19Z,2023-07-16T12:16:19Z,0,false,true,true
youtube,MSIB,MSIB_full,MSIB Kampus Merdeka,MSIB Kampus Merdeka,2021-06-22T00:00:00Z,2025-01-01T23:59:59Z,w9ZZCPAGAyk,https://www.youtube.com/watch?v=w9ZZCPAGAyk,Penjelasan Lengkap Tentang Program MSIB,"Magang dan Studi Independen Bersertifikat (MSIB) merupakan salah satu program flagship Merdeka Belajar - Kampus Merdeka (MBKM) yang diselenggarakan oleh Kementrian Pendidikan, Kebudayaan, Riset dan Teknologi Republik Indonesia.

MSIB memberikan wadah bagi para mahaiswa, baik sarjana maupun vokasi, di seluruh Indonesia untuk mendapatkan pengalaman dalam mengetahui dunia profesi dan menciptakan tenaga kerja yang profesional.

Cek info selengkapnya mengenai MSIB di Platform Kampus Merdeka https://kampusmerdeka.kemdikbud.go.id/

#kampusmerdeka #msib #magangmerdeka 
-------------

Ikuti informasi seputar Kampus Merdeka melalui kanal berikut:

Youtube: https://www.youtube.com/channel/UCYXoGiVYq7ExZV1_LZ_p4fA?sub_confirmation=1
Situs: https://kampusmerdeka.kemdikbud.go.id/
Instagram: https://www.instagram.com/kampusmerdeka.ri/
Facebook: https://www.facebook.com/mbkm.ri/
Linkedin: https://www.linkedin.com/company/kampus-merdeka/",UCYXoGiVYq7ExZV1_LZ_p4fA,Kampus Merdeka,2022-12-01T14:00:25Z,51764,1463,60,UgzJmdjOz5VNF7vihvd4AaABAg,kak kalo jurusan saya tidak ada di kualifikasi perusahaan bagaimana apakah boleh magang tidak sesuai jurusan,@alfinhutagaol6096,UCjZk_Hp_ULbHlt52vFn3gHQ,2023-06-28T19:08:05Z,2023-06-28T19:08:05Z,0,false,true,true
youtube,MSIB,MSIB_full,MSIB Kampus Merdeka,MSIB Kampus Merdeka,2021-06-22T00:00:00Z,2025-01-01T23:59:59Z,w9ZZCPAGAyk,https://www.youtube.com/watch?v=w9ZZCPAGAyk,Penjelasan Lengkap Tentang Program MSIB,"Magang dan Studi Independen Bersertifikat (MSIB) merupakan salah satu program flagship Merdeka Belajar - Kampus Merdeka (MBKM) yang diselenggarakan oleh Kementrian Pendidikan, Kebudayaan, Riset dan Teknologi Republik Indonesia.

MSIB memberikan wadah bagi para mahaiswa, baik sarjana maupun vokasi, di seluruh Indonesia untuk mendapatkan pengalaman dalam mengetahui dunia profesi dan menciptakan tenaga kerja yang profesional.

Cek info selengkapnya mengenai MSIB di Platform Kampus Merdeka https://kampusmerdeka.kemdikbud.go.id/

#kampusmerdeka #msib #magangmerdeka 
-------------

Ikuti informasi seputar Kampus Merdeka melalui kanal berikut:

Youtube: https://www.youtube.com/channel/UCYXoGiVYq7ExZV1_LZ_p4fA?sub_confirmation=1
Situs: https://kampusmerdeka.kemdikbud.go.id/
Instagram: https://www.instagram.com/kampusmerdeka.ri/
Facebook: https://www.facebook.com/mbkm.ri/
Linkedin: https://www.linkedin.com/company/kampus-merdeka/",UCYXoGiVYq7ExZV1_LZ_p4fA,Kampus Merdeka,2022-12-01T14:00:25Z,51764,1463,60,UgxSWhGixvbxcfXfYl14AaABAg,apakah akan ada ya untuk tipe posisi online di program magang MSIB angkatan 5?,@JustSholih,UCK0uul4JZwrw6Y3MLueV1Qw,2023-06-23T09:19:29Z,2023-06-23T09:19:29Z,3,false,true,true
youtube,MSIB,MSIB_full,MSIB Kampus Merdeka,MSIB Kampus Merdeka,2021-06-22T00:00:00Z,2025-01-01T23:59:59Z,w9ZZCPAGAyk,https://www.youtube.com/watch?v=w9ZZCPAGAyk,Penjelasan Lengkap Tentang Program MSIB,"Magang dan Studi Independen Bersertifikat (MSIB) merupakan salah satu program flagship Merdeka Belajar - Kampus Merdeka (MBKM) yang diselenggarakan oleh Kementrian Pendidikan, Kebudayaan, Riset dan Teknologi Republik Indonesia.

MSIB memberikan wadah bagi para mahaiswa, baik sarjana maupun vokasi, di seluruh Indonesia untuk mendapatkan pengalaman dalam mengetahui dunia profesi dan menciptakan tenaga kerja yang profesional.

Cek info selengkapnya mengenai MSIB di Platform Kampus Merdeka https://kampusmerdeka.kemdikbud.go.id/

#kampusmerdeka #msib #magangmerdeka 
-------------

Ikuti informasi seputar Kampus Merdeka melalui kanal berikut:

Youtube: https://www.youtube.com/channel/UCYXoGiVYq7ExZV1_LZ_p4fA?sub_confirmation=1
Situs: https://kampusmerdeka.kemdikbud.go.id/
Instagram: https://www.instagram.com/kampusmerdeka.ri/
Facebook: https://www.facebook.com/mbkm.ri/
Linkedin: https://www.linkedin.com/company/kampus-merdeka/",UCYXoGiVYq7ExZV1_LZ_p4fA,Kampus Merdeka,2022-12-01T14:00:25Z,51764,1463,60,UgwUmySUVyAFI24AFwl4AaABAg,Ijin bertanya jika semester 5 Stupen trus semester 6 magang apakah bisa,@orangecat3478,UCnojrlTDf_HWaBMWZqL8YJA,2023-06-06T18:49:51Z,2023-06-06T18:49:51Z,0,false,true,true
youtube,MSIB,MSIB_full,MSIB Kampus Merdeka,MSIB Kampus Merdeka,2021-06-22T00:00:00Z,2025-01-01T23:59:59Z,w9ZZCPAGAyk,https://www.youtube.com/watch?v=w9ZZCPAGAyk,Penjelasan Lengkap Tentang Program MSIB,"Magang dan Studi Independen Bersertifikat (MSIB) merupakan salah satu program flagship Merdeka Belajar - Kampus Merdeka (MBKM) yang diselenggarakan oleh Kementrian Pendidikan, Kebudayaan, Riset dan Teknologi Republik Indonesia.

MSIB memberikan wadah bagi para mahaiswa, baik sarjana maupun vokasi, di seluruh Indonesia untuk mendapatkan pengalaman dalam mengetahui dunia profesi dan menciptakan tenaga kerja yang profesional.

Cek info selengkapnya mengenai MSIB di Platform Kampus Merdeka https://kampusmerdeka.kemdikbud.go.id/

#kampusmerdeka #msib #magangmerdeka 
-------------

Ikuti informasi seputar Kampus Merdeka melalui kanal berikut:

Youtube: https://www.youtube.com/channel/UCYXoGiVYq7ExZV1_LZ_p4fA?sub_confirmation=1
Situs: https://kampusmerdeka.kemdikbud.go.id/
Instagram: https://www.instagram.com/kampusmerdeka.ri/
Facebook: https://www.facebook.com/mbkm.ri/
Linkedin: https://www.linkedin.com/company/kampus-merdeka/",UCYXoGiVYq7ExZV1_LZ_p4fA,Kampus Merdeka,2022-12-01T14:00:25Z,51764,1463,60,UgxM26sDsu1BvMRmGWd4AaABAg,semester berapa ya boleg ikuti magang mbkm ini?,@nabilalarasatidewani3816,UCPv6vc9OrNWAyou7h6EiCKQ,2023-06-04T13:26:57Z,2023-06-04T13:26:57Z,0,false,true,true
youtube,MSIB,MSIB_full,MSIB Kampus Merdeka,MSIB Kampus Merdeka,2021-06-22T00:00:00Z,2025-01-01T23:59:59Z,w9ZZCPAGAyk,https://www.youtube.com/watch?v=w9ZZCPAGAyk,Penjelasan Lengkap Tentang Program MSIB,"Magang dan Studi Independen Bersertifikat (MSIB) merupakan salah satu program flagship Merdeka Belajar - Kampus Merdeka (MBKM) yang diselenggarakan oleh Kementrian Pendidikan, Kebudayaan, Riset dan Teknologi Republik Indonesia.

MSIB memberikan wadah bagi para mahaiswa, baik sarjana maupun vokasi, di seluruh Indonesia untuk mendapatkan pengalaman dalam mengetahui dunia profesi dan menciptakan tenaga kerja yang profesional.

Cek info selengkapnya mengenai MSIB di Platform Kampus Merdeka https://kampusmerdeka.kemdikbud.go.id/

#kampusmerdeka #msib #magangmerdeka 
-------------

Ikuti informasi seputar Kampus Merdeka melalui kanal berikut:

Youtube: https://www.youtube.com/channel/UCYXoGiVYq7ExZV1_LZ_p4fA?sub_confirmation=1
Situs: https://kampusmerdeka.kemdikbud.go.id/
Instagram: https://www.instagram.com/kampusmerdeka.ri/
Facebook: https://www.facebook.com/mbkm.ri/
Linkedin: https://www.linkedin.com/company/kampus-merdeka/",UCYXoGiVYq7ExZV1_LZ_p4fA,Kampus Merdeka,2022-12-01T14:00:25Z,51764,1463,60,UgxU0gBfxvUbg13MBv54AaABAg,semangat mahasiswa,@angelika1409,UCdPy1eiZ0X_tgENXG_45agA,2023-06-02T17:15:34Z,2023-06-02T17:15:34Z,5,false,true,true
youtube,MSIB,MSIB_full,MSIB Kampus Merdeka,MSIB Kampus Merdeka,2021-06-22T00:00:00Z,2025-01-01T23:59:59Z,w9ZZCPAGAyk,https://www.youtube.com/watch?v=w9ZZCPAGAyk,Penjelasan Lengkap Tentang Program MSIB,"Magang dan Studi Independen Bersertifikat (MSIB) merupakan salah satu program flagship Merdeka Belajar - Kampus Merdeka (MBKM) yang diselenggarakan oleh Kementrian Pendidikan, Kebudayaan, Riset dan Teknologi Republik Indonesia.

MSIB memberikan wadah bagi para mahaiswa, baik sarjana maupun vokasi, di seluruh Indonesia untuk mendapatkan pengalaman dalam mengetahui dunia profesi dan menciptakan tenaga kerja yang profesional.

Cek info selengkapnya mengenai MSIB di Platform Kampus Merdeka https://kampusmerdeka.kemdikbud.go.id/

#kampusmerdeka #msib #magangmerdeka 
-------------

Ikuti informasi seputar Kampus Merdeka melalui kanal berikut:

Youtube: https://www.youtube.com/channel/UCYXoGiVYq7ExZV1_LZ_p4fA?sub_confirmation=1
Situs: https://kampusmerdeka.kemdikbud.go.id/
Instagram: https://www.instagram.com/kampusmerdeka.ri/
Facebook: https://www.facebook.com/mbkm.ri/
Linkedin: https://www.linkedin.com/company/kampus-merdeka/",UCYXoGiVYq7ExZV1_LZ_p4fA,Kampus Merdeka,2022-12-01T14:00:25Z,51764,1463,60,Ugxts3HFEdNUn7pNTnF4AaABAg,Hai kak saya mau tanya... Apakah mahasiswa yg sdh ikut magang pada kampus merdeka juga mendapatkan haknya berupa *penggantian biaya hidup*,@indraarimurti,UCnDOI18J6bkDAjOrxXk25Ng,2023-05-20T17:28:46Z,2023-05-20T17:28:46Z,3,false,true,true
youtube,MSIB,MSIB_full,MSIB Kampus Merdeka,MSIB Kampus Merdeka,2021-06-22T00:00:00Z,2025-01-01T23:59:59Z,w9ZZCPAGAyk,https://www.youtube.com/watch?v=w9ZZCPAGAyk,Penjelasan Lengkap Tentang Program MSIB,"Magang dan Studi Independen Bersertifikat (MSIB) merupakan salah satu program flagship Merdeka Belajar - Kampus Merdeka (MBKM) yang diselenggarakan oleh Kementrian Pendidikan, Kebudayaan, Riset dan Teknologi Republik Indonesia.

MSIB memberikan wadah bagi para mahaiswa, baik sarjana maupun vokasi, di seluruh Indonesia untuk mendapatkan pengalaman dalam mengetahui dunia profesi dan menciptakan tenaga kerja yang profesional.

Cek info selengkapnya mengenai MSIB di Platform Kampus Merdeka https://kampusmerdeka.kemdikbud.go.id/

#kampusmerdeka #msib #magangmerdeka 
-------------

Ikuti informasi seputar Kampus Merdeka melalui kanal berikut:

Youtube: https://www.youtube.com/channel/UCYXoGiVYq7ExZV1_LZ_p4fA?sub_confirmation=1
Situs: https://kampusmerdeka.kemdikbud.go.id/
Instagram: https://www.instagram.com/kampusmerdeka.ri/
Facebook: https://www.facebook.com/mbkm.ri/
Linkedin: https://www.linkedin.com/company/kampus-merdeka/",UCYXoGiVYq7ExZV1_LZ_p4fA,Kampus Merdeka,2022-12-01T14:00:25Z,51764,1463,60,UgxtERkyfSG2bZ2eWR14AaABAg,"semangat terus teman-teman,
hidup mahasiswa!!!!!🏆",@orangpinggiran5868,UC_KEAm8ScvdcXh8Yd5eSLNw,2023-05-03T09:25:39Z,2023-05-03T09:25:39Z,20,false,true,true
youtube,MSIB,MSIB_full,MSIB Kampus Merdeka,MSIB Kampus Merdeka,2021-06-22T00:00:00Z,2025-01-01T23:59:59Z,w9ZZCPAGAyk,https://www.youtube.com/watch?v=w9ZZCPAGAyk,Penjelasan Lengkap Tentang Program MSIB,"Magang dan Studi Independen Bersertifikat (MSIB) merupakan salah satu program flagship Merdeka Belajar - Kampus Merdeka (MBKM) yang diselenggarakan oleh Kementrian Pendidikan, Kebudayaan, Riset dan Teknologi Republik Indonesia.

MSIB memberikan wadah bagi para mahaiswa, baik sarjana maupun vokasi, di seluruh Indonesia untuk mendapatkan pengalaman dalam mengetahui dunia profesi dan menciptakan tenaga kerja yang profesional.

Cek info selengkapnya mengenai MSIB di Platform Kampus Merdeka https://kampusmerdeka.kemdikbud.go.id/

#kampusmerdeka #msib #magangmerdeka 
-------------

Ikuti informasi seputar Kampus Merdeka melalui kanal berikut:

Youtube: https://www.youtube.com/channel/UCYXoGiVYq7ExZV1_LZ_p4fA?sub_confirmation=1
Situs: https://kampusmerdeka.kemdikbud.go.id/
Instagram: https://www.instagram.com/kampusmerdeka.ri/
Facebook: https://www.facebook.com/mbkm.ri/
Linkedin: https://www.linkedin.com/company/kampus-merdeka/",UCYXoGiVYq7ExZV1_LZ_p4fA,Kampus Merdeka,2022-12-01T14:00:25Z,51764,1463,60,UgxxqcUOCb6pTNOvLJR4AaABAg,"kak izin bertanya, saya rencananya mau ikut program PMM 3, jadi masih bisa ga mendaftar untuk MSIB batch 4 tahun depan??",@rozamelatisukma8426,UCcl7HM0LY74IMvv7E_eirQg,2023-03-11T05:59:13Z,2023-03-11T05:59:13Z,5,false,true,true
youtube,MSIB,MSIB_full,MSIB Kampus Merdeka,MSIB Kampus Merdeka,2021-06-22T00:00:00Z,2025-01-01T23:59:59Z,w9ZZCPAGAyk,https://www.youtube.com/watch?v=w9ZZCPAGAyk,Penjelasan Lengkap Tentang Program MSIB,"Magang dan Studi Independen Bersertifikat (MSIB) merupakan salah satu program flagship Merdeka Belajar - Kampus Merdeka (MBKM) yang diselenggarakan oleh Kementrian Pendidikan, Kebudayaan, Riset dan Teknologi Republik Indonesia.

MSIB memberikan wadah bagi para mahaiswa, baik sarjana maupun vokasi, di seluruh Indonesia untuk mendapatkan pengalaman dalam mengetahui dunia profesi dan menciptakan tenaga kerja yang profesional.

Cek info selengkapnya mengenai MSIB di Platform Kampus Merdeka https://kampusmerdeka.kemdikbud.go.id/

#kampusmerdeka #msib #magangmerdeka 
-------------

Ikuti informasi seputar Kampus Merdeka melalui kanal berikut:

Youtube: https://www.youtube.com/channel/UCYXoGiVYq7ExZV1_LZ_p4fA?sub_confirmation=1
Situs: https://kampusmerdeka.kemdikbud.go.id/
Instagram: https://www.instagram.com/kampusmerdeka.ri/
Facebook: https://www.facebook.com/mbkm.ri/
Linkedin: https://www.linkedin.com/company/kampus-merdeka/",UCYXoGiVYq7ExZV1_LZ_p4fA,Kampus Merdeka,2022-12-01T14:00:25Z,51764,1463,60,Ugy1tMYwi9FpDiHYan14AaABAg,Selamat malam Pak saya friska ingin bertanya jika kampus saya sedang bertransformasi jurusan dari d3 ke d4 dan awal saya mendaftar itu d3 tapi di tengah jalan sudah d4 apakah otomatis berubah karna pdikti atau tidak ya pak?,@friskaaulia2667,UCM8OhbXuJlZBDIMC7z4IaZg,2023-02-09T14:30:41Z,2023-02-09T14:30:41Z,3,false,true,true
youtube,MSIB,MSIB_full,MSIB Kampus Merdeka,MSIB Kampus Merdeka,2021-06-22T00:00:00Z,2025-01-01T23:59:59Z,w9ZZCPAGAyk,https://www.youtube.com/watch?v=w9ZZCPAGAyk,Penjelasan Lengkap Tentang Program MSIB,"Magang dan Studi Independen Bersertifikat (MSIB) merupakan salah satu program flagship Merdeka Belajar - Kampus Merdeka (MBKM) yang diselenggarakan oleh Kementrian Pendidikan, Kebudayaan, Riset dan Teknologi Republik Indonesia.

MSIB memberikan wadah bagi para mahaiswa, baik sarjana maupun vokasi, di seluruh Indonesia untuk mendapatkan pengalaman dalam mengetahui dunia profesi dan menciptakan tenaga kerja yang profesional.

Cek info selengkapnya mengenai MSIB di Platform Kampus Merdeka https://kampusmerdeka.kemdikbud.go.id/

#kampusmerdeka #msib #magangmerdeka 
-------------

Ikuti informasi seputar Kampus Merdeka melalui kanal berikut:

Youtube: https://www.youtube.com/channel/UCYXoGiVYq7ExZV1_LZ_p4fA?sub_confirmation=1
Situs: https://kampusmerdeka.kemdikbud.go.id/
Instagram: https://www.instagram.com/kampusmerdeka.ri/
Facebook: https://www.facebook.com/mbkm.ri/
Linkedin: https://www.linkedin.com/company/kampus-merdeka/",UCYXoGiVYq7ExZV1_LZ_p4fA,Kampus Merdeka,2022-12-01T14:00:25Z,51764,1463,60,UgzjQTJkUlRViA18Crx4AaABAg,"Kak jika diterima pada tahap satu, pada suatu perusahaan namun kita tidak mengikutinya dikarenakan ketidaksengajaan/ tidak melihat email. 
Apakah pada perusahaan yang lain sudah kita daftarkan, kita akan diblacklist?",@dwisandysevriani157,UCg31wGzjQpwxzvS22OfmmmA,2023-01-29T02:58:35Z,2023-01-29T02:58:35Z,8,false,true,true
youtube,MSIB,MSIB_full,MSIB Kampus Merdeka,MSIB Kampus Merdeka,2021-06-22T00:00:00Z,2025-01-01T23:59:59Z,w9ZZCPAGAyk,https://www.youtube.com/watch?v=w9ZZCPAGAyk,Penjelasan Lengkap Tentang Program MSIB,"Magang dan Studi Independen Bersertifikat (MSIB) merupakan salah satu program flagship Merdeka Belajar - Kampus Merdeka (MBKM) yang diselenggarakan oleh Kementrian Pendidikan, Kebudayaan, Riset dan Teknologi Republik Indonesia.

MSIB memberikan wadah bagi para mahaiswa, baik sarjana maupun vokasi, di seluruh Indonesia untuk mendapatkan pengalaman dalam mengetahui dunia profesi dan menciptakan tenaga kerja yang profesional.

Cek info selengkapnya mengenai MSIB di Platform Kampus Merdeka https://kampusmerdeka.kemdikbud.go.id/

#kampusmerdeka #msib #magangmerdeka 
-------------

Ikuti informasi seputar Kampus Merdeka melalui kanal berikut:

Youtube: https://www.youtube.com/channel/UCYXoGiVYq7ExZV1_LZ_p4fA?sub_confirmation=1
Situs: https://kampusmerdeka.kemdikbud.go.id/
Instagram: https://www.instagram.com/kampusmerdeka.ri/
Facebook: https://www.facebook.com/mbkm.ri/
Linkedin: https://www.linkedin.com/company/kampus-merdeka/",UCYXoGiVYq7ExZV1_LZ_p4fA,Kampus Merdeka,2022-12-01T14:00:25Z,51764,1463,60,UgzPTvONf0U6DrNvaEh4AaABAg,Buat pemerintah mungkin bisa bikin satu platform ky gini untuk pencari kerja dan perekrut biar para pencari kerja dan recruter buka nya 1platform aja.. Gakbececer dimana2,@fillianamay3157,UCr6iDiwTcEG4xkyQsc2RAaw,2023-01-28T23:54:53Z,2023-01-28T23:54:53Z,49,false,true,true
youtube,MSIB,MSIB_full,MSIB Kampus Merdeka,MSIB Kampus Merdeka,2021-06-22T00:00:00Z,2025-01-01T23:59:59Z,w9ZZCPAGAyk,https://www.youtube.com/watch?v=w9ZZCPAGAyk,Penjelasan Lengkap Tentang Program MSIB,"Magang dan Studi Independen Bersertifikat (MSIB) merupakan salah satu program flagship Merdeka Belajar - Kampus Merdeka (MBKM) yang diselenggarakan oleh Kementrian Pendidikan, Kebudayaan, Riset dan Teknologi Republik Indonesia.

MSIB memberikan wadah bagi para mahaiswa, baik sarjana maupun vokasi, di seluruh Indonesia untuk mendapatkan pengalaman dalam mengetahui dunia profesi dan menciptakan tenaga kerja yang profesional.

Cek info selengkapnya mengenai MSIB di Platform Kampus Merdeka https://kampusmerdeka.kemdikbud.go.id/

#kampusmerdeka #msib #magangmerdeka 
-------------

Ikuti informasi seputar Kampus Merdeka melalui kanal berikut:

Youtube: https://www.youtube.com/channel/UCYXoGiVYq7ExZV1_LZ_p4fA?sub_confirmation=1
Situs: https://kampusmerdeka.kemdikbud.go.id/
Instagram: https://www.instagram.com/kampusmerdeka.ri/
Facebook: https://www.facebook.com/mbkm.ri/
Linkedin: https://www.linkedin.com/company/kampus-merdeka/",UCYXoGiVYq7ExZV1_LZ_p4fA,Kampus Merdeka,2022-12-01T14:00:25Z,51764,1463,60,UgwFLCWFUThx_zH6mjV4AaABAg,Bantu ngisi SPTJM nya dong kak,@Kurosawa_Yuichi,UCCsel0Nhxrzpl9_Pm7_vChw,2023-01-25T00:04:43Z,2023-01-25T00:04:43Z,0,false,true,true
youtube,MSIB,MSIB_full,MSIB Kampus Merdeka,MSIB Kampus Merdeka,2021-06-22T00:00:00Z,2025-01-01T23:59:59Z,w9ZZCPAGAyk,https://www.youtube.com/watch?v=w9ZZCPAGAyk,Penjelasan Lengkap Tentang Program MSIB,"Magang dan Studi Independen Bersertifikat (MSIB) merupakan salah satu program flagship Merdeka Belajar - Kampus Merdeka (MBKM) yang diselenggarakan oleh Kementrian Pendidikan, Kebudayaan, Riset dan Teknologi Republik Indonesia.

MSIB memberikan wadah bagi para mahaiswa, baik sarjana maupun vokasi, di seluruh Indonesia untuk mendapatkan pengalaman dalam mengetahui dunia profesi dan menciptakan tenaga kerja yang profesional.

Cek info selengkapnya mengenai MSIB di Platform Kampus Merdeka https://kampusmerdeka.kemdikbud.go.id/

#kampusmerdeka #msib #magangmerdeka 
-------------

Ikuti informasi seputar Kampus Merdeka melalui kanal berikut:

Youtube: https://www.youtube.com/channel/UCYXoGiVYq7ExZV1_LZ_p4fA?sub_confirmation=1
Situs: https://kampusmerdeka.kemdikbud.go.id/
Instagram: https://www.instagram.com/kampusmerdeka.ri/
Facebook: https://www.facebook.com/mbkm.ri/
Linkedin: https://www.linkedin.com/company/kampus-merdeka/",UCYXoGiVYq7ExZV1_LZ_p4fA,Kampus Merdeka,2022-12-01T14:00:25Z,51764,1463,60,UgztyXMWUHdG2rlF6cl4AaABAg,Ih aku bingunh mengisi SPTJM nya.,@Kurosawa_Yuichi,UCCsel0Nhxrzpl9_Pm7_vChw,2023-01-25T00:04:18Z,2023-01-25T00:04:18Z,2,false,true,true
youtube,MSIB,MSIB_full,MSIB Kampus Merdeka,MSIB Kampus Merdeka,2021-06-22T00:00:00Z,2025-01-01T23:59:59Z,w9ZZCPAGAyk,https://www.youtube.com/watch?v=w9ZZCPAGAyk,Penjelasan Lengkap Tentang Program MSIB,"Magang dan Studi Independen Bersertifikat (MSIB) merupakan salah satu program flagship Merdeka Belajar - Kampus Merdeka (MBKM) yang diselenggarakan oleh Kementrian Pendidikan, Kebudayaan, Riset dan Teknologi Republik Indonesia.

MSIB memberikan wadah bagi para mahaiswa, baik sarjana maupun vokasi, di seluruh Indonesia untuk mendapatkan pengalaman dalam mengetahui dunia profesi dan menciptakan tenaga kerja yang profesional.

Cek info selengkapnya mengenai MSIB di Platform Kampus Merdeka https://kampusmerdeka.kemdikbud.go.id/

#kampusmerdeka #msib #magangmerdeka 
-------------

Ikuti informasi seputar Kampus Merdeka melalui kanal berikut:

Youtube: https://www.youtube.com/channel/UCYXoGiVYq7ExZV1_LZ_p4fA?sub_confirmation=1
Situs: https://kampusmerdeka.kemdikbud.go.id/
Instagram: https://www.instagram.com/kampusmerdeka.ri/
Facebook: https://www.facebook.com/mbkm.ri/
Linkedin: https://www.linkedin.com/company/kampus-merdeka/",UCYXoGiVYq7ExZV1_LZ_p4fA,Kampus Merdeka,2022-12-01T14:00:25Z,51764,1463,60,UgwtTFsAdVCHZkWxPEJ4AaABAg,Kalau misalkan diterima di beberapa perusahaan untuk tahap 1 apakah boleh dicoba semua untuk lanjut atau hanya memilih 1 perusahaan kak?,@auliadwiputri9981,UCGnRhjFqu3f1oqOlo-EYUCA,2023-01-22T14:35:23Z,2023-01-22T14:35:23Z,2,false,true,true
youtube,MSIB,MSIB_full,MSIB Kampus Merdeka,MSIB Kampus Merdeka,2021-06-22T00:00:00Z,2025-01-01T23:59:59Z,w9ZZCPAGAyk,https://www.youtube.com/watch?v=w9ZZCPAGAyk,Penjelasan Lengkap Tentang Program MSIB,"Magang dan Studi Independen Bersertifikat (MSIB) merupakan salah satu program flagship Merdeka Belajar - Kampus Merdeka (MBKM) yang diselenggarakan oleh Kementrian Pendidikan, Kebudayaan, Riset dan Teknologi Republik Indonesia.

MSIB memberikan wadah bagi para mahaiswa, baik sarjana maupun vokasi, di seluruh Indonesia untuk mendapatkan pengalaman dalam mengetahui dunia profesi dan menciptakan tenaga kerja yang profesional.

Cek info selengkapnya mengenai MSIB di Platform Kampus Merdeka https://kampusmerdeka.kemdikbud.go.id/

#kampusmerdeka #msib #magangmerdeka 
-------------

Ikuti informasi seputar Kampus Merdeka melalui kanal berikut:

Youtube: https://www.youtube.com/channel/UCYXoGiVYq7ExZV1_LZ_p4fA?sub_confirmation=1
Situs: https://kampusmerdeka.kemdikbud.go.id/
Instagram: https://www.instagram.com/kampusmerdeka.ri/
Facebook: https://www.facebook.com/mbkm.ri/
Linkedin: https://www.linkedin.com/company/kampus-merdeka/",UCYXoGiVYq7ExZV1_LZ_p4fA,Kampus Merdeka,2022-12-01T14:00:25Z,51764,1463,60,UgydcQYZQWCn2jMuC1h4AaABAg,keren,@anggamuliadi3685,UCWZzPPerjZUlXN3MdUXTP8g,2022-12-19T08:33:02Z,2022-12-19T08:33:02Z,0,false,true,true
youtube,MSIB,MSIB_full,MSIB Kampus Merdeka,MSIB Kampus Merdeka,2021-06-22T00:00:00Z,2025-01-01T23:59:59Z,w9ZZCPAGAyk,https://www.youtube.com/watch?v=w9ZZCPAGAyk,Penjelasan Lengkap Tentang Program MSIB,"Magang dan Studi Independen Bersertifikat (MSIB) merupakan salah satu program flagship Merdeka Belajar - Kampus Merdeka (MBKM) yang diselenggarakan oleh Kementrian Pendidikan, Kebudayaan, Riset dan Teknologi Republik Indonesia.

MSIB memberikan wadah bagi para mahaiswa, baik sarjana maupun vokasi, di seluruh Indonesia untuk mendapatkan pengalaman dalam mengetahui dunia profesi dan menciptakan tenaga kerja yang profesional.

Cek info selengkapnya mengenai MSIB di Platform Kampus Merdeka https://kampusmerdeka.kemdikbud.go.id/

#kampusmerdeka #msib #magangmerdeka 
-------------

Ikuti informasi seputar Kampus Merdeka melalui kanal berikut:

Youtube: https://www.youtube.com/channel/UCYXoGiVYq7ExZV1_LZ_p4fA?sub_confirmation=1
Situs: https://kampusmerdeka.kemdikbud.go.id/
Instagram: https://www.instagram.com/kampusmerdeka.ri/
Facebook: https://www.facebook.com/mbkm.ri/
Linkedin: https://www.linkedin.com/company/kampus-merdeka/",UCYXoGiVYq7ExZV1_LZ_p4fA,Kampus Merdeka,2022-12-01T14:00:25Z,51764,1463,60,Ugzz0m4RPNXiv1ObOyt4AaABAg,magang itu digajih gak sih ?,@mayasirdarmawan5255,UCYmSkk1VxEm9ucZLJA2GOBA,2022-12-18T03:27:43Z,2022-12-18T03:27:43Z,2,false,true,true
youtube,MSIB,MSIB_full,MSIB Kampus Merdeka,MSIB Kampus Merdeka,2021-06-22T00:00:00Z,2025-01-01T23:59:59Z,w9ZZCPAGAyk,https://www.youtube.com/watch?v=w9ZZCPAGAyk,Penjelasan Lengkap Tentang Program MSIB,"Magang dan Studi Independen Bersertifikat (MSIB) merupakan salah satu program flagship Merdeka Belajar - Kampus Merdeka (MBKM) yang diselenggarakan oleh Kementrian Pendidikan, Kebudayaan, Riset dan Teknologi Republik Indonesia.

MSIB memberikan wadah bagi para mahaiswa, baik sarjana maupun vokasi, di seluruh Indonesia untuk mendapatkan pengalaman dalam mengetahui dunia profesi dan menciptakan tenaga kerja yang profesional.

Cek info selengkapnya mengenai MSIB di Platform Kampus Merdeka https://kampusmerdeka.kemdikbud.go.id/

#kampusmerdeka #msib #magangmerdeka 
-------------

Ikuti informasi seputar Kampus Merdeka melalui kanal berikut:

Youtube: https://www.youtube.com/channel/UCYXoGiVYq7ExZV1_LZ_p4fA?sub_confirmation=1
Situs: https://kampusmerdeka.kemdikbud.go.id/
Instagram: https://www.instagram.com/kampusmerdeka.ri/
Facebook: https://www.facebook.com/mbkm.ri/
Linkedin: https://www.linkedin.com/company/kampus-merdeka/",UCYXoGiVYq7ExZV1_LZ_p4fA,Kampus Merdeka,2022-12-01T14:00:25Z,51764,1463,60,UgzzhrM-xkg6eETUa5t4AaABAg,Insightful.. terimakasih,@daffaagung,UCHOl65M6FJ8UNcpntNP7HDw,2022-12-01T17:20:46Z,2022-12-01T17:20:46Z,6,false,true,true
youtube,MSIB,MSIB_full,MSIB Kampus Merdeka,MSIB Kampus Merdeka,2021-06-22T00:00:00Z,2025-01-01T23:59:59Z,X1l7LOv8aNw,https://www.youtube.com/watch?v=X1l7LOv8aNw,CV LOLOS MAGANG MSIB 6 KAMPUS MERDEKA 📝✨,"Template CV ATS gratis:
jobscan.co

Hai Gorgeous People!
Aku mau nambahin, kalau saat ini karena beberapa faktor, aku mengambil posisi yang saat itu pengumumannya tercepat. Jadi saat ini aku magang di salah satu lembaga coding.

Hopefully video ini bisa membantu kalian lolos juga yaa. Good luck!

💄On My Face💄
1. Emina daily matte compact powder - 03 Caramel
https://s.shopee.co.id/8KYMhq3JUt
2. Dazzle Me Mousse Lip Cream - 0088 Body Talk
https://s.shopee.co.id/8KYMji4iO0
3. Implora Urban Lip Cream - Red Gala
https://s.shopee.co.id/50Hulg5q0T
4. Hanasui Mattedorable Lip Cream - 16 Glam
https://s.shopee.co.id/2qDQ9xiVt5
5. Hanasui Perfect Cheek Blush & Go - 01 Pink
https://s.shopee.co.id/5Kul8hEJNb
6. Implora Eyebrow - SOFT 03 Brown
https://s.shopee.co.id/60ARw0nLqY
7. Pinkflash Eyeliner - Black
https://s.shopee.co.id/BCezNKfXz
8. Pinkflash Mascara - Pink Volumizing
https://s.shopee.co.id/8AEwW8fnZL


#msib #magangmerdeka #kampusmerdeka #internship #kampusmengajar #pegadaian #schoters",UCFVfOclolpedLIO7MOMDZmA,Tropicalya,2024-05-02T12:08:20Z,13289,357,148,UgyqWTw8GJulBRrxi094AaABAg,"pengalaman magang dan pengalaman organisasi kampus 
di satuin di satu poin, atau d bedain ka",@diananurasih8340,UC5J4Of74rgGVDrBL0kYreCA,2024-10-21T05:38:47Z,2024-10-21T05:41:31Z,0,false,true,true
youtube,MSIB,MSIB_full,MSIB Kampus Merdeka,MSIB Kampus Merdeka,2021-06-22T00:00:00Z,2025-01-01T23:59:59Z,X1l7LOv8aNw,https://www.youtube.com/watch?v=X1l7LOv8aNw,CV LOLOS MAGANG MSIB 6 KAMPUS MERDEKA 📝✨,"Template CV ATS gratis:
jobscan.co

Hai Gorgeous People!
Aku mau nambahin, kalau saat ini karena beberapa faktor, aku mengambil posisi yang saat itu pengumumannya tercepat. Jadi saat ini aku magang di salah satu lembaga coding.

Hopefully video ini bisa membantu kalian lolos juga yaa. Good luck!

💄On My Face💄
1. Emina daily matte compact powder - 03 Caramel
https://s.shopee.co.id/8KYMhq3JUt
2. Dazzle Me Mousse Lip Cream - 0088 Body Talk
https://s.shopee.co.id/8KYMji4iO0
3. Implora Urban Lip Cream - Red Gala
https://s.shopee.co.id/50Hulg5q0T
4. Hanasui Mattedorable Lip Cream - 16 Glam
https://s.shopee.co.id/2qDQ9xiVt5
5. Hanasui Perfect Cheek Blush & Go - 01 Pink
https://s.shopee.co.id/5Kul8hEJNb
6. Implora Eyebrow - SOFT 03 Brown
https://s.shopee.co.id/60ARw0nLqY
7. Pinkflash Eyeliner - Black
https://s.shopee.co.id/BCezNKfXz
8. Pinkflash Mascara - Pink Volumizing
https://s.shopee.co.id/8AEwW8fnZL


#msib #magangmerdeka #kampusmerdeka #internship #kampusmengajar #pegadaian #schoters",UCFVfOclolpedLIO7MOMDZmA,Tropicalya,2024-05-02T12:08:20Z,13289,357,148,UgwLb5zWImoiGUJgA2R4AaABAg,masyaAllah enak bgt penjelasannya rinci,@kaniawinymarta6970,UCJ7iwbhP1dO9DYJJ8NNc98Q,2024-10-06T07:58:20Z,2024-10-06T07:58:20Z,0,false,true,true
youtube,MSIB,MSIB_full,MSIB Kampus Merdeka,MSIB Kampus Merdeka,2021-06-22T00:00:00Z,2025-01-01T23:59:59Z,X1l7LOv8aNw,https://www.youtube.com/watch?v=X1l7LOv8aNw,CV LOLOS MAGANG MSIB 6 KAMPUS MERDEKA 📝✨,"Template CV ATS gratis:
jobscan.co

Hai Gorgeous People!
Aku mau nambahin, kalau saat ini karena beberapa faktor, aku mengambil posisi yang saat itu pengumumannya tercepat. Jadi saat ini aku magang di salah satu lembaga coding.

Hopefully video ini bisa membantu kalian lolos juga yaa. Good luck!

💄On My Face💄
1. Emina daily matte compact powder - 03 Caramel
https://s.shopee.co.id/8KYMhq3JUt
2. Dazzle Me Mousse Lip Cream - 0088 Body Talk
https://s.shopee.co.id/8KYMji4iO0
3. Implora Urban Lip Cream - Red Gala
https://s.shopee.co.id/50Hulg5q0T
4. Hanasui Mattedorable Lip Cream - 16 Glam
https://s.shopee.co.id/2qDQ9xiVt5
5. Hanasui Perfect Cheek Blush & Go - 01 Pink
https://s.shopee.co.id/5Kul8hEJNb
6. Implora Eyebrow - SOFT 03 Brown
https://s.shopee.co.id/60ARw0nLqY
7. Pinkflash Eyeliner - Black
https://s.shopee.co.id/BCezNKfXz
8. Pinkflash Mascara - Pink Volumizing
https://s.shopee.co.id/8AEwW8fnZL


#msib #magangmerdeka #kampusmerdeka #internship #kampusmengajar #pegadaian #schoters",UCFVfOclolpedLIO7MOMDZmA,Tropicalya,2024-05-02T12:08:20Z,13289,357,148,UgyaQl9iiFCK-rFsGGJ4AaABAg,Hallo kak mohon Doa dan restunya supaya saya juga diterima MSIB dan magang lainnya ditempat yang di tuju aamiin,@kaniawinymarta6970,UCJ7iwbhP1dO9DYJJ8NNc98Q,2024-10-06T07:50:21Z,2024-10-06T07:50:21Z,0,false,true,true
youtube,MSIB,MSIB_full,MSIB Kampus Merdeka,MSIB Kampus Merdeka,2021-06-22T00:00:00Z,2025-01-01T23:59:59Z,X1l7LOv8aNw,https://www.youtube.com/watch?v=X1l7LOv8aNw,CV LOLOS MAGANG MSIB 6 KAMPUS MERDEKA 📝✨,"Template CV ATS gratis:
jobscan.co

Hai Gorgeous People!
Aku mau nambahin, kalau saat ini karena beberapa faktor, aku mengambil posisi yang saat itu pengumumannya tercepat. Jadi saat ini aku magang di salah satu lembaga coding.

Hopefully video ini bisa membantu kalian lolos juga yaa. Good luck!

💄On My Face💄
1. Emina daily matte compact powder - 03 Caramel
https://s.shopee.co.id/8KYMhq3JUt
2. Dazzle Me Mousse Lip Cream - 0088 Body Talk
https://s.shopee.co.id/8KYMji4iO0
3. Implora Urban Lip Cream - Red Gala
https://s.shopee.co.id/50Hulg5q0T
4. Hanasui Mattedorable Lip Cream - 16 Glam
https://s.shopee.co.id/2qDQ9xiVt5
5. Hanasui Perfect Cheek Blush & Go - 01 Pink
https://s.shopee.co.id/5Kul8hEJNb
6. Implora Eyebrow - SOFT 03 Brown
https://s.shopee.co.id/60ARw0nLqY
7. Pinkflash Eyeliner - Black
https://s.shopee.co.id/BCezNKfXz
8. Pinkflash Mascara - Pink Volumizing
https://s.shopee.co.id/8AEwW8fnZL


#msib #magangmerdeka #kampusmerdeka #internship #kampusmengajar #pegadaian #schoters",UCFVfOclolpedLIO7MOMDZmA,Tropicalya,2024-05-02T12:08:20Z,13289,357,148,UgzotRrcpvgpGz41UA54AaABAg,Kak kalau ikutan bootcamp² gtu bisa dicantumin gk ya,@manusiabiasa_.2004,UCdcXxf7LwsUanlGqqxpH2sA,2024-09-16T00:58:00Z,2024-09-16T00:58:00Z,0,false,true,true
youtube,MSIB,MSIB_full,MSIB Kampus Merdeka,MSIB Kampus Merdeka,2021-06-22T00:00:00Z,2025-01-01T23:59:59Z,X1l7LOv8aNw,https://www.youtube.com/watch?v=X1l7LOv8aNw,CV LOLOS MAGANG MSIB 6 KAMPUS MERDEKA 📝✨,"Template CV ATS gratis:
jobscan.co

Hai Gorgeous People!
Aku mau nambahin, kalau saat ini karena beberapa faktor, aku mengambil posisi yang saat itu pengumumannya tercepat. Jadi saat ini aku magang di salah satu lembaga coding.

Hopefully video ini bisa membantu kalian lolos juga yaa. Good luck!

💄On My Face💄
1. Emina daily matte compact powder - 03 Caramel
https://s.shopee.co.id/8KYMhq3JUt
2. Dazzle Me Mousse Lip Cream - 0088 Body Talk
https://s.shopee.co.id/8KYMji4iO0
3. Implora Urban Lip Cream - Red Gala
https://s.shopee.co.id/50Hulg5q0T
4. Hanasui Mattedorable Lip Cream - 16 Glam
https://s.shopee.co.id/2qDQ9xiVt5
5. Hanasui Perfect Cheek Blush & Go - 01 Pink
https://s.shopee.co.id/5Kul8hEJNb
6. Implora Eyebrow - SOFT 03 Brown
https://s.shopee.co.id/60ARw0nLqY
7. Pinkflash Eyeliner - Black
https://s.shopee.co.id/BCezNKfXz
8. Pinkflash Mascara - Pink Volumizing
https://s.shopee.co.id/8AEwW8fnZL


#msib #magangmerdeka #kampusmerdeka #internship #kampusmengajar #pegadaian #schoters",UCFVfOclolpedLIO7MOMDZmA,Tropicalya,2024-05-02T12:08:20Z,13289,357,148,Ugw3bypNbqWqHJf9r6V4AaABAg,Kak kalau kita ikut kepanitiaan organisasi tapi gak ada sertifikatnya gimana ya kak? Apa tetap bisa di cantumin?,@fadlisetiawan8321,UC39LNhNDJlN-Byb__mxOZfQ,2024-08-29T04:31:44Z,2024-08-29T04:31:44Z,0,false,true,true
youtube,MSIB,MSIB_full,MSIB Kampus Merdeka,MSIB Kampus Merdeka,2021-06-22T00:00:00Z,2025-01-01T23:59:59Z,X1l7LOv8aNw,https://www.youtube.com/watch?v=X1l7LOv8aNw,CV LOLOS MAGANG MSIB 6 KAMPUS MERDEKA 📝✨,"Template CV ATS gratis:
jobscan.co

Hai Gorgeous People!
Aku mau nambahin, kalau saat ini karena beberapa faktor, aku mengambil posisi yang saat itu pengumumannya tercepat. Jadi saat ini aku magang di salah satu lembaga coding.

Hopefully video ini bisa membantu kalian lolos juga yaa. Good luck!

💄On My Face💄
1. Emina daily matte compact powder - 03 Caramel
https://s.shopee.co.id/8KYMhq3JUt
2. Dazzle Me Mousse Lip Cream - 0088 Body Talk
https://s.shopee.co.id/8KYMji4iO0
3. Implora Urban Lip Cream - Red Gala
https://s.shopee.co.id/50Hulg5q0T
4. Hanasui Mattedorable Lip Cream - 16 Glam
https://s.shopee.co.id/2qDQ9xiVt5
5. Hanasui Perfect Cheek Blush & Go - 01 Pink
https://s.shopee.co.id/5Kul8hEJNb
6. Implora Eyebrow - SOFT 03 Brown
https://s.shopee.co.id/60ARw0nLqY
7. Pinkflash Eyeliner - Black
https://s.shopee.co.id/BCezNKfXz
8. Pinkflash Mascara - Pink Volumizing
https://s.shopee.co.id/8AEwW8fnZL


#msib #magangmerdeka #kampusmerdeka #internship #kampusmengajar #pegadaian #schoters",UCFVfOclolpedLIO7MOMDZmA,Tropicalya,2024-05-02T12:08:20Z,13289,357,148,UgwB11sm5fORJxHqWXp4AaABAg,kak kalo pengalaman magang masuknya ke work experience kah?,@m.ikhromazhar2363,UCJYnRj8qqAKSsj8UBuOediw,2024-08-22T23:28:59Z,2024-08-22T23:28:59Z,0,false,true,true
youtube,MSIB,MSIB_full,MSIB Kampus Merdeka,MSIB Kampus Merdeka,2021-06-22T00:00:00Z,2025-01-01T23:59:59Z,X1l7LOv8aNw,https://www.youtube.com/watch?v=X1l7LOv8aNw,CV LOLOS MAGANG MSIB 6 KAMPUS MERDEKA 📝✨,"Template CV ATS gratis:
jobscan.co

Hai Gorgeous People!
Aku mau nambahin, kalau saat ini karena beberapa faktor, aku mengambil posisi yang saat itu pengumumannya tercepat. Jadi saat ini aku magang di salah satu lembaga coding.

Hopefully video ini bisa membantu kalian lolos juga yaa. Good luck!

💄On My Face💄
1. Emina daily matte compact powder - 03 Caramel
https://s.shopee.co.id/8KYMhq3JUt
2. Dazzle Me Mousse Lip Cream - 0088 Body Talk
https://s.shopee.co.id/8KYMji4iO0
3. Implora Urban Lip Cream - Red Gala
https://s.shopee.co.id/50Hulg5q0T
4. Hanasui Mattedorable Lip Cream - 16 Glam
https://s.shopee.co.id/2qDQ9xiVt5
5. Hanasui Perfect Cheek Blush & Go - 01 Pink
https://s.shopee.co.id/5Kul8hEJNb
6. Implora Eyebrow - SOFT 03 Brown
https://s.shopee.co.id/60ARw0nLqY
7. Pinkflash Eyeliner - Black
https://s.shopee.co.id/BCezNKfXz
8. Pinkflash Mascara - Pink Volumizing
https://s.shopee.co.id/8AEwW8fnZL


#msib #magangmerdeka #kampusmerdeka #internship #kampusmengajar #pegadaian #schoters",UCFVfOclolpedLIO7MOMDZmA,Tropicalya,2024-05-02T12:08:20Z,13289,357,148,UgxynS5zb1Jt2fZhgr14AaABAg,"mau nanya kak, misalkan tidak diterima di Perusahaan, apakah juga mendapatkan notif, atau hanya yang lolos saja yang mendapatkan notif?",@ft21a_djalaluddinassuyuthi70,UCgtfG_BGUFJuQmgCQpUqWCg,2024-07-14T04:07:39Z,2024-07-14T04:07:39Z,0,false,true,true
youtube,MSIB,MSIB_full,MSIB Kampus Merdeka,MSIB Kampus Merdeka,2021-06-22T00:00:00Z,2025-01-01T23:59:59Z,X1l7LOv8aNw,https://www.youtube.com/watch?v=X1l7LOv8aNw,CV LOLOS MAGANG MSIB 6 KAMPUS MERDEKA 📝✨,"Template CV ATS gratis:
jobscan.co

Hai Gorgeous People!
Aku mau nambahin, kalau saat ini karena beberapa faktor, aku mengambil posisi yang saat itu pengumumannya tercepat. Jadi saat ini aku magang di salah satu lembaga coding.

Hopefully video ini bisa membantu kalian lolos juga yaa. Good luck!

💄On My Face💄
1. Emina daily matte compact powder - 03 Caramel
https://s.shopee.co.id/8KYMhq3JUt
2. Dazzle Me Mousse Lip Cream - 0088 Body Talk
https://s.shopee.co.id/8KYMji4iO0
3. Implora Urban Lip Cream - Red Gala
https://s.shopee.co.id/50Hulg5q0T
4. Hanasui Mattedorable Lip Cream - 16 Glam
https://s.shopee.co.id/2qDQ9xiVt5
5. Hanasui Perfect Cheek Blush & Go - 01 Pink
https://s.shopee.co.id/5Kul8hEJNb
6. Implora Eyebrow - SOFT 03 Brown
https://s.shopee.co.id/60ARw0nLqY
7. Pinkflash Eyeliner - Black
https://s.shopee.co.id/BCezNKfXz
8. Pinkflash Mascara - Pink Volumizing
https://s.shopee.co.id/8AEwW8fnZL


#msib #magangmerdeka #kampusmerdeka #internship #kampusmengajar #pegadaian #schoters",UCFVfOclolpedLIO7MOMDZmA,Tropicalya,2024-05-02T12:08:20Z,13289,357,148,UgwHScS4AFpu8lhPK9B4AaABAg,tidak menyangka alya akan seproduktif inii ^^ good luck for your new beginning alya,@lailanurfitriya5314,UCV_XaESmAFqdVXojr7b2s7A,2024-06-25T01:22:22Z,2024-06-25T01:22:22Z,0,false,true,true
youtube,MSIB,MSIB_full,MSIB Kampus Merdeka,MSIB Kampus Merdeka,2021-06-22T00:00:00Z,2025-01-01T23:59:59Z,X1l7LOv8aNw,https://www.youtube.com/watch?v=X1l7LOv8aNw,CV LOLOS MAGANG MSIB 6 KAMPUS MERDEKA 📝✨,"Template CV ATS gratis:
jobscan.co

Hai Gorgeous People!
Aku mau nambahin, kalau saat ini karena beberapa faktor, aku mengambil posisi yang saat itu pengumumannya tercepat. Jadi saat ini aku magang di salah satu lembaga coding.

Hopefully video ini bisa membantu kalian lolos juga yaa. Good luck!

💄On My Face💄
1. Emina daily matte compact powder - 03 Caramel
https://s.shopee.co.id/8KYMhq3JUt
2. Dazzle Me Mousse Lip Cream - 0088 Body Talk
https://s.shopee.co.id/8KYMji4iO0
3. Implora Urban Lip Cream - Red Gala
https://s.shopee.co.id/50Hulg5q0T
4. Hanasui Mattedorable Lip Cream - 16 Glam
https://s.shopee.co.id/2qDQ9xiVt5
5. Hanasui Perfect Cheek Blush & Go - 01 Pink
https://s.shopee.co.id/5Kul8hEJNb
6. Implora Eyebrow - SOFT 03 Brown
https://s.shopee.co.id/60ARw0nLqY
7. Pinkflash Eyeliner - Black
https://s.shopee.co.id/BCezNKfXz
8. Pinkflash Mascara - Pink Volumizing
https://s.shopee.co.id/8AEwW8fnZL


#msib #magangmerdeka #kampusmerdeka #internship #kampusmengajar #pegadaian #schoters",UCFVfOclolpedLIO7MOMDZmA,Tropicalya,2024-05-02T12:08:20Z,13289,357,148,UgzmrpJEhXOAU7THahh4AaABAg,Kak kalau jadi MC/moderator suatu acara/kegiatan itu masuk dimana? Terus untuk buktinya di lampirkan dimana ? Mohon informasiny kak,@misterj2206,UCtxK4rpf4HFGW2jjYwTuccg,2024-06-12T14:34:02Z,2024-06-12T14:34:02Z,1,false,true,true
youtube,MSIB,MSIB_full,MSIB Kampus Merdeka,MSIB Kampus Merdeka,2021-06-22T00:00:00Z,2025-01-01T23:59:59Z,X1l7LOv8aNw,https://www.youtube.com/watch?v=X1l7LOv8aNw,CV LOLOS MAGANG MSIB 6 KAMPUS MERDEKA 📝✨,"Template CV ATS gratis:
jobscan.co

Hai Gorgeous People!
Aku mau nambahin, kalau saat ini karena beberapa faktor, aku mengambil posisi yang saat itu pengumumannya tercepat. Jadi saat ini aku magang di salah satu lembaga coding.

Hopefully video ini bisa membantu kalian lolos juga yaa. Good luck!

💄On My Face💄
1. Emina daily matte compact powder - 03 Caramel
https://s.shopee.co.id/8KYMhq3JUt
2. Dazzle Me Mousse Lip Cream - 0088 Body Talk
https://s.shopee.co.id/8KYMji4iO0
3. Implora Urban Lip Cream - Red Gala
https://s.shopee.co.id/50Hulg5q0T
4. Hanasui Mattedorable Lip Cream - 16 Glam
https://s.shopee.co.id/2qDQ9xiVt5
5. Hanasui Perfect Cheek Blush & Go - 01 Pink
https://s.shopee.co.id/5Kul8hEJNb
6. Implora Eyebrow - SOFT 03 Brown
https://s.shopee.co.id/60ARw0nLqY
7. Pinkflash Eyeliner - Black
https://s.shopee.co.id/BCezNKfXz
8. Pinkflash Mascara - Pink Volumizing
https://s.shopee.co.id/8AEwW8fnZL


#msib #magangmerdeka #kampusmerdeka #internship #kampusmengajar #pegadaian #schoters",UCFVfOclolpedLIO7MOMDZmA,Tropicalya,2024-05-02T12:08:20Z,13289,357,148,UgwX1DiKvJ3wISqrAwF4AaABAg,"kak mau nanya dongg, ini kamu cv nya berapa halaman yaa waktu daftar msib? dan baiknya berapa halaman yaa kak?",@siiilllllllll,UCQjnFQzmzPEMKhQMWrx0YzA,2024-06-10T12:14:16Z,2024-06-10T12:14:16Z,0,false,true,true
youtube,MSIB,MSIB_full,MSIB Kampus Merdeka,MSIB Kampus Merdeka,2021-06-22T00:00:00Z,2025-01-01T23:59:59Z,X1l7LOv8aNw,https://www.youtube.com/watch?v=X1l7LOv8aNw,CV LOLOS MAGANG MSIB 6 KAMPUS MERDEKA 📝✨,"Template CV ATS gratis:
jobscan.co

Hai Gorgeous People!
Aku mau nambahin, kalau saat ini karena beberapa faktor, aku mengambil posisi yang saat itu pengumumannya tercepat. Jadi saat ini aku magang di salah satu lembaga coding.

Hopefully video ini bisa membantu kalian lolos juga yaa. Good luck!

💄On My Face💄
1. Emina daily matte compact powder - 03 Caramel
https://s.shopee.co.id/8KYMhq3JUt
2. Dazzle Me Mousse Lip Cream - 0088 Body Talk
https://s.shopee.co.id/8KYMji4iO0
3. Implora Urban Lip Cream - Red Gala
https://s.shopee.co.id/50Hulg5q0T
4. Hanasui Mattedorable Lip Cream - 16 Glam
https://s.shopee.co.id/2qDQ9xiVt5
5. Hanasui Perfect Cheek Blush & Go - 01 Pink
https://s.shopee.co.id/5Kul8hEJNb
6. Implora Eyebrow - SOFT 03 Brown
https://s.shopee.co.id/60ARw0nLqY
7. Pinkflash Eyeliner - Black
https://s.shopee.co.id/BCezNKfXz
8. Pinkflash Mascara - Pink Volumizing
https://s.shopee.co.id/8AEwW8fnZL


#msib #magangmerdeka #kampusmerdeka #internship #kampusmengajar #pegadaian #schoters",UCFVfOclolpedLIO7MOMDZmA,Tropicalya,2024-05-02T12:08:20Z,13289,357,148,UgzFU586JnwrchsQ8e14AaABAg,"Kak, kalau aku punya usaha kecil-kecilan dan sebagai ownernya itu apakah boleh dimasukkan ke CV? jika iya masuk kategori apa ya kk?",@lidiya5713,UCHMM-uQB8xzQgtDy9flkmew,2024-06-08T16:07:14Z,2024-06-08T16:07:14Z,0,false,true,true
youtube,MSIB,MSIB_full,MSIB Kampus Merdeka,MSIB Kampus Merdeka,2021-06-22T00:00:00Z,2025-01-01T23:59:59Z,X1l7LOv8aNw,https://www.youtube.com/watch?v=X1l7LOv8aNw,CV LOLOS MAGANG MSIB 6 KAMPUS MERDEKA 📝✨,"Template CV ATS gratis:
jobscan.co

Hai Gorgeous People!
Aku mau nambahin, kalau saat ini karena beberapa faktor, aku mengambil posisi yang saat itu pengumumannya tercepat. Jadi saat ini aku magang di salah satu lembaga coding.

Hopefully video ini bisa membantu kalian lolos juga yaa. Good luck!

💄On My Face💄
1. Emina daily matte compact powder - 03 Caramel
https://s.shopee.co.id/8KYMhq3JUt
2. Dazzle Me Mousse Lip Cream - 0088 Body Talk
https://s.shopee.co.id/8KYMji4iO0
3. Implora Urban Lip Cream - Red Gala
https://s.shopee.co.id/50Hulg5q0T
4. Hanasui Mattedorable Lip Cream - 16 Glam
https://s.shopee.co.id/2qDQ9xiVt5
5. Hanasui Perfect Cheek Blush & Go - 01 Pink
https://s.shopee.co.id/5Kul8hEJNb
6. Implora Eyebrow - SOFT 03 Brown
https://s.shopee.co.id/60ARw0nLqY
7. Pinkflash Eyeliner - Black
https://s.shopee.co.id/BCezNKfXz
8. Pinkflash Mascara - Pink Volumizing
https://s.shopee.co.id/8AEwW8fnZL


#msib #magangmerdeka #kampusmerdeka #internship #kampusmengajar #pegadaian #schoters",UCFVfOclolpedLIO7MOMDZmA,Tropicalya,2024-05-02T12:08:20Z,13289,357,148,Ugy8xKjMG0oz_bf8eA14AaABAg,"kak kalau kepanitian kampus, ikut PKM bisa termasuk work experience gak?",@diyahsasikiranasiregar4563,UCmvdo8r1KIxIzYPjK9mQgYA,2024-06-05T13:15:02Z,2024-06-05T13:15:02Z,0,false,true,true
youtube,MSIB,MSIB_full,MSIB Kampus Merdeka,MSIB Kampus Merdeka,2021-06-22T00:00:00Z,2025-01-01T23:59:59Z,X1l7LOv8aNw,https://www.youtube.com/watch?v=X1l7LOv8aNw,CV LOLOS MAGANG MSIB 6 KAMPUS MERDEKA 📝✨,"Template CV ATS gratis:
jobscan.co

Hai Gorgeous People!
Aku mau nambahin, kalau saat ini karena beberapa faktor, aku mengambil posisi yang saat itu pengumumannya tercepat. Jadi saat ini aku magang di salah satu lembaga coding.

Hopefully video ini bisa membantu kalian lolos juga yaa. Good luck!

💄On My Face💄
1. Emina daily matte compact powder - 03 Caramel
https://s.shopee.co.id/8KYMhq3JUt
2. Dazzle Me Mousse Lip Cream - 0088 Body Talk
https://s.shopee.co.id/8KYMji4iO0
3. Implora Urban Lip Cream - Red Gala
https://s.shopee.co.id/50Hulg5q0T
4. Hanasui Mattedorable Lip Cream - 16 Glam
https://s.shopee.co.id/2qDQ9xiVt5
5. Hanasui Perfect Cheek Blush & Go - 01 Pink
https://s.shopee.co.id/5Kul8hEJNb
6. Implora Eyebrow - SOFT 03 Brown
https://s.shopee.co.id/60ARw0nLqY
7. Pinkflash Eyeliner - Black
https://s.shopee.co.id/BCezNKfXz
8. Pinkflash Mascara - Pink Volumizing
https://s.shopee.co.id/8AEwW8fnZL


#msib #magangmerdeka #kampusmerdeka #internship #kampusmengajar #pegadaian #schoters",UCFVfOclolpedLIO7MOMDZmA,Tropicalya,2024-05-02T12:08:20Z,13289,357,148,UgwfXAoYBjUz5F2gWkt4AaABAg,ka aku beberapa kali ganti file CV  apakah nanti yang terkirim akan itu otomatis terganti jika kita kirim ulang?,@mohammadrifqifarhan-8177,UCfEvvhzCgD5hjB78MsHYaNA,2024-06-05T02:17:41Z,2024-06-05T02:17:41Z,0,false,true,true
youtube,MSIB,MSIB_full,MSIB Kampus Merdeka,MSIB Kampus Merdeka,2021-06-22T00:00:00Z,2025-01-01T23:59:59Z,X1l7LOv8aNw,https://www.youtube.com/watch?v=X1l7LOv8aNw,CV LOLOS MAGANG MSIB 6 KAMPUS MERDEKA 📝✨,"Template CV ATS gratis:
jobscan.co

Hai Gorgeous People!
Aku mau nambahin, kalau saat ini karena beberapa faktor, aku mengambil posisi yang saat itu pengumumannya tercepat. Jadi saat ini aku magang di salah satu lembaga coding.

Hopefully video ini bisa membantu kalian lolos juga yaa. Good luck!

💄On My Face💄
1. Emina daily matte compact powder - 03 Caramel
https://s.shopee.co.id/8KYMhq3JUt
2. Dazzle Me Mousse Lip Cream - 0088 Body Talk
https://s.shopee.co.id/8KYMji4iO0
3. Implora Urban Lip Cream - Red Gala
https://s.shopee.co.id/50Hulg5q0T
4. Hanasui Mattedorable Lip Cream - 16 Glam
https://s.shopee.co.id/2qDQ9xiVt5
5. Hanasui Perfect Cheek Blush & Go - 01 Pink
https://s.shopee.co.id/5Kul8hEJNb
6. Implora Eyebrow - SOFT 03 Brown
https://s.shopee.co.id/60ARw0nLqY
7. Pinkflash Eyeliner - Black
https://s.shopee.co.id/BCezNKfXz
8. Pinkflash Mascara - Pink Volumizing
https://s.shopee.co.id/8AEwW8fnZL


#msib #magangmerdeka #kampusmerdeka #internship #kampusmengajar #pegadaian #schoters",UCFVfOclolpedLIO7MOMDZmA,Tropicalya,2024-05-02T12:08:20Z,13289,357,148,UgxYIKQ95mgXSV_t2R54AaABAg,"tidak perlu untuk menambahkan ""about me"" ya??",@brightwinsmom6075,UCpTipnEfq77xmA6OT_Q-AZA,2024-06-04T16:08:02Z,2024-06-04T16:08:02Z,0,false,true,true
youtube,MSIB,MSIB_full,MSIB Kampus Merdeka,MSIB Kampus Merdeka,2021-06-22T00:00:00Z,2025-01-01T23:59:59Z,X1l7LOv8aNw,https://www.youtube.com/watch?v=X1l7LOv8aNw,CV LOLOS MAGANG MSIB 6 KAMPUS MERDEKA 📝✨,"Template CV ATS gratis:
jobscan.co

Hai Gorgeous People!
Aku mau nambahin, kalau saat ini karena beberapa faktor, aku mengambil posisi yang saat itu pengumumannya tercepat. Jadi saat ini aku magang di salah satu lembaga coding.

Hopefully video ini bisa membantu kalian lolos juga yaa. Good luck!

💄On My Face💄
1. Emina daily matte compact powder - 03 Caramel
https://s.shopee.co.id/8KYMhq3JUt
2. Dazzle Me Mousse Lip Cream - 0088 Body Talk
https://s.shopee.co.id/8KYMji4iO0
3. Implora Urban Lip Cream - Red Gala
https://s.shopee.co.id/50Hulg5q0T
4. Hanasui Mattedorable Lip Cream - 16 Glam
https://s.shopee.co.id/2qDQ9xiVt5
5. Hanasui Perfect Cheek Blush & Go - 01 Pink
https://s.shopee.co.id/5Kul8hEJNb
6. Implora Eyebrow - SOFT 03 Brown
https://s.shopee.co.id/60ARw0nLqY
7. Pinkflash Eyeliner - Black
https://s.shopee.co.id/BCezNKfXz
8. Pinkflash Mascara - Pink Volumizing
https://s.shopee.co.id/8AEwW8fnZL


#msib #magangmerdeka #kampusmerdeka #internship #kampusmengajar #pegadaian #schoters",UCFVfOclolpedLIO7MOMDZmA,Tropicalya,2024-05-02T12:08:20Z,13289,357,148,UgxF9DR3r6NMRBEANcd4AaABAg,kak mau tanya kalo pake b indo di cv nya gapapa kak? terus kalo pake template sendiri di word gapapa kah? terus kalo di website jobscan kan itu resume ya bukan cv?,@akramazkia2449,UCCwTVifKKZN73WRUjz5-XRA,2024-06-03T06:20:14Z,2024-06-03T06:21:29Z,1,false,true,true
youtube,MSIB,MSIB_full,MSIB Kampus Merdeka,MSIB Kampus Merdeka,2021-06-22T00:00:00Z,2025-01-01T23:59:59Z,X1l7LOv8aNw,https://www.youtube.com/watch?v=X1l7LOv8aNw,CV LOLOS MAGANG MSIB 6 KAMPUS MERDEKA 📝✨,"Template CV ATS gratis:
jobscan.co

Hai Gorgeous People!
Aku mau nambahin, kalau saat ini karena beberapa faktor, aku mengambil posisi yang saat itu pengumumannya tercepat. Jadi saat ini aku magang di salah satu lembaga coding.

Hopefully video ini bisa membantu kalian lolos juga yaa. Good luck!

💄On My Face💄
1. Emina daily matte compact powder - 03 Caramel
https://s.shopee.co.id/8KYMhq3JUt
2. Dazzle Me Mousse Lip Cream - 0088 Body Talk
https://s.shopee.co.id/8KYMji4iO0
3. Implora Urban Lip Cream - Red Gala
https://s.shopee.co.id/50Hulg5q0T
4. Hanasui Mattedorable Lip Cream - 16 Glam
https://s.shopee.co.id/2qDQ9xiVt5
5. Hanasui Perfect Cheek Blush & Go - 01 Pink
https://s.shopee.co.id/5Kul8hEJNb
6. Implora Eyebrow - SOFT 03 Brown
https://s.shopee.co.id/60ARw0nLqY
7. Pinkflash Eyeliner - Black
https://s.shopee.co.id/BCezNKfXz
8. Pinkflash Mascara - Pink Volumizing
https://s.shopee.co.id/8AEwW8fnZL


#msib #magangmerdeka #kampusmerdeka #internship #kampusmengajar #pegadaian #schoters",UCFVfOclolpedLIO7MOMDZmA,Tropicalya,2024-05-02T12:08:20Z,13289,357,148,UgwVKFXOQfkPew4Dkjl4AaABAg,Untuk cv ats msib baiknya berapa lembar ya kak?,@irensudarya2163,UC4EOkJCURtAX6pVTggpDiWw,2024-06-01T15:59:24Z,2024-06-01T15:59:24Z,0,false,true,true
youtube,MSIB,MSIB_full,MSIB Kampus Merdeka,MSIB Kampus Merdeka,2021-06-22T00:00:00Z,2025-01-01T23:59:59Z,X1l7LOv8aNw,https://www.youtube.com/watch?v=X1l7LOv8aNw,CV LOLOS MAGANG MSIB 6 KAMPUS MERDEKA 📝✨,"Template CV ATS gratis:
jobscan.co

Hai Gorgeous People!
Aku mau nambahin, kalau saat ini karena beberapa faktor, aku mengambil posisi yang saat itu pengumumannya tercepat. Jadi saat ini aku magang di salah satu lembaga coding.

Hopefully video ini bisa membantu kalian lolos juga yaa. Good luck!

💄On My Face💄
1. Emina daily matte compact powder - 03 Caramel
https://s.shopee.co.id/8KYMhq3JUt
2. Dazzle Me Mousse Lip Cream - 0088 Body Talk
https://s.shopee.co.id/8KYMji4iO0
3. Implora Urban Lip Cream - Red Gala
https://s.shopee.co.id/50Hulg5q0T
4. Hanasui Mattedorable Lip Cream - 16 Glam
https://s.shopee.co.id/2qDQ9xiVt5
5. Hanasui Perfect Cheek Blush & Go - 01 Pink
https://s.shopee.co.id/5Kul8hEJNb
6. Implora Eyebrow - SOFT 03 Brown
https://s.shopee.co.id/60ARw0nLqY
7. Pinkflash Eyeliner - Black
https://s.shopee.co.id/BCezNKfXz
8. Pinkflash Mascara - Pink Volumizing
https://s.shopee.co.id/8AEwW8fnZL


#msib #magangmerdeka #kampusmerdeka #internship #kampusmengajar #pegadaian #schoters",UCFVfOclolpedLIO7MOMDZmA,Tropicalya,2024-05-02T12:08:20Z,13289,357,148,Ugw0HOwjRPckmnutttJ4AaABAg,Kak kalau misal keterima di lebih dari 1 mitra gimana? Apa boleh memilih atau harus harus ikut? Dan apa bisa kena blokir kalo ga ikut di salah satu perusahaan yg keterima? Makasih,@nannokim8873,UCVvw0VrxpkBz_Ugm_pRy3tg,2024-06-01T07:35:48Z,2024-06-01T07:35:48Z,0,false,true,true
youtube,MSIB,MSIB_full,MSIB Kampus Merdeka,MSIB Kampus Merdeka,2021-06-22T00:00:00Z,2025-01-01T23:59:59Z,X1l7LOv8aNw,https://www.youtube.com/watch?v=X1l7LOv8aNw,CV LOLOS MAGANG MSIB 6 KAMPUS MERDEKA 📝✨,"Template CV ATS gratis:
jobscan.co

Hai Gorgeous People!
Aku mau nambahin, kalau saat ini karena beberapa faktor, aku mengambil posisi yang saat itu pengumumannya tercepat. Jadi saat ini aku magang di salah satu lembaga coding.

Hopefully video ini bisa membantu kalian lolos juga yaa. Good luck!

💄On My Face💄
1. Emina daily matte compact powder - 03 Caramel
https://s.shopee.co.id/8KYMhq3JUt
2. Dazzle Me Mousse Lip Cream - 0088 Body Talk
https://s.shopee.co.id/8KYMji4iO0
3. Implora Urban Lip Cream - Red Gala
https://s.shopee.co.id/50Hulg5q0T
4. Hanasui Mattedorable Lip Cream - 16 Glam
https://s.shopee.co.id/2qDQ9xiVt5
5. Hanasui Perfect Cheek Blush & Go - 01 Pink
https://s.shopee.co.id/5Kul8hEJNb
6. Implora Eyebrow - SOFT 03 Brown
https://s.shopee.co.id/60ARw0nLqY
7. Pinkflash Eyeliner - Black
https://s.shopee.co.id/BCezNKfXz
8. Pinkflash Mascara - Pink Volumizing
https://s.shopee.co.id/8AEwW8fnZL


#msib #magangmerdeka #kampusmerdeka #internship #kampusmengajar #pegadaian #schoters",UCFVfOclolpedLIO7MOMDZmA,Tropicalya,2024-05-02T12:08:20Z,13289,357,148,Ugw8iVl-4DrQ9dWisPR4AaABAg,"Kak mau nanya, kalau kita ikut organisasi di kampus namun kita tdk memiliki bentuk fisik sertifikat organisasi tersebut karena belum di bagi itu apakah kita bisa cantumkan di CV kita atau tidak kak?",@r.r.z3243,UCPb72PbKaesHSleAMjbzCPg,2024-06-01T06:15:27Z,2024-06-01T06:15:27Z,2,false,true,true
youtube,MSIB,MSIB_full,MSIB Kampus Merdeka,MSIB Kampus Merdeka,2021-06-22T00:00:00Z,2025-01-01T23:59:59Z,X1l7LOv8aNw,https://www.youtube.com/watch?v=X1l7LOv8aNw,CV LOLOS MAGANG MSIB 6 KAMPUS MERDEKA 📝✨,"Template CV ATS gratis:
jobscan.co

Hai Gorgeous People!
Aku mau nambahin, kalau saat ini karena beberapa faktor, aku mengambil posisi yang saat itu pengumumannya tercepat. Jadi saat ini aku magang di salah satu lembaga coding.

Hopefully video ini bisa membantu kalian lolos juga yaa. Good luck!

💄On My Face💄
1. Emina daily matte compact powder - 03 Caramel
https://s.shopee.co.id/8KYMhq3JUt
2. Dazzle Me Mousse Lip Cream - 0088 Body Talk
https://s.shopee.co.id/8KYMji4iO0
3. Implora Urban Lip Cream - Red Gala
https://s.shopee.co.id/50Hulg5q0T
4. Hanasui Mattedorable Lip Cream - 16 Glam
https://s.shopee.co.id/2qDQ9xiVt5
5. Hanasui Perfect Cheek Blush & Go - 01 Pink
https://s.shopee.co.id/5Kul8hEJNb
6. Implora Eyebrow - SOFT 03 Brown
https://s.shopee.co.id/60ARw0nLqY
7. Pinkflash Eyeliner - Black
https://s.shopee.co.id/BCezNKfXz
8. Pinkflash Mascara - Pink Volumizing
https://s.shopee.co.id/8AEwW8fnZL


#msib #magangmerdeka #kampusmerdeka #internship #kampusmengajar #pegadaian #schoters",UCFVfOclolpedLIO7MOMDZmA,Tropicalya,2024-05-02T12:08:20Z,13289,357,148,UgxnnKay7ADoyFxU2iN4AaABAg,"Kak,kalo misalnya gapunya pngalaman organisasi+kerja & prestasi, trus projek kuliah baru bbrapa(sdikit) itu gmn ya kak? 
Apa bisa masukin matakuliah yg sudah diambil (yg relevan dgn mitra)  gtu kak biar ga sepi bgt cv nya hehe",@adeendaputriu.c4806,UCzrd876i_ohu7ocjPhx4rAQ,2024-06-01T05:54:38Z,2024-06-01T05:55:00Z,1,false,true,true
youtube,MSIB,MSIB_full,MSIB Kampus Merdeka,MSIB Kampus Merdeka,2021-06-22T00:00:00Z,2025-01-01T23:59:59Z,X1l7LOv8aNw,https://www.youtube.com/watch?v=X1l7LOv8aNw,CV LOLOS MAGANG MSIB 6 KAMPUS MERDEKA 📝✨,"Template CV ATS gratis:
jobscan.co

Hai Gorgeous People!
Aku mau nambahin, kalau saat ini karena beberapa faktor, aku mengambil posisi yang saat itu pengumumannya tercepat. Jadi saat ini aku magang di salah satu lembaga coding.

Hopefully video ini bisa membantu kalian lolos juga yaa. Good luck!

💄On My Face💄
1. Emina daily matte compact powder - 03 Caramel
https://s.shopee.co.id/8KYMhq3JUt
2. Dazzle Me Mousse Lip Cream - 0088 Body Talk
https://s.shopee.co.id/8KYMji4iO0
3. Implora Urban Lip Cream - Red Gala
https://s.shopee.co.id/50Hulg5q0T
4. Hanasui Mattedorable Lip Cream - 16 Glam
https://s.shopee.co.id/2qDQ9xiVt5
5. Hanasui Perfect Cheek Blush & Go - 01 Pink
https://s.shopee.co.id/5Kul8hEJNb
6. Implora Eyebrow - SOFT 03 Brown
https://s.shopee.co.id/60ARw0nLqY
7. Pinkflash Eyeliner - Black
https://s.shopee.co.id/BCezNKfXz
8. Pinkflash Mascara - Pink Volumizing
https://s.shopee.co.id/8AEwW8fnZL


#msib #magangmerdeka #kampusmerdeka #internship #kampusmengajar #pegadaian #schoters",UCFVfOclolpedLIO7MOMDZmA,Tropicalya,2024-05-02T12:08:20Z,13289,357,148,Ugzo9PUg_nndwnXiY1h4AaABAg,Posisi udh daftar 22 lowongan jika kita ganti CV pengaruh ngga kk atau ttp CV awal yng ke input ke lowongan?,@irwansyahhayuk6115,UC8fMb8Xr1c3Zu-LmGwMv03g,2024-05-31T12:03:13Z,2024-05-31T12:03:13Z,2,false,true,true
youtube,MSIB,MSIB_full,MSIB Kampus Merdeka,MSIB Kampus Merdeka,2021-06-22T00:00:00Z,2025-01-01T23:59:59Z,X1l7LOv8aNw,https://www.youtube.com/watch?v=X1l7LOv8aNw,CV LOLOS MAGANG MSIB 6 KAMPUS MERDEKA 📝✨,"Template CV ATS gratis:
jobscan.co

Hai Gorgeous People!
Aku mau nambahin, kalau saat ini karena beberapa faktor, aku mengambil posisi yang saat itu pengumumannya tercepat. Jadi saat ini aku magang di salah satu lembaga coding.

Hopefully video ini bisa membantu kalian lolos juga yaa. Good luck!

💄On My Face💄
1. Emina daily matte compact powder - 03 Caramel
https://s.shopee.co.id/8KYMhq3JUt
2. Dazzle Me Mousse Lip Cream - 0088 Body Talk
https://s.shopee.co.id/8KYMji4iO0
3. Implora Urban Lip Cream - Red Gala
https://s.shopee.co.id/50Hulg5q0T
4. Hanasui Mattedorable Lip Cream - 16 Glam
https://s.shopee.co.id/2qDQ9xiVt5
5. Hanasui Perfect Cheek Blush & Go - 01 Pink
https://s.shopee.co.id/5Kul8hEJNb
6. Implora Eyebrow - SOFT 03 Brown
https://s.shopee.co.id/60ARw0nLqY
7. Pinkflash Eyeliner - Black
https://s.shopee.co.id/BCezNKfXz
8. Pinkflash Mascara - Pink Volumizing
https://s.shopee.co.id/8AEwW8fnZL


#msib #magangmerdeka #kampusmerdeka #internship #kampusmengajar #pegadaian #schoters",UCFVfOclolpedLIO7MOMDZmA,Tropicalya,2024-05-02T12:08:20Z,13289,357,148,UgzJnyon-mFCVfqqW0h4AaABAg,kak kalau pernah studi mandiri materi diluar kuliah itu kategorinya achieventments atau skills atau gimana kak? study mandirinya itu dibidang IT kak dan dilakukan saat SMA,@materialisticz,UCHtvtowmGioeAovL-_wyZMQ,2024-05-30T17:36:46Z,2024-05-30T17:36:46Z,0,false,true,true
youtube,MSIB,MSIB_full,MSIB Kampus Merdeka,MSIB Kampus Merdeka,2021-06-22T00:00:00Z,2025-01-01T23:59:59Z,X1l7LOv8aNw,https://www.youtube.com/watch?v=X1l7LOv8aNw,CV LOLOS MAGANG MSIB 6 KAMPUS MERDEKA 📝✨,"Template CV ATS gratis:
jobscan.co

Hai Gorgeous People!
Aku mau nambahin, kalau saat ini karena beberapa faktor, aku mengambil posisi yang saat itu pengumumannya tercepat. Jadi saat ini aku magang di salah satu lembaga coding.

Hopefully video ini bisa membantu kalian lolos juga yaa. Good luck!

💄On My Face💄
1. Emina daily matte compact powder - 03 Caramel
https://s.shopee.co.id/8KYMhq3JUt
2. Dazzle Me Mousse Lip Cream - 0088 Body Talk
https://s.shopee.co.id/8KYMji4iO0
3. Implora Urban Lip Cream - Red Gala
https://s.shopee.co.id/50Hulg5q0T
4. Hanasui Mattedorable Lip Cream - 16 Glam
https://s.shopee.co.id/2qDQ9xiVt5
5. Hanasui Perfect Cheek Blush & Go - 01 Pink
https://s.shopee.co.id/5Kul8hEJNb
6. Implora Eyebrow - SOFT 03 Brown
https://s.shopee.co.id/60ARw0nLqY
7. Pinkflash Eyeliner - Black
https://s.shopee.co.id/BCezNKfXz
8. Pinkflash Mascara - Pink Volumizing
https://s.shopee.co.id/8AEwW8fnZL


#msib #magangmerdeka #kampusmerdeka #internship #kampusmengajar #pegadaian #schoters",UCFVfOclolpedLIO7MOMDZmA,Tropicalya,2024-05-02T12:08:20Z,13289,357,148,Ugzyjy1OW9W96rR6c9J4AaABAg,kak klo ada pengalaman kampus mengajar dimasukkan bagian apa ya,@herameirlinda8076,UCP6hYRkfSgrb6Ng7sITdssA,2024-05-30T07:22:34Z,2024-05-30T07:22:34Z,0,false,true,true
youtube,MSIB,MSIB_full,MSIB Kampus Merdeka,MSIB Kampus Merdeka,2021-06-22T00:00:00Z,2025-01-01T23:59:59Z,X1l7LOv8aNw,https://www.youtube.com/watch?v=X1l7LOv8aNw,CV LOLOS MAGANG MSIB 6 KAMPUS MERDEKA 📝✨,"Template CV ATS gratis:
jobscan.co

Hai Gorgeous People!
Aku mau nambahin, kalau saat ini karena beberapa faktor, aku mengambil posisi yang saat itu pengumumannya tercepat. Jadi saat ini aku magang di salah satu lembaga coding.

Hopefully video ini bisa membantu kalian lolos juga yaa. Good luck!

💄On My Face💄
1. Emina daily matte compact powder - 03 Caramel
https://s.shopee.co.id/8KYMhq3JUt
2. Dazzle Me Mousse Lip Cream - 0088 Body Talk
https://s.shopee.co.id/8KYMji4iO0
3. Implora Urban Lip Cream - Red Gala
https://s.shopee.co.id/50Hulg5q0T
4. Hanasui Mattedorable Lip Cream - 16 Glam
https://s.shopee.co.id/2qDQ9xiVt5
5. Hanasui Perfect Cheek Blush & Go - 01 Pink
https://s.shopee.co.id/5Kul8hEJNb
6. Implora Eyebrow - SOFT 03 Brown
https://s.shopee.co.id/60ARw0nLqY
7. Pinkflash Eyeliner - Black
https://s.shopee.co.id/BCezNKfXz
8. Pinkflash Mascara - Pink Volumizing
https://s.shopee.co.id/8AEwW8fnZL


#msib #magangmerdeka #kampusmerdeka #internship #kampusmengajar #pegadaian #schoters",UCFVfOclolpedLIO7MOMDZmA,Tropicalya,2024-05-02T12:08:20Z,13289,357,148,Ugzq51LB-js6mUnE-_l4AaABAg,"Halo kak. Kalau ada pengalaman magang mandiri, letaknya di Work Experience yaa kak? Terimakasih yaa Kak.",@putran8156,UCecobVJUVA9XeNMMtH8qWmA,2024-05-30T04:09:59Z,2024-05-30T04:09:59Z,0,false,true,true
youtube,MSIB,MSIB_full,MSIB Kampus Merdeka,MSIB Kampus Merdeka,2021-06-22T00:00:00Z,2025-01-01T23:59:59Z,X1l7LOv8aNw,https://www.youtube.com/watch?v=X1l7LOv8aNw,CV LOLOS MAGANG MSIB 6 KAMPUS MERDEKA 📝✨,"Template CV ATS gratis:
jobscan.co

Hai Gorgeous People!
Aku mau nambahin, kalau saat ini karena beberapa faktor, aku mengambil posisi yang saat itu pengumumannya tercepat. Jadi saat ini aku magang di salah satu lembaga coding.

Hopefully video ini bisa membantu kalian lolos juga yaa. Good luck!

💄On My Face💄
1. Emina daily matte compact powder - 03 Caramel
https://s.shopee.co.id/8KYMhq3JUt
2. Dazzle Me Mousse Lip Cream - 0088 Body Talk
https://s.shopee.co.id/8KYMji4iO0
3. Implora Urban Lip Cream - Red Gala
https://s.shopee.co.id/50Hulg5q0T
4. Hanasui Mattedorable Lip Cream - 16 Glam
https://s.shopee.co.id/2qDQ9xiVt5
5. Hanasui Perfect Cheek Blush & Go - 01 Pink
https://s.shopee.co.id/5Kul8hEJNb
6. Implora Eyebrow - SOFT 03 Brown
https://s.shopee.co.id/60ARw0nLqY
7. Pinkflash Eyeliner - Black
https://s.shopee.co.id/BCezNKfXz
8. Pinkflash Mascara - Pink Volumizing
https://s.shopee.co.id/8AEwW8fnZL


#msib #magangmerdeka #kampusmerdeka #internship #kampusmengajar #pegadaian #schoters",UCFVfOclolpedLIO7MOMDZmA,Tropicalya,2024-05-02T12:08:20Z,13289,357,148,UgzszqJYIGe_NjZMfj14AaABAg,"kak mau nanya itu kan ada 22 lowongan, masing2 untuk magang 22 dan stupen 22 atau magang dan stupen di jadiin satu 22 lowongan?",@alfienyputriheriyanto9028,UCcsuYAmn-7Effk6ucbNJmvA,2024-05-30T01:37:57Z,2024-05-30T01:37:57Z,0,false,true,true
youtube,MSIB,MSIB_full,MSIB Kampus Merdeka,MSIB Kampus Merdeka,2021-06-22T00:00:00Z,2025-01-01T23:59:59Z,X1l7LOv8aNw,https://www.youtube.com/watch?v=X1l7LOv8aNw,CV LOLOS MAGANG MSIB 6 KAMPUS MERDEKA 📝✨,"Template CV ATS gratis:
jobscan.co

Hai Gorgeous People!
Aku mau nambahin, kalau saat ini karena beberapa faktor, aku mengambil posisi yang saat itu pengumumannya tercepat. Jadi saat ini aku magang di salah satu lembaga coding.

Hopefully video ini bisa membantu kalian lolos juga yaa. Good luck!

💄On My Face💄
1. Emina daily matte compact powder - 03 Caramel
https://s.shopee.co.id/8KYMhq3JUt
2. Dazzle Me Mousse Lip Cream - 0088 Body Talk
https://s.shopee.co.id/8KYMji4iO0
3. Implora Urban Lip Cream - Red Gala
https://s.shopee.co.id/50Hulg5q0T
4. Hanasui Mattedorable Lip Cream - 16 Glam
https://s.shopee.co.id/2qDQ9xiVt5
5. Hanasui Perfect Cheek Blush & Go - 01 Pink
https://s.shopee.co.id/5Kul8hEJNb
6. Implora Eyebrow - SOFT 03 Brown
https://s.shopee.co.id/60ARw0nLqY
7. Pinkflash Eyeliner - Black
https://s.shopee.co.id/BCezNKfXz
8. Pinkflash Mascara - Pink Volumizing
https://s.shopee.co.id/8AEwW8fnZL


#msib #magangmerdeka #kampusmerdeka #internship #kampusmengajar #pegadaian #schoters",UCFVfOclolpedLIO7MOMDZmA,Tropicalya,2024-05-02T12:08:20Z,13289,357,148,Ugw1fJbxlPomjYkCcdZ4AaABAg,kak untuk riwayat pendidikan itu cukup universitas saja atau perlu sma?,@renaerlya6157,UCNToEpaWOEhA84oClkxExpw,2024-05-30T01:17:52Z,2024-05-30T01:17:52Z,0,false,true,true
youtube,MSIB,MSIB_full,MSIB Kampus Merdeka,MSIB Kampus Merdeka,2021-06-22T00:00:00Z,2025-01-01T23:59:59Z,X1l7LOv8aNw,https://www.youtube.com/watch?v=X1l7LOv8aNw,CV LOLOS MAGANG MSIB 6 KAMPUS MERDEKA 📝✨,"Template CV ATS gratis:
jobscan.co

Hai Gorgeous People!
Aku mau nambahin, kalau saat ini karena beberapa faktor, aku mengambil posisi yang saat itu pengumumannya tercepat. Jadi saat ini aku magang di salah satu lembaga coding.

Hopefully video ini bisa membantu kalian lolos juga yaa. Good luck!

💄On My Face💄
1. Emina daily matte compact powder - 03 Caramel
https://s.shopee.co.id/8KYMhq3JUt
2. Dazzle Me Mousse Lip Cream - 0088 Body Talk
https://s.shopee.co.id/8KYMji4iO0
3. Implora Urban Lip Cream - Red Gala
https://s.shopee.co.id/50Hulg5q0T
4. Hanasui Mattedorable Lip Cream - 16 Glam
https://s.shopee.co.id/2qDQ9xiVt5
5. Hanasui Perfect Cheek Blush & Go - 01 Pink
https://s.shopee.co.id/5Kul8hEJNb
6. Implora Eyebrow - SOFT 03 Brown
https://s.shopee.co.id/60ARw0nLqY
7. Pinkflash Eyeliner - Black
https://s.shopee.co.id/BCezNKfXz
8. Pinkflash Mascara - Pink Volumizing
https://s.shopee.co.id/8AEwW8fnZL


#msib #magangmerdeka #kampusmerdeka #internship #kampusmengajar #pegadaian #schoters",UCFVfOclolpedLIO7MOMDZmA,Tropicalya,2024-05-02T12:08:20Z,13289,357,148,UgyBC3eYUlhf9O9KL2R4AaABAg,"Kak mau nanya, aku dari jurusan fisika tapi bnyk pengalaman di bidang public relation dan event management mau ambil bagian itu dan switch career. pertanyaannya;
1. kira-kira relevansi jurusan sama bidang yang di ambil bakalan berpengaruh ga buat kelolosan? atau mitra lebih liat ke skill atau pengalaman kita?
2. ada beberapa mitra yang punya syarat jurusan tertentu, klo kita nekat tetap daftar ga sesuai sama jurusan bakalan ada peluang lolos ga yaa? 

oiya ini rencana aku mau daftar magang dan juga stupen. mkasih sebelumnya kak",@tiaraashari8577,UCi6DrSJWV7yqUPhTapJncRQ,2024-05-29T19:02:39Z,2024-05-29T19:02:39Z,0,false,true,true
youtube,MSIB,MSIB_full,MSIB Kampus Merdeka,MSIB Kampus Merdeka,2021-06-22T00:00:00Z,2025-01-01T23:59:59Z,X1l7LOv8aNw,https://www.youtube.com/watch?v=X1l7LOv8aNw,CV LOLOS MAGANG MSIB 6 KAMPUS MERDEKA 📝✨,"Template CV ATS gratis:
jobscan.co

Hai Gorgeous People!
Aku mau nambahin, kalau saat ini karena beberapa faktor, aku mengambil posisi yang saat itu pengumumannya tercepat. Jadi saat ini aku magang di salah satu lembaga coding.

Hopefully video ini bisa membantu kalian lolos juga yaa. Good luck!

💄On My Face💄
1. Emina daily matte compact powder - 03 Caramel
https://s.shopee.co.id/8KYMhq3JUt
2. Dazzle Me Mousse Lip Cream - 0088 Body Talk
https://s.shopee.co.id/8KYMji4iO0
3. Implora Urban Lip Cream - Red Gala
https://s.shopee.co.id/50Hulg5q0T
4. Hanasui Mattedorable Lip Cream - 16 Glam
https://s.shopee.co.id/2qDQ9xiVt5
5. Hanasui Perfect Cheek Blush & Go - 01 Pink
https://s.shopee.co.id/5Kul8hEJNb
6. Implora Eyebrow - SOFT 03 Brown
https://s.shopee.co.id/60ARw0nLqY
7. Pinkflash Eyeliner - Black
https://s.shopee.co.id/BCezNKfXz
8. Pinkflash Mascara - Pink Volumizing
https://s.shopee.co.id/8AEwW8fnZL


#msib #magangmerdeka #kampusmerdeka #internship #kampusmengajar #pegadaian #schoters",UCFVfOclolpedLIO7MOMDZmA,Tropicalya,2024-05-02T12:08:20Z,13289,357,148,UgxVXXY_Q_vFATOVx0V4AaABAg,kak izin bertanya. untuk HKI dan jurnal hasil research dengan dosen apakah bisa termasuk dalam kategori 'Achievements'? dan juga aku minta pendapat kakak terkait CV dengan 2 halaman karena masih banyak pengalaman serta deskripsi yang ingin aku cantumin. Terima kasih kak!,@ferry580,UC5MsjTohFoX4skYa2pXhx3g,2024-05-29T15:14:26Z,2024-05-29T15:14:26Z,0,false,true,true
youtube,MSIB,MSIB_full,MSIB Kampus Merdeka,MSIB Kampus Merdeka,2021-06-22T00:00:00Z,2025-01-01T23:59:59Z,X1l7LOv8aNw,https://www.youtube.com/watch?v=X1l7LOv8aNw,CV LOLOS MAGANG MSIB 6 KAMPUS MERDEKA 📝✨,"Template CV ATS gratis:
jobscan.co

Hai Gorgeous People!
Aku mau nambahin, kalau saat ini karena beberapa faktor, aku mengambil posisi yang saat itu pengumumannya tercepat. Jadi saat ini aku magang di salah satu lembaga coding.

Hopefully video ini bisa membantu kalian lolos juga yaa. Good luck!

💄On My Face💄
1. Emina daily matte compact powder - 03 Caramel
https://s.shopee.co.id/8KYMhq3JUt
2. Dazzle Me Mousse Lip Cream - 0088 Body Talk
https://s.shopee.co.id/8KYMji4iO0
3. Implora Urban Lip Cream - Red Gala
https://s.shopee.co.id/50Hulg5q0T
4. Hanasui Mattedorable Lip Cream - 16 Glam
https://s.shopee.co.id/2qDQ9xiVt5
5. Hanasui Perfect Cheek Blush & Go - 01 Pink
https://s.shopee.co.id/5Kul8hEJNb
6. Implora Eyebrow - SOFT 03 Brown
https://s.shopee.co.id/60ARw0nLqY
7. Pinkflash Eyeliner - Black
https://s.shopee.co.id/BCezNKfXz
8. Pinkflash Mascara - Pink Volumizing
https://s.shopee.co.id/8AEwW8fnZL


#msib #magangmerdeka #kampusmerdeka #internship #kampusmengajar #pegadaian #schoters",UCFVfOclolpedLIO7MOMDZmA,Tropicalya,2024-05-02T12:08:20Z,13289,357,148,UgwiVfdr0LCr497bRhV4AaABAg,Kak cara mengangganti file cv dan sertifikat terbaru bagaimana ya? Diketerangan tidak dapat di ubah,@jerryaguswibowo1842,UC-syOHWJzYgq2Asz6s_QpPA,2024-05-29T14:42:42Z,2024-05-29T14:42:42Z,0,false,true,true
youtube,MSIB,MSIB_full,MSIB Kampus Merdeka,MSIB Kampus Merdeka,2021-06-22T00:00:00Z,2025-01-01T23:59:59Z,X1l7LOv8aNw,https://www.youtube.com/watch?v=X1l7LOv8aNw,CV LOLOS MAGANG MSIB 6 KAMPUS MERDEKA 📝✨,"Template CV ATS gratis:
jobscan.co

Hai Gorgeous People!
Aku mau nambahin, kalau saat ini karena beberapa faktor, aku mengambil posisi yang saat itu pengumumannya tercepat. Jadi saat ini aku magang di salah satu lembaga coding.

Hopefully video ini bisa membantu kalian lolos juga yaa. Good luck!

💄On My Face💄
1. Emina daily matte compact powder - 03 Caramel
https://s.shopee.co.id/8KYMhq3JUt
2. Dazzle Me Mousse Lip Cream - 0088 Body Talk
https://s.shopee.co.id/8KYMji4iO0
3. Implora Urban Lip Cream - Red Gala
https://s.shopee.co.id/50Hulg5q0T
4. Hanasui Mattedorable Lip Cream - 16 Glam
https://s.shopee.co.id/2qDQ9xiVt5
5. Hanasui Perfect Cheek Blush & Go - 01 Pink
https://s.shopee.co.id/5Kul8hEJNb
6. Implora Eyebrow - SOFT 03 Brown
https://s.shopee.co.id/60ARw0nLqY
7. Pinkflash Eyeliner - Black
https://s.shopee.co.id/BCezNKfXz
8. Pinkflash Mascara - Pink Volumizing
https://s.shopee.co.id/8AEwW8fnZL


#msib #magangmerdeka #kampusmerdeka #internship #kampusmengajar #pegadaian #schoters",UCFVfOclolpedLIO7MOMDZmA,Tropicalya,2024-05-02T12:08:20Z,13289,357,148,UgyLnOyu3A0UyBN4qLp4AaABAg,Kak sekarang kan aku smt 4 tpi ips nya belum keluar jadi bagian ipk ntar diisi ip dari sem 123 trs aku bagi 3 gitu kak?,@afifahnya,UCe-tlrGqa5Dai18Etf-vQbQ,2024-05-29T13:39:04Z,2024-05-29T13:39:04Z,0,false,true,true
youtube,MSIB,MSIB_full,MSIB Kampus Merdeka,MSIB Kampus Merdeka,2021-06-22T00:00:00Z,2025-01-01T23:59:59Z,X1l7LOv8aNw,https://www.youtube.com/watch?v=X1l7LOv8aNw,CV LOLOS MAGANG MSIB 6 KAMPUS MERDEKA 📝✨,"Template CV ATS gratis:
jobscan.co

Hai Gorgeous People!
Aku mau nambahin, kalau saat ini karena beberapa faktor, aku mengambil posisi yang saat itu pengumumannya tercepat. Jadi saat ini aku magang di salah satu lembaga coding.

Hopefully video ini bisa membantu kalian lolos juga yaa. Good luck!

💄On My Face💄
1. Emina daily matte compact powder - 03 Caramel
https://s.shopee.co.id/8KYMhq3JUt
2. Dazzle Me Mousse Lip Cream - 0088 Body Talk
https://s.shopee.co.id/8KYMji4iO0
3. Implora Urban Lip Cream - Red Gala
https://s.shopee.co.id/50Hulg5q0T
4. Hanasui Mattedorable Lip Cream - 16 Glam
https://s.shopee.co.id/2qDQ9xiVt5
5. Hanasui Perfect Cheek Blush & Go - 01 Pink
https://s.shopee.co.id/5Kul8hEJNb
6. Implora Eyebrow - SOFT 03 Brown
https://s.shopee.co.id/60ARw0nLqY
7. Pinkflash Eyeliner - Black
https://s.shopee.co.id/BCezNKfXz
8. Pinkflash Mascara - Pink Volumizing
https://s.shopee.co.id/8AEwW8fnZL


#msib #magangmerdeka #kampusmerdeka #internship #kampusmengajar #pegadaian #schoters",UCFVfOclolpedLIO7MOMDZmA,Tropicalya,2024-05-02T12:08:20Z,13289,357,148,UgwZVZDT3262AJ-F-U54AaABAg,Kak aku nggak punya pengalaman organisasi sama sekali gimana ya😢,@afifahnya,UCe-tlrGqa5Dai18Etf-vQbQ,2024-05-29T13:32:22Z,2024-05-29T13:32:22Z,1,false,true,true
youtube,MSIB,MSIB_full,MSIB Kampus Merdeka,MSIB Kampus Merdeka,2021-06-22T00:00:00Z,2025-01-01T23:59:59Z,X1l7LOv8aNw,https://www.youtube.com/watch?v=X1l7LOv8aNw,CV LOLOS MAGANG MSIB 6 KAMPUS MERDEKA 📝✨,"Template CV ATS gratis:
jobscan.co

Hai Gorgeous People!
Aku mau nambahin, kalau saat ini karena beberapa faktor, aku mengambil posisi yang saat itu pengumumannya tercepat. Jadi saat ini aku magang di salah satu lembaga coding.

Hopefully video ini bisa membantu kalian lolos juga yaa. Good luck!

💄On My Face💄
1. Emina daily matte compact powder - 03 Caramel
https://s.shopee.co.id/8KYMhq3JUt
2. Dazzle Me Mousse Lip Cream - 0088 Body Talk
https://s.shopee.co.id/8KYMji4iO0
3. Implora Urban Lip Cream - Red Gala
https://s.shopee.co.id/50Hulg5q0T
4. Hanasui Mattedorable Lip Cream - 16 Glam
https://s.shopee.co.id/2qDQ9xiVt5
5. Hanasui Perfect Cheek Blush & Go - 01 Pink
https://s.shopee.co.id/5Kul8hEJNb
6. Implora Eyebrow - SOFT 03 Brown
https://s.shopee.co.id/60ARw0nLqY
7. Pinkflash Eyeliner - Black
https://s.shopee.co.id/BCezNKfXz
8. Pinkflash Mascara - Pink Volumizing
https://s.shopee.co.id/8AEwW8fnZL


#msib #magangmerdeka #kampusmerdeka #internship #kampusmengajar #pegadaian #schoters",UCFVfOclolpedLIO7MOMDZmA,Tropicalya,2024-05-02T12:08:20Z,13289,357,148,UgzSte29Ggcs6KSnEQd4AaABAg,Pengalaman kepanitiaan tiap tahun jadi Panitia 17 Agustus sebagai perlengkapan gapapa yaa kak?,@bagusadam.2003,UC8DmLOvq23FwNtPLYR6vU7Q,2024-05-27T15:20:13Z,2024-05-27T15:20:13Z,0,false,true,true
youtube,MSIB,MSIB_full,MSIB Kampus Merdeka,MSIB Kampus Merdeka,2021-06-22T00:00:00Z,2025-01-01T23:59:59Z,X1l7LOv8aNw,https://www.youtube.com/watch?v=X1l7LOv8aNw,CV LOLOS MAGANG MSIB 6 KAMPUS MERDEKA 📝✨,"Template CV ATS gratis:
jobscan.co

Hai Gorgeous People!
Aku mau nambahin, kalau saat ini karena beberapa faktor, aku mengambil posisi yang saat itu pengumumannya tercepat. Jadi saat ini aku magang di salah satu lembaga coding.

Hopefully video ini bisa membantu kalian lolos juga yaa. Good luck!

💄On My Face💄
1. Emina daily matte compact powder - 03 Caramel
https://s.shopee.co.id/8KYMhq3JUt
2. Dazzle Me Mousse Lip Cream - 0088 Body Talk
https://s.shopee.co.id/8KYMji4iO0
3. Implora Urban Lip Cream - Red Gala
https://s.shopee.co.id/50Hulg5q0T
4. Hanasui Mattedorable Lip Cream - 16 Glam
https://s.shopee.co.id/2qDQ9xiVt5
5. Hanasui Perfect Cheek Blush & Go - 01 Pink
https://s.shopee.co.id/5Kul8hEJNb
6. Implora Eyebrow - SOFT 03 Brown
https://s.shopee.co.id/60ARw0nLqY
7. Pinkflash Eyeliner - Black
https://s.shopee.co.id/BCezNKfXz
8. Pinkflash Mascara - Pink Volumizing
https://s.shopee.co.id/8AEwW8fnZL


#msib #magangmerdeka #kampusmerdeka #internship #kampusmengajar #pegadaian #schoters",UCFVfOclolpedLIO7MOMDZmA,Tropicalya,2024-05-02T12:08:20Z,13289,357,148,UgwN40cgjgiD3JEUdTJ4AaABAg,Itu gimana kak cara bikin link in,@AjunArt,UC7nz2ZoYXP4p49xxk2gcbKw,2024-05-27T11:21:49Z,2024-05-27T11:21:49Z,0,false,true,true
youtube,MSIB,MSIB_full,MSIB Kampus Merdeka,MSIB Kampus Merdeka,2021-06-22T00:00:00Z,2025-01-01T23:59:59Z,X1l7LOv8aNw,https://www.youtube.com/watch?v=X1l7LOv8aNw,CV LOLOS MAGANG MSIB 6 KAMPUS MERDEKA 📝✨,"Template CV ATS gratis:
jobscan.co

Hai Gorgeous People!
Aku mau nambahin, kalau saat ini karena beberapa faktor, aku mengambil posisi yang saat itu pengumumannya tercepat. Jadi saat ini aku magang di salah satu lembaga coding.

Hopefully video ini bisa membantu kalian lolos juga yaa. Good luck!

💄On My Face💄
1. Emina daily matte compact powder - 03 Caramel
https://s.shopee.co.id/8KYMhq3JUt
2. Dazzle Me Mousse Lip Cream - 0088 Body Talk
https://s.shopee.co.id/8KYMji4iO0
3. Implora Urban Lip Cream - Red Gala
https://s.shopee.co.id/50Hulg5q0T
4. Hanasui Mattedorable Lip Cream - 16 Glam
https://s.shopee.co.id/2qDQ9xiVt5
5. Hanasui Perfect Cheek Blush & Go - 01 Pink
https://s.shopee.co.id/5Kul8hEJNb
6. Implora Eyebrow - SOFT 03 Brown
https://s.shopee.co.id/60ARw0nLqY
7. Pinkflash Eyeliner - Black
https://s.shopee.co.id/BCezNKfXz
8. Pinkflash Mascara - Pink Volumizing
https://s.shopee.co.id/8AEwW8fnZL


#msib #magangmerdeka #kampusmerdeka #internship #kampusmengajar #pegadaian #schoters",UCFVfOclolpedLIO7MOMDZmA,Tropicalya,2024-05-02T12:08:20Z,13289,357,148,UgxdOVmpeDglLmBf_yx4AaABAg,"Kak mau nanya, klo pas daftar msib kan di keterangan setiap product mitra suka ada ketentuan minimal semester 5, nah skrg saya semester 4 jadi bisa daftar msib di product mitra itu ga yaa?",@alfienyputriheriyanto6291,UCP2mVqLpK_66Jn_X9KKMFJQ,2024-05-27T07:01:04Z,2024-05-27T07:01:04Z,0,false,true,true
youtube,MSIB,MSIB_full,MSIB Kampus Merdeka,MSIB Kampus Merdeka,2021-06-22T00:00:00Z,2025-01-01T23:59:59Z,X1l7LOv8aNw,https://www.youtube.com/watch?v=X1l7LOv8aNw,CV LOLOS MAGANG MSIB 6 KAMPUS MERDEKA 📝✨,"Template CV ATS gratis:
jobscan.co

Hai Gorgeous People!
Aku mau nambahin, kalau saat ini karena beberapa faktor, aku mengambil posisi yang saat itu pengumumannya tercepat. Jadi saat ini aku magang di salah satu lembaga coding.

Hopefully video ini bisa membantu kalian lolos juga yaa. Good luck!

💄On My Face💄
1. Emina daily matte compact powder - 03 Caramel
https://s.shopee.co.id/8KYMhq3JUt
2. Dazzle Me Mousse Lip Cream - 0088 Body Talk
https://s.shopee.co.id/8KYMji4iO0
3. Implora Urban Lip Cream - Red Gala
https://s.shopee.co.id/50Hulg5q0T
4. Hanasui Mattedorable Lip Cream - 16 Glam
https://s.shopee.co.id/2qDQ9xiVt5
5. Hanasui Perfect Cheek Blush & Go - 01 Pink
https://s.shopee.co.id/5Kul8hEJNb
6. Implora Eyebrow - SOFT 03 Brown
https://s.shopee.co.id/60ARw0nLqY
7. Pinkflash Eyeliner - Black
https://s.shopee.co.id/BCezNKfXz
8. Pinkflash Mascara - Pink Volumizing
https://s.shopee.co.id/8AEwW8fnZL


#msib #magangmerdeka #kampusmerdeka #internship #kampusmengajar #pegadaian #schoters",UCFVfOclolpedLIO7MOMDZmA,Tropicalya,2024-05-02T12:08:20Z,13289,357,148,UgyrCq7AHFFUusW0suR4AaABAg,kak gimana kalau gk punya pengalaman organisasi? apa itu wajib dicantumin?,@muh.restuarkam7313,UCmcNZgY_EkPuPdlS8834o8g,2024-05-26T08:34:41Z,2024-05-26T08:34:41Z,1,false,true,true
youtube,MSIB,MSIB_full,MSIB Kampus Merdeka,MSIB Kampus Merdeka,2021-06-22T00:00:00Z,2025-01-01T23:59:59Z,X1l7LOv8aNw,https://www.youtube.com/watch?v=X1l7LOv8aNw,CV LOLOS MAGANG MSIB 6 KAMPUS MERDEKA 📝✨,"Template CV ATS gratis:
jobscan.co

Hai Gorgeous People!
Aku mau nambahin, kalau saat ini karena beberapa faktor, aku mengambil posisi yang saat itu pengumumannya tercepat. Jadi saat ini aku magang di salah satu lembaga coding.

Hopefully video ini bisa membantu kalian lolos juga yaa. Good luck!

💄On My Face💄
1. Emina daily matte compact powder - 03 Caramel
https://s.shopee.co.id/8KYMhq3JUt
2. Dazzle Me Mousse Lip Cream - 0088 Body Talk
https://s.shopee.co.id/8KYMji4iO0
3. Implora Urban Lip Cream - Red Gala
https://s.shopee.co.id/50Hulg5q0T
4. Hanasui Mattedorable Lip Cream - 16 Glam
https://s.shopee.co.id/2qDQ9xiVt5
5. Hanasui Perfect Cheek Blush & Go - 01 Pink
https://s.shopee.co.id/5Kul8hEJNb
6. Implora Eyebrow - SOFT 03 Brown
https://s.shopee.co.id/60ARw0nLqY
7. Pinkflash Eyeliner - Black
https://s.shopee.co.id/BCezNKfXz
8. Pinkflash Mascara - Pink Volumizing
https://s.shopee.co.id/8AEwW8fnZL


#msib #magangmerdeka #kampusmerdeka #internship #kampusmengajar #pegadaian #schoters",UCFVfOclolpedLIO7MOMDZmA,Tropicalya,2024-05-02T12:08:20Z,13289,357,148,UgxMR_700_vgH8Bx4gN4AaABAg,Kak kalau pengalaman freelance bisa dimasukin ga yaa?? Terus isinya di bagian manaa,@zaeyaaa25,UCnyka_GBW-VKknhuB_rg31w,2024-05-25T12:32:24Z,2024-05-25T12:32:24Z,0,false,true,true
youtube,MSIB,MSIB_full,MSIB Kampus Merdeka,MSIB Kampus Merdeka,2021-06-22T00:00:00Z,2025-01-01T23:59:59Z,X1l7LOv8aNw,https://www.youtube.com/watch?v=X1l7LOv8aNw,CV LOLOS MAGANG MSIB 6 KAMPUS MERDEKA 📝✨,"Template CV ATS gratis:
jobscan.co

Hai Gorgeous People!
Aku mau nambahin, kalau saat ini karena beberapa faktor, aku mengambil posisi yang saat itu pengumumannya tercepat. Jadi saat ini aku magang di salah satu lembaga coding.

Hopefully video ini bisa membantu kalian lolos juga yaa. Good luck!

💄On My Face💄
1. Emina daily matte compact powder - 03 Caramel
https://s.shopee.co.id/8KYMhq3JUt
2. Dazzle Me Mousse Lip Cream - 0088 Body Talk
https://s.shopee.co.id/8KYMji4iO0
3. Implora Urban Lip Cream - Red Gala
https://s.shopee.co.id/50Hulg5q0T
4. Hanasui Mattedorable Lip Cream - 16 Glam
https://s.shopee.co.id/2qDQ9xiVt5
5. Hanasui Perfect Cheek Blush & Go - 01 Pink
https://s.shopee.co.id/5Kul8hEJNb
6. Implora Eyebrow - SOFT 03 Brown
https://s.shopee.co.id/60ARw0nLqY
7. Pinkflash Eyeliner - Black
https://s.shopee.co.id/BCezNKfXz
8. Pinkflash Mascara - Pink Volumizing
https://s.shopee.co.id/8AEwW8fnZL


#msib #magangmerdeka #kampusmerdeka #internship #kampusmengajar #pegadaian #schoters",UCFVfOclolpedLIO7MOMDZmA,Tropicalya,2024-05-02T12:08:20Z,13289,357,148,UgyyiC_O4HtTGBJYG6J4AaABAg,"kaa, aku mau ikut Studi Independen, tapi bingung CV nya mau di isi apa, aku ngga pernah ikut lomba. oiya aku mau daftar studi independen di bidang IT, aku cuma pernah bikin beberapa projek kaa.",@lisakristaniaa,UCsTs56tMDLdNHaiYZvXfS4Q,2024-05-24T13:43:25Z,2024-05-24T13:43:25Z,0,false,true,true
youtube,MSIB,MSIB_full,MSIB Kampus Merdeka,MSIB Kampus Merdeka,2021-06-22T00:00:00Z,2025-01-01T23:59:59Z,X1l7LOv8aNw,https://www.youtube.com/watch?v=X1l7LOv8aNw,CV LOLOS MAGANG MSIB 6 KAMPUS MERDEKA 📝✨,"Template CV ATS gratis:
jobscan.co

Hai Gorgeous People!
Aku mau nambahin, kalau saat ini karena beberapa faktor, aku mengambil posisi yang saat itu pengumumannya tercepat. Jadi saat ini aku magang di salah satu lembaga coding.

Hopefully video ini bisa membantu kalian lolos juga yaa. Good luck!

💄On My Face💄
1. Emina daily matte compact powder - 03 Caramel
https://s.shopee.co.id/8KYMhq3JUt
2. Dazzle Me Mousse Lip Cream - 0088 Body Talk
https://s.shopee.co.id/8KYMji4iO0
3. Implora Urban Lip Cream - Red Gala
https://s.shopee.co.id/50Hulg5q0T
4. Hanasui Mattedorable Lip Cream - 16 Glam
https://s.shopee.co.id/2qDQ9xiVt5
5. Hanasui Perfect Cheek Blush & Go - 01 Pink
https://s.shopee.co.id/5Kul8hEJNb
6. Implora Eyebrow - SOFT 03 Brown
https://s.shopee.co.id/60ARw0nLqY
7. Pinkflash Eyeliner - Black
https://s.shopee.co.id/BCezNKfXz
8. Pinkflash Mascara - Pink Volumizing
https://s.shopee.co.id/8AEwW8fnZL


#msib #magangmerdeka #kampusmerdeka #internship #kampusmengajar #pegadaian #schoters",UCFVfOclolpedLIO7MOMDZmA,Tropicalya,2024-05-02T12:08:20Z,13289,357,148,UgzUyoxv6Lw-gInmpAR4AaABAg,"kak mau tanya, aku kan punya kis tapi aku isi tidak di ""apakah punya bpjs"" dan aku minta revisi ke kaprodi malah diacc. solusinya gimana ya kak? apakah nanti akan berpengaruh",@rosaaaaamandaaaa,UCMI-xTzPucJ5hzIzyZWaEQg,2024-05-24T06:05:17Z,2024-05-24T06:05:17Z,0,false,true,true
youtube,MSIB,MSIB_full,MSIB Kampus Merdeka,MSIB Kampus Merdeka,2021-06-22T00:00:00Z,2025-01-01T23:59:59Z,X1l7LOv8aNw,https://www.youtube.com/watch?v=X1l7LOv8aNw,CV LOLOS MAGANG MSIB 6 KAMPUS MERDEKA 📝✨,"Template CV ATS gratis:
jobscan.co

Hai Gorgeous People!
Aku mau nambahin, kalau saat ini karena beberapa faktor, aku mengambil posisi yang saat itu pengumumannya tercepat. Jadi saat ini aku magang di salah satu lembaga coding.

Hopefully video ini bisa membantu kalian lolos juga yaa. Good luck!

💄On My Face💄
1. Emina daily matte compact powder - 03 Caramel
https://s.shopee.co.id/8KYMhq3JUt
2. Dazzle Me Mousse Lip Cream - 0088 Body Talk
https://s.shopee.co.id/8KYMji4iO0
3. Implora Urban Lip Cream - Red Gala
https://s.shopee.co.id/50Hulg5q0T
4. Hanasui Mattedorable Lip Cream - 16 Glam
https://s.shopee.co.id/2qDQ9xiVt5
5. Hanasui Perfect Cheek Blush & Go - 01 Pink
https://s.shopee.co.id/5Kul8hEJNb
6. Implora Eyebrow - SOFT 03 Brown
https://s.shopee.co.id/60ARw0nLqY
7. Pinkflash Eyeliner - Black
https://s.shopee.co.id/BCezNKfXz
8. Pinkflash Mascara - Pink Volumizing
https://s.shopee.co.id/8AEwW8fnZL


#msib #magangmerdeka #kampusmerdeka #internship #kampusmengajar #pegadaian #schoters",UCFVfOclolpedLIO7MOMDZmA,Tropicalya,2024-05-02T12:08:20Z,13289,357,148,Ugx1oEGoCL4SPrWcTkp4AaABAg,Kak... Kalau pengalaman mengikuti kegiatan kampus merdeka seperti PMM itu dimasukkan kebagian manaa kk??,@evamayana4230,UCXnmFTSOLQ-F6GEyy7H5JBQ,2024-05-24T04:26:58Z,2024-05-24T04:26:58Z,0,false,true,true
youtube,MSIB,MSIB_full,MSIB Kampus Merdeka,MSIB Kampus Merdeka,2021-06-22T00:00:00Z,2025-01-01T23:59:59Z,X1l7LOv8aNw,https://www.youtube.com/watch?v=X1l7LOv8aNw,CV LOLOS MAGANG MSIB 6 KAMPUS MERDEKA 📝✨,"Template CV ATS gratis:
jobscan.co

Hai Gorgeous People!
Aku mau nambahin, kalau saat ini karena beberapa faktor, aku mengambil posisi yang saat itu pengumumannya tercepat. Jadi saat ini aku magang di salah satu lembaga coding.

Hopefully video ini bisa membantu kalian lolos juga yaa. Good luck!

💄On My Face💄
1. Emina daily matte compact powder - 03 Caramel
https://s.shopee.co.id/8KYMhq3JUt
2. Dazzle Me Mousse Lip Cream - 0088 Body Talk
https://s.shopee.co.id/8KYMji4iO0
3. Implora Urban Lip Cream - Red Gala
https://s.shopee.co.id/50Hulg5q0T
4. Hanasui Mattedorable Lip Cream - 16 Glam
https://s.shopee.co.id/2qDQ9xiVt5
5. Hanasui Perfect Cheek Blush & Go - 01 Pink
https://s.shopee.co.id/5Kul8hEJNb
6. Implora Eyebrow - SOFT 03 Brown
https://s.shopee.co.id/60ARw0nLqY
7. Pinkflash Eyeliner - Black
https://s.shopee.co.id/BCezNKfXz
8. Pinkflash Mascara - Pink Volumizing
https://s.shopee.co.id/8AEwW8fnZL


#msib #magangmerdeka #kampusmerdeka #internship #kampusmengajar #pegadaian #schoters",UCFVfOclolpedLIO7MOMDZmA,Tropicalya,2024-05-02T12:08:20Z,13289,357,148,Ugywfr2IXU-k1SuTGtl4AaABAg,Ternyata harus ada BPJS ya kak?kalau ga punya gimana?,@hafizfaturrahman3239,UCA7BA2mARaHPSVvFjYDvE-w,2024-05-21T16:23:21Z,2024-05-21T16:23:21Z,0,false,true,true
youtube,MSIB,MSIB_full,MSIB Kampus Merdeka,MSIB Kampus Merdeka,2021-06-22T00:00:00Z,2025-01-01T23:59:59Z,X1l7LOv8aNw,https://www.youtube.com/watch?v=X1l7LOv8aNw,CV LOLOS MAGANG MSIB 6 KAMPUS MERDEKA 📝✨,"Template CV ATS gratis:
jobscan.co

Hai Gorgeous People!
Aku mau nambahin, kalau saat ini karena beberapa faktor, aku mengambil posisi yang saat itu pengumumannya tercepat. Jadi saat ini aku magang di salah satu lembaga coding.

Hopefully video ini bisa membantu kalian lolos juga yaa. Good luck!

💄On My Face💄
1. Emina daily matte compact powder - 03 Caramel
https://s.shopee.co.id/8KYMhq3JUt
2. Dazzle Me Mousse Lip Cream - 0088 Body Talk
https://s.shopee.co.id/8KYMji4iO0
3. Implora Urban Lip Cream - Red Gala
https://s.shopee.co.id/50Hulg5q0T
4. Hanasui Mattedorable Lip Cream - 16 Glam
https://s.shopee.co.id/2qDQ9xiVt5
5. Hanasui Perfect Cheek Blush & Go - 01 Pink
https://s.shopee.co.id/5Kul8hEJNb
6. Implora Eyebrow - SOFT 03 Brown
https://s.shopee.co.id/60ARw0nLqY
7. Pinkflash Eyeliner - Black
https://s.shopee.co.id/BCezNKfXz
8. Pinkflash Mascara - Pink Volumizing
https://s.shopee.co.id/8AEwW8fnZL


#msib #magangmerdeka #kampusmerdeka #internship #kampusmengajar #pegadaian #schoters",UCFVfOclolpedLIO7MOMDZmA,Tropicalya,2024-05-02T12:08:20Z,13289,357,148,UgwvVCW3Fjgjd9sTJxN4AaABAg,"Sama misal cv ats friendly nya pake bhs inggris,tapi nanti pas interview gabisa bahasa inggris gapapa?",@hafizfaturrahman3239,UCA7BA2mARaHPSVvFjYDvE-w,2024-05-20T10:41:52Z,2024-05-20T10:41:52Z,1,false,true,true
youtube,MSIB,MSIB_full,MSIB Kampus Merdeka,MSIB Kampus Merdeka,2021-06-22T00:00:00Z,2025-01-01T23:59:59Z,X1l7LOv8aNw,https://www.youtube.com/watch?v=X1l7LOv8aNw,CV LOLOS MAGANG MSIB 6 KAMPUS MERDEKA 📝✨,"Template CV ATS gratis:
jobscan.co

Hai Gorgeous People!
Aku mau nambahin, kalau saat ini karena beberapa faktor, aku mengambil posisi yang saat itu pengumumannya tercepat. Jadi saat ini aku magang di salah satu lembaga coding.

Hopefully video ini bisa membantu kalian lolos juga yaa. Good luck!

💄On My Face💄
1. Emina daily matte compact powder - 03 Caramel
https://s.shopee.co.id/8KYMhq3JUt
2. Dazzle Me Mousse Lip Cream - 0088 Body Talk
https://s.shopee.co.id/8KYMji4iO0
3. Implora Urban Lip Cream - Red Gala
https://s.shopee.co.id/50Hulg5q0T
4. Hanasui Mattedorable Lip Cream - 16 Glam
https://s.shopee.co.id/2qDQ9xiVt5
5. Hanasui Perfect Cheek Blush & Go - 01 Pink
https://s.shopee.co.id/5Kul8hEJNb
6. Implora Eyebrow - SOFT 03 Brown
https://s.shopee.co.id/60ARw0nLqY
7. Pinkflash Eyeliner - Black
https://s.shopee.co.id/BCezNKfXz
8. Pinkflash Mascara - Pink Volumizing
https://s.shopee.co.id/8AEwW8fnZL


#msib #magangmerdeka #kampusmerdeka #internship #kampusmengajar #pegadaian #schoters",UCFVfOclolpedLIO7MOMDZmA,Tropicalya,2024-05-02T12:08:20Z,13289,357,148,UgzqYghHoLPGlwLmU514AaABAg,Itu buat cv nya darimana,@hafizfaturrahman3239,UCA7BA2mARaHPSVvFjYDvE-w,2024-05-20T10:40:42Z,2024-05-20T10:40:42Z,0,false,true,true
youtube,MSIB,MSIB_full,MSIB Kampus Merdeka,MSIB Kampus Merdeka,2021-06-22T00:00:00Z,2025-01-01T23:59:59Z,X1l7LOv8aNw,https://www.youtube.com/watch?v=X1l7LOv8aNw,CV LOLOS MAGANG MSIB 6 KAMPUS MERDEKA 📝✨,"Template CV ATS gratis:
jobscan.co

Hai Gorgeous People!
Aku mau nambahin, kalau saat ini karena beberapa faktor, aku mengambil posisi yang saat itu pengumumannya tercepat. Jadi saat ini aku magang di salah satu lembaga coding.

Hopefully video ini bisa membantu kalian lolos juga yaa. Good luck!

💄On My Face💄
1. Emina daily matte compact powder - 03 Caramel
https://s.shopee.co.id/8KYMhq3JUt
2. Dazzle Me Mousse Lip Cream - 0088 Body Talk
https://s.shopee.co.id/8KYMji4iO0
3. Implora Urban Lip Cream - Red Gala
https://s.shopee.co.id/50Hulg5q0T
4. Hanasui Mattedorable Lip Cream - 16 Glam
https://s.shopee.co.id/2qDQ9xiVt5
5. Hanasui Perfect Cheek Blush & Go - 01 Pink
https://s.shopee.co.id/5Kul8hEJNb
6. Implora Eyebrow - SOFT 03 Brown
https://s.shopee.co.id/60ARw0nLqY
7. Pinkflash Eyeliner - Black
https://s.shopee.co.id/BCezNKfXz
8. Pinkflash Mascara - Pink Volumizing
https://s.shopee.co.id/8AEwW8fnZL


#msib #magangmerdeka #kampusmerdeka #internship #kampusmengajar #pegadaian #schoters",UCFVfOclolpedLIO7MOMDZmA,Tropicalya,2024-05-02T12:08:20Z,13289,357,148,UgwXZ5W2S0mX90VeUNR4AaABAg,"thank you kak udh buat subtitle inggrisnya, bisa belajar bahasa sekaligus nonton video kakak hehe",@Qishaw,UCYC3UyC8uNIqyHx_EN1YO6w,2024-05-18T13:29:12Z,2024-05-18T13:29:12Z,0,false,true,true
youtube,MSIB,MSIB_full,MSIB Kampus Merdeka,MSIB Kampus Merdeka,2021-06-22T00:00:00Z,2025-01-01T23:59:59Z,X1l7LOv8aNw,https://www.youtube.com/watch?v=X1l7LOv8aNw,CV LOLOS MAGANG MSIB 6 KAMPUS MERDEKA 📝✨,"Template CV ATS gratis:
jobscan.co

Hai Gorgeous People!
Aku mau nambahin, kalau saat ini karena beberapa faktor, aku mengambil posisi yang saat itu pengumumannya tercepat. Jadi saat ini aku magang di salah satu lembaga coding.

Hopefully video ini bisa membantu kalian lolos juga yaa. Good luck!

💄On My Face💄
1. Emina daily matte compact powder - 03 Caramel
https://s.shopee.co.id/8KYMhq3JUt
2. Dazzle Me Mousse Lip Cream - 0088 Body Talk
https://s.shopee.co.id/8KYMji4iO0
3. Implora Urban Lip Cream - Red Gala
https://s.shopee.co.id/50Hulg5q0T
4. Hanasui Mattedorable Lip Cream - 16 Glam
https://s.shopee.co.id/2qDQ9xiVt5
5. Hanasui Perfect Cheek Blush & Go - 01 Pink
https://s.shopee.co.id/5Kul8hEJNb
6. Implora Eyebrow - SOFT 03 Brown
https://s.shopee.co.id/60ARw0nLqY
7. Pinkflash Eyeliner - Black
https://s.shopee.co.id/BCezNKfXz
8. Pinkflash Mascara - Pink Volumizing
https://s.shopee.co.id/8AEwW8fnZL


#msib #magangmerdeka #kampusmerdeka #internship #kampusmengajar #pegadaian #schoters",UCFVfOclolpedLIO7MOMDZmA,Tropicalya,2024-05-02T12:08:20Z,13289,357,148,Ugw4BPZGJEta5rmQMPB4AaABAg,kalo sertifikat dimasukin gak ka,@rizqiamalia7087,UCZGx-19ekZvAD-DhID5IVMg,2024-05-17T19:57:50Z,2024-05-17T19:57:50Z,0,false,true,true
youtube,MSIB,MSIB_full,MSIB Kampus Merdeka,MSIB Kampus Merdeka,2021-06-22T00:00:00Z,2025-01-01T23:59:59Z,X1l7LOv8aNw,https://www.youtube.com/watch?v=X1l7LOv8aNw,CV LOLOS MAGANG MSIB 6 KAMPUS MERDEKA 📝✨,"Template CV ATS gratis:
jobscan.co

Hai Gorgeous People!
Aku mau nambahin, kalau saat ini karena beberapa faktor, aku mengambil posisi yang saat itu pengumumannya tercepat. Jadi saat ini aku magang di salah satu lembaga coding.

Hopefully video ini bisa membantu kalian lolos juga yaa. Good luck!

💄On My Face💄
1. Emina daily matte compact powder - 03 Caramel
https://s.shopee.co.id/8KYMhq3JUt
2. Dazzle Me Mousse Lip Cream - 0088 Body Talk
https://s.shopee.co.id/8KYMji4iO0
3. Implora Urban Lip Cream - Red Gala
https://s.shopee.co.id/50Hulg5q0T
4. Hanasui Mattedorable Lip Cream - 16 Glam
https://s.shopee.co.id/2qDQ9xiVt5
5. Hanasui Perfect Cheek Blush & Go - 01 Pink
https://s.shopee.co.id/5Kul8hEJNb
6. Implora Eyebrow - SOFT 03 Brown
https://s.shopee.co.id/60ARw0nLqY
7. Pinkflash Eyeliner - Black
https://s.shopee.co.id/BCezNKfXz
8. Pinkflash Mascara - Pink Volumizing
https://s.shopee.co.id/8AEwW8fnZL


#msib #magangmerdeka #kampusmerdeka #internship #kampusmengajar #pegadaian #schoters",UCFVfOclolpedLIO7MOMDZmA,Tropicalya,2024-05-02T12:08:20Z,13289,357,148,UgwLVlLk_e40ittvVDl4AaABAg,"Izin bertanya kak kalok ikut magang merdeka itu nanti apakah disediakan tempat tinggal atau tempat tinggal nya  cari sendiri, makasih kak.",@DimasAndik-cg6yq,UC6a5_TvRzrsl3V4mt23jewg,2024-05-15T21:47:45Z,2024-05-15T21:47:45Z,0,false,true,true
youtube,MSIB,MSIB_full,MSIB Kampus Merdeka,MSIB Kampus Merdeka,2021-06-22T00:00:00Z,2025-01-01T23:59:59Z,X1l7LOv8aNw,https://www.youtube.com/watch?v=X1l7LOv8aNw,CV LOLOS MAGANG MSIB 6 KAMPUS MERDEKA 📝✨,"Template CV ATS gratis:
jobscan.co

Hai Gorgeous People!
Aku mau nambahin, kalau saat ini karena beberapa faktor, aku mengambil posisi yang saat itu pengumumannya tercepat. Jadi saat ini aku magang di salah satu lembaga coding.

Hopefully video ini bisa membantu kalian lolos juga yaa. Good luck!

💄On My Face💄
1. Emina daily matte compact powder - 03 Caramel
https://s.shopee.co.id/8KYMhq3JUt
2. Dazzle Me Mousse Lip Cream - 0088 Body Talk
https://s.shopee.co.id/8KYMji4iO0
3. Implora Urban Lip Cream - Red Gala
https://s.shopee.co.id/50Hulg5q0T
4. Hanasui Mattedorable Lip Cream - 16 Glam
https://s.shopee.co.id/2qDQ9xiVt5
5. Hanasui Perfect Cheek Blush & Go - 01 Pink
https://s.shopee.co.id/5Kul8hEJNb
6. Implora Eyebrow - SOFT 03 Brown
https://s.shopee.co.id/60ARw0nLqY
7. Pinkflash Eyeliner - Black
https://s.shopee.co.id/BCezNKfXz
8. Pinkflash Mascara - Pink Volumizing
https://s.shopee.co.id/8AEwW8fnZL


#msib #magangmerdeka #kampusmerdeka #internship #kampusmengajar #pegadaian #schoters",UCFVfOclolpedLIO7MOMDZmA,Tropicalya,2024-05-02T12:08:20Z,13289,357,148,Ugxyqk-GjD1tjXHLF9p4AaABAg,kalo cv nya 2 page gimana ya kak ? apa boleh ?,@korbanrebahan9610,UCtS1TFf88B6U1KQABJM9zlg,2024-05-13T12:58:56Z,2024-05-13T12:58:56Z,0,false,true,true
youtube,MSIB,MSIB_full,MSIB Kampus Merdeka,MSIB Kampus Merdeka,2021-06-22T00:00:00Z,2025-01-01T23:59:59Z,X1l7LOv8aNw,https://www.youtube.com/watch?v=X1l7LOv8aNw,CV LOLOS MAGANG MSIB 6 KAMPUS MERDEKA 📝✨,"Template CV ATS gratis:
jobscan.co

Hai Gorgeous People!
Aku mau nambahin, kalau saat ini karena beberapa faktor, aku mengambil posisi yang saat itu pengumumannya tercepat. Jadi saat ini aku magang di salah satu lembaga coding.

Hopefully video ini bisa membantu kalian lolos juga yaa. Good luck!

💄On My Face💄
1. Emina daily matte compact powder - 03 Caramel
https://s.shopee.co.id/8KYMhq3JUt
2. Dazzle Me Mousse Lip Cream - 0088 Body Talk
https://s.shopee.co.id/8KYMji4iO0
3. Implora Urban Lip Cream - Red Gala
https://s.shopee.co.id/50Hulg5q0T
4. Hanasui Mattedorable Lip Cream - 16 Glam
https://s.shopee.co.id/2qDQ9xiVt5
5. Hanasui Perfect Cheek Blush & Go - 01 Pink
https://s.shopee.co.id/5Kul8hEJNb
6. Implora Eyebrow - SOFT 03 Brown
https://s.shopee.co.id/60ARw0nLqY
7. Pinkflash Eyeliner - Black
https://s.shopee.co.id/BCezNKfXz
8. Pinkflash Mascara - Pink Volumizing
https://s.shopee.co.id/8AEwW8fnZL


#msib #magangmerdeka #kampusmerdeka #internship #kampusmengajar #pegadaian #schoters",UCFVfOclolpedLIO7MOMDZmA,Tropicalya,2024-05-02T12:08:20Z,13289,357,148,UgwKdI9g5ImTYdiEVah4AaABAg,Next video tips n tricks lolos wawancara dong kak,@adintafahira4859,UCKE0CIlUuRaO47Kxe_D6JOg,2024-05-13T06:17:48Z,2024-05-13T06:17:48Z,1,false,true,true
youtube,MSIB,MSIB_full,MSIB Kampus Merdeka,MSIB Kampus Merdeka,2021-06-22T00:00:00Z,2025-01-01T23:59:59Z,X1l7LOv8aNw,https://www.youtube.com/watch?v=X1l7LOv8aNw,CV LOLOS MAGANG MSIB 6 KAMPUS MERDEKA 📝✨,"Template CV ATS gratis:
jobscan.co

Hai Gorgeous People!
Aku mau nambahin, kalau saat ini karena beberapa faktor, aku mengambil posisi yang saat itu pengumumannya tercepat. Jadi saat ini aku magang di salah satu lembaga coding.

Hopefully video ini bisa membantu kalian lolos juga yaa. Good luck!

💄On My Face💄
1. Emina daily matte compact powder - 03 Caramel
https://s.shopee.co.id/8KYMhq3JUt
2. Dazzle Me Mousse Lip Cream - 0088 Body Talk
https://s.shopee.co.id/8KYMji4iO0
3. Implora Urban Lip Cream - Red Gala
https://s.shopee.co.id/50Hulg5q0T
4. Hanasui Mattedorable Lip Cream - 16 Glam
https://s.shopee.co.id/2qDQ9xiVt5
5. Hanasui Perfect Cheek Blush & Go - 01 Pink
https://s.shopee.co.id/5Kul8hEJNb
6. Implora Eyebrow - SOFT 03 Brown
https://s.shopee.co.id/60ARw0nLqY
7. Pinkflash Eyeliner - Black
https://s.shopee.co.id/BCezNKfXz
8. Pinkflash Mascara - Pink Volumizing
https://s.shopee.co.id/8AEwW8fnZL


#msib #magangmerdeka #kampusmerdeka #internship #kampusmengajar #pegadaian #schoters",UCFVfOclolpedLIO7MOMDZmA,Tropicalya,2024-05-02T12:08:20Z,13289,357,148,UgzGZxxyd3N2NobLEBt4AaABAg,Kak untuk Administrasi Bisnis dong,@marwanofisial7815,UC1Ic4H0uuQPCMmgxqfn1ajg,2024-05-08T03:44:49Z,2024-05-08T03:44:49Z,1,false,true,true
youtube,MSIB,MSIB_full,MSIB Kampus Merdeka,MSIB Kampus Merdeka,2021-06-22T00:00:00Z,2025-01-01T23:59:59Z,X1l7LOv8aNw,https://www.youtube.com/watch?v=X1l7LOv8aNw,CV LOLOS MAGANG MSIB 6 KAMPUS MERDEKA 📝✨,"Template CV ATS gratis:
jobscan.co

Hai Gorgeous People!
Aku mau nambahin, kalau saat ini karena beberapa faktor, aku mengambil posisi yang saat itu pengumumannya tercepat. Jadi saat ini aku magang di salah satu lembaga coding.

Hopefully video ini bisa membantu kalian lolos juga yaa. Good luck!

💄On My Face💄
1. Emina daily matte compact powder - 03 Caramel
https://s.shopee.co.id/8KYMhq3JUt
2. Dazzle Me Mousse Lip Cream - 0088 Body Talk
https://s.shopee.co.id/8KYMji4iO0
3. Implora Urban Lip Cream - Red Gala
https://s.shopee.co.id/50Hulg5q0T
4. Hanasui Mattedorable Lip Cream - 16 Glam
https://s.shopee.co.id/2qDQ9xiVt5
5. Hanasui Perfect Cheek Blush & Go - 01 Pink
https://s.shopee.co.id/5Kul8hEJNb
6. Implora Eyebrow - SOFT 03 Brown
https://s.shopee.co.id/60ARw0nLqY
7. Pinkflash Eyeliner - Black
https://s.shopee.co.id/BCezNKfXz
8. Pinkflash Mascara - Pink Volumizing
https://s.shopee.co.id/8AEwW8fnZL


#msib #magangmerdeka #kampusmerdeka #internship #kampusmengajar #pegadaian #schoters",UCFVfOclolpedLIO7MOMDZmA,Tropicalya,2024-05-02T12:08:20Z,13289,357,148,UgwT6u2hP_1z_80r_I14AaABAg,kak posisi buat anak perangkat lunak yang ga ngoding kak😅,@pynesachannel9127,UCG0kXKZHdGdsFtrwuQ7KFgQ,2024-05-04T12:35:58Z,2024-05-04T12:35:58Z,0,false,true,true
youtube,MSIB,MSIB_full,MSIB Kampus Merdeka,MSIB Kampus Merdeka,2021-06-22T00:00:00Z,2025-01-01T23:59:59Z,X1l7LOv8aNw,https://www.youtube.com/watch?v=X1l7LOv8aNw,CV LOLOS MAGANG MSIB 6 KAMPUS MERDEKA 📝✨,"Template CV ATS gratis:
jobscan.co

Hai Gorgeous People!
Aku mau nambahin, kalau saat ini karena beberapa faktor, aku mengambil posisi yang saat itu pengumumannya tercepat. Jadi saat ini aku magang di salah satu lembaga coding.

Hopefully video ini bisa membantu kalian lolos juga yaa. Good luck!

💄On My Face💄
1. Emina daily matte compact powder - 03 Caramel
https://s.shopee.co.id/8KYMhq3JUt
2. Dazzle Me Mousse Lip Cream - 0088 Body Talk
https://s.shopee.co.id/8KYMji4iO0
3. Implora Urban Lip Cream - Red Gala
https://s.shopee.co.id/50Hulg5q0T
4. Hanasui Mattedorable Lip Cream - 16 Glam
https://s.shopee.co.id/2qDQ9xiVt5
5. Hanasui Perfect Cheek Blush & Go - 01 Pink
https://s.shopee.co.id/5Kul8hEJNb
6. Implora Eyebrow - SOFT 03 Brown
https://s.shopee.co.id/60ARw0nLqY
7. Pinkflash Eyeliner - Black
https://s.shopee.co.id/BCezNKfXz
8. Pinkflash Mascara - Pink Volumizing
https://s.shopee.co.id/8AEwW8fnZL


#msib #magangmerdeka #kampusmerdeka #internship #kampusmengajar #pegadaian #schoters",UCFVfOclolpedLIO7MOMDZmA,Tropicalya,2024-05-02T12:08:20Z,13289,357,148,Ugzcd8rX_U6ftMyRQQh4AaABAg,"Kak mau nanya saya punya projek mata kuliah manajemen bazaar sbg leader, baiknya ditaro di experience atau projek kak",@KevbinTan,UC2xetXQydVF8iAkz5UcWdYg,2024-05-04T08:11:29Z,2024-05-04T08:11:59Z,0,false,true,true
youtube,MSIB,MSIB_full,MSIB Kampus Merdeka,MSIB Kampus Merdeka,2021-06-22T00:00:00Z,2025-01-01T23:59:59Z,zQxc4Y9rViQ,https://www.youtube.com/watch?v=zQxc4Y9rViQ,Siapa yang di sini udah daftar?#shorts #kampusmerdeka #msib #mahasiswa #kampus #karir #campus #genz,,UChLGCyzuLFK0c-lifTLnKWA,Girls Beyond,2023-06-07T12:00:48Z,8374,659,4,UgwshyLEWXfd1fZq92V4AaABAg,Kalau kita bikin cv nya dalam b.inggris udh sebagus ituh. Tpi aslinya kita nga pande b.inggris gimana kak?? Takut tiba² ditest😭😭🙏🏻,@amelianingsih7620,UCQh_UaJkiq1JTB8DaBybYnA,2024-08-09T16:53:41Z,2024-08-09T16:53:41Z,1,false,true,true
youtube,MSIB,MSIB_full,MSIB Kampus Merdeka,MSIB Kampus Merdeka,2021-06-22T00:00:00Z,2025-01-01T23:59:59Z,zQxc4Y9rViQ,https://www.youtube.com/watch?v=zQxc4Y9rViQ,Siapa yang di sini udah daftar?#shorts #kampusmerdeka #msib #mahasiswa #kampus #karir #campus #genz,,UChLGCyzuLFK0c-lifTLnKWA,Girls Beyond,2023-06-07T12:00:48Z,8374,659,4,UgzaItUlIexzl_LMNwt4AaABAg,ka kalau cv ats nya full indo gimana kak?,@syafiraniwa25,UC-jtQDv2AS-kXZ3FkSO9FYw,2024-08-08T02:58:28Z,2024-08-08T02:58:28Z,0,false,true,true
youtube,MSIB,MSIB_full,MSIB Kampus Merdeka,MSIB Kampus Merdeka,2021-06-22T00:00:00Z,2025-01-01T23:59:59Z,zQxc4Y9rViQ,https://www.youtube.com/watch?v=zQxc4Y9rViQ,Siapa yang di sini udah daftar?#shorts #kampusmerdeka #msib #mahasiswa #kampus #karir #campus #genz,,UChLGCyzuLFK0c-lifTLnKWA,Girls Beyond,2023-06-07T12:00:48Z,8374,659,4,UgxzspP3sA4NfX2J_vB4AaABAg,"download sr dimana ka? ga nemuuu, ada link ga",@astheria8484,UCaXcsYwB2fKL2QCXnn09RJw,2024-04-27T04:35:23Z,2024-04-27T04:35:23Z,3,false,true,true
youtube,MSIB,MSIB_full,MSIB Kampus Merdeka,MSIB Kampus Merdeka,2021-06-22T00:00:00Z,2025-01-01T23:59:59Z,lcjGsSDu7JU,https://www.youtube.com/watch?v=lcjGsSDu7JU,Ceritaku dalam growup di MSIB Kampus Merdeka #fypシ #kampusmerdeka #msib,,UCE5nWPmVCtmgtueMekYZAsA,Improve Your English With Prada,2023-07-04T03:25:01Z,45937,799,3,Ugx3BWDCNzL6ApL04Dl4AaABAg,Kk kalau enggak ada pacar tu bilang terus nembak uhuyy 😅😊,@mujito2965,UCEHGfod97Icb1Usw3VPTQLA,2023-07-05T07:35:50Z,2023-07-05T07:35:50Z,0,false,true,true
youtube,MSIB,MSIB_full,MSIB Kampus Merdeka,MSIB Kampus Merdeka,2021-06-22T00:00:00Z,2025-01-01T23:59:59Z,lcjGsSDu7JU,https://www.youtube.com/watch?v=lcjGsSDu7JU,Ceritaku dalam growup di MSIB Kampus Merdeka #fypシ #kampusmerdeka #msib,,UCE5nWPmVCtmgtueMekYZAsA,Improve Your English With Prada,2023-07-04T03:25:01Z,45937,799,3,Ugzh4L2-hnP8CWX-FG54AaABAg,Jangan nyinyir oke ntar diusir lo,@AstroFuxii-dk8fp,UCTdwcSLjQTH3-JAFdKNa7uQ,2023-07-05T06:03:10Z,2023-07-05T06:03:10Z,1,false,true,true
youtube,MSIB,MSIB_full,MSIB Kampus Merdeka,MSIB Kampus Merdeka,2021-06-22T00:00:00Z,2025-01-01T23:59:59Z,lcjGsSDu7JU,https://www.youtube.com/watch?v=lcjGsSDu7JU,Ceritaku dalam growup di MSIB Kampus Merdeka #fypシ #kampusmerdeka #msib,,UCE5nWPmVCtmgtueMekYZAsA,Improve Your English With Prada,2023-07-04T03:25:01Z,45937,799,3,UgyY91nip60VCITC4-l4AaABAg,Hahaha,@shahendahabib9647,UC1blARW3C6-Ev6X1Wpg-Pdg,2023-07-05T04:33:37Z,2023-07-05T04:33:37Z,2,false,true,true
youtube,MSIB,MSIB_full,MSIB Kampus Merdeka,MSIB Kampus Merdeka,2021-06-22T00:00:00Z,2025-01-01T23:59:59Z,V5jqU9n-z_s,https://www.youtube.com/watch?v=V5jqU9n-z_s,MSIB Kampus Merdeka bersama Indi Technology,"Halo semua, ikuti jejak saya dengan pengalaman dengan MSIB Batch 3 di Indi Technology. Dengan mengikuti program ini, kalian mendapatkan benefit yang sangat luar biasa sekaligus peluang berjejaring. Jangan lupa untuk terus mengecek informasi mengenai MSIB Batch 4 di akun instagram magangmerdeka

#Internship #msib #magangmerdeka #inditechnology #experience #magang #kampusmerdeka #interns #magangbersertifikat #msibkampusmerdeka #story #pengalaman #bukanmagangbiasa #studiindependen #berprosesmeraihsukses #video #youtube #mbkm #interns",UCBxNuejHAa0PJQ2_nWedCng,Hamzah Hilam,2022-12-25T03:00:10Z,155,2,1,Ugz7o1KJUjk6NwlnaKJ4AaABAg,"Makasih banyak, zah!",@zacksonmaxime,UCdAqxts-370d1gVZILBQHrA,2025-06-26T07:16:18Z,2025-06-26T07:16:18Z,0,false,true,false
youtube,MSIB,MSIB_full,MSIB Kampus Merdeka,MSIB Kampus Merdeka,2021-06-22T00:00:00Z,2025-01-01T23:59:59Z,mKTOvC_zHbs,https://www.youtube.com/watch?v=mKTOvC_zHbs,Testimoni MSIB Kampus Merdeka X Dicoding Batch 4,"Nama: Rizka Musyarofatul Hidayah
Peserta Studi Independen Batch 4 Dicoding 2023",UCVvIkz_hcC_y6DnsAXS1UtA,Rizka musyarofatul,2023-06-22T08:34:00Z,39,1,1,UgyKq5CyTWbywjwiT5J4AaABAg,"kak izin bertanya pada waktu kapan ya pemebelajaran dicoding tersebut dilaksanakan ? pada saat pagi,siang,atau malam dan apakah ada gmeet di tiap harinya terimakasih",@_DeniKristanto,UCbCq10oEajp0i5FUh5TUvow,2023-07-17T13:34:19Z,2023-07-17T13:34:19Z,0,false,true,true
youtube,MSIB,MSIB_full,MSIB Kampus Merdeka,MSIB Kampus Merdeka,2021-06-22T00:00:00Z,2025-01-01T23:59:59Z,Hzt5Jg8dz5s,https://www.youtube.com/watch?v=Hzt5Jg8dz5s,Mengenal Lebih Jauh dengan Program MSIB Kampus Merdeka - Podcast Samudra Talk Episode 1,"#kampusmerdeka #msib #magang 

""Samudra Talk"" adalah podcast resmi dari Universitas Samudra yang memikat pendengar dengan beragam topik menarik seputar kehidupan kampus, program Kementerian Pendidikan, cerita seru seputar mahasiswa, dan pencapaian gemilang mereka. Setiap episode menghadirkan diskusi mendalam tentang isu-isu terkini dalam dunia pendidikan tinggi, memberikan wawasan mendalam tentang kebijakan dan inovasi terbaru di universitas. Selain itu, podcast ini juga menggali cerita inspiratif dari para mahasiswa yang menghadapi tantangan unik dan meraih prestasi cemerlang dalam berbagai bidang. Dengan gaya penyampaian yang menghibur namun informatif, ""Samudra Talk"" menjadi sumber inspirasi bagi para pendengar yang tertarik dengan dinamika kehidupan kampus dan perjalanan sukses mahasiswa.

Kali ini kami akan mengupas tuntas soal program MSIB bersama PIC nya langsung ni yaitu ibu Ir. Firdasari S.T.,M.T. Penasaran dengan pembahasannya? yuk nonton sampai habis.

Follow Us : 
Instagram : https://www.instagram.com/unsamofficial/
Web : www.unsam.ac.id",UCPPRwuhu1Gi871pULEP4WfQ,Unsam TV,2024-07-21T02:00:09Z,862,77,12,UgyCe8gNfe0TggXtImV4AaABAg,Kereeen🎉🎉🎉,@ayudyahkencana3025,UCpzkutQCkM47930qQnlL1Gg,2024-07-22T08:15:56Z,2024-07-22T08:15:56Z,0,false,true,true
youtube,MSIB,MSIB_full,MSIB Kampus Merdeka,MSIB Kampus Merdeka,2021-06-22T00:00:00Z,2025-01-01T23:59:59Z,Hzt5Jg8dz5s,https://www.youtube.com/watch?v=Hzt5Jg8dz5s,Mengenal Lebih Jauh dengan Program MSIB Kampus Merdeka - Podcast Samudra Talk Episode 1,"#kampusmerdeka #msib #magang 

""Samudra Talk"" adalah podcast resmi dari Universitas Samudra yang memikat pendengar dengan beragam topik menarik seputar kehidupan kampus, program Kementerian Pendidikan, cerita seru seputar mahasiswa, dan pencapaian gemilang mereka. Setiap episode menghadirkan diskusi mendalam tentang isu-isu terkini dalam dunia pendidikan tinggi, memberikan wawasan mendalam tentang kebijakan dan inovasi terbaru di universitas. Selain itu, podcast ini juga menggali cerita inspiratif dari para mahasiswa yang menghadapi tantangan unik dan meraih prestasi cemerlang dalam berbagai bidang. Dengan gaya penyampaian yang menghibur namun informatif, ""Samudra Talk"" menjadi sumber inspirasi bagi para pendengar yang tertarik dengan dinamika kehidupan kampus dan perjalanan sukses mahasiswa.

Kali ini kami akan mengupas tuntas soal program MSIB bersama PIC nya langsung ni yaitu ibu Ir. Firdasari S.T.,M.T. Penasaran dengan pembahasannya? yuk nonton sampai habis.

Follow Us : 
Instagram : https://www.instagram.com/unsamofficial/
Web : www.unsam.ac.id",UCPPRwuhu1Gi871pULEP4WfQ,Unsam TV,2024-07-21T02:00:09Z,862,77,12,Ugzs2cpnWx1BAPpjIUB4AaABAg,Min coba bahas tentang unsam menuju PTN -BLU plus Pascasarjana unsam supaya makin gampang mempromosikan unsam ke teman teman 😅,@sapwanirsad7437,UCXgkWJ10MESW3DFvkZB09WQ,2024-07-22T07:12:06Z,2024-07-22T07:12:06Z,0,false,true,true
youtube,MSIB,MSIB_full,MSIB Kampus Merdeka,MSIB Kampus Merdeka,2021-06-22T00:00:00Z,2025-01-01T23:59:59Z,Hzt5Jg8dz5s,https://www.youtube.com/watch?v=Hzt5Jg8dz5s,Mengenal Lebih Jauh dengan Program MSIB Kampus Merdeka - Podcast Samudra Talk Episode 1,"#kampusmerdeka #msib #magang 

""Samudra Talk"" adalah podcast resmi dari Universitas Samudra yang memikat pendengar dengan beragam topik menarik seputar kehidupan kampus, program Kementerian Pendidikan, cerita seru seputar mahasiswa, dan pencapaian gemilang mereka. Setiap episode menghadirkan diskusi mendalam tentang isu-isu terkini dalam dunia pendidikan tinggi, memberikan wawasan mendalam tentang kebijakan dan inovasi terbaru di universitas. Selain itu, podcast ini juga menggali cerita inspiratif dari para mahasiswa yang menghadapi tantangan unik dan meraih prestasi cemerlang dalam berbagai bidang. Dengan gaya penyampaian yang menghibur namun informatif, ""Samudra Talk"" menjadi sumber inspirasi bagi para pendengar yang tertarik dengan dinamika kehidupan kampus dan perjalanan sukses mahasiswa.

Kali ini kami akan mengupas tuntas soal program MSIB bersama PIC nya langsung ni yaitu ibu Ir. Firdasari S.T.,M.T. Penasaran dengan pembahasannya? yuk nonton sampai habis.

Follow Us : 
Instagram : https://www.instagram.com/unsamofficial/
Web : www.unsam.ac.id",UCPPRwuhu1Gi871pULEP4WfQ,Unsam TV,2024-07-21T02:00:09Z,862,77,12,UgwzX0bvcnfmInKkozJ4AaABAg,"Mantap, unsam begitu cepat maju saat ini",@zulfanhasbi5096,UC2o0f4Wt8XcMBgzIPq5E9jg,2024-07-22T06:59:45Z,2024-07-22T06:59:45Z,1,false,true,true
youtube,MSIB,MSIB_full,MSIB Kampus Merdeka,MSIB Kampus Merdeka,2021-06-22T00:00:00Z,2025-01-01T23:59:59Z,Hzt5Jg8dz5s,https://www.youtube.com/watch?v=Hzt5Jg8dz5s,Mengenal Lebih Jauh dengan Program MSIB Kampus Merdeka - Podcast Samudra Talk Episode 1,"#kampusmerdeka #msib #magang 

""Samudra Talk"" adalah podcast resmi dari Universitas Samudra yang memikat pendengar dengan beragam topik menarik seputar kehidupan kampus, program Kementerian Pendidikan, cerita seru seputar mahasiswa, dan pencapaian gemilang mereka. Setiap episode menghadirkan diskusi mendalam tentang isu-isu terkini dalam dunia pendidikan tinggi, memberikan wawasan mendalam tentang kebijakan dan inovasi terbaru di universitas. Selain itu, podcast ini juga menggali cerita inspiratif dari para mahasiswa yang menghadapi tantangan unik dan meraih prestasi cemerlang dalam berbagai bidang. Dengan gaya penyampaian yang menghibur namun informatif, ""Samudra Talk"" menjadi sumber inspirasi bagi para pendengar yang tertarik dengan dinamika kehidupan kampus dan perjalanan sukses mahasiswa.

Kali ini kami akan mengupas tuntas soal program MSIB bersama PIC nya langsung ni yaitu ibu Ir. Firdasari S.T.,M.T. Penasaran dengan pembahasannya? yuk nonton sampai habis.

Follow Us : 
Instagram : https://www.instagram.com/unsamofficial/
Web : www.unsam.ac.id",UCPPRwuhu1Gi871pULEP4WfQ,Unsam TV,2024-07-21T02:00:09Z,862,77,12,UgwTr0PIkYaW5nyxZWR4AaABAg,Selalu menginspirasi 🥳🥳🥳,@mirtameutia3398,UCwZUxSqVviVK8yIj8MrtSOQ,2024-07-22T03:10:21Z,2024-07-22T03:10:21Z,0,false,true,true
youtube,MSIB,MSIB_full,MSIB Kampus Merdeka,MSIB Kampus Merdeka,2021-06-22T00:00:00Z,2025-01-01T23:59:59Z,Hzt5Jg8dz5s,https://www.youtube.com/watch?v=Hzt5Jg8dz5s,Mengenal Lebih Jauh dengan Program MSIB Kampus Merdeka - Podcast Samudra Talk Episode 1,"#kampusmerdeka #msib #magang 

""Samudra Talk"" adalah podcast resmi dari Universitas Samudra yang memikat pendengar dengan beragam topik menarik seputar kehidupan kampus, program Kementerian Pendidikan, cerita seru seputar mahasiswa, dan pencapaian gemilang mereka. Setiap episode menghadirkan diskusi mendalam tentang isu-isu terkini dalam dunia pendidikan tinggi, memberikan wawasan mendalam tentang kebijakan dan inovasi terbaru di universitas. Selain itu, podcast ini juga menggali cerita inspiratif dari para mahasiswa yang menghadapi tantangan unik dan meraih prestasi cemerlang dalam berbagai bidang. Dengan gaya penyampaian yang menghibur namun informatif, ""Samudra Talk"" menjadi sumber inspirasi bagi para pendengar yang tertarik dengan dinamika kehidupan kampus dan perjalanan sukses mahasiswa.

Kali ini kami akan mengupas tuntas soal program MSIB bersama PIC nya langsung ni yaitu ibu Ir. Firdasari S.T.,M.T. Penasaran dengan pembahasannya? yuk nonton sampai habis.

Follow Us : 
Instagram : https://www.instagram.com/unsamofficial/
Web : www.unsam.ac.id",UCPPRwuhu1Gi871pULEP4WfQ,Unsam TV,2024-07-21T02:00:09Z,862,77,12,UgzG2rTfrQTOBogtnTZ4AaABAg,"Mantaaap, menyala Humas Unsam 🔥🔥🔥",@NovaPurnamaLisa_Channel22,UCU_jDRiyaFs0UMx3YIT8LPw,2024-07-22T01:12:20Z,2024-07-22T01:12:20Z,0,false,true,true
youtube,MSIB,MSIB_full,MSIB Kampus Merdeka,MSIB Kampus Merdeka,2021-06-22T00:00:00Z,2025-01-01T23:59:59Z,Hzt5Jg8dz5s,https://www.youtube.com/watch?v=Hzt5Jg8dz5s,Mengenal Lebih Jauh dengan Program MSIB Kampus Merdeka - Podcast Samudra Talk Episode 1,"#kampusmerdeka #msib #magang 

""Samudra Talk"" adalah podcast resmi dari Universitas Samudra yang memikat pendengar dengan beragam topik menarik seputar kehidupan kampus, program Kementerian Pendidikan, cerita seru seputar mahasiswa, dan pencapaian gemilang mereka. Setiap episode menghadirkan diskusi mendalam tentang isu-isu terkini dalam dunia pendidikan tinggi, memberikan wawasan mendalam tentang kebijakan dan inovasi terbaru di universitas. Selain itu, podcast ini juga menggali cerita inspiratif dari para mahasiswa yang menghadapi tantangan unik dan meraih prestasi cemerlang dalam berbagai bidang. Dengan gaya penyampaian yang menghibur namun informatif, ""Samudra Talk"" menjadi sumber inspirasi bagi para pendengar yang tertarik dengan dinamika kehidupan kampus dan perjalanan sukses mahasiswa.

Kali ini kami akan mengupas tuntas soal program MSIB bersama PIC nya langsung ni yaitu ibu Ir. Firdasari S.T.,M.T. Penasaran dengan pembahasannya? yuk nonton sampai habis.

Follow Us : 
Instagram : https://www.instagram.com/unsamofficial/
Web : www.unsam.ac.id",UCPPRwuhu1Gi871pULEP4WfQ,Unsam TV,2024-07-21T02:00:09Z,862,77,12,UgwUxqyKRTqL520GQnB4AaABAg,,@amertastudios9837,UC8T6TPCcs2KgiyAGHbACrYw,2024-07-21T18:43:34Z,2024-07-21T18:43:34Z,0,false,true,true
youtube,MSIB,MSIB_full,MSIB Kampus Merdeka,MSIB Kampus Merdeka,2021-06-22T00:00:00Z,2025-01-01T23:59:59Z,Hzt5Jg8dz5s,https://www.youtube.com/watch?v=Hzt5Jg8dz5s,Mengenal Lebih Jauh dengan Program MSIB Kampus Merdeka - Podcast Samudra Talk Episode 1,"#kampusmerdeka #msib #magang 

""Samudra Talk"" adalah podcast resmi dari Universitas Samudra yang memikat pendengar dengan beragam topik menarik seputar kehidupan kampus, program Kementerian Pendidikan, cerita seru seputar mahasiswa, dan pencapaian gemilang mereka. Setiap episode menghadirkan diskusi mendalam tentang isu-isu terkini dalam dunia pendidikan tinggi, memberikan wawasan mendalam tentang kebijakan dan inovasi terbaru di universitas. Selain itu, podcast ini juga menggali cerita inspiratif dari para mahasiswa yang menghadapi tantangan unik dan meraih prestasi cemerlang dalam berbagai bidang. Dengan gaya penyampaian yang menghibur namun informatif, ""Samudra Talk"" menjadi sumber inspirasi bagi para pendengar yang tertarik dengan dinamika kehidupan kampus dan perjalanan sukses mahasiswa.

Kali ini kami akan mengupas tuntas soal program MSIB bersama PIC nya langsung ni yaitu ibu Ir. Firdasari S.T.,M.T. Penasaran dengan pembahasannya? yuk nonton sampai habis.

Follow Us : 
Instagram : https://www.instagram.com/unsamofficial/
Web : www.unsam.ac.id",UCPPRwuhu1Gi871pULEP4WfQ,Unsam TV,2024-07-21T02:00:09Z,862,77,12,Ugxh-KQgzNFhbL_aRpd4AaABAg,Saya jadi terinspirasi,@LenfigaPlay,UCYiDa-GGz1Q2-Wae3Kf1ckQ,2024-07-21T12:26:14Z,2024-07-21T12:26:14Z,0,false,true,true
youtube,MSIB,MSIB_full,MSIB Kampus Merdeka,MSIB Kampus Merdeka,2021-06-22T00:00:00Z,2025-01-01T23:59:59Z,Hzt5Jg8dz5s,https://www.youtube.com/watch?v=Hzt5Jg8dz5s,Mengenal Lebih Jauh dengan Program MSIB Kampus Merdeka - Podcast Samudra Talk Episode 1,"#kampusmerdeka #msib #magang 

""Samudra Talk"" adalah podcast resmi dari Universitas Samudra yang memikat pendengar dengan beragam topik menarik seputar kehidupan kampus, program Kementerian Pendidikan, cerita seru seputar mahasiswa, dan pencapaian gemilang mereka. Setiap episode menghadirkan diskusi mendalam tentang isu-isu terkini dalam dunia pendidikan tinggi, memberikan wawasan mendalam tentang kebijakan dan inovasi terbaru di universitas. Selain itu, podcast ini juga menggali cerita inspiratif dari para mahasiswa yang menghadapi tantangan unik dan meraih prestasi cemerlang dalam berbagai bidang. Dengan gaya penyampaian yang menghibur namun informatif, ""Samudra Talk"" menjadi sumber inspirasi bagi para pendengar yang tertarik dengan dinamika kehidupan kampus dan perjalanan sukses mahasiswa.

Kali ini kami akan mengupas tuntas soal program MSIB bersama PIC nya langsung ni yaitu ibu Ir. Firdasari S.T.,M.T. Penasaran dengan pembahasannya? yuk nonton sampai habis.

Follow Us : 
Instagram : https://www.instagram.com/unsamofficial/
Web : www.unsam.ac.id",UCPPRwuhu1Gi871pULEP4WfQ,Unsam TV,2024-07-21T02:00:09Z,862,77,12,UgyAbBDthaYMoWqpyVF4AaABAg,Konten yg sangat bermanfaat,@FAUZANAZRAF,UCnthkJjM0lB7GbvL1L1yC3Q,2024-07-21T10:41:19Z,2024-07-21T10:41:19Z,0,false,true,true
youtube,MSIB,MSIB_full,MSIB Kampus Merdeka,MSIB Kampus Merdeka,2021-06-22T00:00:00Z,2025-01-01T23:59:59Z,Hzt5Jg8dz5s,https://www.youtube.com/watch?v=Hzt5Jg8dz5s,Mengenal Lebih Jauh dengan Program MSIB Kampus Merdeka - Podcast Samudra Talk Episode 1,"#kampusmerdeka #msib #magang 

""Samudra Talk"" adalah podcast resmi dari Universitas Samudra yang memikat pendengar dengan beragam topik menarik seputar kehidupan kampus, program Kementerian Pendidikan, cerita seru seputar mahasiswa, dan pencapaian gemilang mereka. Setiap episode menghadirkan diskusi mendalam tentang isu-isu terkini dalam dunia pendidikan tinggi, memberikan wawasan mendalam tentang kebijakan dan inovasi terbaru di universitas. Selain itu, podcast ini juga menggali cerita inspiratif dari para mahasiswa yang menghadapi tantangan unik dan meraih prestasi cemerlang dalam berbagai bidang. Dengan gaya penyampaian yang menghibur namun informatif, ""Samudra Talk"" menjadi sumber inspirasi bagi para pendengar yang tertarik dengan dinamika kehidupan kampus dan perjalanan sukses mahasiswa.

Kali ini kami akan mengupas tuntas soal program MSIB bersama PIC nya langsung ni yaitu ibu Ir. Firdasari S.T.,M.T. Penasaran dengan pembahasannya? yuk nonton sampai habis.

Follow Us : 
Instagram : https://www.instagram.com/unsamofficial/
Web : www.unsam.ac.id",UCPPRwuhu1Gi871pULEP4WfQ,Unsam TV,2024-07-21T02:00:09Z,862,77,12,UgyuLafXsYwXoCUNIrd4AaABAg,mantap,@rijal1000,UCP20sGHMGjSl7ESfczVSnnw,2024-07-21T08:17:37Z,2024-07-21T08:17:37Z,0,false,true,true
youtube,MSIB,MSIB_full,MSIB Kampus Merdeka,MSIB Kampus Merdeka,2021-06-22T00:00:00Z,2025-01-01T23:59:59Z,Hzt5Jg8dz5s,https://www.youtube.com/watch?v=Hzt5Jg8dz5s,Mengenal Lebih Jauh dengan Program MSIB Kampus Merdeka - Podcast Samudra Talk Episode 1,"#kampusmerdeka #msib #magang 

""Samudra Talk"" adalah podcast resmi dari Universitas Samudra yang memikat pendengar dengan beragam topik menarik seputar kehidupan kampus, program Kementerian Pendidikan, cerita seru seputar mahasiswa, dan pencapaian gemilang mereka. Setiap episode menghadirkan diskusi mendalam tentang isu-isu terkini dalam dunia pendidikan tinggi, memberikan wawasan mendalam tentang kebijakan dan inovasi terbaru di universitas. Selain itu, podcast ini juga menggali cerita inspiratif dari para mahasiswa yang menghadapi tantangan unik dan meraih prestasi cemerlang dalam berbagai bidang. Dengan gaya penyampaian yang menghibur namun informatif, ""Samudra Talk"" menjadi sumber inspirasi bagi para pendengar yang tertarik dengan dinamika kehidupan kampus dan perjalanan sukses mahasiswa.

Kali ini kami akan mengupas tuntas soal program MSIB bersama PIC nya langsung ni yaitu ibu Ir. Firdasari S.T.,M.T. Penasaran dengan pembahasannya? yuk nonton sampai habis.

Follow Us : 
Instagram : https://www.instagram.com/unsamofficial/
Web : www.unsam.ac.id",UCPPRwuhu1Gi871pULEP4WfQ,Unsam TV,2024-07-21T02:00:09Z,862,77,12,UgzBWpzMinCwz6_nou94AaABAg,Jadwal mingguan,@mistertampa6510,UCwZCojkEoyiZyDT8aOkFK4Q,2024-07-21T05:38:33Z,2024-07-21T05:38:33Z,0,false,true,true
youtube,MSIB,MSIB_full,MSIB Kampus Merdeka,MSIB Kampus Merdeka,2021-06-22T00:00:00Z,2025-01-01T23:59:59Z,Hzt5Jg8dz5s,https://www.youtube.com/watch?v=Hzt5Jg8dz5s,Mengenal Lebih Jauh dengan Program MSIB Kampus Merdeka - Podcast Samudra Talk Episode 1,"#kampusmerdeka #msib #magang 

""Samudra Talk"" adalah podcast resmi dari Universitas Samudra yang memikat pendengar dengan beragam topik menarik seputar kehidupan kampus, program Kementerian Pendidikan, cerita seru seputar mahasiswa, dan pencapaian gemilang mereka. Setiap episode menghadirkan diskusi mendalam tentang isu-isu terkini dalam dunia pendidikan tinggi, memberikan wawasan mendalam tentang kebijakan dan inovasi terbaru di universitas. Selain itu, podcast ini juga menggali cerita inspiratif dari para mahasiswa yang menghadapi tantangan unik dan meraih prestasi cemerlang dalam berbagai bidang. Dengan gaya penyampaian yang menghibur namun informatif, ""Samudra Talk"" menjadi sumber inspirasi bagi para pendengar yang tertarik dengan dinamika kehidupan kampus dan perjalanan sukses mahasiswa.

Kali ini kami akan mengupas tuntas soal program MSIB bersama PIC nya langsung ni yaitu ibu Ir. Firdasari S.T.,M.T. Penasaran dengan pembahasannya? yuk nonton sampai habis.

Follow Us : 
Instagram : https://www.instagram.com/unsamofficial/
Web : www.unsam.ac.id",UCPPRwuhu1Gi871pULEP4WfQ,Unsam TV,2024-07-21T02:00:09Z,862,77,12,Ugzin_TrJ84CTX8003J4AaABAg,Nice program Talk Unsam,@mistertampa6510,UCwZCojkEoyiZyDT8aOkFK4Q,2024-07-21T05:37:36Z,2024-07-21T05:37:36Z,0,false,true,true
youtube,MSIB,MSIB_full,MSIB Kampus Merdeka,MSIB Kampus Merdeka,2021-06-22T00:00:00Z,2025-01-01T23:59:59Z,Hzt5Jg8dz5s,https://www.youtube.com/watch?v=Hzt5Jg8dz5s,Mengenal Lebih Jauh dengan Program MSIB Kampus Merdeka - Podcast Samudra Talk Episode 1,"#kampusmerdeka #msib #magang 

""Samudra Talk"" adalah podcast resmi dari Universitas Samudra yang memikat pendengar dengan beragam topik menarik seputar kehidupan kampus, program Kementerian Pendidikan, cerita seru seputar mahasiswa, dan pencapaian gemilang mereka. Setiap episode menghadirkan diskusi mendalam tentang isu-isu terkini dalam dunia pendidikan tinggi, memberikan wawasan mendalam tentang kebijakan dan inovasi terbaru di universitas. Selain itu, podcast ini juga menggali cerita inspiratif dari para mahasiswa yang menghadapi tantangan unik dan meraih prestasi cemerlang dalam berbagai bidang. Dengan gaya penyampaian yang menghibur namun informatif, ""Samudra Talk"" menjadi sumber inspirasi bagi para pendengar yang tertarik dengan dinamika kehidupan kampus dan perjalanan sukses mahasiswa.

Kali ini kami akan mengupas tuntas soal program MSIB bersama PIC nya langsung ni yaitu ibu Ir. Firdasari S.T.,M.T. Penasaran dengan pembahasannya? yuk nonton sampai habis.

Follow Us : 
Instagram : https://www.instagram.com/unsamofficial/
Web : www.unsam.ac.id",UCPPRwuhu1Gi871pULEP4WfQ,Unsam TV,2024-07-21T02:00:09Z,862,77,12,UgxQAuxAUDWaNFStGK54AaABAg,🎉,@excelkelana,UCpcfqBHNpAqBfZsyZgBwQsw,2024-07-21T04:33:45Z,2024-07-21T04:33:45Z,0,false,true,true
youtube,MSIB,MSIB_full,MSIB Kampus Merdeka,MSIB Kampus Merdeka,2021-06-22T00:00:00Z,2025-01-01T23:59:59Z,jV6yzMZ30QY,https://www.youtube.com/watch?v=jV6yzMZ30QY,PARTY (Podcase To Improve BRILian Capability)  - MSIB  Kampus Merdeka,"Podcase To Improve BRILian Capability Kali ini membahas tentang                                        ""MSIB KAMPUS MERDEKA"" 

Bersama 

Host kita :
Fachrizzu & Hery

Dengan Temen-Temen Magan BRI  :
Ghina Dara Misraini ( Mahasiswa Magang Kampus Merdeka BRI)

Mutia Rezki Elzahra (Mahasiswa Magang Kampus Merdeka BRI)
#kampusmerdeka #intrsip #msib #campus #podcast",UCQL7O_klGdhP0IaBNaip2uA,Human Capital Business Partner RO BRI Medan,2023-09-27T09:02:10Z,385,14,2,UgwqXCAUqfCT_zpxRVx4AaABAg,keren banget host yg baju coklat....,@qasarachannel2432,UCjVjyYZ5UmZeTUQkjSeLzlQ,2023-09-27T13:12:59Z,2023-09-27T13:12:59Z,0,false,true,true
youtube,MSIB,MSIB_full,MSIB Kampus Merdeka,MSIB Kampus Merdeka,2021-06-22T00:00:00Z,2025-01-01T23:59:59Z,jV6yzMZ30QY,https://www.youtube.com/watch?v=jV6yzMZ30QY,PARTY (Podcase To Improve BRILian Capability)  - MSIB  Kampus Merdeka,"Podcase To Improve BRILian Capability Kali ini membahas tentang                                        ""MSIB KAMPUS MERDEKA"" 

Bersama 

Host kita :
Fachrizzu & Hery

Dengan Temen-Temen Magan BRI  :
Ghina Dara Misraini ( Mahasiswa Magang Kampus Merdeka BRI)

Mutia Rezki Elzahra (Mahasiswa Magang Kampus Merdeka BRI)
#kampusmerdeka #intrsip #msib #campus #podcast",UCQL7O_klGdhP0IaBNaip2uA,Human Capital Business Partner RO BRI Medan,2023-09-27T09:02:10Z,385,14,2,UgwVuxbqxcZrvcUhSNx4AaABAg,wuwuwu ada ghinaas,@-RibkaGitaArihta,UCRpRCj9A0OsyAht0wVuuw3g,2023-09-27T11:39:58Z,2023-09-27T11:39:58Z,0,false,true,true
youtube,MSIB,MSIB_full,MSIB Kampus Merdeka,MSIB Kampus Merdeka,2021-06-22T00:00:00Z,2025-01-01T23:59:59Z,0PpQSy3xVNM,https://www.youtube.com/watch?v=0PpQSy3xVNM,Sosialisasi Kerja Praktek (KP) 2022 & Testimoni Peserta MSIB Kampus Merdeka,"Sosialisasi Kerja Praktek (KP) 2022 & Testimoni Peserta Magang & Studi Independen Bersertifikat (MSIB)
Program Studi Teknik Informatika
Fakultas Teknik dan Ilmu Komputer
Universitas Sains Al-Qur'an Jawa Tengah di Wonosobo

Selasa, 12 Juli 2022
14.30 WIB
Via Zoom Meeting

Narasumber:
1. Bp. Hidayatus Sibyan, M. Kom (Kaprodi TI)
2. Ibu Nur Hasanah, M. Kom (Sekretaris Prodi TI)
3. Sdr. Aji Amdani (Alumnus peserta MSIB)

----------------------------------------------------
Departemen Media dan Informasi
Himpunan Mahasiswa Teknik Informatika
Fakultas Teknik dan Ilmu Komputer
Universitas Sains Al-Qur'an Jawa Tengah di Wonosobo
Periode 2021-2022",UCYe5C2d-YIxeoF1QvqfLTwQ,HIMTI FASTIKOM UNSIQ,2022-07-12T10:03:37Z,156,2,1,UgzES2xxVD8A9JTYyIV4AaABAg,semoga KP teman-teman berjalan lancar semua dan tepat waktu..,@naharmardiyantoro373,UCE6L7pn2nMwO8_NclXlFY6Q,2022-07-13T02:03:56Z,2022-07-13T02:03:56Z,0,false,true,true
youtube,MSIB,MSIB_full,MSIB magang,MSIB magang,2021-06-22T00:00:00Z,2025-01-01T23:59:59Z,fYJsGf7f3Y8,https://www.youtube.com/watch?v=fYJsGf7f3Y8,Contekan Interview Magang (Alasan Melamar) #Short #tipsmagang #tipskerja #BUMN #trikmagang #trik,"Ini dia Trik Jawab kalau kamu ditanya ""Kenapa Kamu Mau Magang Disini?""
yuk disimak ya, ini tips jawabnya....
#inidiacaranya
Tonton juga Untuk Kamu yang Interview magang, opsi ini bisa lho ......!!, disini:
https://youtu.be/OXRLBXXpvCQ 

yok yang belum subscribe cuss.... disubscribe sekarang dan klik tombol notifikasinya supaya g ketinggalan video-video terbaru lainnya.
#TipsTokdotcom
Semoga Bermanfaat",UC4KYu-sESaNqA08d-CUhXAA,Tips Tok dot com,2021-10-18T11:19:57Z,163760,9987,1,UgyG2a7M1jHpkjpoIQp4AaABAg,Dmna biasa buat magang anak kuliah.k.jurusan teknik mesin otomotip,@asepyayaasepyaya5444,UCGM5JJxIIiXVAtAGoPhjqwQ,2025-10-28T04:28:58Z,2025-10-28T04:28:58Z,2,false,true,false
youtube,MSIB,MSIB_full,MSIB magang,MSIB magang,2021-06-22T00:00:00Z,2025-01-01T23:59:59Z,n7ErMhO99II,https://www.youtube.com/watch?v=n7ErMhO99II,Tips CV Magang Kampus Merdeka #shorts #vinamuliana #tips #kerja,,UCQX8K3dd9nDTkQyphFXICLA,Vina Muliana Shorts,2022-12-26T05:43:15Z,174873,16730,24,Ugxxvdwvxkw-WejZzJx4AaABAg,"Kak, boleh gk sih tulis pengalaman organisasi pas SMA, soalnya pas Kuliah gk aktif organisasi?",@naraDfana04,UCHl_IHAljuheOwqCjZXWIYg,2023-12-04T05:53:19Z,2023-12-04T05:53:19Z,0,false,true,true
youtube,MSIB,MSIB_full,MSIB magang,MSIB magang,2021-06-22T00:00:00Z,2025-01-01T23:59:59Z,n7ErMhO99II,https://www.youtube.com/watch?v=n7ErMhO99II,Tips CV Magang Kampus Merdeka #shorts #vinamuliana #tips #kerja,,UCQX8K3dd9nDTkQyphFXICLA,Vina Muliana Shorts,2022-12-26T05:43:15Z,174873,16730,24,UgxaCcU9xtLLd_TIPKB4AaABAg,Kak ada template nya?🙏,@aether-m8v,UCIEOpss0UeHdwdetbUInI_w,2023-08-26T03:55:22Z,2023-08-26T03:55:44Z,0,false,true,true
youtube,MSIB,MSIB_full,MSIB magang,MSIB magang,2021-06-22T00:00:00Z,2025-01-01T23:59:59Z,n7ErMhO99II,https://www.youtube.com/watch?v=n7ErMhO99II,Tips CV Magang Kampus Merdeka #shorts #vinamuliana #tips #kerja,,UCQX8K3dd9nDTkQyphFXICLA,Vina Muliana Shorts,2022-12-26T05:43:15Z,174873,16730,24,Ugw7XyARGK8SZlijH2x4AaABAg,suka bgt cv yg simpel kayak ginii huhu makasii banyak kaa❤,@chocoberry434,UCSUKSMFABFyOkK0Bl39SUYg,2023-07-11T04:34:07Z,2023-07-11T04:34:07Z,0,false,true,true
youtube,MSIB,MSIB_full,MSIB magang,MSIB magang,2021-06-22T00:00:00Z,2025-01-01T23:59:59Z,n7ErMhO99II,https://www.youtube.com/watch?v=n7ErMhO99II,Tips CV Magang Kampus Merdeka #shorts #vinamuliana #tips #kerja,,UCQX8K3dd9nDTkQyphFXICLA,Vina Muliana Shorts,2022-12-26T05:43:15Z,174873,16730,24,UgwFPkWmaaRqHzhRgjl4AaABAg,Perlu pakai foto ga kak?,@desrucca,UCvIsAxpXmQLJOrvlxbUEGFQ,2023-07-05T11:06:13Z,2023-07-05T11:06:13Z,1,false,true,true
youtube,MSIB,MSIB_full,MSIB magang,MSIB magang,2021-06-22T00:00:00Z,2025-01-01T23:59:59Z,n7ErMhO99II,https://www.youtube.com/watch?v=n7ErMhO99II,Tips CV Magang Kampus Merdeka #shorts #vinamuliana #tips #kerja,,UCQX8K3dd9nDTkQyphFXICLA,Vina Muliana Shorts,2022-12-26T05:43:15Z,174873,16730,24,UgxVN5HmGD4mqhUES7F4AaABAg,kak pengen bikin CV MSIB tapi gak pernah ikut organisasi gimana ya kak? minta sarannya mending diisi apa ya kak?,@steffielaw8256,UCf-MD6HOOmTgqMgEeQ0bHZA,2023-05-21T04:58:12Z,2023-05-21T04:59:01Z,10,false,true,true
youtube,MSIB,MSIB_full,MSIB magang,MSIB magang,2021-06-22T00:00:00Z,2025-01-01T23:59:59Z,n7ErMhO99II,https://www.youtube.com/watch?v=n7ErMhO99II,Tips CV Magang Kampus Merdeka #shorts #vinamuliana #tips #kerja,,UCQX8K3dd9nDTkQyphFXICLA,Vina Muliana Shorts,2022-12-26T05:43:15Z,174873,16730,24,UgyxatTI76tY3eQLaId4AaABAg,Gak keliatan tulisannya😏,@danna2718,UCKoyACn8qqmLQFINIXP-aGA,2023-05-12T15:18:53Z,2023-05-12T15:18:53Z,0,false,true,true
youtube,MSIB,MSIB_full,MSIB magang,MSIB magang,2021-06-22T00:00:00Z,2025-01-01T23:59:59Z,n7ErMhO99II,https://www.youtube.com/watch?v=n7ErMhO99II,Tips CV Magang Kampus Merdeka #shorts #vinamuliana #tips #kerja,,UCQX8K3dd9nDTkQyphFXICLA,Vina Muliana Shorts,2022-12-26T05:43:15Z,174873,16730,24,UgyYB1gjow1CQY0A9xh4AaABAg,Untuk ini data diri tidak perlukah,@muhammaddayat7661,UCEyHp4ZyVIO1B-kHvWiIAUA,2023-04-01T12:28:30Z,2023-04-01T12:28:30Z,0,false,true,true
youtube,MSIB,MSIB_full,MSIB magang,MSIB magang,2021-06-22T00:00:00Z,2025-01-01T23:59:59Z,n7ErMhO99II,https://www.youtube.com/watch?v=n7ErMhO99II,Tips CV Magang Kampus Merdeka #shorts #vinamuliana #tips #kerja,,UCQX8K3dd9nDTkQyphFXICLA,Vina Muliana Shorts,2022-12-26T05:43:15Z,174873,16730,24,UgxAotvRh7tgt63H3zN4AaABAg,Kenapa pintar sekali kak,@aranboy7741,UCTotVrIh6nOTRQpQxUuZSbA,2023-01-04T16:27:07Z,2023-01-04T16:27:07Z,2,false,true,true
youtube,MSIB,MSIB_full,MSIB magang,MSIB magang,2021-06-22T00:00:00Z,2025-01-01T23:59:59Z,n7ErMhO99II,https://www.youtube.com/watch?v=n7ErMhO99II,Tips CV Magang Kampus Merdeka #shorts #vinamuliana #tips #kerja,,UCQX8K3dd9nDTkQyphFXICLA,Vina Muliana Shorts,2022-12-26T05:43:15Z,174873,16730,24,UgzF3kBx419_DcXUHHV4AaABAg,"kak mau tanya kalo mau cantumin work experience tapi kerjanya buka di perusahaan gimana ka? kaya kerja staff operasional gudang, terimakasih kak🙏",@moktamstghfrn09,UCM9gKYYwQKgpu0G_dxErr0w,2023-01-02T12:23:42Z,2023-01-02T12:23:42Z,6,false,true,true
youtube,MSIB,MSIB_full,MSIB magang,MSIB magang,2021-06-22T00:00:00Z,2025-01-01T23:59:59Z,n7ErMhO99II,https://www.youtube.com/watch?v=n7ErMhO99II,Tips CV Magang Kampus Merdeka #shorts #vinamuliana #tips #kerja,,UCQX8K3dd9nDTkQyphFXICLA,Vina Muliana Shorts,2022-12-26T05:43:15Z,174873,16730,24,UgzdfGNX4IA_8peBNVN4AaABAg,Kalau tidak ikut organisasi apapun saat kuliah di isi pengganti apa kak?,@raysyad,UCTGVZ9gRzKTCqotYdorHC_A,2023-01-01T15:23:56Z,2023-01-01T15:23:56Z,2,false,true,true
youtube,MSIB,MSIB_full,MSIB magang,MSIB magang,2021-06-22T00:00:00Z,2025-01-01T23:59:59Z,n7ErMhO99II,https://www.youtube.com/watch?v=n7ErMhO99II,Tips CV Magang Kampus Merdeka #shorts #vinamuliana #tips #kerja,,UCQX8K3dd9nDTkQyphFXICLA,Vina Muliana Shorts,2022-12-26T05:43:15Z,174873,16730,24,Ugy58GRlVGt4FCc6bmF4AaABAg,"Kalo saranku, latar belakang pendidikan lalu langsung prestasi (kalau ada) justru prestasi jangam taro dibawah",@tahuabclagi,UCYY1-SOGEhs3e-_su-756iw,2022-12-29T16:24:28Z,2022-12-29T16:24:28Z,3,false,true,true
youtube,MSIB,MSIB_full,MSIB magang,MSIB magang,2021-06-22T00:00:00Z,2025-01-01T23:59:59Z,n7ErMhO99II,https://www.youtube.com/watch?v=n7ErMhO99II,Tips CV Magang Kampus Merdeka #shorts #vinamuliana #tips #kerja,,UCQX8K3dd9nDTkQyphFXICLA,Vina Muliana Shorts,2022-12-26T05:43:15Z,174873,16730,24,UgzjC_K3RKvvt1F4oht4AaABAg,Yang lagi daftar ikut program Bangkit 2023 siapa cung?! ☝️,@hendra.w.subandi,UCyzA1xZSQMJi5TE8nTxBRAw,2022-12-28T12:51:22Z,2022-12-28T12:51:37Z,7,false,true,true
youtube,MSIB,MSIB_full,MSIB magang,MSIB magang,2021-06-22T00:00:00Z,2025-01-01T23:59:59Z,n7ErMhO99II,https://www.youtube.com/watch?v=n7ErMhO99II,Tips CV Magang Kampus Merdeka #shorts #vinamuliana #tips #kerja,,UCQX8K3dd9nDTkQyphFXICLA,Vina Muliana Shorts,2022-12-26T05:43:15Z,174873,16730,24,UgwIzdnXHbeOuCm3hzp4AaABAg,🤝,@ErzetRill,UCYlqh_4468fRVLmCrnF-n5Q,2022-12-28T12:35:15Z,2022-12-28T12:35:15Z,0,false,true,true
youtube,MSIB,MSIB_full,MSIB magang,MSIB magang,2021-06-22T00:00:00Z,2025-01-01T23:59:59Z,n7ErMhO99II,https://www.youtube.com/watch?v=n7ErMhO99II,Tips CV Magang Kampus Merdeka #shorts #vinamuliana #tips #kerja,,UCQX8K3dd9nDTkQyphFXICLA,Vina Muliana Shorts,2022-12-26T05:43:15Z,174873,16730,24,UgzcEAthyV13jiLL5K94AaABAg,semoga dapat ya ges,@exymvoz,UCx4K1nklpan5Th5CEJAkwOw,2022-12-27T11:23:54Z,2022-12-27T11:23:54Z,2,false,true,true
youtube,MSIB,MSIB_full,MSIB magang,MSIB magang,2021-06-22T00:00:00Z,2025-01-01T23:59:59Z,n7ErMhO99II,https://www.youtube.com/watch?v=n7ErMhO99II,Tips CV Magang Kampus Merdeka #shorts #vinamuliana #tips #kerja,,UCQX8K3dd9nDTkQyphFXICLA,Vina Muliana Shorts,2022-12-26T05:43:15Z,174873,16730,24,UgyxiRFtOEXq35I0JLd4AaABAg,Kak Vina kalo yang ngga ikut organisasi gimana?:(,@tyaspuji8676,UCadH7N85rXcBDJSJCaEWHJA,2022-12-27T07:07:16Z,2022-12-27T07:07:16Z,4,false,true,true
youtube,MSIB,MSIB_full,MSIB magang,MSIB magang,2021-06-22T00:00:00Z,2025-01-01T23:59:59Z,n7ErMhO99II,https://www.youtube.com/watch?v=n7ErMhO99II,Tips CV Magang Kampus Merdeka #shorts #vinamuliana #tips #kerja,,UCQX8K3dd9nDTkQyphFXICLA,Vina Muliana Shorts,2022-12-26T05:43:15Z,174873,16730,24,Ugw2HMbZ4RJfrc_v2Ld4AaABAg,ka mau tnya kalo SMA ambil jurusan IPS trus kuliah ambil perhotelan itu bisa ga ya?,@ayacntik9574,UCwiI3NxEiCDTuQXK9_Ee3Pw,2022-12-27T03:37:32Z,2022-12-27T03:37:32Z,0,false,true,true
youtube,MSIB,MSIB_full,MSIB magang,MSIB magang,2021-06-22T00:00:00Z,2025-01-01T23:59:59Z,n7ErMhO99II,https://www.youtube.com/watch?v=n7ErMhO99II,Tips CV Magang Kampus Merdeka #shorts #vinamuliana #tips #kerja,,UCQX8K3dd9nDTkQyphFXICLA,Vina Muliana Shorts,2022-12-26T05:43:15Z,174873,16730,24,Ugy-o8XyvdkmJdZo7Kp4AaABAg,"Wah makasih bnyk kak, sangat bermanfaat ❤",@Ahyeonie0205,UCQ1dxNlp2EMPzoHhEi_FbNg,2022-12-26T16:41:34Z,2022-12-26T16:41:34Z,0,false,true,true
youtube,MSIB,MSIB_full,MSIB magang,MSIB magang,2021-06-22T00:00:00Z,2025-01-01T23:59:59Z,n7ErMhO99II,https://www.youtube.com/watch?v=n7ErMhO99II,Tips CV Magang Kampus Merdeka #shorts #vinamuliana #tips #kerja,,UCQX8K3dd9nDTkQyphFXICLA,Vina Muliana Shorts,2022-12-26T05:43:15Z,174873,16730,24,UgzSfmXNhwdq1BBdhAR4AaABAg,❤️❤️,@dimasfreedom4999,UCH751y5nC5_Vcg-hYMzk7og,2022-12-26T09:37:16Z,2022-12-26T09:37:16Z,0,false,true,true
youtube,MSIB,MSIB_full,MSIB magang,MSIB magang,2021-06-22T00:00:00Z,2025-01-01T23:59:59Z,n7ErMhO99II,https://www.youtube.com/watch?v=n7ErMhO99II,Tips CV Magang Kampus Merdeka #shorts #vinamuliana #tips #kerja,,UCQX8K3dd9nDTkQyphFXICLA,Vina Muliana Shorts,2022-12-26T05:43:15Z,174873,16730,24,Ugws32_Wt-3GwDWyUUt4AaABAg,preeeey,@tewytuwi6589,UCNuMKXp3oJTNWcA2LrDCCZQ,2022-12-26T08:21:01Z,2022-12-26T08:21:01Z,0,false,true,true
youtube,MSIB,MSIB_full,MSIB magang,MSIB magang,2021-06-22T00:00:00Z,2025-01-01T23:59:59Z,n7ErMhO99II,https://www.youtube.com/watch?v=n7ErMhO99II,Tips CV Magang Kampus Merdeka #shorts #vinamuliana #tips #kerja,,UCQX8K3dd9nDTkQyphFXICLA,Vina Muliana Shorts,2022-12-26T05:43:15Z,174873,16730,24,UgyMeluuqOw0_0dNw6x4AaABAg,Terimakasihhh kakk tips nyaa 😍,@Hani-fd4ye,UCT-Nodp43e-akSzqX1tRWaA,2022-12-26T07:30:22Z,2022-12-26T07:30:22Z,1,false,true,true
youtube,MSIB,MSIB_full,MSIB magang,MSIB magang,2021-06-22T00:00:00Z,2025-01-01T23:59:59Z,IdfWfkNJn5I,https://www.youtube.com/watch?v=IdfWfkNJn5I,"Lensa ITS – MSIB VS Magang Mandiri, Pilih Mana?","Halo Sobat Kampus! 
Selamat datang di Channel Youtube ITS TV. Saat ini anda sedang menyaksikan salah satu program kami yaitu Lensa ITS. 
Sobat kampus sudah kenal belum dengan program MSIB dan Magang Mandiri? Kegiatan ini adalah bagian dari Merdeka Belajar Kampus Merdeka yang merupakan program dari KEMENDIKBUDRISTEK, lo! Dalam episode Lensa ITS kali ini kita akan mencari tahu lebih lanjut mengenai MSIB dan Magang Mandiri yang dikemas secara ringkas serta informatif, dengan narasumber yang menarik juga pastinya! Yuk kita simak bersama keseruannya!

_______

Subscribe ITS TV Official Youtube:
https://www.youtube.com/itseurekatv​​​​​
_______


ITS TV is a Campus Online Television Channel in Sepuluh Nopember Institute of Technology (ITS). We Broadcast News, Events, Tutorials, Elearning, Opinion, and Everything related to our campus, Sepuluh Nopember Institute of Technology.
_______


ITS TV adalah Televisi Online di Kampus Institut Teknologi Sepuluh Nopember (ITS). Kami Menyiarkan Berita, Event, Tutorial, Elearning, Opini, dan hal hal lain yang berkaitan dengan kampus kami, Institut Teknologi Sepuluh Nopember.
_______


Office :
Kantor Multimedia ITS, Lt 6 Perpustakaan Pusat ITS, Surabaya.


Email :
its.eurekatv@its.ac.id
rumahitstv@gmail.com


Visit ITS TV Official Pages:
Instagram: http://instagram.com/itstv_official​​​​​",UCHV3a-uo9IbghRUBxJHPoMA,Institut Teknologi Sepuluh Nopember,2024-04-16T11:00:12Z,4643,154,6,Ugx7-hdNLZIh15wOCCp4AaABAg,POV HR MSIB 2025. Baik calon peserta magang atau orang tua yang punya anak mahasiswa: https://youtu.be/2ogiQ1K21t4,@razmaniac3,UCvRSvsb4PPT6lZL36cyZdTQ,2025-10-14T06:42:06Z,2025-10-14T06:42:06Z,0,false,true,false
youtube,MSIB,MSIB_full,MSIB magang,MSIB magang,2021-06-22T00:00:00Z,2025-01-01T23:59:59Z,IdfWfkNJn5I,https://www.youtube.com/watch?v=IdfWfkNJn5I,"Lensa ITS – MSIB VS Magang Mandiri, Pilih Mana?","Halo Sobat Kampus! 
Selamat datang di Channel Youtube ITS TV. Saat ini anda sedang menyaksikan salah satu program kami yaitu Lensa ITS. 
Sobat kampus sudah kenal belum dengan program MSIB dan Magang Mandiri? Kegiatan ini adalah bagian dari Merdeka Belajar Kampus Merdeka yang merupakan program dari KEMENDIKBUDRISTEK, lo! Dalam episode Lensa ITS kali ini kita akan mencari tahu lebih lanjut mengenai MSIB dan Magang Mandiri yang dikemas secara ringkas serta informatif, dengan narasumber yang menarik juga pastinya! Yuk kita simak bersama keseruannya!

_______

Subscribe ITS TV Official Youtube:
https://www.youtube.com/itseurekatv​​​​​
_______


ITS TV is a Campus Online Television Channel in Sepuluh Nopember Institute of Technology (ITS). We Broadcast News, Events, Tutorials, Elearning, Opinion, and Everything related to our campus, Sepuluh Nopember Institute of Technology.
_______


ITS TV adalah Televisi Online di Kampus Institut Teknologi Sepuluh Nopember (ITS). Kami Menyiarkan Berita, Event, Tutorial, Elearning, Opini, dan hal hal lain yang berkaitan dengan kampus kami, Institut Teknologi Sepuluh Nopember.
_______


Office :
Kantor Multimedia ITS, Lt 6 Perpustakaan Pusat ITS, Surabaya.


Email :
its.eurekatv@its.ac.id
rumahitstv@gmail.com


Visit ITS TV Official Pages:
Instagram: http://instagram.com/itstv_official​​​​​",UCHV3a-uo9IbghRUBxJHPoMA,Institut Teknologi Sepuluh Nopember,2024-04-16T11:00:12Z,4643,154,6,UgxADkVzStqeuoJzBwt4AaABAg,mantapp broo,@MuhammadIstiqlaaliHamdi,UC3olcaSJTvpJSI6nEW4I1Pw,2024-11-07T14:23:57Z,2024-11-07T14:23:57Z,2,false,true,true
youtube,MSIB,MSIB_full,MSIB magang,MSIB magang,2021-06-22T00:00:00Z,2025-01-01T23:59:59Z,IdfWfkNJn5I,https://www.youtube.com/watch?v=IdfWfkNJn5I,"Lensa ITS – MSIB VS Magang Mandiri, Pilih Mana?","Halo Sobat Kampus! 
Selamat datang di Channel Youtube ITS TV. Saat ini anda sedang menyaksikan salah satu program kami yaitu Lensa ITS. 
Sobat kampus sudah kenal belum dengan program MSIB dan Magang Mandiri? Kegiatan ini adalah bagian dari Merdeka Belajar Kampus Merdeka yang merupakan program dari KEMENDIKBUDRISTEK, lo! Dalam episode Lensa ITS kali ini kita akan mencari tahu lebih lanjut mengenai MSIB dan Magang Mandiri yang dikemas secara ringkas serta informatif, dengan narasumber yang menarik juga pastinya! Yuk kita simak bersama keseruannya!

_______

Subscribe ITS TV Official Youtube:
https://www.youtube.com/itseurekatv​​​​​
_______


ITS TV is a Campus Online Television Channel in Sepuluh Nopember Institute of Technology (ITS). We Broadcast News, Events, Tutorials, Elearning, Opinion, and Everything related to our campus, Sepuluh Nopember Institute of Technology.
_______


ITS TV adalah Televisi Online di Kampus Institut Teknologi Sepuluh Nopember (ITS). Kami Menyiarkan Berita, Event, Tutorial, Elearning, Opini, dan hal hal lain yang berkaitan dengan kampus kami, Institut Teknologi Sepuluh Nopember.
_______


Office :
Kantor Multimedia ITS, Lt 6 Perpustakaan Pusat ITS, Surabaya.


Email :
its.eurekatv@its.ac.id
rumahitstv@gmail.com


Visit ITS TV Official Pages:
Instagram: http://instagram.com/itstv_official​​​​​",UCHV3a-uo9IbghRUBxJHPoMA,Institut Teknologi Sepuluh Nopember,2024-04-16T11:00:12Z,4643,154,6,UgxtiUAvmDt2VYdrobZ4AaABAg,"Jadi klo dalam hal mndapet nilai bagus, lebih mudah di msib atau magang mandiri kak?",@ikhsan_official4085,UCAdvOqLhJSmgRfj1wn6SFmQ,2024-05-15T22:05:53Z,2024-05-15T22:05:53Z,1,false,true,true
youtube,MSIB,MSIB_full,MSIB magang,MSIB magang,2021-06-22T00:00:00Z,2025-01-01T23:59:59Z,IdfWfkNJn5I,https://www.youtube.com/watch?v=IdfWfkNJn5I,"Lensa ITS – MSIB VS Magang Mandiri, Pilih Mana?","Halo Sobat Kampus! 
Selamat datang di Channel Youtube ITS TV. Saat ini anda sedang menyaksikan salah satu program kami yaitu Lensa ITS. 
Sobat kampus sudah kenal belum dengan program MSIB dan Magang Mandiri? Kegiatan ini adalah bagian dari Merdeka Belajar Kampus Merdeka yang merupakan program dari KEMENDIKBUDRISTEK, lo! Dalam episode Lensa ITS kali ini kita akan mencari tahu lebih lanjut mengenai MSIB dan Magang Mandiri yang dikemas secara ringkas serta informatif, dengan narasumber yang menarik juga pastinya! Yuk kita simak bersama keseruannya!

_______

Subscribe ITS TV Official Youtube:
https://www.youtube.com/itseurekatv​​​​​
_______


ITS TV is a Campus Online Television Channel in Sepuluh Nopember Institute of Technology (ITS). We Broadcast News, Events, Tutorials, Elearning, Opinion, and Everything related to our campus, Sepuluh Nopember Institute of Technology.
_______


ITS TV adalah Televisi Online di Kampus Institut Teknologi Sepuluh Nopember (ITS). Kami Menyiarkan Berita, Event, Tutorial, Elearning, Opini, dan hal hal lain yang berkaitan dengan kampus kami, Institut Teknologi Sepuluh Nopember.
_______


Office :
Kantor Multimedia ITS, Lt 6 Perpustakaan Pusat ITS, Surabaya.


Email :
its.eurekatv@its.ac.id
rumahitstv@gmail.com


Visit ITS TV Official Pages:
Instagram: http://instagram.com/itstv_official​​​​​",UCHV3a-uo9IbghRUBxJHPoMA,Institut Teknologi Sepuluh Nopember,2024-04-16T11:00:12Z,4643,154,6,UgxFgD9EUazWnj3WfXB4AaABAg,Untuk msib bagian rekomendasi sekarang minta rekomendasi nya datang langsung kekampus meminta ke kaprodi atau bisa minta nya hanya lewat web dari msib nya saja ya??,@hehelol3766,UCXB8simqIJ4XnyYaXOlJCrw,2024-05-01T15:35:11Z,2024-05-01T15:35:11Z,1,false,true,true
youtube,MSIB,MSIB_full,MSIB magang,MSIB magang,2021-06-22T00:00:00Z,2025-01-01T23:59:59Z,IdfWfkNJn5I,https://www.youtube.com/watch?v=IdfWfkNJn5I,"Lensa ITS – MSIB VS Magang Mandiri, Pilih Mana?","Halo Sobat Kampus! 
Selamat datang di Channel Youtube ITS TV. Saat ini anda sedang menyaksikan salah satu program kami yaitu Lensa ITS. 
Sobat kampus sudah kenal belum dengan program MSIB dan Magang Mandiri? Kegiatan ini adalah bagian dari Merdeka Belajar Kampus Merdeka yang merupakan program dari KEMENDIKBUDRISTEK, lo! Dalam episode Lensa ITS kali ini kita akan mencari tahu lebih lanjut mengenai MSIB dan Magang Mandiri yang dikemas secara ringkas serta informatif, dengan narasumber yang menarik juga pastinya! Yuk kita simak bersama keseruannya!

_______

Subscribe ITS TV Official Youtube:
https://www.youtube.com/itseurekatv​​​​​
_______


ITS TV is a Campus Online Television Channel in Sepuluh Nopember Institute of Technology (ITS). We Broadcast News, Events, Tutorials, Elearning, Opinion, and Everything related to our campus, Sepuluh Nopember Institute of Technology.
_______


ITS TV adalah Televisi Online di Kampus Institut Teknologi Sepuluh Nopember (ITS). Kami Menyiarkan Berita, Event, Tutorial, Elearning, Opini, dan hal hal lain yang berkaitan dengan kampus kami, Institut Teknologi Sepuluh Nopember.
_______


Office :
Kantor Multimedia ITS, Lt 6 Perpustakaan Pusat ITS, Surabaya.


Email :
its.eurekatv@its.ac.id
rumahitstv@gmail.com


Visit ITS TV Official Pages:
Instagram: http://instagram.com/itstv_official​​​​​",UCHV3a-uo9IbghRUBxJHPoMA,Institut Teknologi Sepuluh Nopember,2024-04-16T11:00:12Z,4643,154,6,Ugxvo1-sqwtoPW2atuV4AaABAg,Nyimak,@SahabatResah,UC9Mne01ZcEnFhMy4Xxcco_Q,2024-04-18T12:05:46Z,2024-04-18T12:05:46Z,2,false,true,true
youtube,MSIB,MSIB_full,MSIB magang,MSIB magang,2021-06-22T00:00:00Z,2025-01-01T23:59:59Z,IdfWfkNJn5I,https://www.youtube.com/watch?v=IdfWfkNJn5I,"Lensa ITS – MSIB VS Magang Mandiri, Pilih Mana?","Halo Sobat Kampus! 
Selamat datang di Channel Youtube ITS TV. Saat ini anda sedang menyaksikan salah satu program kami yaitu Lensa ITS. 
Sobat kampus sudah kenal belum dengan program MSIB dan Magang Mandiri? Kegiatan ini adalah bagian dari Merdeka Belajar Kampus Merdeka yang merupakan program dari KEMENDIKBUDRISTEK, lo! Dalam episode Lensa ITS kali ini kita akan mencari tahu lebih lanjut mengenai MSIB dan Magang Mandiri yang dikemas secara ringkas serta informatif, dengan narasumber yang menarik juga pastinya! Yuk kita simak bersama keseruannya!

_______

Subscribe ITS TV Official Youtube:
https://www.youtube.com/itseurekatv​​​​​
_______


ITS TV is a Campus Online Television Channel in Sepuluh Nopember Institute of Technology (ITS). We Broadcast News, Events, Tutorials, Elearning, Opinion, and Everything related to our campus, Sepuluh Nopember Institute of Technology.
_______


ITS TV adalah Televisi Online di Kampus Institut Teknologi Sepuluh Nopember (ITS). Kami Menyiarkan Berita, Event, Tutorial, Elearning, Opini, dan hal hal lain yang berkaitan dengan kampus kami, Institut Teknologi Sepuluh Nopember.
_______


Office :
Kantor Multimedia ITS, Lt 6 Perpustakaan Pusat ITS, Surabaya.


Email :
its.eurekatv@its.ac.id
rumahitstv@gmail.com


Visit ITS TV Official Pages:
Instagram: http://instagram.com/itstv_official​​​​​",UCHV3a-uo9IbghRUBxJHPoMA,Institut Teknologi Sepuluh Nopember,2024-04-16T11:00:12Z,4643,154,6,Ugw6INpDanv1sMnc_6Z4AaABAg,Makin keren & informatif euy program-programnya!,@ikanurkasanah4161,UC3tpozT1azHpIjuqsFeSzUQ,2024-04-17T08:38:41Z,2024-04-17T08:38:41Z,4,false,true,true
youtube,MSIB,MSIB_full,MSIB magang,MSIB magang,2021-06-22T00:00:00Z,2025-01-01T23:59:59Z,QTn3jnEVTi0,https://www.youtube.com/watch?v=QTn3jnEVTi0,Tutorial cara mendaftar magang MSIB Batch 3 Kampus Merdeka Kemendikbudristek,"Tutorial cara mendaftar magang MSIB Kampus Merdeka Kemendikbudristek

Ini adalah video tutorial cara mendaftar di laman mbkm. Jika kesulitan bisa tulis di kolom komentar ya. 

Follow ig : https://instagram.com/muslim_wahid?igshid=YmMyMTA2M2Y=


#mbkm #msib #magangbatch3 #msibbatch3 #kampusmerdeka #tutorial #tutorialmendaftar #magangbersertifikat",UCaOG_5jYLcP1XfYrXZLAdhw,Wahid M Channel,2022-07-02T12:14:49Z,973,18,18,Ugxt7tt7dVdYHL1aXlV4AaABAg,untuk sptjm di print out ga kak? soalnya harus ada materai,@haidarallam1369,UC5gIy94OCs-Q_6JWRyazDjQ,2023-01-18T10:24:56Z,2023-01-18T10:24:56Z,0,false,true,true
youtube,MSIB,MSIB_full,MSIB magang,MSIB magang,2021-06-22T00:00:00Z,2025-01-01T23:59:59Z,QTn3jnEVTi0,https://www.youtube.com/watch?v=QTn3jnEVTi0,Tutorial cara mendaftar magang MSIB Batch 3 Kampus Merdeka Kemendikbudristek,"Tutorial cara mendaftar magang MSIB Kampus Merdeka Kemendikbudristek

Ini adalah video tutorial cara mendaftar di laman mbkm. Jika kesulitan bisa tulis di kolom komentar ya. 

Follow ig : https://instagram.com/muslim_wahid?igshid=YmMyMTA2M2Y=


#mbkm #msib #magangbatch3 #msibbatch3 #kampusmerdeka #tutorial #tutorialmendaftar #magangbersertifikat",UCaOG_5jYLcP1XfYrXZLAdhw,Wahid M Channel,2022-07-02T12:14:49Z,973,18,18,Ugy49u29b18ZXOvglBR4AaABAg,Kak mau nanya kenapa ya posisi magang yang dicari totalnya 0?,@alwinimahfirdausy9467,UCoXXb6uxpwwqhB0fykeUpIg,2022-12-14T20:20:34Z,2022-12-14T20:20:34Z,0,false,true,true
youtube,MSIB,MSIB_full,MSIB magang,MSIB magang,2021-06-22T00:00:00Z,2025-01-01T23:59:59Z,QTn3jnEVTi0,https://www.youtube.com/watch?v=QTn3jnEVTi0,Tutorial cara mendaftar magang MSIB Batch 3 Kampus Merdeka Kemendikbudristek,"Tutorial cara mendaftar magang MSIB Kampus Merdeka Kemendikbudristek

Ini adalah video tutorial cara mendaftar di laman mbkm. Jika kesulitan bisa tulis di kolom komentar ya. 

Follow ig : https://instagram.com/muslim_wahid?igshid=YmMyMTA2M2Y=


#mbkm #msib #magangbatch3 #msibbatch3 #kampusmerdeka #tutorial #tutorialmendaftar #magangbersertifikat",UCaOG_5jYLcP1XfYrXZLAdhw,Wahid M Channel,2022-07-02T12:14:49Z,973,18,18,UgwfYDEiMyLGGpy7apR4AaABAg,Bg kalau verifikasi nomor rekening setelah pengumuman bisa gak?,@adityaseptiadi663,UCjrbJVSRa3eHiNT55TjjLKw,2022-07-14T16:31:27Z,2022-07-14T16:31:27Z,1,false,true,true
youtube,MSIB,MSIB_full,MSIB magang,MSIB magang,2021-06-22T00:00:00Z,2025-01-01T23:59:59Z,QTn3jnEVTi0,https://www.youtube.com/watch?v=QTn3jnEVTi0,Tutorial cara mendaftar magang MSIB Batch 3 Kampus Merdeka Kemendikbudristek,"Tutorial cara mendaftar magang MSIB Kampus Merdeka Kemendikbudristek

Ini adalah video tutorial cara mendaftar di laman mbkm. Jika kesulitan bisa tulis di kolom komentar ya. 

Follow ig : https://instagram.com/muslim_wahid?igshid=YmMyMTA2M2Y=


#mbkm #msib #magangbatch3 #msibbatch3 #kampusmerdeka #tutorial #tutorialmendaftar #magangbersertifikat",UCaOG_5jYLcP1XfYrXZLAdhw,Wahid M Channel,2022-07-02T12:14:49Z,973,18,18,Ugz5Gru2Vu1RdVkUU8h4AaABAg,perlu berkas surat sehat gk ka?,@sk3in4156,UCqgqiQXM_Pgbe3dJ_UbLLuw,2022-07-14T07:42:12Z,2022-07-14T07:42:12Z,0,false,true,true
youtube,MSIB,MSIB_full,MSIB magang,MSIB magang,2021-06-22T00:00:00Z,2025-01-01T23:59:59Z,QTn3jnEVTi0,https://www.youtube.com/watch?v=QTn3jnEVTi0,Tutorial cara mendaftar magang MSIB Batch 3 Kampus Merdeka Kemendikbudristek,"Tutorial cara mendaftar magang MSIB Kampus Merdeka Kemendikbudristek

Ini adalah video tutorial cara mendaftar di laman mbkm. Jika kesulitan bisa tulis di kolom komentar ya. 

Follow ig : https://instagram.com/muslim_wahid?igshid=YmMyMTA2M2Y=


#mbkm #msib #magangbatch3 #msibbatch3 #kampusmerdeka #tutorial #tutorialmendaftar #magangbersertifikat",UCaOG_5jYLcP1XfYrXZLAdhw,Wahid M Channel,2022-07-02T12:14:49Z,973,18,18,UgwLBHJC4hk4JScH30R4AaABAg,"Bang aku mau daftar klik selanjutnya kok ga bisa ya bang, di notif atas nya katanya masalah koneksi.
Aku dah coba pake VPN atau ganti instansi tetrp ga bisa bang.
Mohon bantuannya bang 🙏",@4.myfriends655,UC5UFnt570AqXkP1tHw0TCIg,2022-07-11T17:33:21Z,2022-07-11T17:33:21Z,0,false,true,true
youtube,MSIB,MSIB_full,MSIB magang,MSIB magang,2021-06-22T00:00:00Z,2025-01-01T23:59:59Z,QTn3jnEVTi0,https://www.youtube.com/watch?v=QTn3jnEVTi0,Tutorial cara mendaftar magang MSIB Batch 3 Kampus Merdeka Kemendikbudristek,"Tutorial cara mendaftar magang MSIB Kampus Merdeka Kemendikbudristek

Ini adalah video tutorial cara mendaftar di laman mbkm. Jika kesulitan bisa tulis di kolom komentar ya. 

Follow ig : https://instagram.com/muslim_wahid?igshid=YmMyMTA2M2Y=


#mbkm #msib #magangbatch3 #msibbatch3 #kampusmerdeka #tutorial #tutorialmendaftar #magangbersertifikat",UCaOG_5jYLcP1XfYrXZLAdhw,Wahid M Channel,2022-07-02T12:14:49Z,973,18,18,Ugy0OIs7sZJ6eGWghEB4AaABAg,Kak mau nanya bisa ngak sih Kita daftar Magang dan Studi Independen secara bersamaan ?,@herwego8241,UCtm2dVlNh2vT1Ert60_2IeA,2022-07-06T08:15:02Z,2022-07-06T08:15:02Z,0,false,true,true
youtube,MSIB,MSIB_full,MSIB magang,MSIB magang,2021-06-22T00:00:00Z,2025-01-01T23:59:59Z,QTn3jnEVTi0,https://www.youtube.com/watch?v=QTn3jnEVTi0,Tutorial cara mendaftar magang MSIB Batch 3 Kampus Merdeka Kemendikbudristek,"Tutorial cara mendaftar magang MSIB Kampus Merdeka Kemendikbudristek

Ini adalah video tutorial cara mendaftar di laman mbkm. Jika kesulitan bisa tulis di kolom komentar ya. 

Follow ig : https://instagram.com/muslim_wahid?igshid=YmMyMTA2M2Y=


#mbkm #msib #magangbatch3 #msibbatch3 #kampusmerdeka #tutorial #tutorialmendaftar #magangbersertifikat",UCaOG_5jYLcP1XfYrXZLAdhw,Wahid M Channel,2022-07-02T12:14:49Z,973,18,18,UgxNw0DM4P_518YCuKZ4AaABAg,Transkrip nilai itu maksudnya KHS ya bang?,@agengwidodo6983,UCbUhh19aLypyHzcGZ47qD2w,2022-07-03T11:48:50Z,2022-07-03T11:48:50Z,0,false,true,true
youtube,MSIB,MSIB_full,MSIB magang,MSIB magang,2021-06-22T00:00:00Z,2025-01-01T23:59:59Z,kWxvCywfbkc,https://www.youtube.com/watch?v=kWxvCywfbkc,MAGANG MERDEKA OR MAGANG MANDIRI??  SPILL TRIK LULUS MAGANG MSIB!,"For Youth Information Podcast Ep.1 telah tayang secara perdana!

Magang ternyata jadi trend bagi mahasiswa untuk merasakan dunia kerja secara real life. Yang dulunya cuma dilakukan atas tuntutan kampus, saat ini mahasiswa justru inisiatif mencari magang dari jalur manapun. Nah ada 2 jalur nih yang sedang famous di mahasiswa, yaitu Magang Merdeka dan Magang Mandiri. So, what do you prefer guys? Komentar di bawah, ya!

#podcast #magangmandiri #magangmerdeka #mahasiswa #msib",UCvwDC4dwCiVMT9TbP3N4gBg,Bakrie Center Foundation,2024-05-03T04:00:07Z,6019,167,8,Ugy0HQUgoqNmTzbEfS14AaABAg,POV HR MSIB 2025. Baik calon peserta magang atau orang tua yang punya anak mahasiswa: https://youtu.be/2ogiQ1K21t4,@razmaniac3,UCvRSvsb4PPT6lZL36cyZdTQ,2025-10-14T06:40:43Z,2025-10-14T06:40:43Z,0,false,true,false
youtube,MSIB,MSIB_full,MSIB magang,MSIB magang,2021-06-22T00:00:00Z,2025-01-01T23:59:59Z,kWxvCywfbkc,https://www.youtube.com/watch?v=kWxvCywfbkc,MAGANG MERDEKA OR MAGANG MANDIRI??  SPILL TRIK LULUS MAGANG MSIB!,"For Youth Information Podcast Ep.1 telah tayang secara perdana!

Magang ternyata jadi trend bagi mahasiswa untuk merasakan dunia kerja secara real life. Yang dulunya cuma dilakukan atas tuntutan kampus, saat ini mahasiswa justru inisiatif mencari magang dari jalur manapun. Nah ada 2 jalur nih yang sedang famous di mahasiswa, yaitu Magang Merdeka dan Magang Mandiri. So, what do you prefer guys? Komentar di bawah, ya!

#podcast #magangmandiri #magangmerdeka #mahasiswa #msib",UCvwDC4dwCiVMT9TbP3N4gBg,Bakrie Center Foundation,2024-05-03T04:00:07Z,6019,167,8,UgyKZwrCtot49HMFcs54AaABAg,Kapan pengumuman yang th 2024 ini???,@emnetidelvia3550,UCEh96tDf7Q5RcAZSJuiJ4Qw,2024-07-24T03:44:28Z,2024-07-24T03:44:28Z,0,false,true,true
youtube,MSIB,MSIB_full,MSIB magang,MSIB magang,2021-06-22T00:00:00Z,2025-01-01T23:59:59Z,kWxvCywfbkc,https://www.youtube.com/watch?v=kWxvCywfbkc,MAGANG MERDEKA OR MAGANG MANDIRI??  SPILL TRIK LULUS MAGANG MSIB!,"For Youth Information Podcast Ep.1 telah tayang secara perdana!

Magang ternyata jadi trend bagi mahasiswa untuk merasakan dunia kerja secara real life. Yang dulunya cuma dilakukan atas tuntutan kampus, saat ini mahasiswa justru inisiatif mencari magang dari jalur manapun. Nah ada 2 jalur nih yang sedang famous di mahasiswa, yaitu Magang Merdeka dan Magang Mandiri. So, what do you prefer guys? Komentar di bawah, ya!

#podcast #magangmandiri #magangmerdeka #mahasiswa #msib",UCvwDC4dwCiVMT9TbP3N4gBg,Bakrie Center Foundation,2024-05-03T04:00:07Z,6019,167,8,UgzzTTFRMPSI3dXbVNN4AaABAg,nice sharing  sangat bermanfaat untuk saya yang ingin mencoba apply  magang di batch 7 ini :),@rafifadillah3,UCHNJ52YJvlFuHe3arRsad3w,2024-06-08T01:26:34Z,2024-06-08T01:26:34Z,3,false,true,true
youtube,MSIB,MSIB_full,MSIB magang,MSIB magang,2021-06-22T00:00:00Z,2025-01-01T23:59:59Z,kWxvCywfbkc,https://www.youtube.com/watch?v=kWxvCywfbkc,MAGANG MERDEKA OR MAGANG MANDIRI??  SPILL TRIK LULUS MAGANG MSIB!,"For Youth Information Podcast Ep.1 telah tayang secara perdana!

Magang ternyata jadi trend bagi mahasiswa untuk merasakan dunia kerja secara real life. Yang dulunya cuma dilakukan atas tuntutan kampus, saat ini mahasiswa justru inisiatif mencari magang dari jalur manapun. Nah ada 2 jalur nih yang sedang famous di mahasiswa, yaitu Magang Merdeka dan Magang Mandiri. So, what do you prefer guys? Komentar di bawah, ya!

#podcast #magangmandiri #magangmerdeka #mahasiswa #msib",UCvwDC4dwCiVMT9TbP3N4gBg,Bakrie Center Foundation,2024-05-03T04:00:07Z,6019,167,8,Ugx3RUSvEWflskmYKmt4AaABAg,Untuk biaya bagaimana,@Masbaung22,UCMNtTFXGru_cOMIzJsPhOUw,2024-06-06T22:53:29Z,2024-06-06T22:53:29Z,0,false,true,true
youtube,MSIB,MSIB_full,MSIB magang,MSIB magang,2021-06-22T00:00:00Z,2025-01-01T23:59:59Z,kWxvCywfbkc,https://www.youtube.com/watch?v=kWxvCywfbkc,MAGANG MERDEKA OR MAGANG MANDIRI??  SPILL TRIK LULUS MAGANG MSIB!,"For Youth Information Podcast Ep.1 telah tayang secara perdana!

Magang ternyata jadi trend bagi mahasiswa untuk merasakan dunia kerja secara real life. Yang dulunya cuma dilakukan atas tuntutan kampus, saat ini mahasiswa justru inisiatif mencari magang dari jalur manapun. Nah ada 2 jalur nih yang sedang famous di mahasiswa, yaitu Magang Merdeka dan Magang Mandiri. So, what do you prefer guys? Komentar di bawah, ya!

#podcast #magangmandiri #magangmerdeka #mahasiswa #msib",UCvwDC4dwCiVMT9TbP3N4gBg,Bakrie Center Foundation,2024-05-03T04:00:07Z,6019,167,8,Ugwlut_2V7BfH5F6Tu94AaABAg,"izin kak,kalau magang Msib di BCF ini apakah biaya ditanggung yaa untuk tranportasi dan tempat tinggal? soalnya ga ada biaya:( kalau nanggung sendiri dulu",@fajaradilahpratama2457,UCOOgP0H-3FhniXmmAfRY2xg,2024-05-31T05:28:21Z,2024-05-31T05:28:21Z,1,false,true,true
youtube,MSIB,MSIB_full,MSIB magang,MSIB magang,2021-06-22T00:00:00Z,2025-01-01T23:59:59Z,kWxvCywfbkc,https://www.youtube.com/watch?v=kWxvCywfbkc,MAGANG MERDEKA OR MAGANG MANDIRI??  SPILL TRIK LULUS MAGANG MSIB!,"For Youth Information Podcast Ep.1 telah tayang secara perdana!

Magang ternyata jadi trend bagi mahasiswa untuk merasakan dunia kerja secara real life. Yang dulunya cuma dilakukan atas tuntutan kampus, saat ini mahasiswa justru inisiatif mencari magang dari jalur manapun. Nah ada 2 jalur nih yang sedang famous di mahasiswa, yaitu Magang Merdeka dan Magang Mandiri. So, what do you prefer guys? Komentar di bawah, ya!

#podcast #magangmandiri #magangmerdeka #mahasiswa #msib",UCvwDC4dwCiVMT9TbP3N4gBg,Bakrie Center Foundation,2024-05-03T04:00:07Z,6019,167,8,UgzCR54P-YKGay2h6jh4AaABAg,kak batch 7 apa BCF gaikut? soalnya belum muncul :((,@hestidwiagustina_fe2480,UCsLnJSz9H-UMhtJI-JHUR7g,2024-05-24T07:56:34Z,2024-05-24T08:00:18Z,3,false,true,true
youtube,MSIB,MSIB_full,MSIB magang,MSIB magang,2021-06-22T00:00:00Z,2025-01-01T23:59:59Z,kWxvCywfbkc,https://www.youtube.com/watch?v=kWxvCywfbkc,MAGANG MERDEKA OR MAGANG MANDIRI??  SPILL TRIK LULUS MAGANG MSIB!,"For Youth Information Podcast Ep.1 telah tayang secara perdana!

Magang ternyata jadi trend bagi mahasiswa untuk merasakan dunia kerja secara real life. Yang dulunya cuma dilakukan atas tuntutan kampus, saat ini mahasiswa justru inisiatif mencari magang dari jalur manapun. Nah ada 2 jalur nih yang sedang famous di mahasiswa, yaitu Magang Merdeka dan Magang Mandiri. So, what do you prefer guys? Komentar di bawah, ya!

#podcast #magangmandiri #magangmerdeka #mahasiswa #msib",UCvwDC4dwCiVMT9TbP3N4gBg,Bakrie Center Foundation,2024-05-03T04:00:07Z,6019,167,8,Ugz2EEdYQ260p8Yh5rR4AaABAg,insightful banget!!,@faridxhalimawong,UC28EgSUw1-huEAnV6EkxGAA,2024-05-05T13:25:05Z,2024-05-05T13:25:05Z,1,false,true,true
youtube,MSIB,MSIB_full,MSIB magang,MSIB magang,2021-06-22T00:00:00Z,2025-01-01T23:59:59Z,CTUhK7hl3Rs,https://www.youtube.com/watch?v=CTUhK7hl3Rs,A Days  as an Intern in PT INKA - MSIB (Magang dan Studi Independen Bersertifikat),"Tau nggak sih? Kalau PT INKA adalah produsen kereta api terintegrasi pertama di Asia Tenggara lhoo ✨

Dan kak @pascallishenoch_ berbagi pengalamannya saat mengikuti MSIB di PT INKA, keren banget gak sih?!?


Good luck career fighters 👋

#magang #infomagang #magangjanuari2023 #magang2023 #internshipprogram #infomagang2023 #magangbersertifikat #pmmb #magangwfh #recruitment #internship #magangmerdeka #studiindependen #kampusmerdeka #mbkm #msib #merdekabelajar #dirjendikti #UniversitasAirlangga #UNAIRHEBAT #UNAIRHEBATUNAIRHEBAT",UCCK1gd6ZMWf0C0N62h7JSFw,PKKA UNAIR,2023-02-10T06:00:04Z,3143,68,4,UgwBVT6UaDsKKM1EmOV4AaABAg,miss thankyou 🎉🎉🎉,@entarofficial3427,UCjMc-DkqPrdBRpSVwaG6-yA,2024-10-17T09:03:15Z,2024-10-17T09:03:15Z,0,false,true,true
youtube,MSIB,MSIB_full,MSIB magang,MSIB magang,2021-06-22T00:00:00Z,2025-01-01T23:59:59Z,CTUhK7hl3Rs,https://www.youtube.com/watch?v=CTUhK7hl3Rs,A Days  as an Intern in PT INKA - MSIB (Magang dan Studi Independen Bersertifikat),"Tau nggak sih? Kalau PT INKA adalah produsen kereta api terintegrasi pertama di Asia Tenggara lhoo ✨

Dan kak @pascallishenoch_ berbagi pengalamannya saat mengikuti MSIB di PT INKA, keren banget gak sih?!?


Good luck career fighters 👋

#magang #infomagang #magangjanuari2023 #magang2023 #internshipprogram #infomagang2023 #magangbersertifikat #pmmb #magangwfh #recruitment #internship #magangmerdeka #studiindependen #kampusmerdeka #mbkm #msib #merdekabelajar #dirjendikti #UniversitasAirlangga #UNAIRHEBAT #UNAIRHEBATUNAIRHEBAT",UCCK1gd6ZMWf0C0N62h7JSFw,PKKA UNAIR,2023-02-10T06:00:04Z,3143,68,4,UgyHCqPritWEWhbzr3N4AaABAg,Kak kalau luar kota gimana ?,@khairulazmi6076,UCk2tFqoODP6ojfROYNpUshw,2024-05-16T15:55:43Z,2024-05-16T15:55:43Z,0,false,true,true
youtube,MSIB,MSIB_full,MSIB magang,MSIB magang,2021-06-22T00:00:00Z,2025-01-01T23:59:59Z,CTUhK7hl3Rs,https://www.youtube.com/watch?v=CTUhK7hl3Rs,A Days  as an Intern in PT INKA - MSIB (Magang dan Studi Independen Bersertifikat),"Tau nggak sih? Kalau PT INKA adalah produsen kereta api terintegrasi pertama di Asia Tenggara lhoo ✨

Dan kak @pascallishenoch_ berbagi pengalamannya saat mengikuti MSIB di PT INKA, keren banget gak sih?!?


Good luck career fighters 👋

#magang #infomagang #magangjanuari2023 #magang2023 #internshipprogram #infomagang2023 #magangbersertifikat #pmmb #magangwfh #recruitment #internship #magangmerdeka #studiindependen #kampusmerdeka #mbkm #msib #merdekabelajar #dirjendikti #UniversitasAirlangga #UNAIRHEBAT #UNAIRHEBATUNAIRHEBAT",UCCK1gd6ZMWf0C0N62h7JSFw,PKKA UNAIR,2023-02-10T06:00:04Z,3143,68,4,Ugw3dh6_fLlTlsuq0OZ4AaABAg,klo misal g punya laptop dan cuma ada pc gmn ya?,@FenrirRiru,UC72P8Z-CIFNpd0SiqyHa_xg,2024-03-17T06:08:36Z,2024-03-17T06:08:36Z,0,false,true,true
youtube,MSIB,MSIB_full,MSIB magang,MSIB magang,2021-06-22T00:00:00Z,2025-01-01T23:59:59Z,zgWNT_9l4OI,https://www.youtube.com/watch?v=zgWNT_9l4OI,Sosialisasi Magang & Studi Independen Bersertifikat (MSIB) Angkatan 5 Kemendikbudristek,,UCFPQMUkyWScoTp2n583nOFw,Patriot Pelajar,2023-05-27T01:25:08Z,1264,51,1,UgwYxRkAQoJfo_YvPSR4AaABAg,Lanjutan videonya mana yaa??,@sintadewiseptiana.z9912,UCHqZ1PLkYyHZ1rL-9ZxShKA,2023-05-30T00:31:11Z,2023-05-30T00:31:11Z,0,false,true,true
youtube,MSIB,MSIB_full,MSIB magang,MSIB magang,2021-06-22T00:00:00Z,2025-01-01T23:59:59Z,qK-dAdT326Y,https://www.youtube.com/watch?v=qK-dAdT326Y,Day as Intern in PT Suri Tani Pemuka - MSIB (Magang dan Studi Independen),"YUK MELIPIR KE INDUSTRI BUDIDAYA PERAIRAN~

Ini dia keseruan kak @fina.safitrii ketika MSIB di PT Suri Tani Pemuka. Seru banget nggak sih!?!

Good luck career fighters 👋

#magang #infomagang #magangjanuari2023 #magang2023 #internshipprogram #magangbersertifikat #pmmb #magangwfh #recruitment #internship #magangmerdeka #studiindependen #kampusmerdeka #mbkm #msib #merdekabelajar #dirjendikti #UniversitasAirlangga #UNAIRHEBAT #UNAIRHEBATUNAIRHEBAT",UCCK1gd6ZMWf0C0N62h7JSFw,PKKA UNAIR,2023-02-17T02:00:20Z,951,9,2,UgxmNKo5fqiJDAy_od54AaABAg,Apakah magang si STP dapat gaji? Berapa perkiraannya kak,@DimasHanif-no8di,UCKhTynsSwoHYTshC8YfFTtw,2025-01-24T16:12:18Z,2025-01-24T16:12:18Z,0,false,true,false
youtube,MSIB,MSIB_full,MSIB magang,MSIB magang,2021-06-22T00:00:00Z,2025-01-01T23:59:59Z,qK-dAdT326Y,https://www.youtube.com/watch?v=qK-dAdT326Y,Day as Intern in PT Suri Tani Pemuka - MSIB (Magang dan Studi Independen),"YUK MELIPIR KE INDUSTRI BUDIDAYA PERAIRAN~

Ini dia keseruan kak @fina.safitrii ketika MSIB di PT Suri Tani Pemuka. Seru banget nggak sih!?!

Good luck career fighters 👋

#magang #infomagang #magangjanuari2023 #magang2023 #internshipprogram #magangbersertifikat #pmmb #magangwfh #recruitment #internship #magangmerdeka #studiindependen #kampusmerdeka #mbkm #msib #merdekabelajar #dirjendikti #UniversitasAirlangga #UNAIRHEBAT #UNAIRHEBATUNAIRHEBAT",UCCK1gd6ZMWf0C0N62h7JSFw,PKKA UNAIR,2023-02-17T02:00:20Z,951,9,2,UgxDuMCrSF0g7z36MwJ4AaABAg,keren banget fina safitri,@yolandhasephiani7540,UCYWCYytNJSP5Do5oeQS2gQQ,2023-08-12T03:03:06Z,2023-08-12T03:03:06Z,0,false,true,true
youtube,MSIB,MSIB_full,Magang dan Studi Independen Bersertifikat,Magang dan Studi Independen Bersertifikat,2021-06-22T00:00:00Z,2025-01-01T23:59:59Z,fVbaZVYOquU,https://www.youtube.com/watch?v=fVbaZVYOquU,Pengalaman Program Magang dan Studi Independen Bersertifikat (MSIB),"PODSCAMP
Podcast Campus

""Pengalaman Program Magang dan Studi Independen Bersertifikat (MSIB)""

Pembawa Acara :
Nisva Rizky Oktaviani. https://www.instagram.com/nisvarz/
Narasumber :
Alvi Nurizatti. https://www.instagram.com/alvizatii/

© IKIP PGRI Bojonegoro
- YouTube    : https://www.youtube.com/channel/UCJ4maL70byAFdD9HVPvdhqg
- Instagram  : https://www.instagram.com/ikippgribojonegoroofficial
- Facebook   : https://www.facebook.com/ikippgribojojonegoro
- Spotify        : https://open.spotify.com/show/13HEEOxILbtX1QVwn486bI
- Website      : https://ikippgribojonegoro.ac.id",UCJ4maL70byAFdD9HVPvdhqg,IKIP PGRI Bojonegoro Official,2023-12-07T05:03:20Z,247,19,1,UgzAMDDKRBX0QnqVbvh4AaABAg,Keren...👍👍👍👍,@maratussholikhah9839,UCFgWzfzhBq886VOnLM2e5Qw,2023-12-07T14:24:31Z,2023-12-07T14:24:31Z,1,false,true,true
youtube,MSIB,MSIB_full,Magang dan Studi Independen Bersertifikat,Magang dan Studi Independen Bersertifikat,2021-06-22T00:00:00Z,2025-01-01T23:59:59Z,WADY3cgcLkY,https://www.youtube.com/watch?v=WADY3cgcLkY,Sharing Pengalaman ikut Program Kampus Merdeka MSIB (Magang dan Studi Independen Bersertifikat),"Di episode perdana #podcasia ini, Nurul Qoriah Yurinda menceritakan pengalaman keterima di studi independen dan magang bersertifikat di kampus merdeka loh. Kenapa sihh harus ikut MSIB, Apa aja sihh benefitnya..
Gimana menurut kalian?

Jangan lupa Subscribe, Like & Comment ya sobat Podcasia!!

Follow juga media sosial Vocasia:
- Instagram : https://www.instagram.com/vocasia/
- Tiktok    : https://www.tiktok.com/@vocasia.id

Hosted By:
Nurul Qoriah Yurinda
Stevani Gunawan

Editor:
Aldyth Yudhistira

Videographer:
Arif Nur Fadhila
Satrio Tama

#MSIB  #kampusmerdeka #magangmerdeka #magang #studiindependen #vocasia",UCnYJmmXv7nygn_SU3m1_ylw,Vocasia ID,2022-09-19T07:58:45Z,10305,198,7,UgyLnP3rF5Z4RK4I7mJ4AaABAg,"Nah, meledak tuh kasusnya. TPPO, ati ati",@yudhatheceo,UCXBa6FNpGr2RlCM3ZboNQZQ,2024-03-23T15:49:52Z,2024-03-23T15:49:52Z,1,false,true,true
youtube,MSIB,MSIB_full,Magang dan Studi Independen Bersertifikat,Magang dan Studi Independen Bersertifikat,2021-06-22T00:00:00Z,2025-01-01T23:59:59Z,WADY3cgcLkY,https://www.youtube.com/watch?v=WADY3cgcLkY,Sharing Pengalaman ikut Program Kampus Merdeka MSIB (Magang dan Studi Independen Bersertifikat),"Di episode perdana #podcasia ini, Nurul Qoriah Yurinda menceritakan pengalaman keterima di studi independen dan magang bersertifikat di kampus merdeka loh. Kenapa sihh harus ikut MSIB, Apa aja sihh benefitnya..
Gimana menurut kalian?

Jangan lupa Subscribe, Like & Comment ya sobat Podcasia!!

Follow juga media sosial Vocasia:
- Instagram : https://www.instagram.com/vocasia/
- Tiktok    : https://www.tiktok.com/@vocasia.id

Hosted By:
Nurul Qoriah Yurinda
Stevani Gunawan

Editor:
Aldyth Yudhistira

Videographer:
Arif Nur Fadhila
Satrio Tama

#MSIB  #kampusmerdeka #magangmerdeka #magang #studiindependen #vocasia",UCnYJmmXv7nygn_SU3m1_ylw,Vocasia ID,2022-09-19T07:58:45Z,10305,198,7,UgzsJWFmJY9o_ObvLTB4AaABAg,Studi independen tuh pelaksanaan nya online apa offline yah kak.,@Kurosawa_Yuichi,UCCsel0Nhxrzpl9_Pm7_vChw,2023-06-14T11:15:07Z,2023-06-14T11:15:07Z,2,false,true,true
youtube,MSIB,MSIB_full,Magang dan Studi Independen Bersertifikat,Magang dan Studi Independen Bersertifikat,2021-06-22T00:00:00Z,2025-01-01T23:59:59Z,WADY3cgcLkY,https://www.youtube.com/watch?v=WADY3cgcLkY,Sharing Pengalaman ikut Program Kampus Merdeka MSIB (Magang dan Studi Independen Bersertifikat),"Di episode perdana #podcasia ini, Nurul Qoriah Yurinda menceritakan pengalaman keterima di studi independen dan magang bersertifikat di kampus merdeka loh. Kenapa sihh harus ikut MSIB, Apa aja sihh benefitnya..
Gimana menurut kalian?

Jangan lupa Subscribe, Like & Comment ya sobat Podcasia!!

Follow juga media sosial Vocasia:
- Instagram : https://www.instagram.com/vocasia/
- Tiktok    : https://www.tiktok.com/@vocasia.id

Hosted By:
Nurul Qoriah Yurinda
Stevani Gunawan

Editor:
Aldyth Yudhistira

Videographer:
Arif Nur Fadhila
Satrio Tama

#MSIB  #kampusmerdeka #magangmerdeka #magang #studiindependen #vocasia",UCnYJmmXv7nygn_SU3m1_ylw,Vocasia ID,2022-09-19T07:58:45Z,10305,198,7,Ugyk_YLLYlayVHroQfd4AaABAg,Kak apakah ada magang di hotel gtu,@wathoniofficial4170,UC4jWzVfkDXjns9V3fNgi47w,2023-05-22T11:55:26Z,2023-05-22T11:55:26Z,2,false,true,true
youtube,MSIB,MSIB_full,Studi Independen Bersertifikat,Studi Independen Bersertifikat,2021-06-22T00:00:00Z,2025-01-01T23:59:59Z,1ODIdgHYjbI,https://www.youtube.com/watch?v=1ODIdgHYjbI,Investasi Masa depan Gemilang: Magang Studi independen Bersertifikat Melejitkan karier Mahasiswa,"Selamat datang di channel Hasnawi Haris Perspektif!

Pada tayangan kali ini kita akan menyelami bagaimana pengalaman dan apa pentingnya menjalani Magang Studi Independen Bersertifikat (MSIB).

Temukan bagaimana program ini membantu Anda sebagai mahasiswa dalam meningkatkan keterampilan profesional, menghadapi tantangan nyata di dunia kerja, dan membuka peluang karier yang lebih menjanjikan menjanjikan.

Program MSIB memberikan pengalaman praktis dan sertifikasi yang diakui, yang dapat menjadi nilai tambah dalam perjalanan karier Anda.

Hasnawi Haris Perspektif hadir dengan berusaha memberikan pandangan menarik dan mendalam tentang pentingnya pengalaman magang dan bagaimana MSIB dapat membuka jalan menuju kesuksesan.

🎥 Jangan lupa untuk:
• Like dan subscribe untuk konten lebih lanjut tentang karier dan pendidikan.
• Share video ini dengan teman-teman yang sedang mencari peluang magang.
• Tinggalkan komentar jika Anda memiliki pertanyaan atau ingin berbagi pengalaman.
#MSIB #MagangBersertifikat #PengalamanMagang #KarierImpian #TipsKarier #PeluangKarier #StudiIndependen #PengembanganDiri #HasnawiHaris #Perspektif",UCGYZO8BMQRFQk9SZOdB3-xA,Hasnawi Haris Perspektif,2024-06-27T09:11:05Z,158,51,1,Ugxfsbx0Nd3wNUaITu94AaABAg,Terima kasih perspektifnya Prof... sangat bermanfaat bagi mahasiswa yang hendak mengambl program MSIB.,@candracuga2061,UCgTVQux19zH2tz-7onYp2ug,2024-06-27T12:50:21Z,2024-06-27T12:50:21Z,0,false,true,true
youtube,MSIB,MSIB_full,Studi Independen Bersertifikat,Studi Independen Bersertifikat,2021-06-22T00:00:00Z,2025-01-01T23:59:59Z,4o8EVJpCF2A,https://www.youtube.com/watch?v=4o8EVJpCF2A,Magang dan Studi Independen Bersertifikat  Angkatan 6 -   Renewable Energy PT. Amati Karya Indonesia,"Halo semuanya

Mitra  : PT. Amati Karya Indonesia
Lokasi : Desa Jati, Kecamatan Pulogadung, Jakarta Timur.
DPP  : Dr. Ir Patria Julianto S.T., M.T.

Identitas Mahasiswa
Nama : Kharisma Defi Noviana
NIM    : 20204244015
Prodi  : Pendidikan Bahasa Prancis 
Fakultas Bahasa Seni dan Budaya

Program Kerja : Coastal Rise
 video ini diajukan sebagai video luaran kegiatan MSIB Angkatan 6 yang diselenggarakan pada 16 Februari - 30 Juni 2024.

Terimakasih kepada seluruh pihak yang sudah terlibat dan membantu pelaksanaan MSIB Angkatan 6. Semoga video ini bermanfaat bagi pihak manapun.

Selamat menyaksikan",UC3BK_kPkMNmkLhcf2Y4ju9w,Noviana's Chapter,2024-06-28T04:54:31Z,42,7,2,UgxAEO_D65e-lR9CskZ4AaABAg,Keren banget wawak 🥰🫰🏻,@inaazzahhraa,UC4THWalKJKsl0hQGn-SJCxA,2024-06-28T14:37:01Z,2024-06-28T14:37:01Z,0,false,true,true
